speed_m_s,beta,collision_time_proxy_s,mach,knudsen_proxy,reynolds_proxy,advection_time_proxy_s,sound_crossing_time_s,diffusion_time_proxy_s,collision_rate_proxy
1.0,1.0,1.4464731049362042e-10,0.00289868710191092,6.73e-05,65.0291419823062,0.001,2.89868710191092e-06,0.0650291419823062,1.446473104936204e-07
1.0311772745930552,1.0,1.4464731049362042e-10,0.0029890602656465442,6.939823058011261e-05,65.0291419823062,0.0009404448517263518,2.811046338327094e-06,0.06115632178944183,1.5380732876371735e-07
1.0633265716371612,1.0,1.4464731049362042e-10,0.0030822510183237967,7.156187827118095e-05,65.0291419823062,0.0008844365191385998,2.7260553617577034e-06,0.05751414797740068,1.6354741958699332e-07
1.096478196143185,1.0,1.4464731049362042e-10,0.0031783472046868024,7.379298260043636e-05,65.0291419823062,0.0008317637711026709,2.643634056843927e-06,0.05408888436677401,1.7390431696954197e-07
1.130663397949639,1.0,1.4464731049362042e-10,0.0032774394082393924,7.609364668201071e-05,65.0291419823062,0.0007822279563860025,2.5637047304860492e-06,0.05086761283835459,1.849170811561252e-07
1.1659144011798317,1.0,1.4464731049362042e-10,0.003379621036632172,7.846603919940267e-05,65.0291419823062,0.0007356422544596414,2.4861920386073215e-06,0.047838184613439846,1.9662724594289333e-07
1.202264434617413,1.0,1.4464731049362042e-10,0.0034849884097117195,8.091239644975189e-05,65.0291419823062,0.0006918309709189364,2.411022915132099e-06,0.044989174435644264,2.090789753189137e-07
1.2397477630289444,1.0,1.4464731049362042e-10,0.003593640850314917,8.343502445184795e-05,65.0291419823062,0.000650628874865557,2.3381265031112982e-06,0.04230983748142044,2.2231923002727119e-07
1.2783997194630237,1.0,1.4464731049362042e-10,0.003705680777894005,8.603630111986148e-05,65.0291419823062,0.000611880575751822,2.2674340879302435e-06,0.039790068836780504,2.3639794467391165e-07
1.3182567385564072,1.0,1.4464731049362042e-10,0.003821213805060613,8.871867850484622e-05,65.0291419823062,0.0005754399373371567,2.198879032535958e-06,0.03742036538738735,2.513682160521819e-07
1.3593563908785256,1.0,1.4464731049362042e-10,0.003940348837139761,9.148468510612477e-05,65.0291419823062,0.0005411695265464637,2.1323967146228333e-06,0.03519178997828742,2.672865033933157e-07
1.40173741834677,1.0,1.4464731049362042e-10,0.004063198174827694,9.433692825473761e-05,65.0291419823062,0.000508940095151809,2.067924465717463e-06,0.03309593770811541,2.8421284129809886e-07
1.4454397707459274,1.0,1.4464731049362042e-10,0.0041898776200502965,9.727809657120092e-05,65.0291419823062,0.00047863009232263843,2.00540151210523e-06,0.031124904230653175,3.02211066152764e-07
1.4905046433861961,1.0,1.4464731049362042e-10,0.004320506585121902,0.000100310962499891,65.0291419823062,0.00045012520620613366,1.9447689175429547e-06,0.029271255944193525,3.213490568830299e-07
1.5369745159352715,1.0,1.4464731049362042e-10,0.004455208205307351,0.00010343838492244377,65.0291419823062,0.00042331793280882084,1.8859695277036046e-06,0.027528001956281165,3.4169899095426736e-07
1.5848931924611136,1.0,1.4464731049362042e-10,0.004594109454893451,0.00010666331185263293,65.02914198230621,0.00039810717055349724,1.8289479163007015e-06,0.02588856771809757,3.6333761658327843e-07
1.6343058427231376,1.0,1.4464731049362042e-10,0.004737341266879216,0.00010998878321526716,65.0291419823062,0.00037439783898238113,1.7736503328416338e-06,0.024346770229053877,3.8634654218831487e-07
1.6852590447507514,1.0,1.4464731049362042e-10,0.004885038656397721,0.00011341793371172556,65.0291419823062,0.0003521005201684519,1.7200246519606332e-06,0.02289679471807813,4.1081254416897267e-07
1.7378008287493756,1.0,1.4464731049362042e-10,0.005037340847985922,0.00011695399577483297,65.0291419823062,0.0003311311214825911,1.6680203242836449e-06,0.0215331727136517,4.3682789417673354e-07
1.7919807223753337,1.0,1.4464731049362042e-10,0.005194391406822393,0.00012060030261585995,65.02914198230621,0.000311410558444676,1.6175883287787875e-06,0.0202507614198881,4.644907071104267e-07
1.847849797422291,1.0,1.4464731049362042e-10,0.005356338374056701,0.0001243602913665202,65.0291419823062,0.00029286445646252364,1.5686811265474734e-06,0.01904472432087238,4.93905311149051e-07
1.9054607179632472,1.0,1.4464731049362042e-10,0.005523334406357986,0.00012823750631892652,65.0291419823062,0.0002754228703338166,1.5212526160126437e-06,0.017910512940112075,5.251826412175057e-07
1.9648677899934675,1.0,1.4464731049362042e-10,0.005695536919814278,0.00013223560226656038,65.02914198230619,0.00025902002045313235,1.4752580894618648e-06,0.016843849686306596,5.584406573691597e-07
2.0261270126211435,1.0,1.4464731049362042e-10,0.0058731082383182125,0.00013635834794940296,65.0291419823062,0.00024359404472920265,1.4306541909043351e-06,0.015840711720739566,5.938047896631512e-07
2.0892961308540396,1.0,1.4464731049362042e-10,0.006056215746578994,0.00014060962960647685,65.0291419823062,0.0002290867652767773,1.3873988752020645e-06,0.014897315785450805,6.314084112142441e-07
2.154434690031884,1.0,1.4464731049362042e-10,0.006245032047904872,0.00014499345463914577,65.0291419823062,0.00021544346900318837,1.3454513684367114e-06,0.014010103934968921,6.713933411993091e-07
2.2216040919558115,1.0,1.4464731049362042e-10,0.006439735126904832,0.0001495139553886261,65.0291419823062,0.00020261270126211434,1.3047721294747128e-06,0.013175730117792625,7.139103797174801e-07
2.290867652767773,1.0,1.4464731049362042e-10,0.006640508517262888,0.00015417539303127112,65.0291419823062,0.00019054607179632473,1.2653228126944801e-06,0.012391047557013913,7.591198765211721e-07
2.3622906626344617,1.0,1.4464731049362042e-10,0.006847541474743115,0.0001589821615952993,65.0291419823062,0.00017919807223753338,1.2270662318405225e-06,0.011653096882490119,8.071923357628831e-07
2.435940447292027,1.0,1.4464731049362042e-10,0.007061029155588516,0.0001639387921027534,65.0291419823062,0.00016852590447507512,1.1899663249704307e-06,0.010959094969806233,8.583090590385389e-07
2.51188643150958,1.0,1.4464731049362042e-10,0.007281172800481867,0.00016904995684059474,65.0291419823062,0.00015848931924611134,1.1539881204616732e-06,0.010306424443934429,9.126628291525673e-07
2.590200204531324,1.0,1.4464731049362042e-10,0.007508179924241976,0.00017432047376495812,65.0291419823062,0.00014905046433861957,1.119097704046168e-06,0.009692623808004761,9.704586371834716e-07
2.6709555875589848,1.0,1.4464731049362042e-10,0.007742264511434132,0.00017975531104271966,65.0291419823062,0.00014017374183467702,1.0852621868415497e-06,0.009115378159958346,1.0319144555919723e-06
2.7542287033381663,1.0,1.4464731049362042e-10,0.00798364721807918,0.0001853595917346586,65.0291419823062,0.0001318256738556407,1.0524496743489992e-06,0.00857251046207165,1.0972620602874397e-06
2.840098047914215,1.0,1.4464731049362042e-10,0.008232555579651317,0.00019113859862462663,65.02914198230621,0.00012397477630289445,1.0206292363884175e-06,0.008061973330425574,1.1667479047529713e-06
2.9286445646252366,1.0,1.4464731049362042e-10,0.008489224225560695,0.0001970977791992784,65.0291419823062,0.00011659144011798318,9.89770877942592e-07,0.00758184131335388,1.2406340495258181e-06
3.0199517204020165,1.0,1.4464731049362042e-10,0.008753895100323018,0.00020324275078305572,65.0291419823062,0.00010964781961431847,9.598455108828847e-07,0.007130303629749815,1.3191991505386167e-06
3.1141055844467593,1.0,1.4464731049362042e-10,0.009026817691624589,0.00020957930583326685,65.02914198230621,0.00010311772745930556,9.308249265497819e-07,0.006705657339843937,1.4027395100488822e-06
3.211194909364823,1.0,1.4464731049362042e-10,0.009308249265497818,0.0002161134174002526,65.02914198230619,9.697653591082491e-05,9.026817691624587e-07,0.0063063009226972475,1.4915701941202697e-06
3.311311214825911,1.0,1.4464731049362042e-10,0.009598455108828848,0.00022285124475778385,65.0291419823062,9.120108393559095e-05,8.753895100323016e-07,0.005930728236187769,1.5860262208700815e-06
3.4145488738336014,1.0,1.4464731049362042e-10,0.009897708779425918,0.00022979913920900135,65.0291419823062,8.576958985908943e-05,8.489224225560696e-07,0.005577522836710897,1.686463823964426e-06
3.52100520168452,1.0,1.4464731049362042e-10,0.010206292363884175,0.00023696365007336816,65.02914198230621,8.066156921766133e-05,8.232555579651316e-07,0.0052453526371709185,1.793261796126191e-06
3.630780547701014,1.0,1.4464731049362042e-10,0.010524496743489995,0.0002443515308602783,65.02914198230619,7.585775750291834e-05,7.983647218079178e-07,0.004932964883116629,1.9068229177227608e-06
3.7439783898238117,1.0,1.4464731049362042e-10,0.010852621868415497,0.00025196974563514255,65.0291419823062,7.13400375071256e-05,7.742264511434131e-07,0.00463918142807392,2.027575475821312e-06
3.860705432153813,1.0,1.4464731049362042e-10,0.011190977040461682,0.0002598254755839516,65.0291419823062,6.709137099554113e-05,7.508179924241976e-07,0.004362894290256623,2.1559748794406607e-06
3.981071705534973,1.0,1.4464731049362042e-10,0.011539881204616735,0.0002679261257825037,65.0291419823062,6.30957344480193e-05,7.281172800481866e-07,0.004103061473898135,2.2925053770914804e-06
4.105190671273079,1.0,1.4464731049362042e-10,0.011899663249704305,0.00027627933217667824,65.0291419823062,5.9338058627532794e-05,7.061029155588516e-07,0.0038587030394442398,2.437681883082441e-06
4.233179328088209,1.0,1.4464731049362042e-10,0.012270662318405226,0.00028489296878033647,65.0291419823062,5.5804171747699636e-05,6.847541474743114e-07,0.00362889740778616,2.5920519194800715e-06
4.36515832240166,1.0,1.4464731049362042e-10,0.012653228126944801,0.0002937751550976317,65.0291419823062,5.248074602497725e-05,6.640508517262888e-07,0.0034127778845955974,2.7561976810462674e-06
4.5012520620613365,1.0,1.4464731049362042e-10,0.013047721294747128,0.0003029342637767279,65.02914198230621,4.935524741394807e-05,6.439735126904834e-07,0.0032095293916534805,2.9307382309412206e-06
4.641588833612779,1.0,1.4464731049362042e-10,0.013454513684367115,0.00031237892850214007,65.0291419823062,4.641588833612778e-05,6.245032047904871e-07,0.0030183853928449234,3.116331835472688e-06
4.786300923226384,1.0,1.4464731049362042e-10,0.013873988752020647,0.0003221180521331356,65.0291419823062,4.3651583224016587e-05,6.056215746578994e-07,0.0028386250032270298,3.3136784466969155e-06
4.935524741394806,1.0,1.4464731049362042e-10,0.014306541909043353,0.0003321608150958705,65.0291419823062,4.1051906712730793e-05,5.873108238318212e-07,0.0026695702702665596,3.5235223422341836e-06
5.08940095151809,1.0,1.4464731049362042e-10,0.01475258089461865,0.00034251668403716747,65.0291419823062,3.860705432153813e-05,5.695536919814278e-07,0.002510583616993911,3.7466549322548147e-06
5.248074602497727,1.0,1.4464731049362042e-10,0.01521252616012644,0.00035319542074809706,65.0291419823062,3.630780547701012e-05,5.523334406357984e-07,0.002361065437430446,3.983917744221974e-06
5.411695265464638,1.0,1.4464731049362042e-10,0.015686811265474738,0.00036420709136577017,65.02914198230619,3.4145488738336e-05,5.3563383740567e-07,0.002220451835220489,4.236205596648006e-06
5.580417174769965,1.0,1.4464731049362042e-10,0.016175883287787875,0.0003755620758620186,65.02914198230621,3.211194909364823e-05,5.194391406822394e-07,0.0020882124969394396,4.504469973833877e-06
5.7543993733715695,1.0,1.4464731049362042e-10,0.01668020324283645,0.0003872710778279066,65.0291419823062,3.019951720402016e-05,5.037340847985922e-07,0.0019638486920573258,4.7897226143193095e-06
5.933805862753281,1.0,1.4464731049362042e-10,0.017200246519606333,0.00039934513456329573,65.0291419823062,2.840098047914214e-05,4.88503865639772e-07,0.0018468913920148412,5.0930393265771334e-06
6.118805757518221,1.0,1.4464731049362042e-10,0.017736503328416343,0.0004117956274809762,65.0291419823062,2.6709555875589843e-05,4.737341266879215e-07,0.0017368995013180729,5.415564046342499e-06
6.309573444801933,1.0,1.4464731049362042e-10,0.018289479163007015,0.00042463429283517013,65.02914198230619,2.511886431509579e-05,4.5941094548934496e-07,0.0016334581939806486,5.758513150878844e-06
6.506288748655572,1.0,1.4464731049362042e-10,0.018859695277036046,0.0004378732327845199,65.02914198230621,2.3622906626344622e-05,4.4552082053073517e-07,0.0015361773490393266,6.123180046451505e-06
6.7091370995541135,1.0,1.4464731049362042e-10,0.01944768917542955,0.00045152492679999186,65.0291419823062,2.2216040919558105e-05,4.320506585121901e-07,0.0014446900792426684,6.510940046310357e-06
6.918309709189366,1.0,1.4464731049362042e-10,0.0200540151210523,0.00046560224342844436,65.02914198230619,2.089296130854039e-05,4.1898776200502963e-07,0.0013586513473639026,6.92325555757829e-06
7.134003750712563,1.0,1.4464731049362042e-10,0.020679244657174634,0.0004801184524229555,65.0291419823062,1.964867789993467e-05,4.0631981748276926e-07,0.0012777366649194535,7.361681596607646e-06
7.3564225445964135,1.0,1.4464731049362042e-10,0.021323967146228334,0.0004950872372513386,65.0291419823062,1.8478497974222908e-05,3.9403488371397606e-07,0.0012016408683854988,7.82787165360519e-06
7.5857757502918375,1.0,1.4464731049362042e-10,0.02198879032535958,0.0005105227079946407,65.0291419823062,1.7378008287493757e-05,3.8212138050606133e-07,0.0011300769682971252,8.323583928643721e-06
7.822279563860027,1.0,1.4464731049362042e-10,0.022674340879302438,0.0005264394146477797,65.02914198230621,1.634305842723137e-05,3.7056807778940054e-07,0.001062775066889555,8.850687962578903e-06
8.066156921766135,1.0,1.4464731049362042e-10,0.023381265031112985,0.0005428523608348608,65.0291419823062,1.536974515935271e-05,3.5936408503149163e-07,0.000999481340199411,9.411171687879317e-06
8.31763771102671,1.0,1.4464731049362042e-10,0.024110229151320994,0.0005597770179520977,65.0291419823062,1.4454397707459272e-05,3.484988409711719e-07,0.0009399570807870902,1.0007148925961431e-05
8.576958985908941,1.0,1.4464731049362042e-10,0.024861920386073214,0.0005772293397516717,65.0291419823062,1.3593563908785254e-05,3.379621036632172e-07,0.0008839777974699495,1.0640867359305067e-05
8.844365191385998,1.0,1.4464731049362042e-10,0.025637047304860498,0.0005952257773802777,65.0291419823062,1.2783997194630231e-05,3.2774394082393917e-07,0.0008313323686710134,1.1314717008415633e-05
9.120108393559098,1.0,1.4464731049362042e-10,0.026436340568439277,0.0006137832948865274,65.02914198230619,1.2022644346174125e-05,3.1783472046868017e-07,0.000781822246190128,1.2031239245603272e-05
9.404448517263518,1.0,1.4464731049362042e-10,0.027260553617577035,0.0006329193852118348,65.0291419823062,1.1306633979496388e-05,3.0822510183237967e-07,0.0007352607063946384,1.279313637957379e-05
9.697653591082494,1.0,1.4464731049362042e-10,0.02811046338327094,0.0006526520866798519,65.02914198230619,1.063326571637161e-05,2.9890602656465435e-07,0.0006914721460055182,1.3603281846978846e-05
10.0,1.0,1.4464731049362042e-10,0.0289868710191092,0.0006730000000000002,65.02914198230619,9.999999999999997e-06,2.898687101910919e-07,0.0006502914198230617,1.4464731049362043e-05
10.311772745930554,1.0,1.4464731049362042e-10,0.029890602656465447,0.0006939823058011264,65.02914198230619,9.404448517263513e-06,2.8110463383270927e-07,0.0006115632178944179,1.5380732876371743e-05
10.633265716371616,1.0,1.4464731049362042e-10,0.03082251018323798,0.0007156187827118097,65.0291419823062,8.844365191385992e-06,2.7260553617577025e-07,0.0005751414797740065,1.6354741958699344e-05
10.964781961431852,1.0,1.4464731049362042e-10,0.03178347204686803,0.0007379298260043637,65.02914198230619,8.317637711026706e-06,2.643634056843927e-07,0.00054088884366774,1.73904316969542e-05
11.306633979496393,1.0,1.4464731049362042e-10,0.03277439408239393,0.0007609364668201071,65.0291419823062,7.822279563860021e-06,2.563704730486049e-07,0.0005086761283835457,1.849170811561253e-05
11.659144011798316,1.0,1.4464731049362042e-10,0.033796210366321716,0.0007846603919940267,65.0291419823062,7.356422544596414e-06,2.486192038607321e-07,0.00047838184613439844,1.9662724594289334e-05
12.02264434617413,1.0,1.4464731049362042e-10,0.0348498840971172,0.0008091239644975191,65.02914198230619,6.918309709189362e-06,2.4110229151320986e-07,0.0004498917443564425,2.090789753189138e-05
12.397477630289448,1.0,1.4464731049362042e-10,0.03593640850314918,0.0008343502445184799,65.0291419823062,6.506288748655566e-06,2.338126503111297e-07,0.00042309837481420415,2.2231923002727134e-05
12.783997194630237,1.0,1.4464731049362042e-10,0.03705680777894005,0.0008603630111986147,65.02914198230621,6.118805757518221e-06,2.2674340879302438e-07,0.0003979006883678051,2.363979446739116e-05
13.182567385564074,1.0,1.4464731049362042e-10,0.03821213805060614,0.0008871867850484623,65.02914198230619,5.754399373371566e-06,2.1988790325359572e-07,0.00037420365387387327,2.5136821605218197e-05
13.593563908785255,1.0,1.4464731049362042e-10,0.03940348837139761,0.0009148468510612476,65.0291419823062,5.4116952654646385e-06,2.1323967146228337e-07,0.0003519178997828742,2.672865033933156e-05
14.017374183467702,1.0,1.4464731049362042e-10,0.04063198174827694,0.0009433692825473762,65.0291419823062,5.089400951518088e-06,2.0679244657174628e-07,0.00033095937708115404,2.8421284129809894e-05
14.45439770745928,1.0,1.4464731049362042e-10,0.04189877620050299,0.0009727809657120097,65.02914198230619,4.786300923226379e-06,2.0054015121052288e-07,0.0003112490423065314,3.0221106615276433e-05
14.905046433861962,1.0,1.4464731049362042e-10,0.04320506585121902,0.0010031096249989101,65.0291419823062,4.501252062061336e-06,1.9447689175429544e-07,0.00029271255944193515,3.2134905688303e-05
15.369745159352718,1.0,1.4464731049362042e-10,0.04455208205307352,0.0010343838492244378,65.02914198230621,4.233179328088207e-06,1.8859695277036044e-07,0.0002752800195628117,3.416989909542674e-05
15.848931924611142,1.0,1.4464731049362042e-10,0.04594109454893453,0.00106663311852633,65.0291419823062,3.981071705534969e-06,1.8289479163007004e-07,0.00025888567718097534,3.633376165832788e-05
16.343058427231377,1.0,1.4464731049362042e-10,0.04737341266879216,0.0010998878321526716,65.0291419823062,3.743978389823811e-06,1.773650332841634e-07,0.0002434677022905388,3.863465421883148e-05
16.85259044750752,1.0,1.4464731049362042e-10,0.04885038656397723,0.0011341793371172563,65.02914198230619,3.5210052016845157e-06,1.720024651960632e-07,0.000228967947180781,4.108125441689731e-05
17.378008287493753,1.0,1.4464731049362042e-10,0.050373408479859216,0.0011695399577483293,65.02914198230621,3.3113112148259124e-06,1.6680203242836454e-07,0.00021533172713651712,4.368278941767334e-05
17.91980722375334,1.0,1.4464731049362042e-10,0.05194391406822394,0.0012060030261585998,65.0291419823062,3.114105584446758e-06,1.617588328778787e-07,0.00020250761419888087,4.64490707110427e-05
18.478497974222915,1.0,1.4464731049362042e-10,0.053563383740567024,0.001243602913665202,65.02914198230621,2.9286445646252353e-06,1.5686811265474732e-07,0.00019044724320872378,4.9390531114905114e-05
19.054607179632473,1.0,1.4464731049362042e-10,0.05523334406357986,0.0012823750631892655,65.0291419823062,2.754228703338166e-06,1.5212526160126434e-07,0.0001791051294011207,5.251826412175058e-05
19.64867789993468,1.0,1.4464731049362042e-10,0.05695536919814279,0.0013223560226656038,65.0291419823062,2.590200204531323e-06,1.4752580894618648e-07,0.00016843849686306597,5.584406573691598e-05
20.261270126211432,1.0,1.4464731049362042e-10,0.058731082383182115,0.0013635834794940294,65.0291419823062,2.4359404472920274e-06,1.4306541909043355e-07,0.00015840711720739573,5.9380478966315086e-05
20.892961308540396,1.0,1.4464731049362042e-10,0.06056215746578995,0.001406096296064769,65.02914198230619,2.290867652767772e-06,1.3873988752020642e-07,0.00014897315785450797,6.314084112142442e-05
21.544346900318846,1.0,1.4464731049362042e-10,0.06245032047904875,0.001449934546391458,65.02914198230621,2.1544346900318822e-06,1.345451368436711e-07,0.00014010103934968915,6.713933411993095e-05
22.216040919558118,1.0,1.4464731049362042e-10,0.06439735126904833,0.0014951395538862617,65.02914198230619,2.0261270126211425e-06,1.3047721294747124e-07,0.00013175730117792616,7.139103797174804e-05
22.908676527677734,1.0,1.4464731049362042e-10,0.06640508517262889,0.0015417539303127117,65.0291419823062,1.9054607179632464e-06,1.2653228126944798e-07,0.00012391047557013907,7.591198765211723e-05
23.622906626344626,1.0,1.4464731049362042e-10,0.06847541474743117,0.0015898216159529932,65.0291419823062,1.7919807223753327e-06,1.227066231840522e-07,0.00011653096882490115,8.071923357628835e-05
24.35940447292027,1.0,1.4464731049362042e-10,0.07061029155588516,0.001639387921027534,65.02914198230621,1.6852590447507512e-06,1.1899663249704307e-07,0.00010959094969806235,8.58309059038539e-05
25.11886431509581,1.0,1.4464731049362042e-10,0.0728117280048187,0.0016904995684059482,65.02914198230619,1.5848931924611124e-06,1.1539881204616727e-07,0.00010306424443934421,9.12662829152568e-05
25.90200204531324,1.0,1.4464731049362042e-10,0.07508179924241976,0.001743204737649581,65.0291419823062,1.4905046433861962e-06,1.1190977040461683e-07,9.692623808004762e-05,9.704586371834715e-05
26.709555875589853,1.0,1.4464731049362042e-10,0.07742264511434134,0.0017975531104271968,65.02914198230621,1.4017374183467696e-06,1.0852621868415497e-07,9.115378159958345e-05,0.00010319144555919727
27.542287033381676,1.0,1.4464731049362042e-10,0.07983647218079185,0.0018535959173465867,65.0291419823062,1.3182567385564061e-06,1.052449674348999e-07,8.572510462071642e-05,0.00010972620602874409
28.400980479142152,1.0,1.4464731049362042e-10,0.08232555579651317,0.0019113859862462665,65.0291419823062,1.239747763028944e-06,1.0206292363884174e-07,8.061973330425572e-05,0.00011667479047529716
29.286445646252375,1.0,1.4464731049362042e-10,0.08489224225560697,0.001970977791992785,65.02914198230619,1.1659144011798308e-06,9.897708779425914e-08,7.581841313353873e-05,0.00012406340495258193
30.199517204020175,1.0,1.4464731049362042e-10,0.08753895100323021,0.002032427507830558,65.0291419823062,1.096478196143184e-06,9.598455108828844e-08,7.13030362974981e-05,0.00013191991505386177
31.141055844467598,1.0,1.4464731049362042e-10,0.0902681769162459,0.0020957930583326697,65.02914198230619,1.0311772745930549e-06,9.308249265497815e-08,6.70565733984393e-05,0.00014027395100488829
32.11194909364824,1.0,1.4464731049362042e-10,0.09308249265497821,0.0021611341740025267,65.0291419823062,9.697653591082483e-07,9.026817691624584e-08,6.306300922697243e-05,0.00014915701941202708
33.11311214825911,1.0,1.4464731049362042e-10,0.09598455108828849,0.0022285124475778383,65.0291419823062,9.120108393559095e-07,8.753895100323016e-08,5.930728236187769e-05,0.00015860262208700814
34.14548873833603,1.0,1.4464731049362042e-10,0.09897708779425922,0.002297991392090014,65.02914198230621,8.576958985908938e-07,8.489224225560694e-08,5.577522836710894e-05,0.00016864638239644271
35.21005201684521,1.0,1.4464731049362042e-10,0.10206292363884178,0.002369636500733683,65.0291419823062,8.066156921766126e-07,8.232555579651312e-08,5.2453526371709126e-05,0.00017932617961261924
36.30780547701014,1.0,1.4464731049362042e-10,0.10524496743489996,0.0024435153086027825,65.0291419823062,7.585775750291835e-07,7.983647218079179e-08,4.9329648831166307e-05,0.0001906822917722761
37.439783898238126,1.0,1.4464731049362042e-10,0.108526218684155,0.0025196974563514254,65.0291419823062,7.134003750712558e-07,7.742264511434131e-08,4.6391814280739194e-05,0.00020275754758213125
38.60705432153813,1.0,1.4464731049362042e-10,0.11190977040461682,0.002598254755839516,65.0291419823062,6.709137099554113e-07,7.508179924241977e-08,4.362894290256625e-05,0.00021559748794406603
39.810717055349734,1.0,1.4464731049362042e-10,0.11539881204616735,0.002679261257825037,65.0291419823062,6.30957344480193e-07,7.281172800481866e-08,4.103061473898135e-05,0.00022925053770914808
41.051906712730805,1.0,1.4464731049362042e-10,0.11899663249704309,0.0027627933217667833,65.0291419823062,5.933805862753275e-07,7.061029155588512e-08,3.858703039444236e-05,0.00024376818830824424
42.33179328088209,1.0,1.4464731049362042e-10,0.12270662318405226,0.002848929687803364,65.02914198230621,5.580417174769966e-07,6.847541474743117e-08,3.628897407786162e-05,0.00025920519194800706
43.65158322401661,1.0,1.4464731049362042e-10,0.12653228126944804,0.0029377515509763177,65.0291419823062,5.248074602497723e-07,6.640508517262886e-08,3.4127778845955964e-05,0.00027561976810462684
45.01252062061339,1.0,1.4464731049362042e-10,0.13047721294747133,0.0030293426377672804,65.02914198230621,4.935524741394802e-07,6.439735126904831e-08,3.209529391653477e-05,0.00029307382309412235
46.4158883361278,1.0,1.4464731049362042e-10,0.13454513684367117,0.003123789285021401,65.02914198230619,4.641588833612776e-07,6.24503204790487e-08,3.018385392844922e-05,0.0003116331835472689
47.86300923226385,1.0,1.4464731049362042e-10,0.1387398875202065,0.0032211805213313576,65.02914198230619,4.365158322401656e-07,6.056215746578991e-08,2.838625003227028e-05,0.0003313678446696917
49.355247413948064,1.0,1.4464731049362042e-10,0.14306541909043355,0.003321608150958704,65.02914198230621,4.1051906712730794e-07,5.8731082383182126e-08,2.66957027026656e-05,0.0003523522342234184
50.89400951518091,1.0,1.4464731049362042e-10,0.14752580894618655,0.0034251668403716758,65.0291419823062,3.860705432153811e-07,5.695536919814276e-08,2.5105836169939097e-05,0.0003746654932254817
52.480746024977286,1.0,1.4464731049362042e-10,0.15212526160126444,0.003531954207480971,65.0291419823062,3.63078054770101e-07,5.5233344063579834e-08,2.3610654374304447e-05,0.0003983917744221977
54.116952654646376,1.0,1.4464731049362042e-10,0.15686811265474737,0.0036420709136577,65.02914198230621,3.4145488738336015e-07,5.3563383740567015e-08,2.220451835220491e-05,0.0004236205596648004
55.80417174769966,1.0,1.4464731049362042e-10,0.16175883287787876,0.0037556207586201882,65.02914198230619,3.21119490936482e-07,5.19439140682239e-08,2.0882124969394375e-05,0.00045044699738338803
57.543993733715695,1.0,1.4464731049362042e-10,0.1668020324283645,0.0038727107782790663,65.0291419823062,3.019951720402016e-07,5.037340847985922e-08,1.9638486920573256e-05,0.000478972261431931
59.33805862753281,1.0,1.4464731049362042e-10,0.17200246519606335,0.003993451345632959,65.02914198230617,2.8400980479142125e-07,4.885038656397718e-08,1.8468913920148395e-05,0.0005093039326577137
61.18805757518222,1.0,1.4464731049362042e-10,0.17736503328416348,0.0041179562748097625,65.02914198230621,2.670955587558983e-07,4.7373412668792144e-08,1.7368995013180723e-05,0.0005415564046342503
63.09573444801933,1.0,1.4464731049362042e-10,0.18289479163007014,0.004246342928351699,65.02914198230623,2.511886431509581e-07,4.594109454893453e-08,1.6334581939806507e-05,0.000575851315087884
65.06288748655574,1.0,1.4464731049362042e-10,0.1885969527703605,0.0043787323278452,65.0291419823062,2.3622906626344606e-07,4.4552082053073503e-08,1.5361773490393257e-05,0.0006123180046451508
67.09137099554115,1.0,1.4464731049362042e-10,0.19447689175429556,0.00451524926799992,65.0291419823062,2.2216040919558091e-07,4.3205065851219e-08,1.4446900792426673e-05,0.000651094004631036
69.18309709189366,1.0,1.4464731049362042e-10,0.20054015121052302,0.004656022434284443,65.0291419823062,2.089296130854039e-07,4.189877620050297e-08,1.3586513473639028e-05,0.0006923255557578289
71.34003750712564,1.0,1.4464731049362042e-10,0.20679244657174636,0.004801184524229557,65.02914198230617,1.9648677899934654e-07,4.0631981748276906e-08,1.2777366649194524e-05,0.0007361681596607651
73.56422544596414,1.0,1.4464731049362042e-10,0.21323967146228334,0.004950872372513388,65.02914198230619,1.8478497974222903e-07,3.94034883713976e-08,1.2016408683854985e-05,0.0007827871653605191
75.8577575029184,1.0,1.4464731049362042e-10,0.2198879032535959,0.00510522707994641,65.02914198230619,1.7378008287493738e-07,3.8212138050606105e-08,1.1300769682971236e-05,0.0008323583928643729
78.22279563860029,1.0,1.4464731049362042e-10,0.22674340879302443,0.005264394146477799,65.0291419823062,1.6343058427231366e-07,3.705680777894004e-08,1.0627750668895544e-05,0.0008850687962578908
80.66156921766135,1.0,1.4464731049362042e-10,0.23381265031112985,0.005428523608348607,65.02914198230621,1.5369745159352715e-07,3.5936408503149174e-08,9.994813401994114e-06,0.0009411171687879315
83.17637711026713,1.0,1.4464731049362042e-10,0.24110229151321,0.005597770179520978,65.0291419823062,1.4454397707459266e-07,3.484988409711718e-08,9.399570807870898e-06,0.0010007148925961435
85.76958985908941,1.0,1.4464731049362042e-10,0.2486192038607321,0.005772293397516717,65.0291419823062,1.3593563908785258e-07,3.3796210366321726e-08,8.8397779746995e-06,0.0010640867359305063
88.44365191386,1.0,1.4464731049362042e-10,0.256370473048605,0.005952257773802778,65.0291419823062,1.2783997194630228e-07,3.277439408239391e-08,8.313323686710132e-06,0.0011314717008415636
91.20108393559102,1.0,1.4464731049362042e-10,0.26436340568439287,0.006137832948865277,65.02914198230617,1.2022644346174114e-07,3.1783472046868e-08,7.818222461901272e-06,0.0012031239245603282
94.04448517263518,1.0,1.4464731049362042e-10,0.2726055361757703,0.00632919385211835,65.02914198230617,1.1306633979496385e-07,3.0822510183237956e-08,7.3526070639463785e-06,0.0012793136379573794
96.97653591082496,1.0,1.4464731049362042e-10,0.28110463383270945,0.006526520866798518,65.02914198230623,1.0633265716371609e-07,2.989060265646544e-08,6.914721460055185e-06,0.0013603281846978846
100.0,1.0,1.4464731049362042e-10,0.289868710191092,0.006730000000000003,65.02914198230617,9.999999999999996e-08,2.8986871019109188e-08,6.502914198230614e-06,0.001446473104936205
103.1177274593056,1.0,1.4464731049362042e-10,0.29890602656465465,0.006939823058011268,65.02914198230619,9.404448517263502e-08,2.811046338327091e-08,6.1156321789441715e-06,0.0015380732876371763
106.33265716371616,1.0,1.4464731049362042e-10,0.30822510183237983,0.0071561878271180985,65.02914198230619,8.844365191385989e-08,2.726055361757702e-08,5.751414797740061e-06,0.001635474195869935
109.64781961431851,1.0,1.4464731049362042e-10,0.3178347204686802,0.007379298260043636,65.0291419823062,8.317637711026709e-08,2.6436340568439273e-08,5.408888436677401e-06,0.0017390431696954194
113.06633979496398,1.0,1.4464731049362042e-10,0.3277439408239395,0.007609364668201074,65.02914198230621,7.822279563860016e-08,2.563704730486048e-08,5.086761283835453e-06,0.0018491708115612546
116.59144011798323,1.0,1.4464731049362042e-10,0.3379621036632174,0.007846603919940269,65.02914198230621,7.35642254459641e-08,2.486192038607321e-08,4.783818461343983e-06,0.0019662724594289344
120.22644346174131,1.0,1.4464731049362042e-10,0.348498840971172,0.008091239644975193,65.02914198230617,6.91830970918936e-08,2.411022915132098e-08,4.498917443564423e-06,0.0020907897531891382
123.97477630289441,1.0,1.4464731049362042e-10,0.3593640850314916,0.008343502445184794,65.02914198230619,6.506288748655573e-08,2.3381265031112984e-08,4.2309837481420455e-06,0.002223192300272711
127.83997194630244,1.0,1.4464731049362042e-10,0.3705680777894007,0.008603630111986154,65.0291419823062,6.118805757518213e-08,2.2674340879302422e-08,3.979006883678045e-06,0.002363979446739119
131.82567385564073,1.0,1.4464731049362042e-10,0.38212138050606137,0.00887186785048462,65.0291419823062,5.754399373371568e-08,2.1988790325359578e-08,3.742036538738735e-06,0.0025136821605218186
135.93563908785256,1.0,1.4464731049362042e-10,0.3940348837139761,0.009148468510612474,65.02914198230621,5.4116952654646386e-08,2.132396714622834e-08,3.5191789978287434e-06,0.002672865033933156
140.1737418346771,1.0,1.4464731049362042e-10,0.40631981748276963,0.009433692825473771,65.02914198230617,5.089400951518081e-08,2.0679244657174606e-08,3.309593770811534e-06,0.0028421284129809933
144.5439770745928,1.0,1.4464731049362042e-10,0.41898776200502985,0.009727809657120098,65.02914198230617,4.786300923226379e-08,2.0054015121052285e-08,3.112490423065313e-06,0.0030221106615276436
149.0504643386196,1.0,1.4464731049362042e-10,0.4320506585121902,0.010031096249989102,65.02914198230617,4.501252062061335e-08,1.944768917542954e-08,2.92712559441935e-06,0.0032134905688303
153.69745159352726,1.0,1.4464731049362042e-10,0.44552082053073544,0.010343838492244383,65.0291419823062,4.233179328088202e-08,1.8859695277036032e-08,2.752800195628113e-06,0.003416989909542678
158.48931924611142,1.0,1.4464731049362042e-10,0.4594109454893453,0.010666331185263297,65.02914198230621,3.9810717055349696e-08,1.8289479163007007e-08,2.5888567718097545e-06,0.0036333761658327874
163.43058427231378,1.0,1.4464731049362042e-10,0.4737341266879216,0.010998878321526713,65.02914198230623,3.743978389823812e-08,1.773650332841634e-08,2.434677022905389e-06,0.003863465421883148
168.52590447507527,1.0,1.4464731049362042e-10,0.48850386563977244,0.011341793371172559,65.02914198230624,3.521005201684516e-08,1.7200246519606327e-08,2.2896794718078115e-06,0.004108125441689731
173.78008287493762,1.0,1.4464731049362042e-10,0.5037340847985924,0.011695399577483306,65.02914198230617,3.311311214825907e-08,1.6680203242836434e-08,2.1533172713651668e-06,0.004368278941767341
179.1980722375334,1.0,1.4464731049362042e-10,0.5194391406822394,0.012060030261586002,65.02914198230619,3.114105584446757e-08,1.6175883287787866e-08,2.0250761419888077e-06,0.004644907071104271
184.78497974222907,1.0,1.4464731049362042e-10,0.53563383740567,0.012436029136652017,65.02914198230619,2.928644564625237e-08,1.5686811265474736e-08,1.9044724320872383e-06,0.004939053111490508
190.54607179632484,1.0,1.4464731049362042e-10,0.5523334406357989,0.012823750631892658,65.02914198230621,2.7542287033381636e-08,1.521252616012643e-08,1.7910512940112058e-06,0.0052518264121750625
196.4867789993468,1.0,1.4464731049362042e-10,0.569553691981428,0.013223560226656036,65.02914198230621,2.5902002045313232e-08,1.4752580894618651e-08,1.6843849686306603e-06,0.005584406573691597
202.61270126211434,1.0,1.4464731049362042e-10,0.5873108238318212,0.01363583479494029,65.02914198230623,2.435940447292028e-08,1.4306541909043359e-08,1.5840711720739583e-06,0.005938047896631509
208.92961308540407,1.0,1.4464731049362042e-10,0.6056215746578998,0.014060962960647698,65.02914198230619,2.2908676527677696e-08,1.3873988752020633e-08,1.4897315785450779e-06,0.006314084112142449
215.44346900318845,1.0,1.4464731049362042e-10,0.6245032047904875,0.014499345463914586,65.02914198230619,2.1544346900318816e-08,1.3454513684367105e-08,1.4010103934968904e-06,0.006713933411993097
222.16040919558117,1.0,1.4464731049362042e-10,0.6439735126904833,0.014951395538862615,65.02914198230619,2.0261270126211428e-08,1.3047721294747126e-08,1.317573011779262e-06,0.007139103797174803
229.08676527677747,1.0,1.4464731049362042e-10,0.6640508517262893,0.01541753930312712,65.02914198230621,1.905460717963245e-08,1.2653228126944794e-08,1.2391047557013898e-06,0.00759119876521173
236.22906626344627,1.0,1.4464731049362042e-10,0.6847541474743117,0.01589821615952993,65.0291419823062,1.7919807223753324e-08,1.2270662318405221e-08,1.1653096882490115e-06,0.008071923357628836
243.59404472920272,1.0,1.4464731049362042e-10,0.7061029155588516,0.016393879210275346,65.02914198230619,1.6852590447507504e-08,1.1899663249704301e-08,1.0959094969806222e-06,0.008583090590385393
251.18864315095823,1.0,1.4464731049362042e-10,0.7281172800481873,0.016904995684059492,65.02914198230619,1.5848931924611103e-08,1.1539881204616721e-08,1.0306424443934408e-06,0.00912662829152569
259.02002045313253,1.0,1.4464731049362042e-10,0.750817992424198,0.017432047376495823,65.02914198230619,1.4905046433861944e-08,1.1190977040461675e-08,9.692623808004748e-07,0.009704586371834727
267.09555875589854,1.0,1.4464731049362042e-10,0.7742264511434134,0.017975531104271972,65.0291419823062,1.4017374183467693e-08,1.0852621868415495e-08,9.115378159958341e-07,0.01031914455591973
275.4228703338166,1.0,1.4464731049362042e-10,0.798364721807918,0.018535959173465857,65.0291419823062,1.3182567385564076e-08,1.0524496743489995e-08,8.572510462071653e-07,0.010972620602874395
284.00980479142163,1.0,1.4464731049362042e-10,0.8232555579651321,0.01911385986246267,65.02914198230621,1.2397477630289433e-08,1.020629236388417e-08,8.061973330425567e-07,0.011667479047529725
292.8644564625237,1.0,1.4464731049362042e-10,0.8489224225560696,0.01970977791992784,65.02914198230623,1.1659144011798317e-08,9.89770877942592e-09,7.581841313353881e-07,0.012406340495258183
301.9951720402016,1.0,1.4464731049362042e-10,0.8753895100323017,0.020324275078305573,65.02914198230619,1.0964781961431848e-08,9.598455108828845e-09,7.130303629749813e-07,0.013191991505386167
311.41055844467616,1.0,1.4464731049362042e-10,0.9026817691624595,0.020957930583326703,65.0291419823062,1.0311772745930539e-08,9.308249265497812e-09,6.705657339843926e-07,0.014027395100488843
321.1194909364824,1.0,1.4464731049362042e-10,0.9308249265497821,0.021611341740025266,65.0291419823062,9.697653591082486e-09,9.026817691624585e-09,6.306300922697245e-07,0.014915701941202706
331.1311214825911,1.0,1.4464731049362042e-10,0.9598455108828847,0.02228512447577838,65.02914198230621,9.1201083935591e-09,8.753895100323019e-09,5.930728236187772e-07,0.015860262208700807
341.4548873833604,1.0,1.4464731049362042e-10,0.9897708779425926,0.02297991392090015,65.02914198230621,8.576958985908932e-09,8.489224225560691e-09,5.577522836710891e-07,0.016864638239644285
352.1005201684521,1.0,1.4464731049362042e-10,1.0206292363884177,0.023696365007336833,65.02914198230617,8.066156921766124e-09,8.232555579651311e-09,5.245352637170911e-07,0.017932617961261926
363.0780547701014,1.0,1.4464731049362042e-10,1.0524496743489995,0.024435153086027832,65.02914198230617,7.585775750291832e-09,7.983647218079176e-09,4.932964883116628e-07,0.019068229177227614
374.3978389823815,1.0,1.4464731049362042e-10,1.0852621868415506,0.025196974563514274,65.0291419823062,7.134003750712549e-09,7.742264511434125e-09,4.6391814280739125e-07,0.020275754758213152
386.0705432153815,1.0,1.4464731049362042e-10,1.119097704046169,0.025982547558395176,65.0291419823062,6.7091370995541056e-09,7.508179924241972e-09,4.3628942902566197e-07,0.021559748794406627
398.1071705534973,1.0,1.4464731049362042e-10,1.1539881204616735,0.026792612578250368,65.0291419823062,6.3095734448019305e-09,7.281172800481866e-09,4.103061473898136e-07,0.022925053770914805
410.51906712730784,1.0,1.4464731049362042e-10,1.1899663249704304,0.02762793321766781,65.02914198230621,5.9338058627532835e-09,7.061029155588518e-09,3.8587030394442425e-07,0.024376818830824393
423.3179328088211,1.0,1.4464731049362042e-10,1.2270662318405232,0.02848929687803367,65.02914198230617,5.580417174769956e-09,6.8475414747431085e-09,3.6288974077861534e-07,0.02592051919480075
436.5158322401661,1.0,1.4464731049362042e-10,1.2653228126944804,0.02937751550976318,65.0291419823062,5.248074602497722e-09,6.640508517262885e-09,3.412777884595595e-07,0.02756197681046269
450.12520620613367,1.0,1.4464731049362042e-10,1.3047721294747128,0.0302934263776728,65.02914198230619,4.935524741394805e-09,6.439735126904831e-09,3.2095293916534786e-07,0.029307382309412218
464.1588833612782,1.0,1.4464731049362042e-10,1.3454513684367122,0.031237892850214017,65.02914198230621,4.641588833612774e-09,6.245032047904869e-09,3.018385392844921e-07,0.031163318354726906
478.6300923226385,1.0,1.4464731049362042e-10,1.3873988752020652,0.03221180521331357,65.0291419823062,4.365158322401657e-09,6.056215746578993e-09,2.8386250032270295e-07,0.03313678446696917
493.55247413948064,1.0,1.4464731049362042e-10,1.4306541909043353,0.033216081509587034,65.02914198230623,4.105190671273081e-09,5.873108238318214e-09,2.6695702702665614e-07,0.03523522342234183
508.9400951518094,1.0,1.4464731049362042e-10,1.475258089461866,0.03425166840371678,65.02914198230617,3.860705432153806e-09,5.695536919814273e-09,2.5105836169939056e-07,0.03746654932254822
524.8074602497728,1.0,1.4464731049362042e-10,1.5212526160126443,0.035319542074809716,65.02914198230619,3.63078054770101e-09,5.523334406357982e-09,2.3610654374304437e-07,0.03983917744221977
541.1695265464638,1.0,1.4464731049362042e-10,1.5686811265474738,0.036420709136577016,65.02914198230619,3.4145488738336e-09,5.3563383740567e-09,2.220451835220489e-07,0.04236205596648006
558.041717476997,1.0,1.4464731049362042e-10,1.6175883287787887,0.03755620758620189,65.02914198230621,3.2111949093648176e-09,5.1943914068223896e-09,2.0882124969394367e-07,0.045044699738338835
575.4399373371573,1.0,1.4464731049362042e-10,1.6680203242836458,0.03872710778279067,65.02914198230623,3.019951720402014e-09,5.037340847985921e-09,1.963848692057325e-07,0.04789722614319314
593.3805862753281,1.0,1.4464731049362042e-10,1.7200246519606335,0.03993451345632956,65.02914198230623,2.8400980479142144e-09,4.885038656397721e-09,1.846891392014842e-07,0.05093039326577133
611.8805757518219,1.0,1.4464731049362042e-10,1.7736503328416338,0.041179562748097594,65.02914198230623,2.6709555875589868e-09,4.737341266879218e-09,1.736899501318075e-07,0.05415564046342495
630.9573444801937,1.0,1.4464731049362042e-10,1.8289479163007025,0.04246342928351703,65.0291419823062,2.5118864315095766e-09,4.594109454893448e-09,1.633458193980647e-07,0.057585131508788495
650.6288748655573,1.0,1.4464731049362042e-10,1.885969527703605,0.04378732327845201,65.0291419823062,2.3622906626344604e-09,4.45520820530735e-09,1.5361773490393253e-07,0.06123180046451509
670.9137099554113,1.0,1.4464731049362042e-10,1.9447689175429546,0.04515249267999917,65.0291419823062,2.2216040919558116e-09,4.320506585121902e-09,1.4446900792426694e-07,0.06510940046310353
691.8309709189369,1.0,1.4464731049362042e-10,2.005401512105231,0.046560224342844445,65.02914198230621,2.0892961308540372e-09,4.189877620050295e-09,1.358651347363902e-07,0.06923255557578295
713.4003750712565,1.0,1.4464731049362042e-10,2.067924465717464,0.04801184524229554,65.02914198230621,1.9648677899934664e-09,4.063198174827693e-09,1.2777366649194538e-07,0.07361681596607647
735.6422544596413,1.0,1.4464731049362042e-10,2.1323967146228333,0.04950872372513384,65.02914198230623,1.847849797422292e-09,3.940348837139763e-09,1.2016408683855003e-07,0.07827871653605185
758.5775750291843,1.0,1.4464731049362042e-10,2.19887903253596,0.0510522707994641,65.0291419823062,1.737800828749373e-09,3.82121380506061e-09,1.1300769682971235e-07,0.08323583928643734
782.2279563860029,1.0,1.4464731049362042e-10,2.267434087930244,0.052643941464778,65.02914198230619,1.634305842723136e-09,3.7056807778940033e-09,1.0627750668895539e-07,0.0885068796257891
806.6156921766135,1.0,1.4464731049362042e-10,2.3381265031112983,0.05428523608348609,65.0291419823062,1.5369745159352713e-09,3.5936408503149166e-09,9.994813401994111e-08,0.09411171687879316
831.7637711026717,1.0,1.4464731049362042e-10,2.411022915132101,0.055977701795209785,65.02914198230623,1.4454397707459256e-09,3.4849884097117178e-09,9.399570807870895e-08,0.10007148925961443
857.6958985908946,1.0,1.4464731049362042e-10,2.4861920386073226,0.05772293397516718,65.02914198230623,1.3593563908785247e-09,3.379621036632172e-09,8.839777974699496e-08,0.10640867359305071
884.4365191385999,1.0,1.4464731049362042e-10,2.5637047304860503,0.059522577738027785,65.02914198230619,1.2783997194630227e-09,3.2774394082393906e-09,8.313323686710129e-08,0.11314717008415635
912.0108393559105,1.0,1.4464731049362042e-10,2.64363405684393,0.061378329488652794,65.02914198230619,1.2022644346174105e-09,3.178347204686799e-09,7.818222461901267e-08,0.1203123924560329
940.4448517263523,1.0,1.4464731049362042e-10,2.7260553617577052,0.0632919385211835,65.0291419823062,1.1306633979496376e-09,3.082251018323795e-09,7.352607063946376e-08,0.12793136379573802
969.7653591082496,1.0,1.4464731049362042e-10,2.811046338327095,0.06526520866798519,65.02914198230621,1.0633265716371607e-09,2.9890602656465437e-09,6.914721460055182e-08,0.13603281846978849
1000.0,1.0,1.4464731049362042e-10,2.89868710191092,0.06729999999999998,65.02914198230621,1.0000000000000003e-09,2.8986871019109203e-09,6.502914198230623e-08,0.1446473104936204
1031.177274593056,1.0,1.4464731049362042e-10,2.9890602656465464,0.0693982305801127,65.02914198230616,9.4044485172635e-10,2.81104633832709e-09,6.115632178944168e-08,0.15380732876371767
1063.3265716371616,1.0,1.4464731049362042e-10,3.0822510183237983,0.071561878271181,65.02914198230617,8.844365191385987e-10,2.7260553617577013e-09,5.751414797740059e-08,0.1635474195869935
1096.4781961431852,1.0,1.4464731049362042e-10,3.1783472046868027,0.07379298260043637,65.0291419823062,8.317637711026707e-10,2.643634056843927e-09,5.4088884366774e-08,0.173904316969542
1130.6633979496398,1.0,1.4464731049362042e-10,3.2774394082393945,0.07609364668201075,65.0291419823062,7.822279563860014e-10,2.5637047304860475e-09,5.086761283835451e-08,0.18491708115612548
1165.9144011798323,1.0,1.4464731049362042e-10,3.379621036632174,0.07846603919940269,65.02914198230621,7.356422544596407e-10,2.4861920386073203e-09,4.7838184613439816e-08,0.1966272459428935
1202.2644346174131,1.0,1.4464731049362042e-10,3.48498840971172,0.08091239644975189,65.02914198230621,6.918309709189364e-10,2.4110229151320996e-09,4.498917443564428e-08,0.20907897531891373
1239.7477630289454,1.0,1.4464731049362042e-10,3.59364085031492,0.08343502445184804,65.02914198230619,6.506288748655559e-10,2.3381265031112957e-09,4.230983748142035e-08,0.2223192300272716
1278.3997194630244,1.0,1.4464731049362042e-10,3.7056807778940075,0.08603630111986156,65.02914198230619,6.118805757518211e-10,2.2674340879302416e-09,3.979006883678044e-08,0.23639794467391198
1318.2567385564075,1.0,1.4464731049362042e-10,3.8212138050606144,0.08871867850484623,65.0291419823062,5.754399373371565e-10,2.1988790325359573e-09,3.742036538738733e-08,0.251368216052182
1359.356390878527,1.0,1.4464731049362042e-10,3.9403488371397652,0.09148468510612486,65.02914198230621,5.411695265464627e-10,2.1323967146228314e-09,3.519178997828735e-08,0.2672865033933162
1401.737418346771,1.0,1.4464731049362042e-10,4.063198174827696,0.09433692825473766,65.02914198230621,5.089400951518083e-10,2.0679244657174617e-09,3.3095937708115385e-08,0.2842128412980992
1445.439770745928,1.0,1.4464731049362042e-10,4.189877620050298,0.09727809657120091,65.02914198230621,4.786300923226382e-10,2.00540151210523e-09,3.112490423065317e-08,0.3022110661527641
1490.5046433861962,1.0,1.4464731049362042e-10,4.320506585121902,0.10031096249989103,65.02914198230619,4.5012520620613347e-10,1.9447689175429537e-09,2.9271255944193502e-08,0.32134905688303006
1536.9745159352724,1.0,1.4464731049362042e-10,4.455208205307354,0.10343838492244388,65.02914198230617,4.233179328088201e-10,1.8859695277036027e-09,2.752800195628111e-08,0.3416989909542679
1584.893192461114,1.0,1.4464731049362042e-10,4.594109454893452,0.106663311852633,65.02914198230619,3.981071705534969e-10,1.8289479163007003e-09,2.588856771809753e-08,0.3633376165832788
1634.3058427231376,1.0,1.4464731049362042e-10,4.737341266879215,0.10998878321526716,65.0291419823062,3.743978389823811e-10,1.773650332841634e-09,2.4346770229053878e-08,0.3863465421883149
1685.2590447507528,1.0,1.4464731049362042e-10,4.885038656397725,0.11341793371172561,65.02914198230623,3.521005201684515e-10,1.7200246519606323e-09,2.289679471807811e-08,0.4108125441689732
1737.8008287493763,1.0,1.4464731049362042e-10,5.0373408479859245,0.11695399577483298,65.02914198230621,3.311311214825909e-10,1.6680203242836445e-09,2.1533172713651695e-08,0.4368278941767338
1791.980722375334,1.0,1.4464731049362042e-10,5.194391406822394,0.12060030261585991,65.02914198230623,3.11410558444676e-10,1.6175883287787878e-09,2.025076141988811e-08,0.46449070711042667
1847.8497974222926,1.0,1.4464731049362042e-10,5.356338374056706,0.12436029136652031,65.02914198230619,2.9286445646252305e-10,1.5686811265474719e-09,1.9044724320872344e-08,0.4939053111490519
1905.4607179632483,1.0,1.4464731049362042e-10,5.523334406357989,0.1282375063189266,65.0291419823062,2.7542287033381637e-10,1.5212526160126428e-09,1.7910512940112055e-08,0.5251826412175062
1964.867789993468,1.0,1.4464731049362042e-10,5.69553691981428,0.1322356022665604,65.02914198230621,2.5902002045313227e-10,1.475258089461865e-09,1.6843849686306596e-08,0.5584406573691598
2026.1270126211455,1.0,1.4464731049362042e-10,5.873108238318218,0.13635834794940305,65.02914198230621,2.435940447292023e-10,1.4306541909043343e-09,1.5840711720739547e-08,0.5938047896631521
2089.2961308540407,1.0,1.4464731049362042e-10,6.056215746578998,0.1406096296064769,65.02914198230621,2.290867652767771e-10,1.3873988752020641e-09,1.4897315785450794e-08,0.6314084112142446
2154.4346900318847,1.0,1.4464731049362042e-10,6.245032047904875,0.14499345463914587,65.02914198230619,2.1544346900318812e-10,1.3454513684367104e-09,1.4010103934968901e-08,0.6713933411993098
2221.604091955812,1.0,1.4464731049362042e-10,6.439735126904833,0.14951395538862616,65.02914198230619,2.0261270126211427e-10,1.3047721294747124e-09,1.3175730117792615e-08,0.7139103797174805
2290.867652767775,1.0,1.4464731049362042e-10,6.640508517262893,0.15417539303127126,65.0291419823062,1.9054607179632441e-10,1.265322812694479e-09,1.2391047557013892e-08,0.7591198765211733
2362.290662634463,1.0,1.4464731049362042e-10,6.847541474743118,0.15898216159529932,65.02914198230621,1.7919807223753322e-10,1.227066231840522e-09,1.1653096882490113e-08,0.8071923357628837
2435.940447292027,1.0,1.4464731049362042e-10,7.061029155588516,0.1639387921027534,65.0291419823062,1.6852590447507516e-10,1.1899663249704306e-09,1.0959094969806235e-08,0.8583090590385387
2511.886431509582,1.0,1.4464731049362042e-10,7.2811728004818725,0.16904995684059482,65.02914198230623,1.5848931924611117e-10,1.1539881204616728e-09,1.030642444393442e-08,0.9126628291525684
2590.200204531325,1.0,1.4464731049362042e-10,7.508179924241979,0.17432047376495824,65.02914198230619,1.4905046433861941e-10,1.1190977040461675e-09,9.692623808004746e-09,0.9704586371834728
2670.9555875589854,1.0,1.4464731049362042e-10,7.742264511434134,0.17975531104271975,65.02914198230619,1.401737418346769e-10,1.0852621868415492e-09,9.115378159958338e-09,1.0319144555919733
2754.228703338169,1.0,1.4464731049362042e-10,7.983647218079188,0.18535959173465874,65.0291419823062,1.318256738556405e-10,1.0524496743489984e-09,8.572510462071636e-09,1.0972620602874417
2840.0980479142167,1.0,1.4464731049362042e-10,8.232555579651322,0.19113859862462673,65.02914198230621,1.2397477630289429e-10,1.0206292363884169e-09,8.061973330425564e-09,1.1667479047529727
2928.6445646252373,1.0,1.4464731049362042e-10,8.489224225560697,0.19709777919927843,65.02914198230621,1.1659144011798314e-10,9.897708779425917e-10,7.581841313353877e-09,1.2406340495258186
3019.951720402019,1.0,1.4464731049362042e-10,8.753895100323025,0.2032427507830558,65.02914198230623,1.0964781961431835e-10,9.598455108828844e-10,7.1303036297498105e-09,1.3191991505386182
3114.1055844467614,1.0,1.4464731049362042e-10,9.026817691624595,0.20957930583326712,65.02914198230617,1.0311772745930536e-10,9.308249265497808e-10,6.70565733984392e-09,1.4027395100488846
3211.194909364824,1.0,1.4464731049362042e-10,9.308249265497821,0.2161134174002525,65.02914198230626,9.697653591082493e-11,9.026817691624592e-10,6.306300922697255e-09,1.4915701941202695
3311.311214825911,1.0,1.4464731049362042e-10,9.598455108828848,0.2228512447577838,65.0291419823062,9.120108393559096e-11,8.753895100323016e-10,5.930728236187769e-09,1.5860262208700813
3414.5488738336044,1.0,1.4464731049362042e-10,9.897708779425926,0.22979913920900155,65.02914198230621,8.576958985908929e-11,8.489224225560689e-10,5.577522836710887e-09,1.6864638239644287
3521.0052016845207,1.0,1.4464731049362042e-10,10.206292363884177,0.23696365007336845,65.02914198230614,8.066156921766122e-11,8.232555579651307e-10,5.245352637170906e-09,1.7932617961261934
3630.780547701014,1.0,1.4464731049362042e-10,10.524496743489994,0.2443515308602781,65.02914198230623,7.58577575029184e-11,7.983647218079184e-10,4.9329648831166355e-09,1.9068229177227598
3743.9783898238143,1.0,1.4464731049362042e-10,10.852621868415504,0.2519697456351426,65.02914198230624,7.134003750712555e-11,7.74226451143413e-10,4.63918142807392e-09,2.027575475821313
3860.7054321538153,1.0,1.4464731049362042e-10,11.19097704046169,0.25982547558395175,65.0291419823062,6.709137099554105e-11,7.508179924241972e-10,4.362894290256619e-09,2.1559748794406635
3981.0717055349733,1.0,1.4464731049362042e-10,11.539881204616735,0.26792612578250347,65.02914198230626,6.309573444801936e-11,7.281172800481872e-10,4.103061473898142e-09,2.2925053770914787
4105.190671273082,1.0,1.4464731049362042e-10,11.899663249704316,0.2762793321766786,65.02914198230616,5.933805862753266e-11,7.061029155588505e-10,3.858703039444229e-09,2.4376818830824463
4233.179328088211,1.0,1.4464731049362042e-10,12.270662318405233,0.28489296878033654,65.02914198230621,5.5804171747699594e-11,6.847541474743112e-10,3.628897407786158e-09,2.5920519194800735
4365.158322401661,1.0,1.4464731049362042e-10,12.653228126944805,0.2937751550976319,65.02914198230617,5.2480746024977203e-11,6.640508517262883e-10,3.412777884595593e-09,2.75619768104627
4501.252062061341,1.0,1.4464731049362042e-10,13.047721294747141,0.30293426377672833,65.02914198230619,4.9355247413947946e-11,6.439735126904824e-10,3.2095293916534713e-09,2.9307382309412278
4641.588833612782,1.0,1.4464731049362042e-10,13.454513684367122,0.31237892850214,65.02914198230626,4.641588833612777e-11,6.245032047904873e-10,3.018385392844925e-09,3.116331835472689
4786.300923226385,1.0,1.4464731049362042e-10,13.87398875202065,0.3221180521331357,65.0291419823062,4.365158322401657e-11,6.056215746578992e-10,2.8386250032270287e-09,3.3136784466969167
4935.524741394806,1.0,1.4464731049362042e-10,14.306541909043354,0.33216081509587075,65.02914198230614,4.105190671273076e-11,5.873108238318208e-10,2.6695702702665553e-09,3.5235223422341866
5089.400951518094,1.0,1.4464731049362042e-10,14.752580894618664,0.3425166840371679,65.02914198230617,3.860705432153805e-11,5.695536919814272e-10,2.510583616993905e-09,3.746654932254823
5248.074602497728,1.0,1.4464731049362042e-10,15.212526160126442,0.3531954207480969,65.02914198230623,3.630780547701013e-11,5.523334406357986e-10,2.3610654374304473e-09,3.9839177442219738
5411.6952654646375,1.0,1.4464731049362042e-10,15.686811265474736,0.36420709136577023,65.02914198230617,3.414548873833599e-11,5.356338374056699e-10,2.220451835220488e-09,4.2362055966480066
5580.417174769969,1.0,1.4464731049362042e-10,16.175883287787887,0.37556207586201895,65.0291419823062,3.2111949093648174e-11,5.194391406822388e-10,2.088212496939436e-09,4.504469973833884
5754.399373371572,1.0,1.4464731049362042e-10,16.680203242836456,0.38727107782790715,65.02914198230614,3.01995172040201e-11,5.037340847985915e-10,1.9638486920573204e-09,4.789722614319319
5933.805862753281,1.0,1.4464731049362042e-10,17.200246519606335,0.39934513456329573,65.02914198230621,2.8400980479142144e-11,4.885038656397721e-10,1.8468913920148416e-09,5.093039326577133
6118.805757518226,1.0,1.4464731049362042e-10,17.736503328416358,0.4117956274809764,65.02914198230623,2.6709555875589806e-11,4.737341266879212e-10,1.7368995013180709e-09,5.415564046342507
6309.573444801937,1.0,1.4464731049362042e-10,18.289479163007027,0.42463429283517046,65.02914198230617,2.5118864315095762e-11,4.5941094548934463e-10,1.6334581939806463e-09,5.758513150878851
6506.288748655574,1.0,1.4464731049362042e-10,18.85969527703605,0.4378732327845198,65.02914198230624,2.3622906626344623e-11,4.4552082053073527e-10,1.5361773490393275e-09,6.1231800464515045
6709.137099554119,1.0,1.4464731049362042e-10,19.447689175429566,0.4515249267999926,65.02914198230614,2.221604091955805e-11,4.320506585121894e-10,1.4446900792426637e-09,6.510940046310372
6918.30970918937,1.0,1.4464731049362042e-10,20.054015121052313,0.4656022434284446,65.0291419823062,2.0892961308540367e-11,4.189877620050294e-10,1.3586513473639014e-09,6.923255557578297
7134.003750712564,1.0,1.4464731049362042e-10,20.679244657174635,0.4801184524229559,65.02914198230614,1.9648677899934647e-11,4.0631981748276886e-10,1.2777366649194511e-09,7.361681596607655
7356.422544596414,1.0,1.4464731049362042e-10,21.323967146228334,0.49508723725133846,65.02914198230623,1.8478497974222916e-11,3.9403488371397623e-10,1.2016408683855e-09,7.827871653605187
7585.775750291844,1.0,1.4464731049362042e-10,21.9887903253596,0.5105227079946407,65.02914198230624,1.7378008287493736e-11,3.8212138050606126e-10,1.1300769682971249e-09,8.32358392864373
7822.279563860029,1.0,1.4464731049362042e-10,22.67434087930244,0.5264394146477801,65.02914198230619,1.6343058427231358e-11,3.7056807778940026e-10,1.0627750668895535e-09,8.850687962578911
8066.156921766135,1.0,1.4464731049362042e-10,23.381265031112985,0.5428523608348604,65.02914198230626,1.5369745159352722e-11,3.593640850314919e-10,9.994813401994123e-10,9.41117168787931
8317.637711026717,1.0,1.4464731049362042e-10,24.11022915132101,0.5597770179520986,65.02914198230614,1.4454397707459238e-11,3.4849884097117134e-10,9.399570807870873e-10,10.007148925961454
8576.958985908946,1.0,1.4464731049362042e-10,24.861920386073226,0.5772293397516719,65.02914198230621,1.3593563908785244e-11,3.379621036632171e-10,8.839777974699491e-10,10.640867359305075
8844.365191386,1.0,1.4464731049362042e-10,25.637047304860502,0.595225777380278,65.02914198230617,1.2783997194630222e-11,3.2774394082393897e-10,8.313323686710124e-10,11.314717008415641
9120.108393559107,1.0,1.4464731049362042e-10,26.436340568439302,0.613783294886528,65.02914198230619,1.2022644346174103e-11,3.178347204686798e-10,7.818222461901264e-10,12.031239245603293
9404.448517263523,1.0,1.4464731049362042e-10,27.26055361757705,0.6329193852118347,65.02914198230624,1.1306633979496383e-11,3.082251018323797e-10,7.352607063946387e-10,12.793136379573795
9697.653591082497,1.0,1.4464731049362042e-10,28.110463383270947,0.6526520866798521,65.0291419823062,1.0633265716371603e-11,2.989060265646543e-10,6.914721460055179e-10,13.603281846978852
10000.0,1.0,1.4464731049362042e-10,28.9868710191092,0.6730000000000006,65.02914198230614,9.999999999999991e-12,2.8986871019109174e-10,6.502914198230608e-10,14.464731049362054
1.0,0.1,1.4464731049362042e-10,0.00289868710191092,0.000673,6.50291419823062,0.0001,2.8986871019109203e-07,0.0006502914198230621,1.446473104936204e-06
1.0311772745930552,0.1,1.4464731049362042e-10,0.0029890602656465442,0.0006939823058011261,6.50291419823062,9.404448517263519e-05,2.8110463383270943e-07,0.0006115632178944184,1.5380732876371735e-06
1.0633265716371612,0.1,1.4464731049362042e-10,0.0030822510183237967,0.0007156187827118093,6.502914198230621,8.844365191385999e-05,2.7260553617577036e-07,0.0005751414797740069,1.6354741958699328e-06
1.096478196143185,0.1,1.4464731049362042e-10,0.0031783472046868024,0.0007379298260043636,6.502914198230619,8.317637711026709e-05,2.643634056843927e-07,0.0005408888436677402,1.7390431696954198e-06
1.130663397949639,0.1,1.4464731049362042e-10,0.0032774394082393924,0.0007609364668201069,6.502914198230621,7.822279563860026e-05,2.5637047304860495e-07,0.000508676128383546,1.849170811561252e-06
1.1659144011798317,0.1,1.4464731049362042e-10,0.003379621036632172,0.0007846603919940266,6.502914198230621,7.356422544596415e-05,2.4861920386073215e-07,0.0004783818461343986,1.966272459428933e-06
1.202264434617413,0.1,1.4464731049362042e-10,0.0034849884097117195,0.0008091239644975189,6.50291419823062,6.918309709189365e-05,2.411022915132099e-07,0.00044989174435644275,2.090789753189137e-06
1.2397477630289444,0.1,1.4464731049362042e-10,0.003593640850314917,0.0008343502445184796,6.50291419823062,6.50628874865557e-05,2.338126503111298e-07,0.00042309837481420437,2.2231923002727118e-06
1.2783997194630237,0.1,1.4464731049362042e-10,0.003705680777894005,0.0008603630111986147,6.502914198230621,6.118805757518221e-05,2.2674340879302438e-07,0.0003979006883678051,2.363979446739116e-06
1.3182567385564072,0.1,1.4464731049362042e-10,0.003821213805060613,0.0008871867850484621,6.50291419823062,5.7543993733715684e-05,2.198879032535958e-07,0.00037420365387387354,2.5136821605218183e-06
1.3593563908785256,0.1,1.4464731049362042e-10,0.003940348837139761,0.0009148468510612476,6.502914198230621,5.411695265464638e-05,2.1323967146228337e-07,0.0003519178997828742,2.6728650339331567e-06
1.40173741834677,0.1,1.4464731049362042e-10,0.004063198174827694,0.0009433692825473761,6.50291419823062,5.0894009515180904e-05,2.067924465717463e-07,0.0003309593770811542,2.8421284129809883e-06
1.4454397707459274,0.1,1.4464731049362042e-10,0.0041898776200502965,0.0009727809657120092,6.50291419823062,4.786300923226384e-05,2.00540151210523e-07,0.0003112490423065318,3.02211066152764e-06
1.4905046433861961,0.1,1.4464731049362042e-10,0.004320506585121902,0.00100310962499891,6.502914198230621,4.501252062061337e-05,1.9447689175429547e-07,0.00029271255944193525,3.213490568830299e-06
1.5369745159352715,0.1,1.4464731049362042e-10,0.004455208205307351,0.0010343838492244378,6.50291419823062,4.233179328088208e-05,1.8859695277036044e-07,0.0002752800195628117,3.4169899095426735e-06
1.5848931924611136,0.1,1.4464731049362042e-10,0.004594109454893451,0.0010666331185263292,6.502914198230621,3.981071705534973e-05,1.8289479163007015e-07,0.0002588856771809757,3.633376165832784e-06
1.6343058427231376,0.1,1.4464731049362042e-10,0.004737341266879216,0.0010998878321526716,6.50291419823062,3.743978389823811e-05,1.773650332841634e-07,0.0002434677022905388,3.863465421883149e-06
1.6852590447507514,0.1,1.4464731049362042e-10,0.004885038656397721,0.0011341793371172557,6.50291419823062,3.5210052016845194e-05,1.7200246519606333e-07,0.00022896794718078132,4.108125441689727e-06
1.7378008287493756,0.1,1.4464731049362042e-10,0.005037340847985922,0.0011695399577483297,6.502914198230621,3.311311214825911e-05,1.668020324283645e-07,0.00021533172713651702,4.3682789417673355e-06
1.7919807223753337,0.1,1.4464731049362042e-10,0.005194391406822393,0.0012060030261585994,6.502914198230621,3.11410558444676e-05,1.6175883287787875e-07,0.000202507614198881,4.644907071104267e-06
1.847849797422291,0.1,1.4464731049362042e-10,0.005356338374056701,0.0012436029136652018,6.50291419823062,2.9286445646252364e-05,1.5686811265474734e-07,0.00019044724320872383,4.93905311149051e-06
1.9054607179632472,0.1,1.4464731049362042e-10,0.005523334406357986,0.0012823750631892651,6.502914198230621,2.7542287033381667e-05,1.521252616012644e-07,0.00017910512940112077,5.251826412175056e-06
1.9648677899934675,0.1,1.4464731049362042e-10,0.005695536919814278,0.0013223560226656038,6.502914198230618,2.5902002045313236e-05,1.4752580894618648e-07,0.00016843849686306597,5.584406573691597e-06
2.0261270126211435,0.1,1.4464731049362042e-10,0.0058731082383182125,0.0013635834794940296,6.502914198230619,2.4359404472920267e-05,1.4306541909043353e-07,0.00015840711720739565,5.938047896631512e-06
2.0892961308540396,0.1,1.4464731049362042e-10,0.006056215746578994,0.0014060962960647685,6.502914198230621,2.290867652767773e-05,1.3873988752020647e-07,0.00014897315785450805,6.314084112142441e-06
2.154434690031884,0.1,1.4464731049362042e-10,0.006245032047904872,0.0014499345463914576,6.50291419823062,2.1544346900318837e-05,1.3454513684367113e-07,0.00014010103934968923,6.713933411993091e-06
2.2216040919558115,0.1,1.4464731049362042e-10,0.006439735126904832,0.0014951395538862612,6.50291419823062,2.0261270126211436e-05,1.304772129474713e-07,0.00013175730117792625,7.1391037971748014e-06
2.290867652767773,0.1,1.4464731049362042e-10,0.006640508517262888,0.001541753930312711,6.502914198230621,1.9054607179632474e-05,1.26532281269448e-07,0.00012391047557013912,7.591198765211722e-06
2.3622906626344617,0.1,1.4464731049362042e-10,0.006847541474743115,0.0015898216159529928,6.50291419823062,1.7919807223753338e-05,1.2270662318405226e-07,0.00011653096882490123,8.071923357628831e-06
2.435940447292027,0.1,1.4464731049362042e-10,0.007061029155588516,0.001639387921027534,6.502914198230621,1.6852590447507514e-05,1.1899663249704307e-07,0.00010959094969806235,8.583090590385388e-06
2.51188643150958,0.1,1.4464731049362042e-10,0.007281172800481867,0.0016904995684059473,6.50291419823062,1.5848931924611134e-05,1.1539881204616734e-07,0.00010306424443934431,9.126628291525672e-06
2.590200204531324,0.1,1.4464731049362042e-10,0.007508179924241976,0.001743204737649581,6.50291419823062,1.4905046433861959e-05,1.1190977040461683e-07,9.692623808004762e-05,9.704586371834716e-06
2.6709555875589848,0.1,1.4464731049362042e-10,0.007742264511434132,0.0017975531104271964,6.502914198230621,1.4017374183467704e-05,1.0852621868415498e-07,9.115378159958349e-05,1.0319144555919722e-05
2.7542287033381663,0.1,1.4464731049362042e-10,0.00798364721807918,0.001853595917346586,6.502914198230619,1.3182567385564071e-05,1.0524496743489993e-07,8.572510462071649e-05,1.0972620602874398e-05
2.840098047914215,0.1,1.4464731049362042e-10,0.008232555579651317,0.0019113859862462663,6.502914198230621,1.2397477630289445e-05,1.0206292363884176e-07,8.061973330425576e-05,1.1667479047529713e-05
2.9286445646252366,0.1,1.4464731049362042e-10,0.008489224225560695,0.001970977791992784,6.502914198230621,1.1659144011798319e-05,9.897708779425919e-08,7.581841313353881e-05,1.240634049525818e-05
3.0199517204020165,0.1,1.4464731049362042e-10,0.008753895100323018,0.0020324275078305574,6.502914198230619,1.0964781961431847e-05,9.598455108828846e-08,7.130303629749813e-05,1.3191991505386167e-05
3.1141055844467593,0.1,1.4464731049362042e-10,0.009026817691624589,0.002095793058332669,6.502914198230621,1.0311772745930554e-05,9.308249265497819e-08,6.705657339843936e-05,1.4027395100488821e-05
3.211194909364823,0.1,1.4464731049362042e-10,0.009308249265497818,0.002161134174002526,6.502914198230619,9.697653591082493e-06,9.026817691624588e-08,6.306300922697249e-05,1.4915701941202695e-05
3.311311214825911,0.1,1.4464731049362042e-10,0.009598455108828848,0.0022285124475778383,6.502914198230619,9.120108393559096e-06,8.753895100323016e-08,5.930728236187769e-05,1.5860262208700814e-05
3.4145488738336014,0.1,1.4464731049362042e-10,0.009897708779425918,0.0022979913920900133,6.50291419823062,8.576958985908943e-06,8.489224225560696e-08,5.577522836710897e-05,1.686463823964426e-05
3.52100520168452,0.1,1.4464731049362042e-10,0.010206292363884175,0.0023696365007336816,6.502914198230621,8.066156921766133e-06,8.232555579651317e-08,5.245352637170919e-05,1.7932617961261908e-05
3.630780547701014,0.1,1.4464731049362042e-10,0.010524496743489995,0.002443515308602783,6.502914198230619,7.585775750291834e-06,7.983647218079178e-08,4.93296488311663e-05,1.9068229177227608e-05
3.7439783898238117,0.1,1.4464731049362042e-10,0.010852621868415497,0.0025196974563514254,6.50291419823062,7.134003750712561e-06,7.742264511434131e-08,4.639181428073921e-05,2.0275754758213117e-05
3.860705432153813,0.1,1.4464731049362042e-10,0.011190977040461682,0.002598254755839516,6.502914198230621,6.7091370995541136e-06,7.508179924241977e-08,4.362894290256625e-05,2.15597487944066e-05
3.981071705534973,0.1,1.4464731049362042e-10,0.011539881204616735,0.002679261257825037,6.50291419823062,6.3095734448019305e-06,7.281172800481866e-08,4.103061473898136e-05,2.2925053770914802e-05
4.105190671273079,0.1,1.4464731049362042e-10,0.011899663249704305,0.002762793321766782,6.502914198230621,5.93380586275328e-06,7.061029155588516e-08,3.85870303944424e-05,2.437681883082441e-05
4.233179328088209,0.1,1.4464731049362042e-10,0.012270662318405226,0.0028489296878033642,6.50291419823062,5.580417174769965e-06,6.847541474743115e-08,3.6288974077861606e-05,2.592051919480071e-05
4.36515832240166,0.1,1.4464731049362042e-10,0.012653228126944801,0.0029377515509763173,6.50291419823062,5.248074602497725e-06,6.640508517262887e-08,3.412777884595597e-05,2.756197681046267e-05
4.5012520620613365,0.1,1.4464731049362042e-10,0.013047721294747128,0.0030293426377672786,6.502914198230622,4.9355247413948074e-06,6.439735126904834e-08,3.209529391653481e-05,2.9307382309412202e-05
4.641588833612779,0.1,1.4464731049362042e-10,0.013454513684367115,0.0031237892850214002,6.50291419823062,4.6415888336127786e-06,6.245032047904872e-08,3.018385392844924e-05,3.116331835472688e-05
4.786300923226384,0.1,1.4464731049362042e-10,0.013873988752020647,0.003221180521331356,6.502914198230621,4.365158322401659e-06,6.056215746578994e-08,2.8386250032270308e-05,3.313678446696915e-05
4.935524741394806,0.1,1.4464731049362042e-10,0.014306541909043353,0.003321608150958704,6.50291419823062,4.10519067127308e-06,5.8731082383182126e-08,2.66957027026656e-05,3.5235223422341836e-05
5.08940095151809,0.1,1.4464731049362042e-10,0.01475258089461865,0.0034251668403716745,6.502914198230619,3.860705432153813e-06,5.695536919814278e-08,2.5105836169939114e-05,3.7466549322548146e-05
5.248074602497727,0.1,1.4464731049362042e-10,0.01521252616012644,0.00353195420748097,6.502914198230621,3.6307805477010124e-06,5.5233344063579854e-08,2.3610654374304464e-05,3.983917744221974e-05
5.411695265464638,0.1,1.4464731049362042e-10,0.015686811265474738,0.0036420709136577014,6.502914198230619,3.4145488738336e-06,5.3563383740566995e-08,2.220451835220489e-05,4.236205596648006e-05
5.580417174769965,0.1,1.4464731049362042e-10,0.016175883287787875,0.003755620758620186,6.502914198230621,3.2111949093648225e-06,5.194391406822393e-08,2.08821249693944e-05,4.504469973833877e-05
5.7543993733715695,0.1,1.4464731049362042e-10,0.01668020324283645,0.0038727107782790655,6.502914198230621,3.0199517204020163e-06,5.037340847985923e-08,1.9638486920573266e-05,4.789722614319309e-05
5.933805862753281,0.1,1.4464731049362042e-10,0.017200246519606333,0.0039934513456329574,6.502914198230621,2.8400980479142144e-06,4.885038656397721e-08,1.8468913920148415e-05,5.093039326577133e-05
6.118805757518221,0.1,1.4464731049362042e-10,0.017736503328416343,0.004117956274809762,6.502914198230621,2.6709555875589844e-06,4.737341266879215e-08,1.736899501318073e-05,5.4155640463424997e-05
6.309573444801933,0.1,1.4464731049362042e-10,0.018289479163007015,0.004246342928351701,6.502914198230619,2.5118864315095793e-06,4.5941094548934496e-08,1.6334581939806486e-05,5.758513150878844e-05
6.506288748655572,0.1,1.4464731049362042e-10,0.018859695277036046,0.004378732327845199,6.502914198230622,2.3622906626344624e-06,4.4552082053073517e-08,1.536177349039327e-05,6.123180046451505e-05
6.7091370995541135,0.1,1.4464731049362042e-10,0.01944768917542955,0.004515249267999919,6.502914198230619,2.2216040919558108e-06,4.320506585121901e-08,1.4446900792426684e-05,6.510940046310356e-05
6.918309709189366,0.1,1.4464731049362042e-10,0.0200540151210523,0.004656022434284444,6.502914198230619,2.0892961308540385e-06,4.189877620050296e-08,1.3586513473639025e-05,6.92325555757829e-05
7.134003750712563,0.1,1.4464731049362042e-10,0.020679244657174634,0.004801184524229555,6.50291419823062,1.9648677899934667e-06,4.0631981748276926e-08,1.2777366649194534e-05,7.361681596607647e-05
7.3564225445964135,0.1,1.4464731049362042e-10,0.021323967146228334,0.004950872372513386,6.50291419823062,1.8478497974222908e-06,3.940348837139761e-08,1.201640868385499e-05,7.82787165360519e-05
7.5857757502918375,0.1,1.4464731049362042e-10,0.02198879032535958,0.005105227079946406,6.50291419823062,1.7378008287493757e-06,3.821213805060613e-08,1.1300769682971253e-05,8.32358392864372e-05
7.822279563860027,0.1,1.4464731049362042e-10,0.022674340879302438,0.005264394146477796,6.502914198230622,1.6343058427231374e-06,3.7056807778940055e-08,1.0627750668895552e-05,8.850687962578902e-05
8.066156921766135,0.1,1.4464731049362042e-10,0.023381265031112985,0.005428523608348609,6.50291419823062,1.5369745159352712e-06,3.593640850314916e-08,9.994813401994109e-06,9.411171687879317e-05
8.31763771102671,0.1,1.4464731049362042e-10,0.024110229151320994,0.005597770179520976,6.50291419823062,1.4454397707459273e-06,3.484988409711719e-08,9.399570807870903e-06,0.0001000714892596143
8.576958985908941,0.1,1.4464731049362042e-10,0.024861920386073214,0.005772293397516718,6.50291419823062,1.3593563908785255e-06,3.379621036632172e-08,8.839777974699496e-06,0.00010640867359305067
8.844365191385998,0.1,1.4464731049362042e-10,0.025637047304860498,0.005952257773802777,6.50291419823062,1.2783997194630232e-06,3.277439408239392e-08,8.313323686710134e-06,0.00011314717008415633
9.120108393559098,0.1,1.4464731049362042e-10,0.026436340568439277,0.006137832948865274,6.502914198230619,1.2022644346174125e-06,3.178347204686802e-08,7.81822246190128e-06,0.00012031239245603271
9.404448517263518,0.1,1.4464731049362042e-10,0.027260553617577035,0.006329193852118347,6.50291419823062,1.130663397949639e-06,3.0822510183237976e-08,7.352607063946385e-06,0.00012793136379573788
9.697653591082494,0.1,1.4464731049362042e-10,0.02811046338327094,0.0065265208667985184,6.502914198230619,1.063326571637161e-06,2.9890602656465435e-08,6.914721460055183e-06,0.00013603281846978846
10.0,0.1,1.4464731049362042e-10,0.0289868710191092,0.006730000000000001,6.502914198230619,1e-06,2.8986871019109198e-08,6.502914198230618e-06,0.00014464731049362042
10.311772745930554,0.1,1.4464731049362042e-10,0.029890602656465447,0.006939823058011263,6.50291419823062,9.404448517263514e-07,2.811046338327093e-08,6.11563217894418e-06,0.00015380732876371742
10.633265716371616,0.1,1.4464731049362042e-10,0.03082251018323798,0.007156187827118096,6.502914198230621,8.844365191385992e-07,2.726055361757703e-08,5.751414797740065e-06,0.0001635474195869934
10.964781961431852,0.1,1.4464731049362042e-10,0.03178347204686803,0.007379298260043637,6.502914198230619,8.317637711026707e-07,2.6436340568439267e-08,5.408888436677399e-06,0.000173904316969542
11.306633979496393,0.1,1.4464731049362042e-10,0.03277439408239393,0.007609364668201071,6.502914198230621,7.822279563860022e-07,2.563704730486049e-08,5.086761283835457e-06,0.0001849170811561253
11.659144011798316,0.1,1.4464731049362042e-10,0.033796210366321716,0.007846603919940267,6.50291419823062,7.356422544596414e-07,2.4861920386073212e-08,4.783818461343985e-06,0.0001966272459428933
12.02264434617413,0.1,1.4464731049362042e-10,0.0348498840971172,0.008091239644975191,6.502914198230619,6.918309709189362e-07,2.4110229151320986e-08,4.498917443564425e-06,0.0002090789753189138
12.397477630289448,0.1,1.4464731049362042e-10,0.03593640850314918,0.008343502445184798,6.50291419823062,6.506288748655567e-07,2.3381265031112974e-08,4.230983748142041e-06,0.00022231923002727133
12.783997194630237,0.1,1.4464731049362042e-10,0.03705680777894005,0.008603630111986147,6.502914198230622,6.118805757518222e-07,2.2674340879302442e-08,3.979006883678052e-06,0.00023639794467391159
13.182567385564074,0.1,1.4464731049362042e-10,0.03821213805060614,0.008871867850484624,6.502914198230618,5.754399373371565e-07,2.1988790325359574e-08,3.742036538738733e-06,0.000251368216052182
13.593563908785255,0.1,1.4464731049362042e-10,0.03940348837139761,0.009148468510612476,6.50291419823062,5.411695265464638e-07,2.1323967146228336e-08,3.5191789978287426e-06,0.0002672865033933156
14.017374183467702,0.1,1.4464731049362042e-10,0.04063198174827694,0.009433692825473763,6.502914198230621,5.089400951518089e-07,2.067924465717463e-08,3.309593770811541e-06,0.00028421284129809894
14.45439770745928,0.1,1.4464731049362042e-10,0.04189877620050299,0.009727809657120097,6.502914198230619,4.78630092322638e-07,2.005401512105229e-08,3.1124904230653142e-06,0.0003022110661527643
14.905046433861962,0.1,1.4464731049362042e-10,0.04320506585121902,0.0100310962499891,6.50291419823062,4.501252062061336e-07,1.9447689175429543e-08,2.927125594419352e-06,0.00032134905688303
15.369745159352718,0.1,1.4464731049362042e-10,0.04455208205307352,0.010343838492244377,6.502914198230622,4.233179328088208e-07,1.8859695277036045e-08,2.7528001956281174e-06,0.00034169899095426735
15.848931924611142,0.1,1.4464731049362042e-10,0.04594109454893453,0.010666331185263299,6.50291419823062,3.981071705534969e-07,1.8289479163007004e-08,2.5888567718097536e-06,0.00036333761658327877
16.343058427231377,0.1,1.4464731049362042e-10,0.04737341266879216,0.010998878321526715,6.502914198230621,3.7439783898238115e-07,1.773650332841634e-08,2.4346770229053885e-06,0.0003863465421883148
16.85259044750752,0.1,1.4464731049362042e-10,0.04885038656397723,0.011341793371172562,6.502914198230619,3.5210052016845163e-07,1.720024651960632e-08,2.2896794718078103e-06,0.00041081254416897305
17.378008287493753,0.1,1.4464731049362042e-10,0.050373408479859216,0.011695399577483293,6.502914198230622,3.3113112148259127e-07,1.6680203242836454e-08,2.153317271365172e-06,0.0004368278941767334
17.91980722375334,0.1,1.4464731049362042e-10,0.05194391406822394,0.012060030261585997,6.50291419823062,3.114105584446758e-07,1.617588328778787e-08,2.025076141988809e-06,0.000464490707110427
18.478497974222915,0.1,1.4464731049362042e-10,0.053563383740567024,0.012436029136652019,6.502914198230621,2.928644564625235e-07,1.5686811265474733e-08,1.904472432087238e-06,0.0004939053111490512
19.054607179632473,0.1,1.4464731049362042e-10,0.05523334406357986,0.012823750631892655,6.50291419823062,2.7542287033381663e-07,1.5212526160126437e-08,1.791051294011207e-06,0.0005251826412175058
19.64867789993468,0.1,1.4464731049362042e-10,0.05695536919814279,0.013223560226656038,6.50291419823062,2.590200204531323e-07,1.4752580894618648e-08,1.6843849686306597e-06,0.0005584406573691598
20.261270126211432,0.1,1.4464731049362042e-10,0.058731082383182115,0.013635834794940292,6.502914198230621,2.4359404472920275e-07,1.4306541909043357e-08,1.5840711720739577e-06,0.0005938047896631508
20.892961308540396,0.1,1.4464731049362042e-10,0.06056215746578995,0.014060962960647688,6.502914198230619,2.2908676527677724e-07,1.3873988752020643e-08,1.48973157854508e-06,0.0006314084112142443
21.544346900318846,0.1,1.4464731049362042e-10,0.06245032047904875,0.01449934546391458,6.502914198230621,2.1544346900318822e-07,1.345451368436711e-08,1.4010103934968915e-06,0.0006713933411993095
22.216040919558118,0.1,1.4464731049362042e-10,0.06439735126904833,0.014951395538862615,6.502914198230619,2.0261270126211428e-07,1.3047721294747126e-08,1.317573011779262e-06,0.0007139103797174803
22.908676527677734,0.1,1.4464731049362042e-10,0.06640508517262889,0.015417539303127115,6.50291419823062,1.9054607179632467e-07,1.2653228126944799e-08,1.2391047557013906e-06,0.0007591198765211723
23.622906626344626,0.1,1.4464731049362042e-10,0.06847541474743117,0.01589821615952993,6.50291419823062,1.7919807223753325e-07,1.2270662318405221e-08,1.1653096882490115e-06,0.0008071923357628836
24.35940447292027,0.1,1.4464731049362042e-10,0.07061029155588516,0.01639387921027534,6.502914198230622,1.6852590447507514e-07,1.1899663249704308e-08,1.0959094969806237e-06,0.0008583090590385388
25.11886431509581,0.1,1.4464731049362042e-10,0.0728117280048187,0.01690499568405948,6.502914198230619,1.5848931924611122e-07,1.1539881204616728e-08,1.030642444393442e-06,0.000912662829152568
25.90200204531324,0.1,1.4464731049362042e-10,0.07508179924241976,0.01743204737649581,6.50291419823062,1.490504643386196e-07,1.1190977040461682e-08,9.69262380800476e-07,0.0009704586371834715
26.709555875589853,0.1,1.4464731049362042e-10,0.07742264511434134,0.017975531104271966,6.502914198230622,1.40173741834677e-07,1.0852621868415498e-08,9.115378159958348e-07,0.0010319144555919727
27.542287033381676,0.1,1.4464731049362042e-10,0.07983647218079185,0.018535959173465868,6.50291419823062,1.318256738556406e-07,1.0524496743489988e-08,8.572510462071644e-07,0.0010972620602874407
28.400980479142152,0.1,1.4464731049362042e-10,0.08232555579651317,0.019113859862462664,6.502914198230621,1.239747763028944e-07,1.0206292363884174e-08,8.061973330425571e-07,0.0011667479047529716
29.286445646252375,0.1,1.4464731049362042e-10,0.08489224225560697,0.019709777919927847,6.50291419823062,1.165914401179831e-07,9.897708779425916e-09,7.581841313353874e-07,0.0012406340495258192
30.199517204020175,0.1,1.4464731049362042e-10,0.08753895100323021,0.020324275078305577,6.50291419823062,1.0964781961431842e-07,9.598455108828845e-09,7.130303629749811e-07,0.0013191991505386174
31.141055844467598,0.1,1.4464731049362042e-10,0.0902681769162459,0.020957930583326696,6.502914198230619,1.031177274593055e-07,9.308249265497815e-09,6.705657339843931e-07,0.0014027395100488828
32.11194909364824,0.1,1.4464731049362042e-10,0.09308249265497821,0.021611341740025266,6.50291419823062,9.697653591082484e-08,9.026817691624585e-09,6.306300922697245e-07,0.0014915701941202706
33.11311214825911,0.1,1.4464731049362042e-10,0.09598455108828849,0.022285124475778382,6.50291419823062,9.120108393559095e-08,8.753895100323016e-09,5.93072823618777e-07,0.0015860262208700813
34.14548873833603,0.1,1.4464731049362042e-10,0.09897708779425922,0.02297991392090014,6.502914198230622,8.576958985908939e-08,8.489224225560694e-09,5.577522836710895e-07,0.0016864638239644269
35.21005201684521,0.1,1.4464731049362042e-10,0.10206292363884178,0.023696365007336826,6.50291419823062,8.066156921766127e-08,8.232555579651313e-09,5.245352637170913e-07,0.0017932617961261923
36.30780547701014,0.1,1.4464731049362042e-10,0.10524496743489996,0.02443515308602782,6.502914198230621,7.585775750291836e-08,7.983647218079181e-09,4.932964883116632e-07,0.0019068229177227605
37.439783898238126,0.1,1.4464731049362042e-10,0.108526218684155,0.025196974563514253,6.502914198230621,7.134003750712558e-08,7.742264511434132e-09,4.63918142807392e-07,0.0020275754758213122
38.60705432153813,0.1,1.4464731049362042e-10,0.11190977040461682,0.025982547558395158,6.502914198230621,6.709137099554114e-08,7.508179924241977e-09,4.3628942902566255e-07,0.0021559748794406602
39.810717055349734,0.1,1.4464731049362042e-10,0.11539881204616735,0.026792612578250368,6.50291419823062,6.30957344480193e-08,7.281172800481866e-09,4.103061473898136e-07,0.0022925053770914807
41.051906712730805,0.1,1.4464731049362042e-10,0.11899663249704309,0.02762793321766783,6.50291419823062,5.933805862753276e-08,7.061029155588514e-09,3.858703039444238e-07,0.0024376818830824424
42.33179328088209,0.1,1.4464731049362042e-10,0.12270662318405226,0.028489296878033636,6.502914198230622,5.580417174769966e-08,6.847541474743117e-09,3.628897407786163e-07,0.0025920519194800704
43.65158322401661,0.1,1.4464731049362042e-10,0.12653228126944804,0.029377515509763176,6.502914198230621,5.248074602497723e-08,6.6405085172628865e-09,3.4127778845955965e-07,0.0027561976810462686
45.01252062061339,0.1,1.4464731049362042e-10,0.13047721294747133,0.030293426377672805,6.50291419823062,4.935524741394802e-08,6.43973512690483e-09,3.209529391653477e-07,0.0029307382309412236
46.4158883361278,0.1,1.4464731049362042e-10,0.13454513684367117,0.03123789285021401,6.502914198230619,4.641588833612776e-08,6.24503204790487e-09,3.0183853928449227e-07,0.0031163318354726893
47.86300923226385,0.1,1.4464731049362042e-10,0.1387398875202065,0.03221180521331358,6.502914198230619,4.3651583224016566e-08,6.056215746578991e-09,2.838625003227028e-07,0.0033136784466969173
49.355247413948064,0.1,1.4464731049362042e-10,0.14306541909043355,0.03321608150958704,6.502914198230621,4.10519067127308e-08,5.873108238318213e-09,2.6695702702665604e-07,0.0035235223422341836
50.89400951518091,0.1,1.4464731049362042e-10,0.14752580894618655,0.034251668403716753,6.50291419823062,3.8607054321538114e-08,5.6955369198142776e-09,2.5105836169939104e-07,0.0037466549322548166
52.480746024977286,0.1,1.4464731049362042e-10,0.15212526160126444,0.03531954207480971,6.50291419823062,3.63078054770101e-08,5.523334406357984e-09,2.3610654374304448e-07,0.003983917744221977
54.116952654646376,0.1,1.4464731049362042e-10,0.15686811265474737,0.036420709136577,6.502914198230622,3.414548873833602e-08,5.356338374056702e-09,2.2204518352204912e-07,0.004236205596648003
55.80417174769966,0.1,1.4464731049362042e-10,0.16175883287787876,0.03755620758620188,6.502914198230619,3.2111949093648204e-08,5.19439140682239e-09,2.0882124969394378e-07,0.0045044699738338795
57.543993733715695,0.1,1.4464731049362042e-10,0.1668020324283645,0.03872710778279066,6.50291419823062,3.019951720402016e-08,5.037340847985922e-09,1.963848692057326e-07,0.0047897226143193096
59.33805862753281,0.1,1.4464731049362042e-10,0.17200246519606335,0.03993451345632959,6.502914198230618,2.840098047914213e-08,4.885038656397719e-09,1.84689139201484e-07,0.005093039326577137
61.18805757518222,0.1,1.4464731049362042e-10,0.17736503328416348,0.04117956274809763,6.502914198230621,2.6709555875589832e-08,4.737341266879214e-09,1.7368995013180721e-07,0.005415564046342502
63.09573444801933,0.1,1.4464731049362042e-10,0.18289479163007014,0.042463429283516985,6.5029141982306236,2.5118864315095814e-08,4.594109454893453e-09,1.633458193980651e-07,0.00575851315087884
65.06288748655574,0.1,1.4464731049362042e-10,0.1885969527703605,0.04378732327845201,6.502914198230621,2.3622906626344607e-08,4.455208205307351e-09,1.5361773490393258e-07,0.006123180046451508
67.09137099554115,0.1,1.4464731049362042e-10,0.19447689175429556,0.0451524926799992,6.502914198230619,2.2216040919558093e-08,4.3205065851218995e-09,1.4446900792426676e-07,0.00651094004631036
69.18309709189366,0.1,1.4464731049362042e-10,0.20054015121052302,0.046560224342844424,6.502914198230621,2.089296130854039e-08,4.189877620050297e-09,1.3586513473639032e-07,0.006923255557578289
71.34003750712564,0.1,1.4464731049362042e-10,0.20679244657174636,0.04801184524229557,6.502914198230617,1.9648677899934654e-08,4.0631981748276904e-09,1.2777366649194522e-07,0.007361681596607651
73.56422544596414,0.1,1.4464731049362042e-10,0.21323967146228334,0.049508723725133874,6.502914198230619,1.8478497974222903e-08,3.94034883713976e-09,1.2016408683854984e-07,0.007827871653605191
75.8577575029184,0.1,1.4464731049362042e-10,0.2198879032535959,0.051052270799464096,6.502914198230618,1.737800828749374e-08,3.821213805060611e-09,1.1300769682971239e-07,0.008323583928643729
78.22279563860029,0.1,1.4464731049362042e-10,0.22674340879302443,0.05264394146477799,6.502914198230621,1.6343058427231366e-08,3.7056807778940045e-09,1.0627750668895546e-07,0.008850687962578907
80.66156921766135,0.1,1.4464731049362042e-10,0.23381265031112985,0.054285236083486066,6.502914198230623,1.5369745159352718e-08,3.593640850314918e-09,9.994813401994118e-08,0.009411171687879314
83.17637711026713,0.1,1.4464731049362042e-10,0.24110229151321,0.05597770179520978,6.50291419823062,1.4454397707459266e-08,3.484988409711718e-09,9.399570807870899e-08,0.010007148925961435
85.76958985908941,0.1,1.4464731049362042e-10,0.2486192038607321,0.05772293397516716,6.502914198230621,1.3593563908785261e-08,3.379621036632173e-09,8.839777974699502e-08,0.010640867359305061
88.44365191386,0.1,1.4464731049362042e-10,0.256370473048605,0.05952257773802778,6.50291419823062,1.278399719463023e-08,3.277439408239391e-09,8.313323686710133e-08,0.011314717008415635
91.20108393559102,0.1,1.4464731049362042e-10,0.26436340568439287,0.061378329488652766,6.502914198230618,1.2022644346174115e-08,3.1783472046868002e-09,7.818222461901272e-08,0.012031239245603282
94.04448517263518,0.1,1.4464731049362042e-10,0.2726055361757703,0.06329193852118349,6.502914198230617,1.1306633979496385e-08,3.082251018323796e-09,7.352607063946379e-08,0.012793136379573793
96.97653591082496,0.1,1.4464731049362042e-10,0.28110463383270945,0.06526520866798517,6.502914198230623,1.0633265716371609e-08,2.9890602656465445e-09,6.914721460055185e-08,0.013603281846978845
100.0,0.1,1.4464731049362042e-10,0.289868710191092,0.06730000000000003,6.5029141982306164,9.999999999999995e-09,2.8986871019109187e-09,6.502914198230614e-08,0.014464731049362049
103.1177274593056,0.1,1.4464731049362042e-10,0.29890602656465465,0.06939823058011267,6.502914198230619,9.404448517263503e-09,2.8110463383270913e-09,6.115632178944173e-08,0.015380732876371761
106.33265716371616,0.1,1.4464731049362042e-10,0.30822510183237983,0.07156187827118099,6.502914198230619,8.84436519138599e-09,2.726055361757702e-09,5.7514147977400614e-08,0.016354741958699348
109.64781961431851,0.1,1.4464731049362042e-10,0.3178347204686802,0.07379298260043636,6.502914198230619,8.317637711026709e-09,2.6436340568439273e-09,5.408888436677401e-08,0.017390431696954194
113.06633979496398,0.1,1.4464731049362042e-10,0.3277439408239395,0.07609364668201074,6.502914198230621,7.822279563860016e-09,2.563704730486048e-09,5.086761283835453e-08,0.018491708115612546
116.59144011798323,0.1,1.4464731049362042e-10,0.3379621036632174,0.07846603919940269,6.502914198230622,7.356422544596409e-09,2.4861920386073207e-09,4.783818461343983e-08,0.019662724594289346
120.22644346174131,0.1,1.4464731049362042e-10,0.348498840971172,0.08091239644975193,6.502914198230618,6.918309709189361e-09,2.4110229151320983e-09,4.4989174435644234e-08,0.02090789753189138
123.97477630289441,0.1,1.4464731049362042e-10,0.3593640850314916,0.08343502445184794,6.502914198230619,6.506288748655573e-09,2.3381265031112982e-09,4.230983748142046e-08,0.022231923002727107
127.83997194630244,0.1,1.4464731049362042e-10,0.3705680777894007,0.08603630111986153,6.502914198230621,6.118805757518213e-09,2.2674340879302424e-09,3.9790068836780457e-08,0.02363979446739119
131.82567385564073,0.1,1.4464731049362042e-10,0.38212138050606137,0.08871867850484622,6.50291419823062,5.754399373371568e-09,2.1988790325359577e-09,3.742036538738735e-08,0.025136821605218188
135.93563908785256,0.1,1.4464731049362042e-10,0.3940348837139761,0.09148468510612474,6.502914198230622,5.411695265464638e-09,2.132396714622834e-09,3.519178997828743e-08,0.026728650339331562
140.1737418346771,0.1,1.4464731049362042e-10,0.40631981748276963,0.09433692825473772,6.5029141982306164,5.0894009515180804e-09,2.0679244657174604e-09,3.3095937708115346e-08,0.028421284129809935
144.5439770745928,0.1,1.4464731049362042e-10,0.41898776200502985,0.09727809657120098,6.502914198230617,4.786300923226379e-09,2.005401512105229e-09,3.112490423065314e-08,0.03022110661527643
149.0504643386196,0.1,1.4464731049362042e-10,0.4320506585121902,0.10031096249989102,6.502914198230618,4.501252062061336e-09,1.944768917542954e-09,2.9271255944193512e-08,0.032134905688302996
153.69745159352726,0.1,1.4464731049362042e-10,0.44552082053073544,0.10343838492244382,6.502914198230621,4.233179328088203e-09,1.8859695277036035e-09,2.7528001956281136e-08,0.034169899095426774
158.48931924611142,0.1,1.4464731049362042e-10,0.4594109454893453,0.10666331185263297,6.502914198230621,3.98107170553497e-09,1.8289479163007009e-09,2.5888567718097548e-08,0.03633376165832787
163.43058427231378,0.1,1.4464731049362042e-10,0.4737341266879216,0.10998878321526712,6.502914198230623,3.743978389823812e-09,1.7736503328416346e-09,2.4346770229053894e-08,0.03863465421883147
168.52590447507527,0.1,1.4464731049362042e-10,0.48850386563977244,0.1134179337117256,6.5029141982306236,3.521005201684516e-09,1.7200246519606328e-09,2.289679471807812e-08,0.041081254416897306
173.78008287493762,0.1,1.4464731049362042e-10,0.5037340847985924,0.11695399577483305,6.502914198230618,3.3113112148259074e-09,1.6680203242836437e-09,2.1533172713651672e-08,0.04368278941767341
179.1980722375334,0.1,1.4464731049362042e-10,0.5194391406822394,0.12060030261586001,6.502914198230618,3.1141055844467574e-09,1.6175883287787867e-09,2.025076141988808e-08,0.046449070711042706
184.78497974222907,0.1,1.4464731049362042e-10,0.53563383740567,0.12436029136652017,6.502914198230619,2.928644564625237e-09,1.5686811265474735e-09,1.9044724320872387e-08,0.04939053111490508
190.54607179632484,0.1,1.4464731049362042e-10,0.5523334406357989,0.12823750631892658,6.502914198230622,2.7542287033381638e-09,1.5212526160126433e-09,1.791051294011206e-08,0.05251826412175062
196.4867789993468,0.1,1.4464731049362042e-10,0.569553691981428,0.13223560226656036,6.502914198230622,2.5902002045313236e-09,1.4752580894618651e-09,1.6843849686306603e-08,0.05584406573691597
202.61270126211434,0.1,1.4464731049362042e-10,0.5873108238318212,0.1363583479494029,6.502914198230623,2.4359404472920277e-09,1.430654190904336e-09,1.584071172073958e-08,0.059380478966315084
208.92961308540407,0.1,1.4464731049362042e-10,0.6056215746578998,0.14060962960647697,6.502914198230618,2.29086765276777e-09,1.3873988752020635e-09,1.4897315785450782e-08,0.06314084112142448
215.44346900318845,0.1,1.4464731049362042e-10,0.6245032047904875,0.14499345463914587,6.502914198230618,2.1544346900318816e-09,1.3454513684367106e-09,1.4010103934968904e-08,0.06713933411993096
222.16040919558117,0.1,1.4464731049362042e-10,0.6439735126904833,0.14951395538862614,6.502914198230619,2.026127012621143e-09,1.3047721294747126e-09,1.3175730117792622e-08,0.07139103797174802
229.08676527677747,0.1,1.4464731049362042e-10,0.6640508517262893,0.1541753930312712,6.502914198230622,1.905460717963245e-09,1.2653228126944795e-09,1.23910475570139e-08,0.07591198765211729
236.22906626344627,0.1,1.4464731049362042e-10,0.6847541474743117,0.15898216159529932,6.502914198230621,1.7919807223753326e-09,1.2270662318405223e-09,1.1653096882490115e-08,0.08071923357628835
243.59404472920272,0.1,1.4464731049362042e-10,0.7061029155588516,0.16393879210275347,6.502914198230618,1.6852590447507504e-09,1.18996632497043e-09,1.0959094969806225e-08,0.08583090590385392
251.18864315095823,0.1,1.4464731049362042e-10,0.7281172800481873,0.1690499568405949,6.502914198230619,1.5848931924611105e-09,1.1539881204616722e-09,1.0306424443934409e-08,0.0912662829152569
259.02002045313253,0.1,1.4464731049362042e-10,0.750817992424198,0.1743204737649582,6.502914198230619,1.4905046433861943e-09,1.1190977040461675e-09,9.69262380800475e-09,0.09704586371834727
267.09555875589854,0.1,1.4464731049362042e-10,0.7742264511434134,0.1797553110427197,6.50291419823062,1.4017374183467694e-09,1.0852621868415495e-09,9.115378159958343e-09,0.10319144555919728
275.4228703338166,0.1,1.4464731049362042e-10,0.798364721807918,0.18535959173465857,6.50291419823062,1.3182567385564076e-09,1.0524496743489995e-09,8.572510462071654e-09,0.10972620602874394
284.00980479142163,0.1,1.4464731049362042e-10,0.8232555579651321,0.1911385986246267,6.502914198230621,1.2397477630289434e-09,1.020629236388417e-09,8.061973330425567e-09,0.11667479047529723
292.8644564625237,0.1,1.4464731049362042e-10,0.8489224225560696,0.19709777919927837,6.502914198230623,1.1659144011798318e-09,9.89770877942592e-10,7.581841313353882e-09,0.12406340495258182
301.9951720402016,0.1,1.4464731049362042e-10,0.8753895100323017,0.2032427507830557,6.502914198230619,1.096478196143185e-09,9.598455108828846e-10,7.130303629749815e-09,0.13191991505386166
311.41055844467616,0.1,1.4464731049362042e-10,0.9026817691624595,0.209579305833267,6.502914198230621,1.031177274593054e-09,9.308249265497813e-10,6.705657339843927e-09,0.1402739510048884
321.1194909364824,0.1,1.4464731049362042e-10,0.9308249265497821,0.21611341740025264,6.502914198230621,9.697653591082487e-10,9.026817691624586e-10,6.3063009226972465e-09,0.14915701941202705
331.1311214825911,0.1,1.4464731049362042e-10,0.9598455108828847,0.22285124475778376,6.502914198230622,9.1201083935591e-10,8.753895100323019e-10,5.930728236187773e-09,0.15860262208700804
341.4548873833604,0.1,1.4464731049362042e-10,0.9897708779425926,0.22979913920900147,6.502914198230623,8.576958985908933e-10,8.489224225560692e-10,5.5775228367108915e-09,0.16864638239644283
352.1005201684521,0.1,1.4464731049362042e-10,1.0206292363884177,0.2369636500733683,6.502914198230618,8.066156921766125e-10,8.232555579651311e-10,5.245352637170912e-09,0.17932617961261924
363.0780547701014,0.1,1.4464731049362042e-10,1.0524496743489995,0.2443515308602783,6.502914198230618,7.585775750291833e-10,7.983647218079177e-10,4.932964883116628e-09,0.1906822917722761
374.3978389823815,0.1,1.4464731049362042e-10,1.0852621868415506,0.25196974563514274,6.502914198230619,7.134003750712548e-10,7.742264511434124e-10,4.639181428073913e-09,0.20275754758213152
386.0705432153815,0.1,1.4464731049362042e-10,1.119097704046169,0.25982547558395175,6.50291419823062,6.709137099554105e-10,7.508179924241972e-10,4.362894290256619e-09,0.2155974879440663
398.1071705534973,0.1,1.4464731049362042e-10,1.1539881204616735,0.2679261257825037,6.50291419823062,6.30957344480193e-10,7.281172800481866e-10,4.103061473898136e-09,0.22925053770914808
410.51906712730784,0.1,1.4464731049362042e-10,1.1899663249704304,0.2762793321766781,6.502914198230622,5.933805862753283e-10,7.061029155588519e-10,3.858703039444244e-09,0.2437681883082439
423.3179328088211,0.1,1.4464731049362042e-10,1.2270662318405232,0.2848929687803367,6.502914198230617,5.580417174769956e-10,6.847541474743108e-10,3.6288974077861537e-09,0.2592051919480075
436.5158322401661,0.1,1.4464731049362042e-10,1.2653228126944804,0.2937751550976318,6.50291419823062,5.248074602497723e-10,6.640508517262886e-10,3.412777884595596e-09,0.27561976810462685
450.12520620613367,0.1,1.4464731049362042e-10,1.3047721294747128,0.302934263776728,6.502914198230619,4.935524741394805e-10,6.439735126904831e-10,3.2095293916534784e-09,0.29307382309412217
464.1588833612782,0.1,1.4464731049362042e-10,1.3454513684367122,0.31237892850214016,6.502914198230621,4.6415888336127737e-10,6.245032047904869e-10,3.0183853928449213e-09,0.31163318354726904
478.6300923226385,0.1,1.4464731049362042e-10,1.3873988752020652,0.32211805213313566,6.502914198230621,4.365158322401657e-10,6.056215746578993e-10,2.838625003227029e-09,0.33136784466969166
493.55247413948064,0.1,1.4464731049362042e-10,1.4306541909043353,0.3321608150958703,6.5029141982306236,4.1051906712730806e-10,5.873108238318215e-10,2.6695702702665623e-09,0.35235223422341827
508.9400951518094,0.1,1.4464731049362042e-10,1.475258089461866,0.3425166840371678,6.502914198230618,3.8607054321538067e-10,5.695536919814273e-10,2.5105836169939064e-09,0.37466549322548215
524.8074602497728,0.1,1.4464731049362042e-10,1.5212526160126443,0.3531954207480972,6.502914198230619,3.63078054770101e-10,5.523334406357983e-10,2.361065437430444e-09,0.39839177442219764
541.1695265464638,0.1,1.4464731049362042e-10,1.5686811265474738,0.3642070913657701,6.50291419823062,3.4145488738336004e-10,5.3563383740567e-10,2.2204518352204893e-09,0.42362055966480056
558.041717476997,0.1,1.4464731049362042e-10,1.6175883287787887,0.3755620758620189,6.502914198230621,3.211194909364818e-10,5.194391406822389e-10,2.0882124969394364e-09,0.45044699738338834
575.4399373371573,0.1,1.4464731049362042e-10,1.6680203242836458,0.3872710778279067,6.502914198230623,3.0199517204020136e-10,5.037340847985921e-10,1.963848692057325e-09,0.4789722614319314
593.3805862753281,0.1,1.4464731049362042e-10,1.7200246519606335,0.3993451345632957,6.502914198230623,2.8400980479142144e-10,4.885038656397722e-10,1.8468913920148422e-09,0.5093039326577133
611.8805757518219,0.1,1.4464731049362042e-10,1.7736503328416338,0.4117956274809759,6.5029141982306236,2.670955587558987e-10,4.737341266879219e-10,1.7368995013180754e-09,0.5415564046342495
630.9573444801937,0.1,1.4464731049362042e-10,1.8289479163007025,0.42463429283517035,6.50291419823062,2.511886431509577e-10,4.594109454893448e-10,1.6334581939806473e-09,0.5758513150878849
650.6288748655573,0.1,1.4464731049362042e-10,1.885969527703605,0.43787323278452006,6.50291419823062,2.3622906626344605e-10,4.4552082053073496e-10,1.5361773490393254e-09,0.6123180046451508
670.9137099554113,0.1,1.4464731049362042e-10,1.9447689175429546,0.45152492679999173,6.502914198230621,2.2216040919558115e-10,4.3205065851219026e-10,1.4446900792426693e-09,0.6510940046310353
691.8309709189369,0.1,1.4464731049362042e-10,2.005401512105231,0.4656022434284444,6.502914198230622,2.0892961308540376e-10,4.189877620050296e-10,1.3586513473639024e-09,0.6923255557578294
713.4003750712565,0.1,1.4464731049362042e-10,2.067924465717464,0.4801184524229554,6.502914198230623,1.9648677899934668e-10,4.063198174827693e-10,1.277736664919454e-09,0.7361681596607647
735.6422544596413,0.1,1.4464731049362042e-10,2.1323967146228333,0.49508723725133835,6.5029141982306236,1.847849797422292e-10,3.9403488371397633e-10,1.2016408683855003e-09,0.7827871653605185
758.5775750291843,0.1,1.4464731049362042e-10,2.19887903253596,0.5105227079946411,6.50291419823062,1.737800828749373e-10,3.82121380506061e-10,1.1300769682971236e-09,0.8323583928643734
782.2279563860029,0.1,1.4464731049362042e-10,2.267434087930244,0.52643941464778,6.50291419823062,1.6343058427231362e-10,3.7056807778940037e-10,1.062775066889554e-09,0.8850687962578909
806.6156921766135,0.1,1.4464731049362042e-10,2.3381265031112983,0.5428523608348608,6.502914198230621,1.5369745159352714e-10,3.593640850314917e-10,9.99481340199411e-10,0.9411171687879315
831.7637711026717,0.1,1.4464731049362042e-10,2.411022915132101,0.5597770179520978,6.502914198230623,1.4454397707459258e-10,3.484988409711718e-10,9.399570807870898e-10,1.0007148925961442
857.6958985908946,0.1,1.4464731049362042e-10,2.4861920386073226,0.5772293397516718,6.502914198230623,1.3593563908785247e-10,3.379621036632172e-10,8.839777974699495e-10,1.064086735930507
884.4365191385999,0.1,1.4464731049362042e-10,2.5637047304860503,0.5952257773802778,6.502914198230618,1.2783997194630228e-10,3.2774394082393907e-10,8.31332368671013e-10,1.1314717008415636
912.0108393559105,0.1,1.4464731049362042e-10,2.64363405684393,0.6137832948865279,6.502914198230618,1.2022644346174106e-10,3.178347204686799e-10,7.818222461901266e-10,1.2031239245603291
940.4448517263523,0.1,1.4464731049362042e-10,2.7260553617577052,0.632919385211835,6.502914198230621,1.1306633979496377e-10,3.0822510183237956e-10,7.352607063946377e-10,1.2793136379573802
969.7653591082496,0.1,1.4464731049362042e-10,2.811046338327095,0.6526520866798518,6.502914198230622,1.0633265716371609e-10,2.989060265646544e-10,6.914721460055184e-10,1.3603281846978845
1000.0,0.1,1.4464731049362042e-10,2.89868710191092,0.6729999999999998,6.502914198230621,1.0000000000000002e-10,2.8986871019109205e-10,6.502914198230623e-10,1.4464731049362038
1031.177274593056,0.1,1.4464731049362042e-10,2.9890602656465464,0.693982305801127,6.5029141982306164,9.4044485172635e-11,2.8110463383270904e-10,6.115632178944169e-10,1.5380732876371765
1063.3265716371616,0.1,1.4464731049362042e-10,3.0822510183237983,0.71561878271181,6.502914198230617,8.844365191385989e-11,2.7260553617577015e-10,5.75141479774006e-10,1.635474195869935
1096.4781961431852,0.1,1.4464731049362042e-10,3.1783472046868027,0.7379298260043636,6.50291419823062,8.317637711026708e-11,2.643634056843927e-10,5.408888436677401e-10,1.7390431696954198
1130.6633979496398,0.1,1.4464731049362042e-10,3.2774394082393945,0.7609364668201076,6.50291419823062,7.822279563860014e-11,2.5637047304860474e-10,5.086761283835451e-10,1.8491708115612548
1165.9144011798323,0.1,1.4464731049362042e-10,3.379621036632174,0.7846603919940268,6.502914198230622,7.356422544596408e-11,2.486192038607321e-10,4.783818461343983e-10,1.9662724594289347
1202.2644346174131,0.1,1.4464731049362042e-10,3.48498840971172,0.8091239644975188,6.502914198230622,6.918309709189365e-11,2.4110229151321e-10,4.4989174435644284e-10,2.0907897531891373
1239.7477630289454,0.1,1.4464731049362042e-10,3.59364085031492,0.8343502445184804,6.502914198230619,6.506288748655558e-11,2.3381265031112957e-10,4.230983748142036e-10,2.2231923002727156
1278.3997194630244,0.1,1.4464731049362042e-10,3.7056807778940075,0.8603630111986155,6.50291419823062,6.118805757518213e-11,2.267434087930242e-10,3.979006883678045e-10,2.3639794467391195
1318.2567385564075,0.1,1.4464731049362042e-10,3.8212138050606144,0.8871867850484623,6.50291419823062,5.754399373371566e-11,2.1988790325359575e-10,3.742036538738734e-10,2.5136821605218196
1359.356390878527,0.1,1.4464731049362042e-10,3.9403488371397652,0.9148468510612485,6.502914198230621,5.411695265464627e-11,2.1323967146228315e-10,3.519178997828735e-10,2.672865033933162
1401.737418346771,0.1,1.4464731049362042e-10,4.063198174827696,0.9433692825473767,6.502914198230621,5.0894009515180835e-11,2.0679244657174617e-10,3.3095937708115377e-10,2.8421284129809923
1445.439770745928,0.1,1.4464731049362042e-10,4.189877620050298,0.9727809657120092,6.502914198230622,4.786300923226382e-11,2.00540151210523e-10,3.1124904230653177e-10,3.022110661527641
1490.5046433861962,0.1,1.4464731049362042e-10,4.320506585121902,1.0031096249989104,6.502914198230618,4.5012520620613343e-11,1.9447689175429538e-10,2.92712559441935e-10,3.213490568830301
1536.9745159352724,0.1,1.4464731049362042e-10,4.455208205307354,1.0343838492244388,6.502914198230617,4.2331793280882016e-11,1.8859695277036026e-10,2.752800195628111e-10,3.416989909542679
1584.893192461114,0.1,1.4464731049362042e-10,4.594109454893452,1.06663311852633,6.502914198230617,3.981071705534968e-11,1.8289479163007002e-10,2.5888567718097526e-10,3.633376165832788
1634.3058427231376,0.1,1.4464731049362042e-10,4.737341266879215,1.0998878321526715,6.50291419823062,3.743978389823811e-11,1.773650332841634e-10,2.434677022905388e-10,3.8634654218831486
1685.2590447507528,0.1,1.4464731049362042e-10,4.885038656397725,1.1341793371172562,6.502914198230623,3.521005201684515e-11,1.7200246519606323e-10,2.2896794718078112e-10,4.108125441689732
1737.8008287493763,0.1,1.4464731049362042e-10,5.0373408479859245,1.1695399577483296,6.502914198230623,3.311311214825909e-11,1.6680203242836447e-10,2.15331727136517e-10,4.368278941767337
1791.980722375334,0.1,1.4464731049362042e-10,5.194391406822394,1.206003026158599,6.5029141982306236,3.1141055844467605e-11,1.617588328778788e-10,2.0250761419888114e-10,4.644907071104266
1847.8497974222926,0.1,1.4464731049362042e-10,5.356338374056706,1.2436029136652031,6.502914198230619,2.928644564625231e-11,1.5686811265474718e-10,1.9044724320872343e-10,4.9390531114905185
1905.4607179632483,0.1,1.4464731049362042e-10,5.523334406357989,1.2823750631892659,6.502914198230621,2.7542287033381637e-11,1.521252616012643e-10,1.791051294011206e-10,5.251826412175062
1964.867789993468,0.1,1.4464731049362042e-10,5.69553691981428,1.3223560226656037,6.502914198230621,2.590200204531323e-11,1.4752580894618648e-10,1.68438496863066e-10,5.584406573691598
2026.1270126211455,0.1,1.4464731049362042e-10,5.873108238318218,1.3635834794940305,6.502914198230622,2.435940447292023e-11,1.4306541909043344e-10,1.584071172073955e-10,5.938047896631521
2089.2961308540407,0.1,1.4464731049362042e-10,6.056215746578998,1.406096296064769,6.502914198230622,2.2908676527677712e-11,1.3873988752020641e-10,1.4897315785450798e-10,6.314084112142446
2154.4346900318847,0.1,1.4464731049362042e-10,6.245032047904875,1.4499345463914586,6.502914198230618,2.1544346900318816e-11,1.3454513684367105e-10,1.4010103934968905e-10,6.713933411993097
2221.604091955812,0.1,1.4464731049362042e-10,6.439735126904833,1.4951395538862617,6.502914198230618,2.0261270126211427e-11,1.3047721294747125e-10,1.3175730117792614e-10,7.139103797174805
2290.867652767775,0.1,1.4464731049362042e-10,6.640508517262893,1.5417539303127124,6.50291419823062,1.9054607179632443e-11,1.265322812694479e-10,1.2391047557013895e-10,7.5911987652117325
2362.290662634463,0.1,1.4464731049362042e-10,6.847541474743118,1.5898216159529932,6.502914198230621,1.7919807223753325e-11,1.2270662318405221e-10,1.1653096882490116e-10,8.071923357628837
2435.940447292027,0.1,1.4464731049362042e-10,7.061029155588516,1.6393879210275337,6.502914198230621,1.6852590447507517e-11,1.1899663249704308e-10,1.0959094969806235e-10,8.583090590385387
2511.886431509582,0.1,1.4464731049362042e-10,7.2811728004818725,1.690499568405948,6.502914198230622,1.5848931924611117e-11,1.1539881204616729e-10,1.0306424443934422e-10,9.126628291525684
2590.200204531325,0.1,1.4464731049362042e-10,7.508179924241979,1.743204737649582,6.502914198230619,1.4905046433861944e-11,1.1190977040461675e-10,9.69262380800475e-11,9.704586371834727
2670.9555875589854,0.1,1.4464731049362042e-10,7.742264511434134,1.7975531104271973,6.502914198230619,1.4017374183467692e-11,1.0852621868415493e-10,9.11537815995834e-11,10.319144555919731
2754.228703338169,0.1,1.4464731049362042e-10,7.983647218079188,1.8535959173465872,6.502914198230621,1.318256738556405e-11,1.0524496743489986e-10,8.572510462071639e-11,10.972620602874416
2840.0980479142167,0.1,1.4464731049362042e-10,8.232555579651322,1.9113859862462672,6.502914198230622,1.239747763028943e-11,1.020629236388417e-10,8.061973330425566e-11,11.667479047529726
2928.6445646252373,0.1,1.4464731049362042e-10,8.489224225560697,1.9709777919927842,6.502914198230622,1.1659144011798315e-11,9.897708779425918e-11,7.58184131335388e-11,12.406340495258187
3019.951720402019,0.1,1.4464731049362042e-10,8.753895100323025,2.032427507830558,6.5029141982306236,1.0964781961431836e-11,9.598455108828844e-11,7.130303629749811e-11,13.19199150538618
3114.1055844467614,0.1,1.4464731049362042e-10,9.026817691624595,2.095793058332671,6.502914198230618,1.0311772745930537e-11,9.308249265497808e-11,6.70565733984392e-11,14.027395100488846
3211.194909364824,0.1,1.4464731049362042e-10,9.308249265497821,2.1611341740025245,6.502914198230626,9.697653591082494e-12,9.026817691624594e-11,6.306300922697257e-11,14.915701941202691
3311.311214825911,0.1,1.4464731049362042e-10,9.598455108828848,2.228512447577838,6.50291419823062,9.120108393559096e-12,8.753895100323016e-11,5.930728236187771e-11,15.860262208700812
3414.5488738336044,0.1,1.4464731049362042e-10,9.897708779425926,2.2979913920900152,6.502914198230621,8.57695898590893e-12,8.489224225560689e-11,5.577522836710889e-11,16.864638239644286
3521.0052016845207,0.1,1.4464731049362042e-10,10.206292363884177,2.369636500733684,6.502914198230615,8.066156921766123e-12,8.232555579651307e-11,5.245352637170907e-11,17.932617961261933
3630.780547701014,0.1,1.4464731049362042e-10,10.524496743489994,2.443515308602781,6.502914198230623,7.58577575029184e-12,7.983647218079184e-11,4.9329648831166366e-11,19.068229177227597
3743.9783898238143,0.1,1.4464731049362042e-10,10.852621868415504,2.5196974563514254,6.502914198230624,7.134003750712555e-12,7.742264511434132e-11,4.63918142807392e-11,20.275754758213132
3860.7054321538153,0.1,1.4464731049362042e-10,11.19097704046169,2.5982547558395175,6.502914198230621,6.709137099554106e-12,7.508179924241973e-11,4.36289429025662e-11,21.55974879440663
3981.0717055349733,0.1,1.4464731049362042e-10,11.539881204616735,2.679261257825035,6.502914198230625,6.309573444801935e-12,7.281172800481872e-11,4.1030614738981425e-11,22.92505377091479
4105.190671273082,0.1,1.4464731049362042e-10,11.899663249704316,2.762793321766786,6.5029141982306164,5.933805862753267e-12,7.061029155588506e-11,3.8587030394442294e-11,24.376818830824458
4233.179328088211,0.1,1.4464731049362042e-10,12.270662318405233,2.848929687803365,6.502914198230623,5.58041717476996e-12,6.847541474743113e-11,3.628897407786159e-11,25.920519194800733
4365.158322401661,0.1,1.4464731049362042e-10,12.653228126944805,2.937751550976319,6.502914198230618,5.248074602497721e-12,6.640508517262884e-11,3.412777884595593e-11,27.561976810462696
4501.252062061341,0.1,1.4464731049362042e-10,13.047721294747141,3.029342637767283,6.502914198230619,4.935524741394795e-12,6.439735126904824e-11,3.2095293916534725e-11,29.307382309412276
4641.588833612782,0.1,1.4464731049362042e-10,13.454513684367122,3.1237892850213993,6.502914198230625,4.641588833612777e-12,6.245032047904873e-11,3.018385392844925e-11,31.16331835472689
4786.300923226385,0.1,1.4464731049362042e-10,13.87398875202065,3.221180521331357,6.502914198230619,4.365158322401657e-12,6.056215746578992e-11,2.838625003227029e-11,33.13678446696917
4935.524741394806,0.1,1.4464731049362042e-10,14.306541909043354,3.321608150958707,6.502914198230615,4.105190671273076e-12,5.873108238318208e-11,2.6695702702665554e-11,35.23522342234187
5089.400951518094,0.1,1.4464731049362042e-10,14.752580894618664,3.4251668403716784,6.502914198230618,3.8607054321538055e-12,5.695536919814272e-11,2.5105836169939056e-11,37.466549322548225
5248.074602497728,0.1,1.4464731049362042e-10,15.212526160126442,3.531954207480969,6.5029141982306236,3.6307805477010126e-12,5.5233344063579865e-11,2.3610654374304474e-11,39.839177442219736
5411.6952654646375,0.1,1.4464731049362042e-10,15.686811265474736,3.642070913657702,6.502914198230618,3.4145488738336e-12,5.356338374056699e-11,2.2204518352204886e-11,42.36205596648006
5580.417174769969,0.1,1.4464731049362042e-10,16.175883287787887,3.755620758620189,6.502914198230621,3.2111949093648176e-12,5.1943914068223894e-11,2.0882124969394365e-11,45.044699738338835
5754.399373371572,0.1,1.4464731049362042e-10,16.680203242836456,3.8727107782790715,6.502914198230614,3.0199517204020104e-12,5.037340847985915e-11,1.9638486920573202e-11,47.89722614319319
5933.805862753281,0.1,1.4464731049362042e-10,17.200246519606335,3.9934513456329572,6.502914198230622,2.8400980479142145e-12,4.885038656397721e-11,1.846891392014842e-11,50.93039326577133
6118.805757518226,0.1,1.4464731049362042e-10,17.736503328416358,4.117956274809764,6.502914198230623,2.6709555875589807e-12,4.7373412668792126e-11,1.7368995013180708e-11,54.155640463425065
6309.573444801937,0.1,1.4464731049362042e-10,18.289479163007027,4.246342928351704,6.502914198230617,2.5118864315095763e-12,4.594109454893447e-11,1.6334581939806463e-11,57.58513150878851
6506.288748655574,0.1,1.4464731049362042e-10,18.85969527703605,4.3787323278451975,6.502914198230624,2.362290662634462e-12,4.4552082053073534e-11,1.5361773490393275e-11,61.23180046451505
6709.137099554119,0.1,1.4464731049362042e-10,19.447689175429566,4.515249267999926,6.502914198230615,2.221604091955805e-12,4.320506585121894e-11,1.4446900792426638e-11,65.10940046310373
6918.30970918937,0.1,1.4464731049362042e-10,20.054015121052313,4.656022434284446,6.50291419823062,2.0892961308540365e-12,4.189877620050294e-11,1.3586513473639016e-11,69.23255557578297
7134.003750712564,0.1,1.4464731049362042e-10,20.679244657174635,4.801184524229559,6.502914198230616,1.9648677899934647e-12,4.0631981748276894e-11,1.2777366649194514e-11,73.61681596607654
7356.422544596414,0.1,1.4464731049362042e-10,21.323967146228334,4.950872372513384,6.502914198230623,1.8478497974222915e-12,3.9403488371397624e-11,1.2016408683854999e-11,78.27871653605187
7585.775750291844,0.1,1.4464731049362042e-10,21.9887903253596,5.105227079946407,6.502914198230624,1.7378008287493738e-12,3.8212138050606124e-11,1.1300769682971249e-11,83.2358392864373
7822.279563860029,0.1,1.4464731049362042e-10,22.67434087930244,5.264394146477801,6.502914198230619,1.634305842723136e-12,3.705680777894003e-11,1.0627750668895537e-11,88.50687962578911
8066.156921766135,0.1,1.4464731049362042e-10,23.381265031112985,5.428523608348605,6.502914198230625,1.5369745159352722e-12,3.593640850314919e-11,9.994813401994125e-12,94.1117168787931
8317.637711026717,0.1,1.4464731049362042e-10,24.11022915132101,5.597770179520985,6.502914198230614,1.4454397707459238e-12,3.4849884097117135e-11,9.399570807870873e-12,100.07148925961452
8576.958985908946,0.1,1.4464731049362042e-10,24.861920386073226,5.772293397516719,6.502914198230622,1.3593563908785244e-12,3.379621036632171e-11,8.839777974699492e-12,106.40867359305075
8844.365191386,0.1,1.4464731049362042e-10,25.637047304860502,5.9522577738027795,6.502914198230617,1.2783997194630223e-12,3.27743940823939e-11,8.313323686710126e-12,113.1471700841564
9120.108393559107,0.1,1.4464731049362042e-10,26.436340568439302,6.137832948865279,6.502914198230619,1.2022644346174104e-12,3.178347204686799e-11,7.818222461901265e-12,120.31239245603292
9404.448517263523,0.1,1.4464731049362042e-10,27.26055361757705,6.329193852118347,6.502914198230624,1.1306633979496385e-12,3.082251018323798e-11,7.352607063946386e-12,127.93136379573794
9697.653591082497,0.1,1.4464731049362042e-10,28.110463383270947,6.52652086679852,6.50291419823062,1.0633265716371603e-12,2.9890602656465435e-11,6.9147214600551795e-12,136.0328184697885
10000.0,0.1,1.4464731049362042e-10,28.9868710191092,6.730000000000006,6.502914198230615,9.999999999999992e-13,2.8986871019109176e-11,6.5029141982306096e-12,144.64731049362055
1.0,0.01,1.4464731049362042e-10,0.00289868710191092,0.00673,0.650291419823062,1e-05,2.89868710191092e-08,6.502914198230621e-06,1.446473104936204e-05
1.0311772745930552,0.01,1.4464731049362042e-10,0.0029890602656465442,0.006939823058011261,0.650291419823062,9.40444851726352e-06,2.811046338327094e-08,6.115632178944184e-06,1.5380732876371733e-05
1.0633265716371612,0.01,1.4464731049362042e-10,0.0030822510183237967,0.007156187827118095,0.6502914198230619,8.844365191385997e-06,2.7260553617577034e-08,5.751414797740068e-06,1.635474195869933e-05
1.096478196143185,0.01,1.4464731049362042e-10,0.0031783472046868024,0.007379298260043636,0.6502914198230619,8.317637711026708e-06,2.6436340568439273e-08,5.408888436677401e-06,1.7390431696954196e-05
1.130663397949639,0.01,1.4464731049362042e-10,0.0032774394082393924,0.0076093646682010695,0.650291419823062,7.822279563860027e-06,2.5637047304860493e-08,5.086761283835459e-06,1.849170811561252e-05
1.1659144011798317,0.01,1.4464731049362042e-10,0.003379621036632172,0.007846603919940267,0.650291419823062,7.356422544596414e-06,2.4861920386073212e-08,4.783818461343985e-06,1.9662724594289334e-05
1.202264434617413,0.01,1.4464731049362042e-10,0.0034849884097117195,0.00809123964497519,0.6502914198230619,6.918309709189364e-06,2.411022915132099e-08,4.4989174435644264e-06,2.0907897531891373e-05
1.2397477630289444,0.01,1.4464731049362042e-10,0.003593640850314917,0.008343502445184796,0.6502914198230619,6.50628874865557e-06,2.3381265031112977e-08,4.230983748142043e-06,2.223192300272712e-05
1.2783997194630237,0.01,1.4464731049362042e-10,0.003705680777894005,0.008603630111986149,0.650291419823062,6.11880575751822e-06,2.2674340879302435e-08,3.97900688367805e-06,2.3639794467391165e-05
1.3182567385564072,0.01,1.4464731049362042e-10,0.003821213805060613,0.00887186785048462,0.6502914198230619,5.754399373371568e-06,2.1988790325359578e-08,3.742036538738735e-06,2.5136821605218184e-05
1.3593563908785256,0.01,1.4464731049362042e-10,0.003940348837139761,0.009148468510612476,0.650291419823062,5.411695265464638e-06,2.1323967146228336e-08,3.5191789978287426e-06,2.6728650339331567e-05
1.40173741834677,0.01,1.4464731049362042e-10,0.004063198174827694,0.009433692825473763,0.6502914198230619,5.08940095151809e-06,2.067924465717463e-08,3.309593770811541e-06,2.8421284129809884e-05
1.4454397707459274,0.01,1.4464731049362042e-10,0.0041898776200502965,0.009727809657120091,0.650291419823062,4.786300923226384e-06,2.00540151210523e-08,3.1124904230653185e-06,3.0221106615276396e-05
1.4905046433861961,0.01,1.4464731049362042e-10,0.004320506585121902,0.010031096249989099,0.650291419823062,4.501252062061337e-06,1.9447689175429546e-08,2.9271255944193522e-06,3.213490568830299e-05
1.5369745159352715,0.01,1.4464731049362042e-10,0.004455208205307351,0.010343838492244377,0.650291419823062,4.233179328088208e-06,1.8859695277036045e-08,2.7528001956281165e-06,3.4169899095426735e-05
1.5848931924611136,0.01,1.4464731049362042e-10,0.004594109454893451,0.010666331185263294,0.650291419823062,3.9810717055349725e-06,1.8289479163007014e-08,2.5888567718097566e-06,3.633376165832784e-05
1.6343058427231376,0.01,1.4464731049362042e-10,0.004737341266879216,0.010998878321526715,0.650291419823062,3.7439783898238115e-06,1.773650332841634e-08,2.4346770229053885e-06,3.863465421883148e-05
1.6852590447507514,0.01,1.4464731049362042e-10,0.004885038656397721,0.011341793371172556,0.650291419823062,3.5210052016845195e-06,1.720024651960633e-08,2.2896794718078132e-06,4.108125441689727e-05
1.7378008287493756,0.01,1.4464731049362042e-10,0.005037340847985922,0.011695399577483296,0.6502914198230622,3.311311214825911e-06,1.668020324283645e-08,2.1533172713651706e-06,4.3682789417673354e-05
1.7919807223753337,0.01,1.4464731049362042e-10,0.005194391406822393,0.012060030261585994,0.650291419823062,3.11410558444676e-06,1.6175883287787876e-08,2.0250761419888102e-06,4.644907071104267e-05
1.847849797422291,0.01,1.4464731049362042e-10,0.005356338374056701,0.012436029136652017,0.650291419823062,2.9286445646252366e-06,1.5686811265474736e-08,1.9044724320872383e-06,4.9390531114905094e-05
1.9054607179632472,0.01,1.4464731049362042e-10,0.005523334406357986,0.012823750631892653,0.650291419823062,2.7542287033381668e-06,1.5212526160126437e-08,1.7910512940112075e-06,5.251826412175057e-05
1.9648677899934675,0.01,1.4464731049362042e-10,0.005695536919814278,0.013223560226656038,0.6502914198230618,2.5902002045313235e-06,1.4752580894618648e-08,1.6843849686306597e-06,5.584406573691597e-05
2.0261270126211435,0.01,1.4464731049362042e-10,0.0058731082383182125,0.013635834794940297,0.6502914198230619,2.4359404472920266e-06,1.4306541909043352e-08,1.5840711720739566e-06,5.938047896631512e-05
2.0892961308540396,0.01,1.4464731049362042e-10,0.006056215746578994,0.014060962960647686,0.650291419823062,2.290867652767773e-06,1.3873988752020646e-08,1.4897315785450806e-06,6.31408411214244e-05
2.154434690031884,0.01,1.4464731049362042e-10,0.006245032047904872,0.014499345463914575,0.650291419823062,2.154434690031884e-06,1.3454513684367114e-08,1.4010103934968925e-06,6.713933411993091e-05
2.2216040919558115,0.01,1.4464731049362042e-10,0.006439735126904832,0.014951395538862612,0.6502914198230619,2.0261270126211434e-06,1.3047721294747128e-08,1.3175730117792624e-06,7.139103797174801e-05
2.290867652767773,0.01,1.4464731049362042e-10,0.006640508517262888,0.015417539303127111,0.650291419823062,1.9054607179632473e-06,1.26532281269448e-08,1.2391047557013913e-06,7.591198765211722e-05
2.3622906626344617,0.01,1.4464731049362042e-10,0.006847541474743115,0.01589821615952993,0.6502914198230619,1.7919807223753335e-06,1.2270662318405225e-08,1.1653096882490119e-06,8.071923357628831e-05
2.435940447292027,0.01,1.4464731049362042e-10,0.007061029155588516,0.016393879210275342,0.650291419823062,1.6852590447507512e-06,1.1899663249704306e-08,1.0959094969806233e-06,8.58309059038539e-05
2.51188643150958,0.01,1.4464731049362042e-10,0.007281172800481867,0.016904995684059475,0.650291419823062,1.5848931924611134e-06,1.1539881204616733e-08,1.030642444393443e-06,9.126628291525672e-05
2.590200204531324,0.01,1.4464731049362042e-10,0.007508179924241976,0.01743204737649581,0.650291419823062,1.490504643386196e-06,1.1190977040461682e-08,9.69262380800476e-07,9.704586371834716e-05
2.6709555875589848,0.01,1.4464731049362042e-10,0.007742264511434132,0.017975531104271966,0.650291419823062,1.40173741834677e-06,1.0852621868415498e-08,9.115378159958348e-07,0.00010319144555919724
2.7542287033381663,0.01,1.4464731049362042e-10,0.00798364721807918,0.018535959173465857,0.650291419823062,1.3182567385564072e-06,1.0524496743489993e-08,8.572510462071651e-07,0.00010972620602874396
2.840098047914215,0.01,1.4464731049362042e-10,0.008232555579651317,0.019113859862462664,0.6502914198230622,1.2397477630289445e-06,1.0206292363884176e-08,8.061973330425573e-07,0.00011667479047529715
2.9286445646252366,0.01,1.4464731049362042e-10,0.008489224225560695,0.01970977791992784,0.6502914198230622,1.1659144011798318e-06,9.89770877942592e-09,7.581841313353881e-07,0.0001240634049525818
3.0199517204020165,0.01,1.4464731049362042e-10,0.008753895100323018,0.02032427507830557,0.650291419823062,1.0964781961431849e-06,9.598455108828847e-09,7.130303629749815e-07,0.00013191991505386166
3.1141055844467593,0.01,1.4464731049362042e-10,0.009026817691624589,0.020957930583326685,0.6502914198230622,1.0311772745930555e-06,9.30824926549782e-09,6.705657339843938e-07,0.0001402739510048882
3.211194909364823,0.01,1.4464731049362042e-10,0.009308249265497818,0.02161134174002526,0.6502914198230619,9.697653591082492e-07,9.026817691624588e-09,6.306300922697248e-07,0.00014915701941202697
3.311311214825911,0.01,1.4464731049362042e-10,0.009598455108828848,0.022285124475778382,0.6502914198230619,9.120108393559096e-07,8.753895100323016e-09,5.93072823618777e-07,0.00015860262208700814
3.4145488738336014,0.01,1.4464731049362042e-10,0.009897708779425918,0.022979913920900135,0.650291419823062,8.576958985908943e-07,8.489224225560696e-09,5.577522836710897e-07,0.00016864638239644258
3.52100520168452,0.01,1.4464731049362042e-10,0.010206292363884175,0.023696365007336816,0.650291419823062,8.066156921766132e-07,8.232555579651316e-09,5.245352637170919e-07,0.00017932617961261907
3.630780547701014,0.01,1.4464731049362042e-10,0.010524496743489995,0.024435153086027825,0.6502914198230619,7.585775750291835e-07,7.98364721807918e-09,4.93296488311663e-07,0.0001906822917722761
3.7439783898238117,0.01,1.4464731049362042e-10,0.010852621868415497,0.025196974563514253,0.6502914198230619,7.13400375071256e-07,7.742264511434132e-09,4.63918142807392e-07,0.0002027575475821312
3.860705432153813,0.01,1.4464731049362042e-10,0.011190977040461682,0.02598254755839516,0.6502914198230619,6.709137099554112e-07,7.508179924241975e-09,4.362894290256624e-07,0.00021559748794406605
3.981071705534973,0.01,1.4464731049362042e-10,0.011539881204616735,0.026792612578250368,0.650291419823062,6.309573444801931e-07,7.281172800481866e-09,4.103061473898136e-07,0.00022925053770914803
4.105190671273079,0.01,1.4464731049362042e-10,0.011899663249704305,0.02762793321766782,0.650291419823062,5.933805862753279e-07,7.0610291555885155e-09,3.8587030394442404e-07,0.00024376818830824408
4.233179328088209,0.01,1.4464731049362042e-10,0.012270662318405226,0.028489296878033647,0.6502914198230619,5.580417174769964e-07,6.847541474743114e-09,3.6288974077861603e-07,0.00025920519194800717
4.36515832240166,0.01,1.4464731049362042e-10,0.012653228126944801,0.02937751550976317,0.650291419823062,5.248074602497725e-07,6.640508517262887e-09,3.4127778845955976e-07,0.00027561976810462673
4.5012520620613365,0.01,1.4464731049362042e-10,0.013047721294747128,0.030293426377672787,0.6502914198230622,4.935524741394807e-07,6.439735126904834e-09,3.209529391653481e-07,0.000293073823094122
4.641588833612779,0.01,1.4464731049362042e-10,0.013454513684367115,0.031237892850214007,0.6502914198230619,4.641588833612778e-07,6.2450320479048716e-09,3.018385392844924e-07,0.00031163318354726876
4.786300923226384,0.01,1.4464731049362042e-10,0.013873988752020647,0.032211805213313564,0.650291419823062,4.365158322401659e-07,6.0562157465789935e-09,2.8386250032270305e-07,0.0003313678446696915
4.935524741394806,0.01,1.4464731049362042e-10,0.014306541909043353,0.03321608150958705,0.6502914198230619,4.105190671273079e-07,5.873108238318212e-09,2.6695702702665593e-07,0.0003523522342234184
5.08940095151809,0.01,1.4464731049362042e-10,0.01475258089461865,0.03425166840371675,0.6502914198230619,3.8607054321538134e-07,5.695536919814278e-09,2.5105836169939114e-07,0.00037466549322548144
5.248074602497727,0.01,1.4464731049362042e-10,0.01521252616012644,0.0353195420748097,0.650291419823062,3.630780547701012e-07,5.523334406357985e-09,2.3610654374304459e-07,0.00039839177442219743
5.411695265464638,0.01,1.4464731049362042e-10,0.015686811265474738,0.036420709136577016,0.6502914198230619,3.4145488738336e-07,5.3563383740567e-09,2.220451835220489e-07,0.0004236205596648006
5.580417174769965,0.01,1.4464731049362042e-10,0.016175883287787875,0.03755620758620186,0.650291419823062,3.2111949093648223e-07,5.194391406822393e-09,2.0882124969394396e-07,0.0004504469973833877
5.7543993733715695,0.01,1.4464731049362042e-10,0.01668020324283645,0.03872710778279066,0.650291419823062,3.019951720402016e-07,5.037340847985922e-09,1.963848692057326e-07,0.00047897226143193093
5.933805862753281,0.01,1.4464731049362042e-10,0.017200246519606333,0.039934513456329576,0.650291419823062,2.840098047914214e-07,4.88503865639772e-09,1.8468913920148412e-07,0.0005093039326577133
6.118805757518221,0.01,1.4464731049362042e-10,0.017736503328416343,0.04117956274809762,0.650291419823062,2.6709555875589843e-07,4.737341266879215e-09,1.7368995013180727e-07,0.0005415564046342499
6.309573444801933,0.01,1.4464731049362042e-10,0.018289479163007015,0.04246342928351701,0.6502914198230619,2.511886431509579e-07,4.5941094548934506e-09,1.633458193980649e-07,0.0005758513150878843
6.506288748655572,0.01,1.4464731049362042e-10,0.018859695277036046,0.04378732327845199,0.6502914198230622,2.3622906626344624e-07,4.455208205307352e-09,1.5361773490393268e-07,0.0006123180046451504
6.7091370995541135,0.01,1.4464731049362042e-10,0.01944768917542955,0.045152492679999184,0.6502914198230619,2.2216040919558107e-07,4.320506585121901e-09,1.4446900792426683e-07,0.0006510940046310356
6.918309709189366,0.01,1.4464731049362042e-10,0.0200540151210523,0.04656022434284443,0.6502914198230619,2.089296130854039e-07,4.189877620050297e-09,1.358651347363903e-07,0.0006923255557578289
7.134003750712563,0.01,1.4464731049362042e-10,0.020679244657174634,0.04801184524229555,0.6502914198230619,1.9648677899934667e-07,4.063198174827692e-09,1.2777366649194535e-07,0.0007361681596607647
7.3564225445964135,0.01,1.4464731049362042e-10,0.021323967146228334,0.04950872372513387,0.6502914198230619,1.8478497974222906e-07,3.9403488371397606e-09,1.201640868385499e-07,0.0007827871653605191
7.5857757502918375,0.01,1.4464731049362042e-10,0.02198879032535958,0.05105227079946407,0.650291419823062,1.7378008287493757e-07,3.8212138050606135e-09,1.1300769682971252e-07,0.0008323583928643721
7.822279563860027,0.01,1.4464731049362042e-10,0.022674340879302438,0.05264394146477797,0.650291419823062,1.6343058427231374e-07,3.705680777894005e-09,1.0627750668895549e-07,0.0008850687962578903
8.066156921766135,0.01,1.4464731049362042e-10,0.023381265031112985,0.05428523608348609,0.650291419823062,1.5369745159352713e-07,3.5936408503149166e-09,9.994813401994111e-08,0.0009411171687879317
8.31763771102671,0.01,1.4464731049362042e-10,0.024110229151320994,0.055977701795209764,0.6502914198230619,1.445439770745927e-07,3.484988409711719e-09,9.399570807870902e-08,0.001000714892596143
8.576958985908941,0.01,1.4464731049362042e-10,0.024861920386073214,0.05772293397516718,0.6502914198230619,1.3593563908785256e-07,3.379621036632172e-09,8.839777974699496e-08,0.0010640867359305068
8.844365191385998,0.01,1.4464731049362042e-10,0.025637047304860498,0.059522577738027764,0.650291419823062,1.2783997194630234e-07,3.277439408239392e-09,8.313323686710136e-08,0.0011314717008415632
9.120108393559098,0.01,1.4464731049362042e-10,0.026436340568439277,0.061378329488652746,0.6502914198230618,1.2022644346174124e-07,3.1783472046868014e-09,7.818222461901279e-08,0.0012031239245603273
9.404448517263518,0.01,1.4464731049362042e-10,0.027260553617577035,0.06329193852118346,0.650291419823062,1.1306633979496389e-07,3.0822510183237973e-09,7.352607063946385e-08,0.0012793136379573788
9.697653591082494,0.01,1.4464731049362042e-10,0.02811046338327094,0.06526520866798519,0.6502914198230619,1.063326571637161e-07,2.9890602656465437e-09,6.914721460055182e-08,0.0013603281846978844
10.0,0.01,1.4464731049362042e-10,0.0289868710191092,0.06730000000000001,0.6502914198230618,9.999999999999997e-08,2.898687101910919e-09,6.502914198230618e-08,0.0014464731049362045
10.311772745930554,0.01,1.4464731049362042e-10,0.029890602656465447,0.06939823058011264,0.6502914198230618,9.404448517263513e-08,2.8110463383270925e-09,6.115632178944177e-08,0.0015380732876371745
10.633265716371616,0.01,1.4464731049362042e-10,0.03082251018323798,0.07156187827118096,0.650291419823062,8.844365191385992e-08,2.7260553617577026e-09,5.751414797740064e-08,0.0016354741958699342
10.964781961431852,0.01,1.4464731049362042e-10,0.03178347204686803,0.07379298260043637,0.6502914198230619,8.317637711026707e-08,2.643634056843927e-09,5.4088884366774e-08,0.00173904316969542
11.306633979496393,0.01,1.4464731049362042e-10,0.03277439408239393,0.07609364668201071,0.650291419823062,7.822279563860022e-08,2.563704730486049e-09,5.086761283835457e-08,0.001849170811561253
11.659144011798316,0.01,1.4464731049362042e-10,0.033796210366321716,0.07846603919940268,0.6502914198230619,7.356422544596414e-08,2.486192038607321e-09,4.783818461343984e-08,0.001966272459428933
12.02264434617413,0.01,1.4464731049362042e-10,0.0348498840971172,0.08091239644975191,0.6502914198230619,6.918309709189362e-08,2.4110229151320983e-09,4.498917443564425e-08,0.002090789753189138
12.397477630289448,0.01,1.4464731049362042e-10,0.03593640850314918,0.08343502445184799,0.6502914198230619,6.506288748655566e-08,2.338126503111297e-09,4.230983748142041e-08,0.0022231923002727135
12.783997194630237,0.01,1.4464731049362042e-10,0.03705680777894005,0.08603630111986148,0.6502914198230622,6.118805757518221e-08,2.2674340879302437e-09,3.979006883678051e-08,0.002363979446739116
13.182567385564074,0.01,1.4464731049362042e-10,0.03821213805060614,0.08871867850484623,0.6502914198230618,5.754399373371566e-08,2.1988790325359573e-09,3.742036538738733e-08,0.0025136821605218195
13.593563908785255,0.01,1.4464731049362042e-10,0.03940348837139761,0.09148468510612476,0.650291419823062,5.411695265464638e-08,2.1323967146228335e-09,3.519178997828742e-08,0.002672865033933156
14.017374183467702,0.01,1.4464731049362042e-10,0.04063198174827694,0.09433692825473762,0.650291419823062,5.089400951518089e-08,2.067924465717463e-09,3.309593770811541e-08,0.0028421284129809894
14.45439770745928,0.01,1.4464731049362042e-10,0.04189877620050299,0.09727809657120098,0.6502914198230618,4.786300923226379e-08,2.005401512105229e-09,3.112490423065314e-08,0.003022110661527643
14.905046433861962,0.01,1.4464731049362042e-10,0.04320506585121902,0.100310962499891,0.650291419823062,4.5012520620613364e-08,1.9447689175429545e-09,2.9271255944193522e-08,0.0032134905688302995
15.369745159352718,0.01,1.4464731049362042e-10,0.04455208205307352,0.10343838492244377,0.6502914198230622,4.233179328088207e-08,1.8859695277036044e-09,2.7528001956281163e-08,0.0034169899095426743
15.848931924611142,0.01,1.4464731049362042e-10,0.04594109454893453,0.10666331185263299,0.6502914198230619,3.981071705534969e-08,1.8289479163007005e-09,2.5888567718097538e-08,0.0036333761658327874
16.343058427231377,0.01,1.4464731049362042e-10,0.04737341266879216,0.10998878321526716,0.650291419823062,3.743978389823811e-08,1.773650332841634e-09,2.4346770229053878e-08,0.003863465421883148
16.85259044750752,0.01,1.4464731049362042e-10,0.04885038656397723,0.11341793371172564,0.6502914198230618,3.521005201684516e-08,1.7200246519606321e-09,2.2896794718078104e-08,0.004108125441689731
17.378008287493753,0.01,1.4464731049362042e-10,0.050373408479859216,0.11695399577483294,0.650291419823062,3.3113112148259124e-08,1.6680203242836451e-09,2.153317271365171e-08,0.004368278941767335
17.91980722375334,0.01,1.4464731049362042e-10,0.05194391406822394,0.12060030261585998,0.650291419823062,3.114105584446758e-08,1.617588328778787e-09,2.0250761419888086e-08,0.00464490707110427
18.478497974222915,0.01,1.4464731049362042e-10,0.053563383740567024,0.12436029136652019,0.6502914198230622,2.9286445646252355e-08,1.5686811265474733e-09,1.904472432087238e-08,0.004939053111490511
19.054607179632473,0.01,1.4464731049362042e-10,0.05523334406357986,0.12823750631892655,0.6502914198230619,2.754228703338166e-08,1.5212526160126435e-09,1.791051294011207e-08,0.005251826412175058
19.64867789993468,0.01,1.4464731049362042e-10,0.05695536919814279,0.1322356022665604,0.650291419823062,2.5902002045313232e-08,1.475258089461865e-09,1.6843849686306596e-08,0.005584406573691598
20.261270126211432,0.01,1.4464731049362042e-10,0.058731082383182115,0.13635834794940294,0.650291419823062,2.4359404472920275e-08,1.4306541909043355e-09,1.5840711720739574e-08,0.005938047896631509
20.892961308540396,0.01,1.4464731049362042e-10,0.06056215746578995,0.14060962960647688,0.6502914198230619,2.2908676527677726e-08,1.3873988752020645e-09,1.48973157854508e-08,0.006314084112142441
21.544346900318846,0.01,1.4464731049362042e-10,0.06245032047904875,0.1449934546391458,0.6502914198230622,2.1544346900318822e-08,1.345451368436711e-09,1.4010103934968914e-08,0.006713933411993095
22.216040919558118,0.01,1.4464731049362042e-10,0.06439735126904833,0.14951395538862616,0.6502914198230619,2.0261270126211428e-08,1.3047721294747126e-09,1.3175730117792619e-08,0.0071391037971748035
22.908676527677734,0.01,1.4464731049362042e-10,0.06640508517262889,0.15417539303127115,0.6502914198230619,1.9054607179632466e-08,1.2653228126944797e-09,1.2391047557013907e-08,0.007591198765211723
23.622906626344626,0.01,1.4464731049362042e-10,0.06847541474743117,0.15898216159529932,0.650291419823062,1.7919807223753327e-08,1.2270662318405223e-09,1.1653096882490115e-08,0.008071923357628834
24.35940447292027,0.01,1.4464731049362042e-10,0.07061029155588516,0.1639387921027534,0.6502914198230622,1.6852590447507514e-08,1.1899663249704306e-09,1.0959094969806235e-08,0.008583090590385388
25.11886431509581,0.01,1.4464731049362042e-10,0.0728117280048187,0.16904995684059482,0.6502914198230619,1.5848931924611123e-08,1.1539881204616728e-09,1.030642444393442e-08,0.00912662829152568
25.90200204531324,0.01,1.4464731049362042e-10,0.07508179924241976,0.1743204737649581,0.650291419823062,1.4905046433861964e-08,1.1190977040461683e-09,9.692623808004763e-09,0.009704586371834713
26.709555875589853,0.01,1.4464731049362042e-10,0.07742264511434134,0.17975531104271966,0.6502914198230622,1.4017374183467698e-08,1.0852621868415497e-09,9.115378159958345e-09,0.010319144555919727
27.542287033381676,0.01,1.4464731049362042e-10,0.07983647218079185,0.18535959173465869,0.650291419823062,1.3182567385564061e-08,1.0524496743489988e-09,8.572510462071644e-09,0.010972620602874407
28.400980479142152,0.01,1.4464731049362042e-10,0.08232555579651317,0.19113859862462665,0.650291419823062,1.2397477630289442e-08,1.0206292363884173e-09,8.061973330425572e-09,0.011667479047529716
29.286445646252375,0.01,1.4464731049362042e-10,0.08489224225560697,0.19709777919927848,0.6502914198230619,1.1659144011798309e-08,9.897708779425915e-10,7.581841313353872e-09,0.012406340495258192
30.199517204020175,0.01,1.4464731049362042e-10,0.08753895100323021,0.2032427507830558,0.650291419823062,1.0964781961431841e-08,9.598455108828844e-10,7.1303036297498105e-09,0.013191991505386177
31.141055844467598,0.01,1.4464731049362042e-10,0.0902681769162459,0.20957930583326695,0.6502914198230619,1.0311772745930549e-08,9.308249265497816e-10,6.705657339843932e-09,0.014027395100488827
32.11194909364824,0.01,1.4464731049362042e-10,0.09308249265497821,0.21611341740025267,0.650291419823062,9.697653591082484e-09,9.026817691624585e-10,6.306300922697244e-09,0.014915701941202706
33.11311214825911,0.01,1.4464731049362042e-10,0.09598455108828849,0.2228512447577838,0.650291419823062,9.120108393559097e-09,8.753895100323016e-10,5.930728236187769e-09,0.015860262208700814
34.14548873833603,0.01,1.4464731049362042e-10,0.09897708779425922,0.2297991392090014,0.6502914198230622,8.576958985908937e-09,8.489224225560694e-10,5.577522836710894e-09,0.01686463823964427
35.21005201684521,0.01,1.4464731049362042e-10,0.10206292363884178,0.23696365007336825,0.650291419823062,8.066156921766126e-09,8.232555579651313e-10,5.245352637170914e-09,0.017932617961261922
36.30780547701014,0.01,1.4464731049362042e-10,0.10524496743489996,0.24435153086027825,0.6502914198230619,7.585775750291834e-09,7.983647218079179e-10,4.93296488311663e-09,0.01906822917722761
37.439783898238126,0.01,1.4464731049362042e-10,0.108526218684155,0.2519697456351426,0.650291419823062,7.134003750712558e-09,7.74226451143413e-10,4.63918142807392e-09,0.020275754758213124
38.60705432153813,0.01,1.4464731049362042e-10,0.11190977040461682,0.2598254755839516,0.650291419823062,6.709137099554113e-09,7.508179924241976e-10,4.362894290256625e-09,0.021559748794406603
39.810717055349734,0.01,1.4464731049362042e-10,0.11539881204616735,0.2679261257825037,0.650291419823062,6.30957344480193e-09,7.281172800481866e-10,4.103061473898136e-09,0.02292505377091481
41.051906712730805,0.01,1.4464731049362042e-10,0.11899663249704309,0.2762793321766783,0.6502914198230619,5.933805862753275e-09,7.061029155588513e-10,3.858703039444237e-09,0.024376818830824425
42.33179328088209,0.01,1.4464731049362042e-10,0.12270662318405226,0.2848929687803364,0.6502914198230622,5.580417174769965e-09,6.847541474743116e-10,3.6288974077861615e-09,0.025920519194800706
43.65158322401661,0.01,1.4464731049362042e-10,0.12653228126944804,0.29377515509763175,0.6502914198230622,5.248074602497723e-09,6.640508517262887e-10,3.4127778845955966e-09,0.027561976810462685
45.01252062061339,0.01,1.4464731049362042e-10,0.13047721294747133,0.30293426377672805,0.6502914198230622,4.935524741394802e-09,6.43973512690483e-10,3.2095293916534775e-09,0.029307382309412232
46.4158883361278,0.01,1.4464731049362042e-10,0.13454513684367117,0.3123789285021401,0.6502914198230619,4.641588833612776e-09,6.24503204790487e-10,3.018385392844922e-09,0.031163318354726893
47.86300923226385,0.01,1.4464731049362042e-10,0.1387398875202065,0.32211805213313577,0.6502914198230618,4.365158322401656e-09,6.056215746578991e-10,2.838625003227028e-09,0.033136784466969174
49.355247413948064,0.01,1.4464731049362042e-10,0.14306541909043355,0.3321608150958704,0.650291419823062,4.105190671273079e-09,5.873108238318213e-10,2.6695702702665603e-09,0.03523522342234184
50.89400951518091,0.01,1.4464731049362042e-10,0.14752580894618655,0.34251668403716756,0.6502914198230619,3.860705432153811e-09,5.695536919814277e-10,2.5105836169939097e-09,0.03746654932254817
52.480746024977286,0.01,1.4464731049362042e-10,0.15212526160126444,0.3531954207480971,0.650291419823062,3.6307805477010102e-09,5.523334406357983e-10,2.361065437430445e-09,0.03983917744221977
54.116952654646376,0.01,1.4464731049362042e-10,0.15686811265474737,0.36420709136577,0.6502914198230622,3.4145488738336013e-09,5.356338374056701e-10,2.2204518352204905e-09,0.04236205596648004
55.80417174769966,0.01,1.4464731049362042e-10,0.16175883287787876,0.37556207586201884,0.6502914198230618,3.21119490936482e-09,5.19439140682239e-10,2.0882124969394373e-09,0.0450446997383388
57.543993733715695,0.01,1.4464731049362042e-10,0.1668020324283645,0.38727107782790665,0.6502914198230619,3.019951720402016e-09,5.037340847985921e-10,1.9638486920573257e-09,0.0478972261431931
59.33805862753281,0.01,1.4464731049362042e-10,0.17200246519606335,0.39934513456329596,0.6502914198230617,2.8400980479142123e-09,4.885038656397718e-10,1.8468913920148393e-09,0.050930393265771375
61.18805757518222,0.01,1.4464731049362042e-10,0.17736503328416348,0.4117956274809763,0.650291419823062,2.670955587558983e-09,4.737341266879214e-10,1.736899501318072e-09,0.054155640463425025
63.09573444801933,0.01,1.4464731049362042e-10,0.18289479163007014,0.4246342928351699,0.6502914198230623,2.5118864315095808e-09,4.5941094548934525e-10,1.6334581939806506e-09,0.0575851315087884
65.06288748655574,0.01,1.4464731049362042e-10,0.1885969527703605,0.43787323278452006,0.650291419823062,2.3622906626344604e-09,4.4552082053073496e-10,1.5361773490393254e-09,0.06123180046451509
67.09137099554115,0.01,1.4464731049362042e-10,0.19447689175429556,0.451524926799992,0.6502914198230619,2.221604091955809e-09,4.3205065851218995e-10,1.4446900792426672e-09,0.06510940046310361
69.18309709189366,0.01,1.4464731049362042e-10,0.20054015121052302,0.4656022434284443,0.650291419823062,2.089296130854039e-09,4.189877620050297e-10,1.358651347363903e-09,0.0692325555757829
71.34003750712564,0.01,1.4464731049362042e-10,0.20679244657174636,0.4801184524229557,0.6502914198230618,1.9648677899934656e-09,4.063198174827691e-10,1.2777366649194526e-09,0.07361681596607651
73.56422544596414,0.01,1.4464731049362042e-10,0.21323967146228334,0.49508723725133874,0.6502914198230619,1.8478497974222903e-09,3.94034883713976e-10,1.2016408683854985e-09,0.07827871653605191
75.8577575029184,0.01,1.4464731049362042e-10,0.2198879032535959,0.510522707994641,0.6502914198230618,1.737800828749374e-09,3.821213805060611e-10,1.130076968297124e-09,0.08323583928643728
78.22279563860029,0.01,1.4464731049362042e-10,0.22674340879302443,0.5264394146477799,0.650291419823062,1.6343058427231365e-09,3.705680777894004e-10,1.0627750668895545e-09,0.08850687962578907
80.66156921766135,0.01,1.4464731049362042e-10,0.23381265031112985,0.5428523608348607,0.6502914198230623,1.5369745159352717e-09,3.5936408503149173e-10,9.994813401994114e-10,0.09411171687879315
83.17637711026713,0.01,1.4464731049362042e-10,0.24110229151321,0.5597770179520978,0.6502914198230619,1.4454397707459266e-09,3.484988409711718e-10,9.399570807870898e-10,0.10007148925961436
85.76958985908941,0.01,1.4464731049362042e-10,0.2486192038607321,0.5772293397516717,0.650291419823062,1.3593563908785258e-09,3.3796210366321725e-10,8.839777974699498e-10,0.10640867359305063
88.44365191386,0.01,1.4464731049362042e-10,0.256370473048605,0.5952257773802778,0.6502914198230619,1.278399719463023e-09,3.277439408239391e-10,8.313323686710132e-10,0.11314717008415635
91.20108393559102,0.01,1.4464731049362042e-10,0.26436340568439287,0.6137832948865277,0.6502914198230618,1.2022644346174115e-09,3.1783472046868e-10,7.818222461901273e-10,0.12031239245603281
94.04448517263518,0.01,1.4464731049362042e-10,0.2726055361757703,0.632919385211835,0.6502914198230617,1.1306633979496384e-09,3.0822510183237956e-10,7.352607063946378e-10,0.12793136379573794
96.97653591082496,0.01,1.4464731049362042e-10,0.28110463383270945,0.6526520866798518,0.6502914198230623,1.063326571637161e-09,2.9890602656465445e-10,6.914721460055185e-10,0.13603281846978846
100.0,0.01,1.4464731049362042e-10,0.289868710191092,0.6730000000000003,0.6502914198230617,9.999999999999996e-10,2.8986871019109185e-10,6.502914198230614e-10,0.14464731049362048
103.1177274593056,0.01,1.4464731049362042e-10,0.29890602656465465,0.6939823058011269,0.6502914198230618,9.404448517263501e-10,2.811046338327091e-10,6.115632178944172e-10,0.15380732876371764
106.33265716371616,0.01,1.4464731049362042e-10,0.30822510183237983,0.7156187827118099,0.6502914198230619,8.844365191385989e-10,2.726055361757702e-10,5.751414797740061e-10,0.16354741958699348
109.64781961431851,0.01,1.4464731049362042e-10,0.3178347204686802,0.7379298260043636,0.6502914198230619,8.317637711026709e-10,2.643634056843927e-10,5.408888436677401e-10,0.17390431696954195
113.06633979496398,0.01,1.4464731049362042e-10,0.3277439408239395,0.7609364668201074,0.6502914198230622,7.822279563860017e-10,2.5637047304860485e-10,5.086761283835454e-10,0.18491708115612543
116.59144011798323,0.01,1.4464731049362042e-10,0.3379621036632174,0.7846603919940268,0.6502914198230622,7.356422544596409e-10,2.486192038607321e-10,4.783818461343983e-10,0.19662724594289346
120.22644346174131,0.01,1.4464731049362042e-10,0.348498840971172,0.8091239644975192,0.6502914198230618,6.91830970918936e-10,2.411022915132098e-10,4.4989174435644227e-10,0.2090789753189138
123.97477630289441,0.01,1.4464731049362042e-10,0.3593640850314916,0.8343502445184794,0.6502914198230619,6.506288748655573e-10,2.3381265031112983e-10,4.230983748142046e-10,0.22231923002727105
127.83997194630244,0.01,1.4464731049362042e-10,0.3705680777894007,0.8603630111986155,0.6502914198230619,6.118805757518212e-10,2.267434087930242e-10,3.979006883678045e-10,0.23639794467391195
131.82567385564073,0.01,1.4464731049362042e-10,0.38212138050606137,0.887186785048462,0.650291419823062,5.754399373371568e-10,2.198879032535958e-10,3.7420365387387353e-10,0.25136821605218185
135.93563908785256,0.01,1.4464731049362042e-10,0.3940348837139761,0.9148468510612474,0.6502914198230623,5.411695265464638e-10,2.132396714622834e-10,3.519178997828744e-10,0.2672865033933156
140.1737418346771,0.01,1.4464731049362042e-10,0.40631981748276963,0.9433692825473772,0.6502914198230617,5.089400951518081e-10,2.0679244657174604e-10,3.309593770811534e-10,0.2842128412980994
144.5439770745928,0.01,1.4464731049362042e-10,0.41898776200502985,0.9727809657120099,0.6502914198230617,4.786300923226379e-10,2.0054015121052285e-10,3.112490423065313e-10,0.3022110661527644
149.0504643386196,0.01,1.4464731049362042e-10,0.4320506585121902,1.0031096249989104,0.6502914198230617,4.5012520620613347e-10,1.9447689175429538e-10,2.92712559441935e-10,0.32134905688303
153.69745159352726,0.01,1.4464731049362042e-10,0.44552082053073544,1.0343838492244384,0.650291419823062,4.2331793280882027e-10,1.8859695277036033e-10,2.752800195628113e-10,0.3416989909542678
158.48931924611142,0.01,1.4464731049362042e-10,0.4594109454893453,1.0666331185263296,0.6502914198230622,3.98107170553497e-10,1.828947916300701e-10,2.5888567718097546e-10,0.3633376165832787
163.43058427231378,0.01,1.4464731049362042e-10,0.4737341266879216,1.0998878321526713,0.6502914198230623,3.743978389823812e-10,1.7736503328416342e-10,2.434677022905389e-10,0.38634654218831477
168.52590447507527,0.01,1.4464731049362042e-10,0.48850386563977244,1.134179337117256,0.6502914198230624,3.521005201684516e-10,1.7200246519606328e-10,2.2896794718078122e-10,0.41081254416897306
173.78008287493762,0.01,1.4464731049362042e-10,0.5037340847985924,1.1695399577483305,0.6502914198230618,3.311311214825907e-10,1.6680203242836436e-10,2.153317271365167e-10,0.4368278941767341
179.1980722375334,0.01,1.4464731049362042e-10,0.5194391406822394,1.2060030261586,0.6502914198230618,3.1141055844467574e-10,1.6175883287787866e-10,2.0250761419888075e-10,0.4644907071104271
184.78497974222907,0.01,1.4464731049362042e-10,0.53563383740567,1.2436029136652016,0.6502914198230619,2.928644564625237e-10,1.5686811265474736e-10,1.9044724320872387e-10,0.4939053111490508
190.54607179632484,0.01,1.4464731049362042e-10,0.5523334406357989,1.2823750631892659,0.6502914198230622,2.7542287033381637e-10,1.521252616012643e-10,1.791051294011206e-10,0.5251826412175062
196.4867789993468,0.01,1.4464731049362042e-10,0.569553691981428,1.3223560226656035,0.6502914198230622,2.5902002045313237e-10,1.475258089461865e-10,1.6843849686306603e-10,0.5584406573691597
202.61270126211434,0.01,1.4464731049362042e-10,0.5873108238318212,1.363583479494029,0.6502914198230623,2.435940447292028e-10,1.430654190904336e-10,1.5840711720739582e-10,0.5938047896631509
208.92961308540407,0.01,1.4464731049362042e-10,0.6056215746578998,1.4060962960647698,0.6502914198230618,2.2908676527677698e-10,1.3873988752020634e-10,1.4897315785450783e-10,0.6314084112142448
215.44346900318845,0.01,1.4464731049362042e-10,0.6245032047904875,1.4499345463914586,0.6502914198230618,2.1544346900318815e-10,1.3454513684367105e-10,1.4010103934968905e-10,0.6713933411993097
222.16040919558117,0.01,1.4464731049362042e-10,0.6439735126904833,1.4951395538862615,0.6502914198230619,2.026127012621143e-10,1.3047721294747125e-10,1.317573011779262e-10,0.7139103797174803
229.08676527677747,0.01,1.4464731049362042e-10,0.6640508517262893,1.5417539303127121,0.6502914198230622,1.9054607179632447e-10,1.2653228126944793e-10,1.2391047557013898e-10,0.7591198765211731
236.22906626344627,0.01,1.4464731049362042e-10,0.6847541474743117,1.5898216159529932,0.650291419823062,1.7919807223753327e-10,1.2270662318405221e-10,1.1653096882490116e-10,0.8071923357628836
243.59404472920272,0.01,1.4464731049362042e-10,0.7061029155588516,1.6393879210275346,0.6502914198230619,1.6852590447507505e-10,1.18996632497043e-10,1.0959094969806225e-10,0.8583090590385392
251.18864315095823,0.01,1.4464731049362042e-10,0.7281172800481873,1.6904995684059492,0.6502914198230618,1.5848931924611104e-10,1.1539881204616721e-10,1.0306424443934408e-10,0.9126628291525691
259.02002045313253,0.01,1.4464731049362042e-10,0.750817992424198,1.743204737649582,0.6502914198230619,1.4905046433861944e-10,1.1190977040461675e-10,9.69262380800475e-11,0.9704586371834727
267.09555875589854,0.01,1.4464731049362042e-10,0.7742264511434134,1.7975531104271973,0.6502914198230619,1.4017374183467694e-10,1.0852621868415493e-10,9.11537815995834e-11,1.031914455591973
275.4228703338166,0.01,1.4464731049362042e-10,0.798364721807918,1.8535959173465857,0.650291419823062,1.3182567385564075e-10,1.0524496743489996e-10,8.572510462071654e-11,1.0972620602874394
284.00980479142163,0.01,1.4464731049362042e-10,0.8232555579651321,1.9113859862462672,0.650291419823062,1.2397477630289434e-10,1.020629236388417e-10,8.061973330425566e-11,1.1667479047529723
292.8644564625237,0.01,1.4464731049362042e-10,0.8489224225560696,1.9709777919927838,0.6502914198230623,1.1659144011798316e-10,9.897708779425921e-11,7.581841313353882e-11,1.2406340495258183
301.9951720402016,0.01,1.4464731049362042e-10,0.8753895100323017,2.0324275078305574,0.6502914198230619,1.0964781961431848e-10,9.598455108828846e-11,7.130303629749814e-11,1.3191991505386167
311.41055844467616,0.01,1.4464731049362042e-10,0.9026817691624595,2.0957930583326703,0.6502914198230622,1.031177274593054e-10,9.308249265497812e-11,6.705657339843926e-11,1.402739510048884
321.1194909364824,0.01,1.4464731049362042e-10,0.9308249265497821,2.1611341740025263,0.650291419823062,9.697653591082486e-11,9.026817691624586e-11,6.306300922697245e-11,1.4915701941202706
331.1311214825911,0.01,1.4464731049362042e-10,0.9598455108828847,2.2285124475778377,0.6502914198230622,9.1201083935591e-11,8.753895100323019e-11,5.930728236187774e-11,1.5860262208700806
341.4548873833604,0.01,1.4464731049362042e-10,0.9897708779425926,2.297991392090015,0.6502914198230623,8.576958985908932e-11,8.489224225560692e-11,5.577522836710891e-11,1.6864638239644283
352.1005201684521,0.01,1.4464731049362042e-10,1.0206292363884177,2.3696365007336833,0.6502914198230617,8.066156921766125e-11,8.23255557965131e-11,5.24535263717091e-11,1.7932617961261927
363.0780547701014,0.01,1.4464731049362042e-10,1.0524496743489995,2.443515308602783,0.6502914198230618,7.585775750291833e-11,7.983647218079177e-11,4.932964883116628e-11,1.9068229177227611
374.3978389823815,0.01,1.4464731049362042e-10,1.0852621868415506,2.5196974563514276,0.6502914198230619,7.134003750712548e-11,7.742264511434125e-11,4.6391814280739123e-11,2.027575475821315
386.0705432153815,0.01,1.4464731049362042e-10,1.119097704046169,2.5982547558395175,0.650291419823062,6.709137099554106e-11,7.508179924241973e-11,4.36289429025662e-11,2.1559748794406626
398.1071705534973,0.01,1.4464731049362042e-10,1.1539881204616735,2.6792612578250368,0.650291419823062,6.309573444801931e-11,7.281172800481866e-11,4.103061473898136e-11,2.2925053770914805
410.51906712730784,0.01,1.4464731049362042e-10,1.1899663249704304,2.762793321766781,0.6502914198230622,5.933805862753283e-11,7.061029155588518e-11,3.858703039444243e-11,2.437681883082439
423.3179328088211,0.01,1.4464731049362042e-10,1.2270662318405232,2.8489296878033668,0.6502914198230618,5.580417174769956e-11,6.847541474743109e-11,3.6288974077861536e-11,2.592051919480075
436.5158322401661,0.01,1.4464731049362042e-10,1.2653228126944804,2.937751550976318,0.6502914198230619,5.248074602497722e-11,6.640508517262885e-11,3.412777884595595e-11,2.7561976810462685
450.12520620613367,0.01,1.4464731049362042e-10,1.3047721294747128,3.02934263776728,0.6502914198230619,4.9355247413948056e-11,6.439735126904832e-11,3.209529391653478e-11,2.9307382309412215
464.1588833612782,0.01,1.4464731049362042e-10,1.3454513684367122,3.123789285021402,0.650291419823062,4.6415888336127735e-11,6.24503204790487e-11,3.018385392844921e-11,3.1163318354726908
478.6300923226385,0.01,1.4464731049362042e-10,1.3873988752020652,3.2211805213313567,0.6502914198230622,4.365158322401657e-11,6.056215746578993e-11,2.8386250032270298e-11,3.3136784466969162
493.55247413948064,0.01,1.4464731049362042e-10,1.4306541909043353,3.321608150958703,0.6502914198230623,4.10519067127308e-11,5.873108238318214e-11,2.6695702702665615e-11,3.523522342234183
508.9400951518094,0.01,1.4464731049362042e-10,1.475258089461866,3.4251668403716784,0.6502914198230618,3.860705432153806e-11,5.695536919814272e-11,2.5105836169939056e-11,3.7466549322548217
524.8074602497728,0.01,1.4464731049362042e-10,1.5212526160126443,3.531954207480972,0.6502914198230618,3.6307805477010097e-11,5.523334406357982e-11,2.3610654374304435e-11,3.9839177442219773
541.1695265464638,0.01,1.4464731049362042e-10,1.5686811265474738,3.642070913657702,0.6502914198230619,3.4145488738336e-11,5.356338374056699e-11,2.2204518352204886e-11,4.2362055966480066
558.041717476997,0.01,1.4464731049362042e-10,1.6175883287787887,3.755620758620189,0.650291419823062,3.2111949093648174e-11,5.1943914068223894e-11,2.0882124969394365e-11,4.504469973833884
575.4399373371573,0.01,1.4464731049362042e-10,1.6680203242836458,3.872710778279067,0.6502914198230623,3.019951720402013e-11,5.037340847985921e-11,1.9638486920573247e-11,4.789722614319314
593.3805862753281,0.01,1.4464731049362042e-10,1.7200246519606335,3.9934513456329563,0.6502914198230624,2.8400980479142147e-11,4.885038656397722e-11,1.8468913920148425e-11,5.0930393265771325
611.8805757518219,0.01,1.4464731049362042e-10,1.7736503328416338,4.117956274809759,0.6502914198230624,2.670955587558987e-11,4.7373412668792184e-11,1.736899501318075e-11,5.415564046342494
630.9573444801937,0.01,1.4464731049362042e-10,1.8289479163007025,4.246342928351703,0.6502914198230619,2.5118864315095765e-11,4.5941094548934474e-11,1.633458193980647e-11,5.75851315087885
650.6288748655573,0.01,1.4464731049362042e-10,1.885969527703605,4.3787323278452,0.650291419823062,2.3622906626344606e-11,4.45520820530735e-11,1.5361773490393256e-11,6.123180046451508
670.9137099554113,0.01,1.4464731049362042e-10,1.9447689175429546,4.515249267999916,0.6502914198230622,2.2216040919558118e-11,4.320506585121903e-11,1.4446900792426696e-11,6.510940046310353
691.8309709189369,0.01,1.4464731049362042e-10,2.005401512105231,4.656022434284444,0.6502914198230622,2.0892961308540373e-11,4.1898776200502955e-11,1.3586513473639023e-11,6.923255557578295
713.4003750712565,0.01,1.4464731049362042e-10,2.067924465717464,4.801184524229554,0.6502914198230623,1.9648677899934666e-11,4.063198174827693e-11,1.277736664919454e-11,7.361681596607646
735.6422544596413,0.01,1.4464731049362042e-10,2.1323967146228333,4.950872372513384,0.6502914198230623,1.847849797422292e-11,3.940348837139763e-11,1.2016408683855002e-11,7.827871653605185
758.5775750291843,0.01,1.4464731049362042e-10,2.19887903253596,5.105227079946411,0.650291419823062,1.737800828749373e-11,3.82121380506061e-11,1.1300769682971234e-11,8.323583928643734
782.2279563860029,0.01,1.4464731049362042e-10,2.267434087930244,5.2643941464778,0.6502914198230619,1.634305842723136e-11,3.705680777894004e-11,1.062775066889554e-11,8.85068796257891
806.6156921766135,0.01,1.4464731049362042e-10,2.3381265031112983,5.428523608348608,0.650291419823062,1.5369745159352712e-11,3.5936408503149166e-11,9.994813401994112e-12,9.411171687879316
831.7637711026717,0.01,1.4464731049362042e-10,2.411022915132101,5.597770179520978,0.6502914198230623,1.4454397707459256e-11,3.484988409711718e-11,9.399570807870897e-12,10.007148925961442
857.6958985908946,0.01,1.4464731049362042e-10,2.4861920386073226,5.772293397516718,0.6502914198230623,1.3593563908785249e-11,3.379621036632172e-11,8.839777974699497e-12,10.640867359305071
884.4365191385999,0.01,1.4464731049362042e-10,2.5637047304860503,5.952257773802779,0.6502914198230618,1.2783997194630227e-11,3.277439408239391e-11,8.31332368671013e-12,11.314717008415636
912.0108393559105,0.01,1.4464731049362042e-10,2.64363405684393,6.137832948865279,0.6502914198230618,1.2022644346174105e-11,3.178347204686799e-11,7.818222461901265e-12,12.03123924560329
940.4448517263523,0.01,1.4464731049362042e-10,2.7260553617577052,6.32919385211835,0.650291419823062,1.1306633979496377e-11,3.082251018323796e-11,7.352607063946378e-12,12.793136379573802
969.7653591082496,0.01,1.4464731049362042e-10,2.811046338327095,6.526520866798519,0.6502914198230622,1.0633265716371607e-11,2.9890602656465435e-11,6.914721460055182e-12,13.603281846978849
1000.0,0.01,1.4464731049362042e-10,2.89868710191092,6.729999999999999,0.6502914198230622,1.0000000000000003e-11,2.8986871019109205e-11,6.5029141982306225e-12,14.464731049362038
1031.177274593056,0.01,1.4464731049362042e-10,2.9890602656465464,6.93982305801127,0.6502914198230616,9.404448517263499e-12,2.8110463383270902e-11,6.115632178944168e-12,15.380732876371766
1063.3265716371616,0.01,1.4464731049362042e-10,3.0822510183237983,7.1561878271181,0.6502914198230618,8.844365191385988e-12,2.7260553617577014e-11,5.75141479774006e-12,16.35474195869935
1096.4781961431852,0.01,1.4464731049362042e-10,3.1783472046868027,7.379298260043637,0.6502914198230619,8.317637711026707e-12,2.6436340568439268e-11,5.4088884366773995e-12,17.3904316969542
1130.6633979496398,0.01,1.4464731049362042e-10,3.2774394082393945,7.609364668201075,0.650291419823062,7.822279563860015e-12,2.5637047304860477e-11,5.086761283835452e-12,18.491708115612546
1165.9144011798323,0.01,1.4464731049362042e-10,3.379621036632174,7.846603919940271,0.6502914198230622,7.356422544596408e-12,2.4861920386073205e-11,4.783818461343981e-12,19.66272459428935
1202.2644346174131,0.01,1.4464731049362042e-10,3.48498840971172,8.091239644975188,0.6502914198230622,6.918309709189364e-12,2.4110229151320994e-11,4.4989174435644275e-12,20.907897531891372
1239.7477630289454,0.01,1.4464731049362042e-10,3.59364085031492,8.343502445184804,0.6502914198230619,6.506288748655559e-12,2.338126503111296e-11,4.230983748142036e-12,22.231923002727157
1278.3997194630244,0.01,1.4464731049362042e-10,3.7056807778940075,8.603630111986156,0.6502914198230618,6.118805757518211e-12,2.2674340879302415e-11,3.979006883678043e-12,23.6397944673912
1318.2567385564075,0.01,1.4464731049362042e-10,3.8212138050606144,8.871867850484625,0.6502914198230619,5.754399373371564e-12,2.198879032535957e-11,3.742036538738732e-12,25.136821605218202
1359.356390878527,0.01,1.4464731049362042e-10,3.9403488371397652,9.148468510612485,0.650291419823062,5.411695265464626e-12,2.1323967146228313e-11,3.519178997828735e-12,26.728650339331622
1401.737418346771,0.01,1.4464731049362042e-10,4.063198174827696,9.433692825473766,0.6502914198230622,5.0894009515180835e-12,2.0679244657174617e-11,3.309593770811538e-12,28.42128412980992
1445.439770745928,0.01,1.4464731049362042e-10,4.189877620050298,9.727809657120092,0.6502914198230622,4.786300923226382e-12,2.00540151210523e-11,3.1124904230653175e-12,30.221106615276412
1490.5046433861962,0.01,1.4464731049362042e-10,4.320506585121902,10.031096249989103,0.6502914198230618,4.501252062061334e-12,1.944768917542954e-11,2.92712559441935e-12,32.13490568830301
1536.9745159352724,0.01,1.4464731049362042e-10,4.455208205307354,10.343838492244387,0.6502914198230617,4.233179328088202e-12,1.8859695277036027e-11,2.752800195628111e-12,34.16989909542679
1584.893192461114,0.01,1.4464731049362042e-10,4.594109454893452,10.6663311852633,0.6502914198230618,3.981071705534969e-12,1.8289479163007002e-11,2.588856771809753e-12,36.33376165832787
1634.3058427231376,0.01,1.4464731049362042e-10,4.737341266879215,10.998878321526716,0.650291419823062,3.7439783898238115e-12,1.7736503328416342e-11,2.4346770229053882e-12,38.634654218831486
1685.2590447507528,0.01,1.4464731049362042e-10,4.885038656397725,11.34179337117256,0.6502914198230624,3.521005201684515e-12,1.7200246519606326e-11,2.2896794718078116e-12,41.081254416897316
1737.8008287493763,0.01,1.4464731049362042e-10,5.0373408479859245,11.695399577483299,0.6502914198230622,3.311311214825909e-12,1.6680203242836445e-11,2.1533172713651693e-12,43.68278941767338
1791.980722375334,0.01,1.4464731049362042e-10,5.194391406822394,12.06003026158599,0.6502914198230624,3.1141055844467603e-12,1.617588328778788e-11,2.0250761419888114e-12,46.449070711042665
1847.8497974222926,0.01,1.4464731049362042e-10,5.356338374056706,12.436029136652031,0.6502914198230618,2.9286445646252307e-12,1.5686811265474716e-11,1.9044724320872343e-12,49.390531114905194
1905.4607179632483,0.01,1.4464731049362042e-10,5.523334406357989,12.823750631892661,0.650291419823062,2.7542287033381634e-12,1.5212526160126427e-11,1.7910512940112052e-12,52.51826412175063
1964.867789993468,0.01,1.4464731049362042e-10,5.69553691981428,13.223560226656037,0.6502914198230622,2.590200204531323e-12,1.4752580894618648e-11,1.68438496863066e-12,55.84406573691598
2026.1270126211455,0.01,1.4464731049362042e-10,5.873108238318218,13.635834794940303,0.6502914198230623,2.4359404472920228e-12,1.4306541909043345e-11,1.5840711720739548e-12,59.38047896631521
2089.2961308540407,0.01,1.4464731049362042e-10,6.056215746578998,14.060962960647691,0.6502914198230622,2.290867652767771e-12,1.387398875202064e-11,1.4897315785450797e-12,63.140841121424465
2154.4346900318847,0.01,1.4464731049362042e-10,6.245032047904875,14.499345463914587,0.6502914198230619,2.1544346900318815e-12,1.3454513684367105e-11,1.4010103934968905e-12,67.13933411993098
2221.604091955812,0.01,1.4464731049362042e-10,6.439735126904833,14.951395538862617,0.6502914198230618,2.0261270126211426e-12,1.3047721294747123e-11,1.3175730117792615e-12,71.39103797174805
2290.867652767775,0.01,1.4464731049362042e-10,6.640508517262893,15.417539303127125,0.650291419823062,1.9054607179632443e-12,1.265322812694479e-11,1.2391047557013892e-12,75.91198765211733
2362.290662634463,0.01,1.4464731049362042e-10,6.847541474743118,15.898216159529934,0.650291419823062,1.7919807223753323e-12,1.227066231840522e-11,1.1653096882490113e-12,80.71923357628837
2435.940447292027,0.01,1.4464731049362042e-10,7.061029155588516,16.39387921027534,0.650291419823062,1.6852590447507513e-12,1.1899663249704306e-11,1.0959094969806234e-12,85.83090590385387
2511.886431509582,0.01,1.4464731049362042e-10,7.2811728004818725,16.904995684059482,0.6502914198230622,1.5848931924611116e-12,1.1539881204616727e-11,1.030642444393442e-12,91.26628291525684
2590.200204531325,0.01,1.4464731049362042e-10,7.508179924241979,17.432047376495824,0.6502914198230618,1.4905046433861942e-12,1.1190977040461673e-11,9.692623808004746e-13,97.04586371834729
2670.9555875589854,0.01,1.4464731049362042e-10,7.742264511434134,17.975531104271976,0.6502914198230618,1.401737418346769e-12,1.0852621868415493e-11,9.115378159958338e-13,103.19144555919732
2754.228703338169,0.01,1.4464731049362042e-10,7.983647218079188,18.535959173465873,0.650291419823062,1.3182567385564048e-12,1.0524496743489986e-11,8.572510462071636e-13,109.72620602874417
2840.0980479142167,0.01,1.4464731049362042e-10,8.232555579651322,19.113859862462675,0.6502914198230622,1.239747763028943e-12,1.020629236388417e-11,8.061973330425564e-13,116.67479047529727
2928.6445646252373,0.01,1.4464731049362042e-10,8.489224225560697,19.70977791992784,0.6502914198230622,1.1659144011798315e-12,9.897708779425918e-12,7.581841313353879e-13,124.06340495258186
3019.951720402019,0.01,1.4464731049362042e-10,8.753895100323025,20.32427507830558,0.6502914198230623,1.0964781961431835e-12,9.598455108828844e-12,7.13030362974981e-13,131.9199150538618
3114.1055844467614,0.01,1.4464731049362042e-10,9.026817691624595,20.95793058332671,0.6502914198230618,1.0311772745930535e-12,9.308249265497809e-12,6.705657339843921e-13,140.27395100488846
3211.194909364824,0.01,1.4464731049362042e-10,9.308249265497821,21.61134174002525,0.6502914198230625,9.697653591082493e-13,9.026817691624593e-12,6.306300922697256e-13,149.15701941202693
3311.311214825911,0.01,1.4464731049362042e-10,9.598455108828848,22.28512447577838,0.6502914198230619,9.120108393559097e-13,8.753895100323016e-12,5.930728236187769e-13,158.60262208700811
3414.5488738336044,0.01,1.4464731049362042e-10,9.897708779425926,22.979913920900156,0.650291419823062,8.576958985908929e-13,8.48922422556069e-12,5.577522836710888e-13,168.64638239644287
3521.0052016845207,0.01,1.4464731049362042e-10,10.206292363884177,23.696365007336844,0.6502914198230615,8.066156921766122e-13,8.232555579651307e-12,5.245352637170905e-13,179.32617961261934
3630.780547701014,0.01,1.4464731049362042e-10,10.524496743489994,24.43515308602781,0.6502914198230623,7.58577575029184e-13,7.983647218079184e-12,4.932964883116636e-13,190.68229177227596
3743.9783898238143,0.01,1.4464731049362042e-10,10.852621868415504,25.196974563514257,0.6502914198230624,7.134003750712555e-13,7.742264511434131e-12,4.639181428073919e-13,202.75754758213134
3860.7054321538153,0.01,1.4464731049362042e-10,11.19097704046169,25.982547558395172,0.650291419823062,6.709137099554105e-13,7.508179924241972e-12,4.36289429025662e-13,215.5974879440663
3981.0717055349733,0.01,1.4464731049362042e-10,11.539881204616735,26.792612578250345,0.6502914198230626,6.309573444801936e-13,7.281172800481873e-12,4.103061473898143e-13,229.25053770914786
4105.190671273082,0.01,1.4464731049362042e-10,11.899663249704316,27.627933217667863,0.6502914198230616,5.933805862753266e-13,7.061029155588505e-12,3.858703039444228e-13,243.76818830824465
4233.179328088211,0.01,1.4464731049362042e-10,12.270662318405233,28.489296878033652,0.6502914198230623,5.58041717476996e-13,6.847541474743113e-12,3.6288974077861586e-13,259.2051919480073
4365.158322401661,0.01,1.4464731049362042e-10,12.653228126944805,29.377515509763192,0.6502914198230617,5.24807460249772e-13,6.6405085172628824e-12,3.412777884595592e-13,275.61976810462704
4501.252062061341,0.01,1.4464731049362042e-10,13.047721294747141,30.29342637767283,0.6502914198230619,4.935524741394795e-13,6.4397351269048255e-12,3.209529391653472e-13,293.07382309412276
4641.588833612782,0.01,1.4464731049362042e-10,13.454513684367122,31.237892850213996,0.6502914198230625,4.641588833612777e-13,6.2450320479048736e-12,3.0183853928449255e-13,311.6331835472689
4786.300923226385,0.01,1.4464731049362042e-10,13.87398875202065,32.21180521331357,0.650291419823062,4.365158322401657e-13,6.056215746578992e-12,2.838625003227029e-13,331.36784466969164
4935.524741394806,0.01,1.4464731049362042e-10,14.306541909043354,33.21608150958707,0.6502914198230615,4.105190671273076e-13,5.873108238318207e-12,2.6695702702665556e-13,352.3522342234187
5089.400951518094,0.01,1.4464731049362042e-10,14.752580894618664,34.251668403716785,0.6502914198230618,3.8607054321538056e-13,5.6955369198142715e-12,2.510583616993905e-13,374.66549322548224
5248.074602497728,0.01,1.4464731049362042e-10,15.212526160126442,35.31954207480969,0.6502914198230624,3.6307805477010133e-13,5.523334406357987e-12,2.361065437430448e-13,398.39177442219733
5411.6952654646375,0.01,1.4464731049362042e-10,15.686811265474736,36.420709136577024,0.6502914198230618,3.4145488738336e-13,5.356338374056698e-12,2.220451835220488e-13,423.6205596648006
5580.417174769969,0.01,1.4464731049362042e-10,16.175883287787887,37.55620758620189,0.650291419823062,3.211194909364817e-13,5.194391406822388e-12,2.088212496939436e-13,450.4469973833884
5754.399373371572,0.01,1.4464731049362042e-10,16.680203242836456,38.72710778279071,0.6502914198230615,3.0199517204020107e-13,5.0373408479859155e-12,1.9638486920573204e-13,478.9722614319318
5933.805862753281,0.01,1.4464731049362042e-10,17.200246519606335,39.93451345632957,0.6502914198230622,2.8400980479142144e-13,4.885038656397721e-12,1.8468913920148417e-13,509.3039326577133
6118.805757518226,0.01,1.4464731049362042e-10,17.736503328416358,41.17956274809764,0.6502914198230623,2.670955587558981e-13,4.737341266879213e-12,1.736899501318071e-13,541.5564046342506
6309.573444801937,0.01,1.4464731049362042e-10,18.289479163007027,42.463429283517044,0.6502914198230618,2.511886431509576e-13,4.594109454893446e-12,1.6334581939806462e-13,575.8513150878852
6506.288748655574,0.01,1.4464731049362042e-10,18.85969527703605,43.78732327845198,0.6502914198230625,2.362290662634462e-13,4.455208205307353e-12,1.5361773490393276e-13,612.3180046451505
6709.137099554119,0.01,1.4464731049362042e-10,19.447689175429566,45.15249267999926,0.6502914198230614,2.221604091955805e-13,4.3205065851218935e-12,1.4446900792426634e-13,651.0940046310373
6918.30970918937,0.01,1.4464731049362042e-10,20.054015121052313,46.56022434284446,0.650291419823062,2.0892961308540366e-13,4.189877620050294e-12,1.3586513473639015e-13,692.3255557578296
7134.003750712564,0.01,1.4464731049362042e-10,20.679244657174635,48.01184524229559,0.6502914198230615,1.9648677899934645e-13,4.063198174827688e-12,1.2777366649194512e-13,736.1681596607655
7356.422544596414,0.01,1.4464731049362042e-10,21.323967146228334,49.50872372513384,0.6502914198230624,1.8478497974222914e-13,3.9403488371397624e-12,1.2016408683855e-13,782.7871653605187
7585.775750291844,0.01,1.4464731049362042e-10,21.9887903253596,51.052270799464075,0.6502914198230625,1.7378008287493738e-13,3.8212138050606124e-12,1.1300769682971249e-13,832.358392864373
7822.279563860029,0.01,1.4464731049362042e-10,22.67434087930244,52.643941464778,0.6502914198230619,1.6343058427231359e-13,3.705680777894003e-12,1.0627750668895538e-13,885.0687962578911
8066.156921766135,0.01,1.4464731049362042e-10,23.381265031112985,54.28523608348605,0.6502914198230625,1.536974515935272e-13,3.593640850314919e-12,9.994813401994123e-14,941.1171687879312
8317.637711026717,0.01,1.4464731049362042e-10,24.11022915132101,55.97770179520985,0.6502914198230615,1.445439770745924e-13,3.4849884097117135e-12,9.399570807870874e-14,1000.7148925961453
8576.958985908946,0.01,1.4464731049362042e-10,24.861920386073226,57.722933975167194,0.6502914198230622,1.3593563908785243e-13,3.379621036632171e-12,8.839777974699492e-14,1064.0867359305075
8844.365191386,0.01,1.4464731049362042e-10,25.637047304860502,59.522577738027806,0.6502914198230616,1.2783997194630222e-13,3.2774394082393892e-12,8.313323686710123e-14,1131.4717008415641
9120.108393559107,0.01,1.4464731049362042e-10,26.436340568439302,61.378329488652795,0.6502914198230619,1.20226443461741e-13,3.1783472046867986e-12,7.818222461901264e-14,1203.1239245603294
9404.448517263523,0.01,1.4464731049362042e-10,27.26055361757705,63.29193852118346,0.6502914198230625,1.1306633979496384e-13,3.0822510183237973e-12,7.352607063946387e-14,1279.3136379573793
9697.653591082497,0.01,1.4464731049362042e-10,28.110463383270947,65.2652086679852,0.6502914198230619,1.0633265716371603e-13,2.989060265646543e-12,6.914721460055179e-14,1360.3281846978853
10000.0,0.01,1.4464731049362042e-10,28.9868710191092,67.30000000000005,0.6502914198230615,9.999999999999993e-14,2.8986871019109177e-12,6.502914198230611e-14,1446.4731049362053
1.0,0.001,1.4464731049362042e-10,0.00289868710191092,0.0673,0.0650291419823062,1e-06,2.89868710191092e-09,6.50291419823062e-08,0.00014464731049362042
1.0311772745930552,0.001,1.4464731049362042e-10,0.0029890602656465442,0.06939823058011262,0.0650291419823062,9.404448517263518e-07,2.8110463383270938e-09,6.115632178944184e-08,0.00015380732876371737
1.0633265716371612,0.001,1.4464731049362042e-10,0.0030822510183237967,0.07156187827118095,0.0650291419823062,8.844365191385999e-07,2.7260553617577034e-09,5.751414797740068e-08,0.00016354741958699332
1.096478196143185,0.001,1.4464731049362042e-10,0.0031783472046868024,0.07379298260043636,0.0650291419823062,8.317637711026709e-07,2.6436340568439273e-09,5.408888436677401e-08,0.00017390431696954196
1.130663397949639,0.001,1.4464731049362042e-10,0.0032774394082393924,0.0760936466820107,0.0650291419823062,7.822279563860025e-07,2.563704730486049e-09,5.086761283835458e-08,0.00018491708115612521
1.1659144011798317,0.001,1.4464731049362042e-10,0.003379621036632172,0.07846603919940266,0.06502914198230621,7.356422544596414e-07,2.4861920386073216e-09,4.783818461343985e-08,0.00019662724594289333
1.202264434617413,0.001,1.4464731049362042e-10,0.0034849884097117195,0.08091239644975189,0.0650291419823062,6.918309709189364e-07,2.411022915132099e-09,4.4989174435644274e-08,0.0002090789753189137
1.2397477630289444,0.001,1.4464731049362042e-10,0.003593640850314917,0.08343502445184796,0.0650291419823062,6.50628874865557e-07,2.3381265031112982e-09,4.2309837481420444e-08,0.0002223192300272712
1.2783997194630237,0.001,1.4464731049362042e-10,0.003705680777894005,0.08603630111986149,0.06502914198230621,6.11880575751822e-07,2.2674340879302437e-09,3.9790068836780496e-08,0.00023639794467391167
1.3182567385564072,0.001,1.4464731049362042e-10,0.003821213805060613,0.08871867850484622,0.0650291419823062,5.754399373371568e-07,2.1988790325359577e-09,3.742036538738735e-08,0.00025136821605218186
1.3593563908785256,0.001,1.4464731049362042e-10,0.003940348837139761,0.09148468510612476,0.06502914198230621,5.411695265464638e-07,2.1323967146228335e-09,3.519178997828742e-08,0.0002672865033933157
1.40173741834677,0.001,1.4464731049362042e-10,0.004063198174827694,0.0943369282547376,0.0650291419823062,5.08940095151809e-07,2.067924465717463e-09,3.309593770811542e-08,0.00028421284129809884
1.4454397707459274,0.001,1.4464731049362042e-10,0.0041898776200502965,0.0972780965712009,0.06502914198230621,4.786300923226384e-07,2.0054015121052305e-09,3.1124904230653184e-08,0.00030221106615276397
1.4905046433861961,0.001,1.4464731049362042e-10,0.004320506585121902,0.10031096249989098,0.06502914198230621,4.501252062061337e-07,1.944768917542955e-09,2.927125594419353e-08,0.0003213490568830299
1.5369745159352715,0.001,1.4464731049362042e-10,0.004455208205307351,0.10343838492244377,0.0650291419823062,4.2331793280882083e-07,1.8859695277036044e-09,2.7528001956281163e-08,0.00034169899095426735
1.5848931924611136,0.001,1.4464731049362042e-10,0.004594109454893451,0.10666331185263293,0.06502914198230621,3.9810717055349724e-07,1.8289479163007015e-09,2.5888567718097564e-08,0.00036333761658327845
1.6343058427231376,0.001,1.4464731049362042e-10,0.004737341266879216,0.10998878321526716,0.0650291419823062,3.7439783898238115e-07,1.773650332841634e-09,2.4346770229053878e-08,0.0003863465421883149
1.6852590447507514,0.001,1.4464731049362042e-10,0.004885038656397721,0.11341793371172555,0.06502914198230621,3.52100520168452e-07,1.7200246519606332e-09,2.2896794718078137e-08,0.00041081254416897267
1.7378008287493756,0.001,1.4464731049362042e-10,0.005037340847985922,0.11695399577483297,0.06502914198230621,3.311311214825911e-07,1.668020324283645e-09,2.15331727136517e-08,0.00043682789417673356
1.7919807223753337,0.001,1.4464731049362042e-10,0.005194391406822393,0.12060030261585994,0.06502914198230621,3.11410558444676e-07,1.6175883287787876e-09,2.0250761419888103e-08,0.0004644907071104267
1.847849797422291,0.001,1.4464731049362042e-10,0.005356338374056701,0.12436029136652019,0.0650291419823062,2.928644564625236e-07,1.5686811265474733e-09,1.904472432087238e-08,0.000493905311149051
1.9054607179632472,0.001,1.4464731049362042e-10,0.005523334406357986,0.12823750631892653,0.06502914198230621,2.754228703338167e-07,1.5212526160126439e-09,1.7910512940112075e-08,0.0005251826412175056
1.9648677899934675,0.001,1.4464731049362042e-10,0.005695536919814278,0.1322356022665604,0.06502914198230618,2.5902002045313236e-07,1.475258089461865e-09,1.6843849686306596e-08,0.0005584406573691596
2.0261270126211435,0.001,1.4464731049362042e-10,0.0058731082383182125,0.13635834794940296,0.0650291419823062,2.4359404472920265e-07,1.4306541909043353e-09,1.5840711720739567e-08,0.0005938047896631511
2.0892961308540396,0.001,1.4464731049362042e-10,0.006056215746578994,0.14060962960647688,0.0650291419823062,2.2908676527677727e-07,1.3873988752020645e-09,1.48973157854508e-08,0.0006314084112142442
2.154434690031884,0.001,1.4464731049362042e-10,0.006245032047904872,0.14499345463914579,0.0650291419823062,2.1544346900318835e-07,1.3454513684367114e-09,1.4010103934968921e-08,0.0006713933411993091
2.2216040919558115,0.001,1.4464731049362042e-10,0.006439735126904832,0.1495139553886261,0.0650291419823062,2.0261270126211436e-07,1.3047721294747128e-09,1.3175730117792625e-08,0.0007139103797174801
2.290867652767773,0.001,1.4464731049362042e-10,0.006640508517262888,0.15417539303127112,0.06502914198230621,1.9054607179632472e-07,1.26532281269448e-09,1.2391047557013912e-08,0.0007591198765211722
2.3622906626344617,0.001,1.4464731049362042e-10,0.006847541474743115,0.1589821615952993,0.0650291419823062,1.7919807223753335e-07,1.2270662318405223e-09,1.1653096882490118e-08,0.0008071923357628832
2.435940447292027,0.001,1.4464731049362042e-10,0.007061029155588516,0.1639387921027534,0.06502914198230621,1.6852590447507514e-07,1.1899663249704306e-09,1.0959094969806235e-08,0.0008583090590385388
2.51188643150958,0.001,1.4464731049362042e-10,0.007281172800481867,0.16904995684059473,0.0650291419823062,1.5848931924611136e-07,1.1539881204616732e-09,1.0306424443934429e-08,0.0009126628291525673
2.590200204531324,0.001,1.4464731049362042e-10,0.007508179924241976,0.1743204737649581,0.0650291419823062,1.490504643386196e-07,1.1190977040461681e-09,9.69262380800476e-09,0.0009704586371834717
2.6709555875589848,0.001,1.4464731049362042e-10,0.007742264511434132,0.17975531104271966,0.06502914198230621,1.4017374183467702e-07,1.0852621868415499e-09,9.115378159958348e-09,0.0010319144555919722
2.7542287033381663,0.001,1.4464731049362042e-10,0.00798364721807918,0.1853595917346586,0.0650291419823062,1.3182567385564072e-07,1.0524496743489995e-09,8.572510462071653e-09,0.0010972620602874396
2.840098047914215,0.001,1.4464731049362042e-10,0.008232555579651317,0.19113859862462662,0.06502914198230621,1.2397477630289443e-07,1.0206292363884175e-09,8.061973330425573e-09,0.0011667479047529714
2.9286445646252366,0.001,1.4464731049362042e-10,0.008489224225560695,0.1970977791992784,0.06502914198230621,1.1659144011798318e-07,9.897708779425919e-10,7.58184131335388e-09,0.0012406340495258181
3.0199517204020165,0.001,1.4464731049362042e-10,0.008753895100323018,0.2032427507830557,0.0650291419823062,1.0964781961431848e-07,9.598455108828846e-10,7.130303629749815e-09,0.0013191991505386168
3.1141055844467593,0.001,1.4464731049362042e-10,0.009026817691624589,0.20957930583326684,0.06502914198230622,1.0311772745930556e-07,9.30824926549782e-10,6.705657339843938e-09,0.0014027395100488819
3.211194909364823,0.001,1.4464731049362042e-10,0.009308249265497818,0.2161134174002526,0.0650291419823062,9.697653591082492e-08,9.026817691624588e-10,6.306300922697248e-09,0.0014915701941202696
3.311311214825911,0.001,1.4464731049362042e-10,0.009598455108828848,0.2228512447577838,0.0650291419823062,9.120108393559096e-08,8.753895100323016e-10,5.930728236187769e-09,0.0015860262208700813
3.4145488738336014,0.001,1.4464731049362042e-10,0.009897708779425918,0.22979913920900133,0.06502914198230621,8.576958985908944e-08,8.489224225560697e-10,5.577522836710898e-09,0.0016864638239644258
3.52100520168452,0.001,1.4464731049362042e-10,0.010206292363884175,0.23696365007336814,0.06502914198230621,8.066156921766134e-08,8.232555579651317e-10,5.24535263717092e-09,0.0017932617961261906
3.630780547701014,0.001,1.4464731049362042e-10,0.010524496743489995,0.24435153086027825,0.0650291419823062,7.585775750291834e-08,7.983647218079179e-10,4.93296488311663e-09,0.001906822917722761
3.7439783898238117,0.001,1.4464731049362042e-10,0.010852621868415497,0.2519697456351426,0.0650291419823062,7.13400375071256e-08,7.74226451143413e-10,4.63918142807392e-09,0.002027575475821312
3.860705432153813,0.001,1.4464731049362042e-10,0.011190977040461682,0.2598254755839516,0.06502914198230621,6.709137099554114e-08,7.508179924241976e-10,4.362894290256625e-09,0.0021559748794406602
3.981071705534973,0.001,1.4464731049362042e-10,0.011539881204616735,0.2679261257825037,0.0650291419823062,6.30957344480193e-08,7.281172800481866e-10,4.103061473898136e-09,0.0022925053770914807
4.105190671273079,0.001,1.4464731049362042e-10,0.011899663249704305,0.2762793321766782,0.06502914198230621,5.93380586275328e-08,7.061029155588516e-10,3.85870303944424e-09,0.0024376818830824406
4.233179328088209,0.001,1.4464731049362042e-10,0.012270662318405226,0.28489296878033643,0.0650291419823062,5.580417174769964e-08,6.847541474743114e-10,3.62889740778616e-09,0.0025920519194800712
4.36515832240166,0.001,1.4464731049362042e-10,0.012653228126944801,0.2937751550976317,0.0650291419823062,5.248074602497725e-08,6.640508517262888e-10,3.4127778845955975e-09,0.0027561976810462673
4.5012520620613365,0.001,1.4464731049362042e-10,0.013047721294747128,0.3029342637767279,0.06502914198230621,4.935524741394807e-08,6.439735126904833e-10,3.209529391653481e-09,0.0029307382309412206
4.641588833612779,0.001,1.4464731049362042e-10,0.013454513684367115,0.31237892850214005,0.0650291419823062,4.641588833612778e-08,6.245032047904871e-10,3.0183853928449234e-09,0.003116331835472688
4.786300923226384,0.001,1.4464731049362042e-10,0.013873988752020647,0.32211805213313566,0.0650291419823062,4.3651583224016586e-08,6.056215746578993e-10,2.83862500322703e-09,0.0033136784466969156
4.935524741394806,0.001,1.4464731049362042e-10,0.014306541909043353,0.3321608150958705,0.0650291419823062,4.105190671273079e-08,5.873108238318212e-10,2.6695702702665594e-09,0.003523522342234184
5.08940095151809,0.001,1.4464731049362042e-10,0.01475258089461865,0.34251668403716745,0.0650291419823062,3.8607054321538134e-08,5.695536919814279e-10,2.5105836169939113e-09,0.003746654932254815
5.248074602497727,0.001,1.4464731049362042e-10,0.01521252616012644,0.353195420748097,0.06502914198230621,3.630780547701012e-08,5.523334406357985e-10,2.361065437430446e-09,0.003983917744221974
5.411695265464638,0.001,1.4464731049362042e-10,0.015686811265474738,0.3642070913657702,0.06502914198230618,3.4145488738336e-08,5.356338374056699e-10,2.220451835220489e-09,0.004236205596648006
5.580417174769965,0.001,1.4464731049362042e-10,0.016175883287787875,0.3755620758620186,0.06502914198230621,3.2111949093648224e-08,5.194391406822393e-10,2.0882124969394397e-09,0.004504469973833877
5.7543993733715695,0.001,1.4464731049362042e-10,0.01668020324283645,0.3872710778279066,0.06502914198230621,3.019951720402016e-08,5.037340847985922e-10,1.963848692057326e-09,0.0047897226143193096
5.933805862753281,0.001,1.4464731049362042e-10,0.017200246519606333,0.39934513456329573,0.06502914198230621,2.8400980479142144e-08,4.885038656397721e-10,1.8468913920148416e-09,0.005093039326577133
6.118805757518221,0.001,1.4464731049362042e-10,0.017736503328416343,0.41179562748097626,0.0650291419823062,2.6709555875589842e-08,4.737341266879214e-10,1.7368995013180727e-09,0.0054155640463425
6.309573444801933,0.001,1.4464731049362042e-10,0.018289479163007015,0.4246342928351702,0.06502914198230618,2.511886431509579e-08,4.5941094548934494e-10,1.6334581939806486e-09,0.005758513150878844
6.506288748655572,0.001,1.4464731049362042e-10,0.018859695277036046,0.43787323278451984,0.06502914198230622,2.3622906626344623e-08,4.455208205307352e-10,1.5361773490393269e-09,0.006123180046451504
6.7091370995541135,0.001,1.4464731049362042e-10,0.01944768917542955,0.4515249267999919,0.0650291419823062,2.2216040919558107e-08,4.320506585121901e-10,1.4446900792426682e-09,0.006510940046310356
6.918309709189366,0.001,1.4464731049362042e-10,0.0200540151210523,0.4656022434284444,0.06502914198230618,2.0892961308540385e-08,4.189877620050296e-10,1.3586513473639024e-09,0.0069232555575782905
7.134003750712563,0.001,1.4464731049362042e-10,0.020679244657174634,0.4801184524229555,0.0650291419823062,1.9648677899934667e-08,4.0631981748276927e-10,1.2777366649194536e-09,0.007361681596607646
7.3564225445964135,0.001,1.4464731049362042e-10,0.021323967146228334,0.49508723725133863,0.0650291419823062,1.8478497974222906e-08,3.940348837139761e-10,1.2016408683854991e-09,0.00782787165360519
7.5857757502918375,0.001,1.4464731049362042e-10,0.02198879032535958,0.5105227079946406,0.0650291419823062,1.7378008287493757e-08,3.821213805060613e-10,1.1300769682971253e-09,0.00832358392864372
7.822279563860027,0.001,1.4464731049362042e-10,0.022674340879302438,0.5264394146477798,0.06502914198230621,1.6343058427231373e-08,3.705680777894005e-10,1.062775066889555e-09,0.008850687962578903
8.066156921766135,0.001,1.4464731049362042e-10,0.023381265031112985,0.5428523608348608,0.06502914198230621,1.5369745159352715e-08,3.593640850314917e-10,9.99481340199411e-10,0.009411171687879315
8.31763771102671,0.001,1.4464731049362042e-10,0.024110229151320994,0.5597770179520977,0.0650291419823062,1.4454397707459271e-08,3.4849884097117186e-10,9.399570807870902e-10,0.010007148925961431
8.576958985908941,0.001,1.4464731049362042e-10,0.024861920386073214,0.5772293397516718,0.0650291419823062,1.3593563908785254e-08,3.379621036632172e-10,8.839777974699495e-10,0.010640867359305068
8.844365191385998,0.001,1.4464731049362042e-10,0.025637047304860498,0.5952257773802777,0.0650291419823062,1.2783997194630231e-08,3.2774394082393917e-10,8.313323686710134e-10,0.011314717008415633
9.120108393559098,0.001,1.4464731049362042e-10,0.026436340568439277,0.6137832948865274,0.0650291419823062,1.2022644346174125e-08,3.1783472046868013e-10,7.81822246190128e-10,0.012031239245603273
9.404448517263518,0.001,1.4464731049362042e-10,0.027260553617577035,0.6329193852118348,0.0650291419823062,1.1306633979496389e-08,3.082251018323797e-10,7.352607063946384e-10,0.01279313637957379
9.697653591082494,0.001,1.4464731049362042e-10,0.02811046338327094,0.6526520866798519,0.0650291419823062,1.063326571637161e-08,2.989060265646544e-10,6.914721460055182e-10,0.013603281846978845
10.0,0.001,1.4464731049362042e-10,0.0289868710191092,0.6730000000000002,0.06502914198230618,9.999999999999999e-09,2.8986871019109195e-10,6.502914198230618e-10,0.014464731049362044
10.311772745930554,0.001,1.4464731049362042e-10,0.029890602656465447,0.6939823058011263,0.0650291419823062,9.404448517263513e-09,2.811046338327093e-10,6.115632178944179e-10,0.015380732876371744
10.633265716371616,0.001,1.4464731049362042e-10,0.03082251018323798,0.7156187827118097,0.06502914198230621,8.844365191385991e-09,2.7260553617577026e-10,5.751414797740065e-10,0.01635474195869934
10.964781961431852,0.001,1.4464731049362042e-10,0.03178347204686803,0.7379298260043637,0.0650291419823062,8.317637711026707e-09,2.6436340568439267e-10,5.4088884366774e-10,0.0173904316969542
11.306633979496393,0.001,1.4464731049362042e-10,0.03277439408239393,0.7609364668201072,0.06502914198230621,7.822279563860023e-09,2.563704730486049e-10,5.086761283835457e-10,0.01849170811561253
11.659144011798316,0.001,1.4464731049362042e-10,0.033796210366321716,0.7846603919940267,0.0650291419823062,7.356422544596414e-09,2.4861920386073215e-10,4.783818461343984e-10,0.019662724594289333
12.02264434617413,0.001,1.4464731049362042e-10,0.0348498840971172,0.8091239644975191,0.06502914198230618,6.918309709189362e-09,2.411022915132098e-10,4.498917443564424e-10,0.02090789753189138
12.397477630289448,0.001,1.4464731049362042e-10,0.03593640850314918,0.8343502445184798,0.0650291419823062,6.506288748655567e-09,2.3381265031112973e-10,4.230983748142042e-10,0.02223192300272713
12.783997194630237,0.001,1.4464731049362042e-10,0.03705680777894005,0.8603630111986147,0.06502914198230621,6.118805757518221e-09,2.2674340879302437e-10,3.9790068836780516e-10,0.02363979446739116
13.182567385564074,0.001,1.4464731049362042e-10,0.03821213805060614,0.8871867850484624,0.06502914198230618,5.754399373371565e-09,2.1988790325359573e-10,3.7420365387387327e-10,0.0251368216052182
13.593563908785255,0.001,1.4464731049362042e-10,0.03940348837139761,0.9148468510612475,0.06502914198230621,5.411695265464638e-09,2.1323967146228338e-10,3.5191789978287425e-10,0.02672865033933156
14.017374183467702,0.001,1.4464731049362042e-10,0.04063198174827694,0.9433692825473762,0.06502914198230621,5.089400951518089e-09,2.0679244657174628e-10,3.309593770811542e-10,0.02842128412980989
14.45439770745928,0.001,1.4464731049362042e-10,0.04189877620050299,0.9727809657120098,0.06502914198230618,4.786300923226379e-09,2.005401512105229e-10,3.112490423065314e-10,0.03022110661527643
14.905046433861962,0.001,1.4464731049362042e-10,0.04320506585121902,1.00310962499891,0.06502914198230621,4.5012520620613366e-09,1.9447689175429546e-10,2.9271255944193525e-10,0.032134905688302996
15.369745159352718,0.001,1.4464731049362042e-10,0.04455208205307352,1.0343838492244377,0.06502914198230621,4.233179328088207e-09,1.8859695277036044e-10,2.7528001956281167e-10,0.03416989909542674
15.848931924611142,0.001,1.4464731049362042e-10,0.04594109454893453,1.0666331185263298,0.0650291419823062,3.981071705534969e-09,1.8289479163007005e-10,2.5888567718097536e-10,0.03633376165832788
16.343058427231377,0.001,1.4464731049362042e-10,0.04737341266879216,1.0998878321526715,0.06502914198230621,3.743978389823811e-09,1.773650332841634e-10,2.434677022905388e-10,0.038634654218831485
16.85259044750752,0.001,1.4464731049362042e-10,0.04885038656397723,1.1341793371172564,0.06502914198230618,3.521005201684516e-09,1.720024651960632e-10,2.2896794718078102e-10,0.04108125441689731
17.378008287493753,0.001,1.4464731049362042e-10,0.050373408479859216,1.1695399577483294,0.06502914198230621,3.3113112148259123e-09,1.6680203242836455e-10,2.153317271365171e-10,0.04368278941767334
17.91980722375334,0.001,1.4464731049362042e-10,0.05194391406822394,1.2060030261585997,0.06502914198230621,3.1141055844467582e-09,1.617588328778787e-10,2.0250761419888088e-10,0.0464490707110427
18.478497974222915,0.001,1.4464731049362042e-10,0.053563383740567024,1.243602913665202,0.06502914198230621,2.9286445646252354e-09,1.568681126547473e-10,1.9044724320872377e-10,0.049390531114905115
19.054607179632473,0.001,1.4464731049362042e-10,0.05523334406357986,1.2823750631892656,0.0650291419823062,2.754228703338166e-09,1.5212526160126435e-10,1.7910512940112068e-10,0.052518264121750584
19.64867789993468,0.001,1.4464731049362042e-10,0.05695536919814279,1.322356022665604,0.0650291419823062,2.5902002045313228e-09,1.4752580894618648e-10,1.6843849686306596e-10,0.055844065736915985
20.261270126211432,0.001,1.4464731049362042e-10,0.058731082383182115,1.3635834794940294,0.0650291419823062,2.4359404472920273e-09,1.4306541909043356e-10,1.5840711720739575e-10,0.05938047896631509
20.892961308540396,0.001,1.4464731049362042e-10,0.06056215746578995,1.406096296064769,0.06502914198230618,2.2908676527677724e-09,1.3873988752020641e-10,1.4897315785450798e-10,0.06314084112142443
21.544346900318846,0.001,1.4464731049362042e-10,0.06245032047904875,1.449934546391458,0.06502914198230621,2.1544346900318824e-09,1.345451368436711e-10,1.4010103934968918e-10,0.06713933411993095
22.216040919558118,0.001,1.4464731049362042e-10,0.06439735126904833,1.4951395538862615,0.0650291419823062,2.026127012621143e-09,1.3047721294747125e-10,1.317573011779262e-10,0.07139103797174803
22.908676527677734,0.001,1.4464731049362042e-10,0.06640508517262889,1.5417539303127117,0.0650291419823062,1.9054607179632465e-09,1.2653228126944798e-10,1.2391047557013906e-10,0.07591198765211724
23.622906626344626,0.001,1.4464731049362042e-10,0.06847541474743117,1.5898216159529932,0.06502914198230621,1.7919807223753326e-09,1.2270662318405221e-10,1.1653096882490116e-10,0.08071923357628835
24.35940447292027,0.001,1.4464731049362042e-10,0.07061029155588516,1.6393879210275337,0.06502914198230622,1.6852590447507515e-09,1.1899663249704308e-10,1.0959094969806235e-10,0.08583090590385388
25.11886431509581,0.001,1.4464731049362042e-10,0.0728117280048187,1.690499568405948,0.0650291419823062,1.5848931924611124e-09,1.1539881204616729e-10,1.0306424443934422e-10,0.09126628291525679
25.90200204531324,0.001,1.4464731049362042e-10,0.07508179924241976,1.743204737649581,0.06502914198230621,1.4905046433861961e-09,1.1190977040461683e-10,9.692623808004763e-11,0.09704586371834714
26.709555875589853,0.001,1.4464731049362042e-10,0.07742264511434134,1.7975531104271967,0.06502914198230622,1.4017374183467698e-09,1.0852621868415497e-10,9.115378159958346e-11,0.10319144555919726
27.542287033381676,0.001,1.4464731049362042e-10,0.07983647218079185,1.8535959173465866,0.06502914198230621,1.3182567385564062e-09,1.052449674348999e-10,8.572510462071645e-11,0.10972620602874407
28.400980479142152,0.001,1.4464731049362042e-10,0.08232555579651317,1.9113859862462665,0.06502914198230621,1.2397477630289443e-09,1.0206292363884174e-10,8.061973330425573e-11,0.11667479047529716
29.286445646252375,0.001,1.4464731049362042e-10,0.08489224225560697,1.9709777919927849,0.0650291419823062,1.165914401179831e-09,9.897708779425914e-11,7.581841313353873e-11,0.12406340495258192
30.199517204020175,0.001,1.4464731049362042e-10,0.08753895100323021,2.032427507830558,0.06502914198230621,1.0964781961431841e-09,9.598455108828844e-11,7.130303629749811e-11,0.13191991505386175
31.141055844467598,0.001,1.4464731049362042e-10,0.0902681769162459,2.0957930583326694,0.0650291419823062,1.031177274593055e-09,9.308249265497816e-11,6.705657339843932e-11,0.14027395100488826
32.11194909364824,0.001,1.4464731049362042e-10,0.09308249265497821,2.1611341740025267,0.0650291419823062,9.697653591082483e-10,9.026817691624583e-11,6.306300922697243e-11,0.14915701941202708
33.11311214825911,0.001,1.4464731049362042e-10,0.09598455108828849,2.228512447577838,0.06502914198230621,9.120108393559097e-10,8.753895100323016e-11,5.930728236187771e-11,0.15860262208700812
34.14548873833603,0.001,1.4464731049362042e-10,0.09897708779425922,2.297991392090014,0.06502914198230622,8.576958985908939e-10,8.489224225560694e-11,5.577522836710895e-11,0.1686463823964427
35.21005201684521,0.001,1.4464731049362042e-10,0.10206292363884178,2.369636500733683,0.0650291419823062,8.066156921766126e-10,8.232555579651313e-11,5.245352637170913e-11,0.17932617961261924
36.30780547701014,0.001,1.4464731049362042e-10,0.10524496743489996,2.4435153086027825,0.0650291419823062,7.585775750291835e-10,7.983647218079179e-11,4.93296488311663e-11,0.19068229177227608
37.439783898238126,0.001,1.4464731049362042e-10,0.108526218684155,2.519697456351426,0.06502914198230621,7.134003750712558e-10,7.74226451143413e-11,4.6391814280739194e-11,0.20275754758213124
38.60705432153813,0.001,1.4464731049362042e-10,0.11190977040461682,2.5982547558395157,0.06502914198230621,6.709137099554114e-10,7.508179924241977e-11,4.362894290256625e-11,0.215597487944066
39.810717055349734,0.001,1.4464731049362042e-10,0.11539881204616735,2.679261257825037,0.0650291419823062,6.309573444801929e-10,7.281172800481866e-11,4.103061473898135e-11,0.2292505377091481
41.051906712730805,0.001,1.4464731049362042e-10,0.11899663249704309,2.7627933217667833,0.0650291419823062,5.933805862753275e-10,7.061029155588513e-11,3.8587030394442365e-11,0.24376818830824426
42.33179328088209,0.001,1.4464731049362042e-10,0.12270662318405226,2.8489296878033636,0.06502914198230622,5.580417174769965e-10,6.847541474743117e-11,3.628897407786162e-11,0.25920519194800706
43.65158322401661,0.001,1.4464731049362042e-10,0.12653228126944804,2.9377515509763175,0.06502914198230621,5.248074602497723e-10,6.640508517262886e-11,3.4127778845955964e-11,0.27561976810462685
45.01252062061339,0.001,1.4464731049362042e-10,0.13047721294747133,3.0293426377672805,0.06502914198230621,4.935524741394803e-10,6.439735126904831e-11,3.209529391653477e-11,0.29307382309412233
46.4158883361278,0.001,1.4464731049362042e-10,0.13454513684367117,3.1237892850214015,0.0650291419823062,4.641588833612776e-10,6.24503204790487e-11,3.018385392844922e-11,0.31163318354726893
47.86300923226385,0.001,1.4464731049362042e-10,0.1387398875202065,3.2211805213313576,0.06502914198230618,4.365158322401656e-10,6.056215746578991e-11,2.838625003227028e-11,0.3313678446696917
49.355247413948064,0.001,1.4464731049362042e-10,0.14306541909043355,3.3216081509587045,0.06502914198230621,4.105190671273079e-10,5.873108238318212e-11,2.6695702702665596e-11,0.3523522342234184
50.89400951518091,0.001,1.4464731049362042e-10,0.14752580894618655,3.4251668403716753,0.0650291419823062,3.8607054321538113e-10,5.695536919814277e-11,2.5105836169939098e-11,0.3746654932254817
52.480746024977286,0.001,1.4464731049362042e-10,0.15212526160126444,3.531954207480971,0.06502914198230621,3.6307805477010104e-10,5.523334406357984e-11,2.361065437430445e-11,0.39839177442219764
54.116952654646376,0.001,1.4464731049362042e-10,0.15686811265474737,3.6420709136577005,0.06502914198230621,3.4145488738336014e-10,5.356338374056701e-11,2.2204518352204902e-11,0.4236205596648004
55.80417174769966,0.001,1.4464731049362042e-10,0.16175883287787876,3.7556207586201884,0.06502914198230618,3.21119490936482e-10,5.19439140682239e-11,2.0882124969394374e-11,0.450446997383388
57.543993733715695,0.001,1.4464731049362042e-10,0.1668020324283645,3.8727107782790666,0.0650291419823062,3.0199517204020157e-10,5.0373408479859215e-11,1.9638486920573257e-11,0.478972261431931
59.33805862753281,0.001,1.4464731049362042e-10,0.17200246519606335,3.9934513456329594,0.06502914198230618,2.840098047914213e-10,4.8850386563977184e-11,1.8468913920148396e-11,0.5093039326577137
61.18805757518222,0.001,1.4464731049362042e-10,0.17736503328416348,4.117956274809763,0.06502914198230621,2.6709555875589834e-10,4.7373412668792145e-11,1.7368995013180724e-11,0.5415564046342501
63.09573444801933,0.001,1.4464731049362042e-10,0.18289479163007014,4.246342928351699,0.06502914198230623,2.5118864315095815e-10,4.594109454893453e-11,1.6334581939806508e-11,0.5758513150878839
65.06288748655574,0.001,1.4464731049362042e-10,0.1885969527703605,4.3787323278452,0.06502914198230621,2.3622906626344605e-10,4.45520820530735e-11,1.5361773490393256e-11,0.6123180046451508
67.09137099554115,0.001,1.4464731049362042e-10,0.19447689175429556,4.51524926799992,0.0650291419823062,2.2216040919558094e-10,4.3205065851219e-11,1.4446900792426677e-11,0.651094004631036
69.18309709189366,0.001,1.4464731049362042e-10,0.20054015121052302,4.656022434284443,0.0650291419823062,2.0892961308540392e-10,4.189877620050297e-11,1.358651347363903e-11,0.692325555757829
71.34003750712564,0.001,1.4464731049362042e-10,0.20679244657174636,4.801184524229558,0.06502914198230618,1.9648677899934655e-10,4.0631981748276907e-11,1.2777366649194522e-11,0.7361681596607652
73.56422544596414,0.001,1.4464731049362042e-10,0.21323967146228334,4.950872372513388,0.0650291419823062,1.8478497974222903e-10,3.94034883713976e-11,1.2016408683854984e-11,0.7827871653605191
75.8577575029184,0.001,1.4464731049362042e-10,0.2198879032535959,5.10522707994641,0.06502914198230618,1.7378008287493737e-10,3.8212138050606105e-11,1.1300769682971237e-11,0.8323583928643729
78.22279563860029,0.001,1.4464731049362042e-10,0.22674340879302443,5.264394146477799,0.06502914198230621,1.6343058427231365e-10,3.705680777894004e-11,1.0627750668895542e-11,0.8850687962578908
80.66156921766135,0.001,1.4464731049362042e-10,0.23381265031112985,5.428523608348607,0.06502914198230622,1.5369745159352714e-10,3.593640850314917e-11,9.994813401994113e-12,0.9411171687879315
83.17637711026713,0.001,1.4464731049362042e-10,0.24110229151321,5.597770179520977,0.0650291419823062,1.4454397707459265e-10,3.484988409711718e-11,9.399570807870899e-12,1.0007148925961435
85.76958985908941,0.001,1.4464731049362042e-10,0.2486192038607321,5.772293397516717,0.0650291419823062,1.3593563908785257e-10,3.379621036632173e-11,8.8397779746995e-12,1.0640867359305064
88.44365191386,0.001,1.4464731049362042e-10,0.256370473048605,5.952257773802778,0.0650291419823062,1.2783997194630228e-10,3.277439408239391e-11,8.313323686710131e-12,1.1314717008415636
91.20108393559102,0.001,1.4464731049362042e-10,0.26436340568439287,6.137832948865277,0.06502914198230618,1.2022644346174114e-10,3.1783472046867995e-11,7.81822246190127e-12,1.2031239245603282
94.04448517263518,0.001,1.4464731049362042e-10,0.2726055361757703,6.329193852118349,0.06502914198230618,1.1306633979496386e-10,3.082251018323796e-11,7.35260706394638e-12,1.2793136379573793
96.97653591082496,0.001,1.4464731049362042e-10,0.28110463383270945,6.526520866798517,0.06502914198230623,1.063326571637161e-10,2.989060265646545e-11,6.914721460055186e-12,1.3603281846978845
100.0,0.001,1.4464731049362042e-10,0.289868710191092,6.730000000000003,0.06502914198230617,9.999999999999995e-11,2.8986871019109185e-11,6.502914198230614e-12,1.446473104936205
103.1177274593056,0.001,1.4464731049362042e-10,0.29890602656465465,6.939823058011268,0.06502914198230618,9.404448517263501e-11,2.811046338327091e-11,6.115632178944171e-12,1.5380732876371763
106.33265716371616,0.001,1.4464731049362042e-10,0.30822510183237983,7.1561878271180985,0.0650291419823062,8.844365191385989e-11,2.726055361757702e-11,5.751414797740061e-12,1.6354741958699348
109.64781961431851,0.001,1.4464731049362042e-10,0.3178347204686802,7.379298260043636,0.0650291419823062,8.317637711026709e-11,2.6436340568439275e-11,5.408888436677402e-12,1.7390431696954194
113.06633979496398,0.001,1.4464731049362042e-10,0.3277439408239395,7.609364668201073,0.06502914198230622,7.822279563860016e-11,2.5637047304860484e-11,5.086761283835454e-12,1.8491708115612544
116.59144011798323,0.001,1.4464731049362042e-10,0.3379621036632174,7.846603919940269,0.06502914198230622,7.356422544596409e-11,2.4861920386073208e-11,4.7838184613439824e-12,1.9662724594289345
120.22644346174131,0.001,1.4464731049362042e-10,0.348498840971172,8.091239644975193,0.06502914198230617,6.91830970918936e-11,2.4110229151320978e-11,4.498917443564423e-12,2.090789753189138
123.97477630289441,0.001,1.4464731049362042e-10,0.3593640850314916,8.343502445184795,0.0650291419823062,6.506288748655573e-11,2.338126503111298e-11,4.230983748142045e-12,2.2231923002727108
127.83997194630244,0.001,1.4464731049362042e-10,0.3705680777894007,8.603630111986154,0.0650291419823062,6.118805757518213e-11,2.267434087930242e-11,3.9790068836780445e-12,2.3639794467391195
131.82567385564073,0.001,1.4464731049362042e-10,0.38212138050606137,8.87186785048462,0.06502914198230621,5.754399373371568e-11,2.198879032535958e-11,3.742036538738735e-12,2.5136821605218187
135.93563908785256,0.001,1.4464731049362042e-10,0.3940348837139761,9.148468510612474,0.06502914198230622,5.411695265464638e-11,2.132396714622834e-11,3.5191789978287436e-12,2.672865033933156
140.1737418346771,0.001,1.4464731049362042e-10,0.40631981748276963,9.433692825473772,0.06502914198230617,5.089400951518081e-11,2.0679244657174608e-11,3.309593770811534e-12,2.842128412980993
144.5439770745928,0.001,1.4464731049362042e-10,0.41898776200502985,9.7278096571201,0.06502914198230617,4.786300923226379e-11,2.0054015121052285e-11,3.112490423065313e-12,3.0221106615276434
149.0504643386196,0.001,1.4464731049362042e-10,0.4320506585121902,10.031096249989103,0.06502914198230618,4.5012520620613356e-11,1.944768917542954e-11,2.9271255944193506e-12,3.2134905688303
153.69745159352726,0.001,1.4464731049362042e-10,0.44552082053073544,10.343838492244384,0.06502914198230621,4.233179328088202e-11,1.8859695277036033e-11,2.7528001956281132e-12,3.4169899095426777
158.48931924611142,0.001,1.4464731049362042e-10,0.4594109454893453,10.666331185263298,0.06502914198230621,3.9810717055349695e-11,1.828947916300701e-11,2.5888567718097547e-12,3.633376165832787
163.43058427231378,0.001,1.4464731049362042e-10,0.4737341266879216,10.998878321526714,0.06502914198230622,3.7439783898238115e-11,1.7736503328416342e-11,2.4346770229053886e-12,3.863465421883148
168.52590447507527,0.001,1.4464731049362042e-10,0.48850386563977244,11.341793371172558,0.06502914198230623,3.5210052016845156e-11,1.7200246519606326e-11,2.289679471807812e-12,4.10812544168973
173.78008287493762,0.001,1.4464731049362042e-10,0.5037340847985924,11.695399577483306,0.06502914198230618,3.3113112148259073e-11,1.6680203242836435e-11,2.153317271365167e-12,4.368278941767341
179.1980722375334,0.001,1.4464731049362042e-10,0.5194391406822394,12.060030261586,0.06502914198230618,3.114105584446757e-11,1.6175883287787865e-11,2.0250761419888078e-12,4.644907071104271
184.78497974222907,0.001,1.4464731049362042e-10,0.53563383740567,12.436029136652019,0.06502914198230618,2.9286445646252366e-11,1.5686811265474736e-11,1.9044724320872383e-12,4.939053111490509
190.54607179632484,0.001,1.4464731049362042e-10,0.5523334406357989,12.82375063189266,0.06502914198230621,2.7542287033381637e-11,1.521252616012643e-11,1.7910512940112058e-12,5.251826412175062
196.4867789993468,0.001,1.4464731049362042e-10,0.569553691981428,13.223560226656035,0.06502914198230622,2.5902002045313236e-11,1.475258089461865e-11,1.6843849686306606e-12,5.584406573691597
202.61270126211434,0.001,1.4464731049362042e-10,0.5873108238318212,13.63583479494029,0.06502914198230622,2.4359404472920277e-11,1.4306541909043358e-11,1.584071172073958e-12,5.938047896631509
208.92961308540407,0.001,1.4464731049362042e-10,0.6056215746578998,14.060962960647698,0.06502914198230618,2.2908676527677696e-11,1.3873988752020634e-11,1.489731578545078e-12,6.314084112142449
215.44346900318845,0.001,1.4464731049362042e-10,0.6245032047904875,14.499345463914587,0.06502914198230618,2.1544346900318816e-11,1.3454513684367105e-11,1.4010103934968905e-12,6.7139334119930965
222.16040919558117,0.001,1.4464731049362042e-10,0.6439735126904833,14.951395538862615,0.0650291419823062,2.026127012621143e-11,1.3047721294747126e-11,1.317573011779262e-12,7.139103797174802
229.08676527677747,0.001,1.4464731049362042e-10,0.6640508517262893,15.41753930312712,0.06502914198230622,1.905460717963245e-11,1.2653228126944795e-11,1.23910475570139e-12,7.591198765211729
236.22906626344627,0.001,1.4464731049362042e-10,0.6847541474743117,15.898216159529934,0.0650291419823062,1.7919807223753325e-11,1.227066231840522e-11,1.1653096882490113e-12,8.071923357628837
243.59404472920272,0.001,1.4464731049362042e-10,0.7061029155588516,16.393879210275347,0.06502914198230618,1.6852590447507504e-11,1.18996632497043e-11,1.0959094969806226e-12,8.583090590385392
251.18864315095823,0.001,1.4464731049362042e-10,0.7281172800481873,16.904995684059493,0.06502914198230618,1.5848931924611104e-11,1.153988120461672e-11,1.0306424443934408e-12,9.12662829152569
259.02002045313253,0.001,1.4464731049362042e-10,0.750817992424198,17.43204737649582,0.0650291419823062,1.4905046433861944e-11,1.1190977040461676e-11,9.69262380800475e-13,9.704586371834727
267.09555875589854,0.001,1.4464731049362042e-10,0.7742264511434134,17.975531104271973,0.0650291419823062,1.4017374183467694e-11,1.0852621868415494e-11,9.115378159958342e-13,10.31914455591973
275.4228703338166,0.001,1.4464731049362042e-10,0.798364721807918,18.535959173465855,0.06502914198230621,1.3182567385564077e-11,1.0524496743489996e-11,8.572510462071655e-13,10.972620602874393
284.00980479142163,0.001,1.4464731049362042e-10,0.8232555579651321,19.11385986246267,0.06502914198230621,1.2397477630289433e-11,1.020629236388417e-11,8.061973330425566e-13,11.667479047529724
292.8644564625237,0.001,1.4464731049362042e-10,0.8489224225560696,19.709777919927838,0.06502914198230622,1.1659144011798316e-11,9.89770877942592e-12,7.581841313353881e-13,12.406340495258183
301.9951720402016,0.001,1.4464731049362042e-10,0.8753895100323017,20.324275078305572,0.06502914198230618,1.0964781961431847e-11,9.598455108828845e-12,7.130303629749814e-13,13.191991505386168
311.41055844467616,0.001,1.4464731049362042e-10,0.9026817691624595,20.957930583326704,0.06502914198230621,1.031177274593054e-11,9.308249265497812e-12,6.705657339843926e-13,14.02739510048884
321.1194909364824,0.001,1.4464731049362042e-10,0.9308249265497821,21.611341740025267,0.0650291419823062,9.697653591082486e-12,9.026817691624585e-12,6.306300922697246e-13,14.915701941202705
331.1311214825911,0.001,1.4464731049362042e-10,0.9598455108828847,22.285124475778378,0.06502914198230621,9.1201083935591e-12,8.753895100323019e-12,5.930728236187772e-13,15.860262208700806
341.4548873833604,0.001,1.4464731049362042e-10,0.9897708779425926,22.97991392090015,0.06502914198230622,8.576958985908931e-12,8.489224225560691e-12,5.577522836710891e-13,16.864638239644282
352.1005201684521,0.001,1.4464731049362042e-10,1.0206292363884177,23.696365007336833,0.06502914198230618,8.066156921766124e-12,8.23255557965131e-12,5.245352637170911e-13,17.932617961261926
363.0780547701014,0.001,1.4464731049362042e-10,1.0524496743489995,24.43515308602783,0.06502914198230618,7.585775750291832e-12,7.983647218079176e-12,4.932964883116627e-13,19.068229177227614
374.3978389823815,0.001,1.4464731049362042e-10,1.0852621868415506,25.196974563514274,0.0650291419823062,7.134003750712548e-12,7.742264511434125e-12,4.639181428073912e-13,20.27575475821315
386.0705432153815,0.001,1.4464731049362042e-10,1.119097704046169,25.982547558395172,0.06502914198230621,6.709137099554106e-12,7.508179924241972e-12,4.36289429025662e-13,21.55974879440663
398.1071705534973,0.001,1.4464731049362042e-10,1.1539881204616735,26.792612578250367,0.06502914198230621,6.3095734448019305e-12,7.281172800481866e-12,4.1030614738981365e-13,22.925053770914804
410.51906712730784,0.001,1.4464731049362042e-10,1.1899663249704304,27.627933217667813,0.06502914198230621,5.933805862753283e-12,7.061029155588518e-12,3.8587030394442425e-13,24.376818830824394
423.3179328088211,0.001,1.4464731049362042e-10,1.2270662318405232,28.48929687803367,0.06502914198230618,5.580417174769956e-12,6.847541474743108e-12,3.628897407786154e-13,25.92051919480075
436.5158322401661,0.001,1.4464731049362042e-10,1.2653228126944804,29.377515509763178,0.0650291419823062,5.248074602497723e-12,6.640508517262886e-12,3.412777884595596e-13,27.561976810462685
450.12520620613367,0.001,1.4464731049362042e-10,1.3047721294747128,30.2934263776728,0.06502914198230618,4.935524741394805e-12,6.439735126904831e-12,3.209529391653478e-13,29.30738230941222
464.1588833612782,0.001,1.4464731049362042e-10,1.3454513684367122,31.237892850214013,0.06502914198230621,4.641588833612774e-12,6.2450320479048695e-12,3.018385392844922e-13,31.163318354726904
478.6300923226385,0.001,1.4464731049362042e-10,1.3873988752020652,32.21180521331357,0.06502914198230621,4.365158322401657e-12,6.056215746578992e-12,2.838625003227029e-13,33.13678446696917
493.55247413948064,0.001,1.4464731049362042e-10,1.4306541909043353,33.21608150958703,0.06502914198230623,4.1051906712730806e-12,5.8731082383182145e-12,2.6695702702665617e-13,35.23522342234183
508.9400951518094,0.001,1.4464731049362042e-10,1.475258089461866,34.25166840371678,0.06502914198230618,3.860705432153806e-12,5.695536919814273e-12,2.510583616993906e-13,37.46654932254822
524.8074602497728,0.001,1.4464731049362042e-10,1.5212526160126443,35.31954207480972,0.06502914198230618,3.6307805477010097e-12,5.523334406357982e-12,2.361065437430444e-13,39.83917744221977
541.1695265464638,0.001,1.4464731049362042e-10,1.5686811265474738,36.42070913657702,0.0650291419823062,3.4145488738336e-12,5.3563383740567e-12,2.220451835220489e-13,42.36205596648006
558.041717476997,0.001,1.4464731049362042e-10,1.6175883287787887,37.556207586201886,0.06502914198230622,3.211194909364818e-12,5.19439140682239e-12,2.088212496939437e-13,45.044699738338835
575.4399373371573,0.001,1.4464731049362042e-10,1.6680203242836458,38.72710778279067,0.06502914198230622,3.019951720402014e-12,5.037340847985921e-12,1.9638486920573252e-13,47.89722614319314
593.3805862753281,0.001,1.4464731049362042e-10,1.7200246519606335,39.93451345632956,0.06502914198230623,2.8400980479142145e-12,4.885038656397722e-12,1.8468913920148422e-13,50.93039326577133
611.8805757518219,0.001,1.4464731049362042e-10,1.7736503328416338,41.179562748097595,0.06502914198230622,2.6709555875589867e-12,4.7373412668792186e-12,1.736899501318075e-13,54.15564046342495
630.9573444801937,0.001,1.4464731049362042e-10,1.8289479163007025,42.46342928351704,0.0650291419823062,2.5118864315095767e-12,4.594109454893448e-12,1.6334581939806472e-13,57.58513150878849
650.6288748655573,0.001,1.4464731049362042e-10,1.885969527703605,43.78732327845201,0.0650291419823062,2.3622906626344605e-12,4.45520820530735e-12,1.5361773490393256e-13,61.23180046451509
670.9137099554113,0.001,1.4464731049362042e-10,1.9447689175429546,45.15249267999917,0.06502914198230621,2.2216040919558116e-12,4.320506585121902e-12,1.4446900792426692e-13,65.10940046310353
691.8309709189369,0.001,1.4464731049362042e-10,2.005401512105231,46.56022434284444,0.06502914198230622,2.0892961308540373e-12,4.189877620050296e-12,1.3586513473639023e-13,69.23255557578294
713.4003750712565,0.001,1.4464731049362042e-10,2.067924465717464,48.01184524229554,0.06502914198230622,1.9648677899934667e-12,4.063198174827693e-12,1.2777366649194535e-13,73.61681596607647
735.6422544596413,0.001,1.4464731049362042e-10,2.1323967146228333,49.508723725133834,0.06502914198230623,1.847849797422292e-12,3.940348837139763e-12,1.2016408683855005e-13,78.27871653605185
758.5775750291843,0.001,1.4464731049362042e-10,2.19887903253596,51.052270799464104,0.0650291419823062,1.7378008287493728e-12,3.82121380506061e-12,1.1300769682971236e-13,83.23583928643734
782.2279563860029,0.001,1.4464731049362042e-10,2.267434087930244,52.643941464778,0.0650291419823062,1.634305842723136e-12,3.705680777894003e-12,1.0627750668895538e-13,88.50687962578911
806.6156921766135,0.001,1.4464731049362042e-10,2.3381265031112983,54.28523608348608,0.06502914198230621,1.5369745159352712e-12,3.5936408503149164e-12,9.99481340199411e-14,94.11171687879316
831.7637711026717,0.001,1.4464731049362042e-10,2.411022915132101,55.97770179520978,0.06502914198230622,1.4454397707459256e-12,3.484988409711718e-12,9.399570807870896e-14,100.07148925961442
857.6958985908946,0.001,1.4464731049362042e-10,2.4861920386073226,57.72293397516718,0.06502914198230622,1.3593563908785248e-12,3.379621036632172e-12,8.839777974699494e-14,106.40867359305071
884.4365191385999,0.001,1.4464731049362042e-10,2.5637047304860503,59.522577738027785,0.06502914198230618,1.2783997194630227e-12,3.2774394082393905e-12,8.31332368671013e-14,113.14717008415636
912.0108393559105,0.001,1.4464731049362042e-10,2.64363405684393,61.37832948865279,0.0650291419823062,1.2022644346174106e-12,3.178347204686799e-12,7.818222461901267e-14,120.3123924560329
940.4448517263523,0.001,1.4464731049362042e-10,2.7260553617577052,63.29193852118351,0.0650291419823062,1.1306633979496375e-12,3.082251018323795e-12,7.352607063946374e-14,127.93136379573804
969.7653591082496,0.001,1.4464731049362042e-10,2.811046338327095,65.26520866798518,0.06502914198230622,1.0633265716371607e-12,2.989060265646544e-12,6.914721460055183e-14,136.03281846978848
1000.0,0.001,1.4464731049362042e-10,2.89868710191092,67.29999999999998,0.06502914198230621,1.0000000000000002e-12,2.898687101910921e-12,6.502914198230623e-14,144.64731049362038
1031.177274593056,0.001,1.4464731049362042e-10,2.9890602656465464,69.39823058011271,0.06502914198230615,9.4044485172635e-13,2.8110463383270903e-12,6.115632178944168e-14,153.80732876371766
1063.3265716371616,0.001,1.4464731049362042e-10,3.0822510183237983,71.56187827118099,0.06502914198230618,8.844365191385989e-13,2.726055361757702e-12,5.751414797740061e-14,163.5474195869935
1096.4781961431852,0.001,1.4464731049362042e-10,3.1783472046868027,73.79298260043636,0.0650291419823062,8.317637711026707e-13,2.6436340568439272e-12,5.4088884366774004e-14,173.90431696954198
1130.6633979496398,0.001,1.4464731049362042e-10,3.2774394082393945,76.09364668201076,0.0650291419823062,7.822279563860015e-13,2.5637047304860476e-12,5.086761283835451e-14,184.91708115612548
1165.9144011798323,0.001,1.4464731049362042e-10,3.379621036632174,78.4660391994027,0.06502914198230621,7.356422544596407e-13,2.4861920386073205e-12,4.7838184613439817e-14,196.6272459428935
1202.2644346174131,0.001,1.4464731049362042e-10,3.48498840971172,80.91239644975188,0.06502914198230622,6.918309709189365e-13,2.4110229151320996e-12,4.4989174435644285e-14,209.0789753189137
1239.7477630289454,0.001,1.4464731049362042e-10,3.59364085031492,83.43502445184804,0.06502914198230618,6.506288748655559e-13,2.3381265031112955e-12,4.2309837481420356e-14,222.31923002727157
1278.3997194630244,0.001,1.4464731049362042e-10,3.7056807778940075,86.03630111986156,0.0650291419823062,6.118805757518211e-13,2.2674340879302415e-12,3.979006883678043e-14,236.39794467391198
1318.2567385564075,0.001,1.4464731049362042e-10,3.8212138050606144,88.71867850484624,0.0650291419823062,5.754399373371566e-13,2.1988790325359573e-12,3.742036538738733e-14,251.368216052182
1359.356390878527,0.001,1.4464731049362042e-10,3.9403488371397652,91.48468510612486,0.06502914198230621,5.411695265464627e-13,2.1323967146228316e-12,3.519178997828735e-14,267.2865033933162
1401.737418346771,0.001,1.4464731049362042e-10,4.063198174827696,94.33692825473767,0.06502914198230621,5.089400951518083e-13,2.0679244657174617e-12,3.3095937708115373e-14,284.2128412980992
1445.439770745928,0.001,1.4464731049362042e-10,4.189877620050298,97.27809657120092,0.06502914198230622,4.786300923226383e-13,2.00540151210523e-12,3.112490423065317e-14,302.21106615276415
1490.5046433861962,0.001,1.4464731049362042e-10,4.320506585121902,100.31096249989102,0.06502914198230618,4.501252062061335e-13,1.944768917542954e-12,2.9271255944193505e-14,321.34905688303
1536.9745159352724,0.001,1.4464731049362042e-10,4.455208205307354,103.43838492244387,0.06502914198230617,4.233179328088201e-13,1.8859695277036027e-12,2.7528001956281108e-14,341.6989909542679
1584.893192461114,0.001,1.4464731049362042e-10,4.594109454893452,106.663311852633,0.06502914198230618,3.9810717055349687e-13,1.8289479163007004e-12,2.5888567718097532e-14,363.33761658327876
1634.3058427231376,0.001,1.4464731049362042e-10,4.737341266879215,109.98878321526715,0.06502914198230621,3.7439783898238113e-13,1.773650332841634e-12,2.4346770229053882e-14,386.34654218831486
1685.2590447507528,0.001,1.4464731049362042e-10,4.885038656397725,113.41793371172561,0.06502914198230622,3.521005201684515e-13,1.7200246519606324e-12,2.289679471807811e-14,410.8125441689732
1737.8008287493763,0.001,1.4464731049362042e-10,5.0373408479859245,116.95399577483298,0.06502914198230622,3.311311214825909e-13,1.6680203242836446e-12,2.1533172713651696e-14,436.82789417673376
1791.980722375334,0.001,1.4464731049362042e-10,5.194391406822394,120.60030261585992,0.06502914198230622,3.11410558444676e-13,1.6175883287787878e-12,2.025076141988811e-14,464.4907071104267
1847.8497974222926,0.001,1.4464731049362042e-10,5.356338374056706,124.36029136652031,0.0650291419823062,2.928644564625231e-13,1.568681126547472e-12,1.9044724320872343e-14,493.9053111490519
1905.4607179632483,0.001,1.4464731049362042e-10,5.523334406357989,128.2375063189266,0.06502914198230621,2.7542287033381635e-13,1.521252616012643e-12,1.7910512940112058e-14,525.1826412175062
1964.867789993468,0.001,1.4464731049362042e-10,5.69553691981428,132.23560226656036,0.06502914198230621,2.590200204531323e-13,1.475258089461865e-12,1.68438496863066e-14,558.4406573691598
2026.1270126211455,0.001,1.4464731049362042e-10,5.873108238318218,136.35834794940305,0.06502914198230622,2.4359404472920225e-13,1.4306541909043343e-12,1.5840711720739544e-14,593.8047896631522
2089.2961308540407,0.001,1.4464731049362042e-10,6.056215746578998,140.60962960647691,0.06502914198230621,2.290867652767771e-13,1.3873988752020642e-12,1.4897315785450797e-14,631.4084112142447
2154.4346900318847,0.001,1.4464731049362042e-10,6.245032047904875,144.99345463914588,0.06502914198230618,2.1544346900318812e-13,1.3454513684367105e-12,1.4010103934968903e-14,671.3933411993098
2221.604091955812,0.001,1.4464731049362042e-10,6.439735126904833,149.51395538862616,0.06502914198230618,2.0261270126211426e-13,1.3047721294747124e-12,1.3175730117792617e-14,713.9103797174804
2290.867652767775,0.001,1.4464731049362042e-10,6.640508517262893,154.17539303127126,0.0650291419823062,1.905460717963244e-13,1.265322812694479e-12,1.2391047557013892e-14,759.1198765211733
2362.290662634463,0.001,1.4464731049362042e-10,6.847541474743118,158.98216159529932,0.06502914198230621,1.7919807223753324e-13,1.2270662318405221e-12,1.1653096882490114e-14,807.1923357628837
2435.940447292027,0.001,1.4464731049362042e-10,7.061029155588516,163.93879210275338,0.06502914198230621,1.6852590447507516e-13,1.1899663249704306e-12,1.0959094969806235e-14,858.3090590385386
2511.886431509582,0.001,1.4464731049362042e-10,7.2811728004818725,169.0499568405948,0.06502914198230622,1.5848931924611116e-13,1.153988120461673e-12,1.0306424443934422e-14,912.6628291525683
2590.200204531325,0.001,1.4464731049362042e-10,7.508179924241979,174.32047376495822,0.06502914198230618,1.4905046433861944e-13,1.1190977040461673e-12,9.692623808004749e-15,970.4586371834728
2670.9555875589854,0.001,1.4464731049362042e-10,7.742264511434134,179.75531104271977,0.06502914198230618,1.401737418346769e-13,1.085262186841549e-12,9.115378159958336e-15,1031.9144555919734
2754.228703338169,0.001,1.4464731049362042e-10,7.983647218079188,185.35959173465875,0.06502914198230621,1.318256738556405e-13,1.0524496743489984e-12,8.572510462071636e-15,1097.2620602874417
2840.0980479142167,0.001,1.4464731049362042e-10,8.232555579651322,191.13859862462672,0.06502914198230622,1.2397477630289431e-13,1.020629236388417e-12,8.061973330425566e-15,1166.7479047529725
2928.6445646252373,0.001,1.4464731049362042e-10,8.489224225560697,197.09777919927842,0.06502914198230621,1.1659144011798313e-13,9.897708779425917e-13,7.581841313353878e-15,1240.6340495258187
3019.951720402019,0.001,1.4464731049362042e-10,8.753895100323025,203.24275078305578,0.06502914198230623,1.0964781961431836e-13,9.598455108828843e-13,7.13030362974981e-15,1319.1991505386181
3114.1055844467614,0.001,1.4464731049362042e-10,9.026817691624595,209.5793058332671,0.06502914198230618,1.0311772745930536e-13,9.30824926549781e-13,6.7056573398439206e-15,1402.7395100488848
3211.194909364824,0.001,1.4464731049362042e-10,9.308249265497821,216.1134174002525,0.06502914198230625,9.697653591082493e-14,9.026817691624592e-13,6.306300922697255e-15,1491.5701941202694
3311.311214825911,0.001,1.4464731049362042e-10,9.598455108828848,222.8512447577838,0.0650291419823062,9.120108393559097e-14,8.753895100323017e-13,5.93072823618777e-15,1586.026220870081
3414.5488738336044,0.001,1.4464731049362042e-10,9.897708779425926,229.79913920900154,0.06502914198230621,8.576958985908929e-14,8.489224225560689e-13,5.577522836710888e-15,1686.4638239644287
3521.0052016845207,0.001,1.4464731049362042e-10,10.206292363884177,236.96365007336846,0.06502914198230614,8.066156921766121e-14,8.232555579651307e-13,5.245352637170905e-15,1793.2617961261935
3630.780547701014,0.001,1.4464731049362042e-10,10.524496743489994,244.35153086027813,0.06502914198230622,7.585775750291839e-14,7.983647218079183e-13,4.932964883116635e-15,1906.82291772276
3743.9783898238143,0.001,1.4464731049362042e-10,10.852621868415504,251.96974563514254,0.06502914198230623,7.134003750712556e-14,7.742264511434131e-13,4.63918142807392e-15,2027.5754758213131
3860.7054321538153,0.001,1.4464731049362042e-10,11.19097704046169,259.82547558395174,0.06502914198230621,6.709137099554105e-14,7.508179924241972e-13,4.36289429025662e-15,2155.9748794406632
3981.0717055349733,0.001,1.4464731049362042e-10,11.539881204616735,267.92612578250345,0.06502914198230626,6.309573444801937e-14,7.281172800481873e-13,4.103061473898143e-15,2292.5053770914787
4105.190671273082,0.001,1.4464731049362042e-10,11.899663249704316,276.2793321766786,0.06502914198230615,5.933805862753266e-14,7.061029155588505e-13,3.858703039444228e-15,2437.6818830824463
4233.179328088211,0.001,1.4464731049362042e-10,12.270662318405233,284.89296878033656,0.06502914198230622,5.5804171747699594e-14,6.847541474743113e-13,3.628897407786159e-15,2592.0519194800736
4365.158322401661,0.001,1.4464731049362042e-10,12.653228126944805,293.7751550976319,0.06502914198230617,5.2480746024977203e-14,6.640508517262882e-13,3.4127778845955926e-15,2756.19768104627
4501.252062061341,0.001,1.4464731049362042e-10,13.047721294747141,302.9342637767283,0.0650291419823062,4.935524741394795e-14,6.439735126904825e-13,3.209529391653472e-15,2930.738230941228
4641.588833612782,0.001,1.4464731049362042e-10,13.454513684367122,312.37892850213996,0.06502914198230625,4.6415888336127764e-14,6.245032047904873e-13,3.0183853928449253e-15,3116.331835472689
4786.300923226385,0.001,1.4464731049362042e-10,13.87398875202065,322.1180521331357,0.0650291419823062,4.3651583224016575e-14,6.056215746578992e-13,2.838625003227029e-15,3313.6784466969166
4935.524741394806,0.001,1.4464731049362042e-10,14.306541909043354,332.1608150958707,0.06502914198230615,4.105190671273076e-14,5.873108238318208e-13,2.6695702702665554e-15,3523.5223422341865
5089.400951518094,0.001,1.4464731049362042e-10,14.752580894618664,342.51668403716786,0.06502914198230618,3.860705432153805e-14,5.695536919814272e-13,2.5105836169939055e-15,3746.6549322548226
5248.074602497728,0.001,1.4464731049362042e-10,15.212526160126442,353.1954207480969,0.06502914198230623,3.6307805477010125e-14,5.523334406357987e-13,2.3610654374304477e-15,3983.917744221974
5411.6952654646375,0.001,1.4464731049362042e-10,15.686811265474736,364.2070913657702,0.06502914198230617,3.4145488738335995e-14,5.356338374056698e-13,2.220451835220488e-15,4236.205596648007
5580.417174769969,0.001,1.4464731049362042e-10,16.175883287787887,375.56207586201896,0.0650291419823062,3.2111949093648175e-14,5.194391406822389e-13,2.088212496939436e-15,4504.469973833884
5754.399373371572,0.001,1.4464731049362042e-10,16.680203242836456,387.27107782790716,0.06502914198230614,3.0199517204020103e-14,5.037340847985914e-13,1.96384869205732e-15,4789.722614319319
5933.805862753281,0.001,1.4464731049362042e-10,17.200246519606335,399.34513456329574,0.06502914198230621,2.8400980479142143e-14,4.885038656397721e-13,1.8468913920148415e-15,5093.039326577134
6118.805757518226,0.001,1.4464731049362042e-10,17.736503328416358,411.7956274809764,0.06502914198230622,2.670955587558981e-14,4.737341266879213e-13,1.7368995013180712e-15,5415.564046342506
6309.573444801937,0.001,1.4464731049362042e-10,18.289479163007027,424.63429283517047,0.06502914198230618,2.511886431509576e-14,4.594109454893446e-13,1.633458193980646e-15,5758.513150878851
6506.288748655574,0.001,1.4464731049362042e-10,18.85969527703605,437.87323278451976,0.06502914198230625,2.3622906626344624e-14,4.455208205307353e-13,1.5361773490393279e-15,6123.1800464515045
6709.137099554119,0.001,1.4464731049362042e-10,19.447689175429566,451.52492679999256,0.06502914198230614,2.221604091955805e-14,4.320506585121894e-13,1.4446900792426637e-15,6510.940046310372
6918.30970918937,0.001,1.4464731049362042e-10,20.054015121052313,465.6022434284446,0.0650291419823062,2.0892961308540366e-14,4.189877620050294e-13,1.3586513473639014e-15,6923.255557578297
7134.003750712564,0.001,1.4464731049362042e-10,20.679244657174635,480.11845242295595,0.06502914198230615,1.9648677899934646e-14,4.0631981748276887e-13,1.2777366649194511e-15,7361.681596607655
7356.422544596414,0.001,1.4464731049362042e-10,21.323967146228334,495.08723725133837,0.06502914198230623,1.8478497974222916e-14,3.940348837139763e-13,1.2016408683855e-15,7827.871653605186
7585.775750291844,0.001,1.4464731049362042e-10,21.9887903253596,510.52270799464077,0.06502914198230625,1.737800828749374e-14,3.8212138050606123e-13,1.130076968297125e-15,8323.58392864373
7822.279563860029,0.001,1.4464731049362042e-10,22.67434087930244,526.43941464778,0.06502914198230618,1.6343058427231357e-14,3.7056807778940025e-13,1.0627750668895536e-15,8850.687962578912
8066.156921766135,0.001,1.4464731049362042e-10,23.381265031112985,542.8523608348604,0.06502914198230625,1.5369745159352724e-14,3.593640850314919e-13,9.994813401994126e-16,9411.17168787931
8317.637711026717,0.001,1.4464731049362042e-10,24.11022915132101,559.7770179520985,0.06502914198230614,1.445439770745924e-14,3.4849884097117137e-13,9.399570807870873e-16,10007.148925961454
8576.958985908946,0.001,1.4464731049362042e-10,24.861920386073226,577.2293397516719,0.06502914198230622,1.3593563908785243e-14,3.379621036632171e-13,8.839777974699491e-16,10640.867359305075
8844.365191386,0.001,1.4464731049362042e-10,25.637047304860502,595.225777380278,0.06502914198230617,1.2783997194630222e-14,3.2774394082393893e-13,8.313323686710124e-16,11314.717008415642
9120.108393559107,0.001,1.4464731049362042e-10,26.436340568439302,613.783294886528,0.06502914198230618,1.2022644346174101e-14,3.1783472046867984e-13,7.818222461901264e-16,12031.239245603294
9404.448517263523,0.001,1.4464731049362042e-10,27.26055361757705,632.9193852118347,0.06502914198230625,1.1306633979496385e-14,3.082251018323798e-13,7.352607063946387e-16,12793.136379573794
9697.653591082497,0.001,1.4464731049362042e-10,28.110463383270947,652.6520866798521,0.0650291419823062,1.0633265716371603e-14,2.989060265646543e-13,6.914721460055178e-16,13603.281846978853
10000.0,0.001,1.4464731049362042e-10,28.9868710191092,673.0000000000006,0.06502914198230614,9.999999999999992e-15,2.8986871019109175e-13,6.502914198230609e-16,14464.731049362055
