h,carrier_core_anchor,speed_m_s,core_power_length_m,carrier_power_length_m,carrier_over_core,relative_to_reference_ratio,status
0.0,1.0,1.0,0.001,0.001,1.0,1.0,bare powers only; phase and profile prefactors uncomputed
0.0,1.0,1.0590652925671507,0.0009442288469070895,0.0009442288469070895,1.0,1.0,bare powers only; phase and profile prefactors uncomputed
0.0,1.0,1.1216192939203442,0.000891568115331492,0.000891568115331492,1.0,1.0,bare powers only; phase and profile prefactors uncomputed
0.0,1.0,1.1878680656647103,0.0008418443334785816,0.0008418443334785816,1.0,1.0,bare powers only; phase and profile prefactors uncomputed
0.0,1.0,1.2580298404943717,0.0007948937042757484,0.0007948937042757484,1.0,1.0,bare powers only; phase and profile prefactors uncomputed
0.0,1.0,1.3323357410813774,0.000750561565801995,0.000750561565801995,1.0,1.0,bare powers only; phase and profile prefactors uncomputed
0.0,1.0,1.4110305414260205,0.0007087018818099973,0.0007087018818099973,1.0,1.0,bare powers only; phase and profile prefactors uncomputed
0.0,1.0,1.4943734731765332,0.0006691767606623382,0.0006691767606623382,1.0,1.0,bare powers only; phase and profile prefactors uncomputed
0.0,1.0,1.5826390795742942,0.0006318560010972209,0.0006318560010972209,1.0,1.0,bare powers only; phase and profile prefactors uncomputed
0.0,1.0,1.6761181198375557,0.0005966166633273537,0.0005966166633273537,1.0,1.0,bare powers only; phase and profile prefactors uncomputed
0.0,1.0,1.7751185269628633,0.0005633426640591424,0.0005633426640591424,1.0,1.0,bare powers only; phase and profile prefactors uncomputed
0.0,1.0,1.8799664220992942,0.000531924394098132,0.000531924394098132,1.0,1.0,bare powers only; phase and profile prefactors uncomputed
0.0,1.0,1.9910071888370084,0.0005022583572810313,0.0005022583572810313,1.0,1.0,bare powers only; phase and profile prefactors uncomputed
0.0,1.0,2.1086066109489665,0.0004742468295449172,0.0004742468295449172,1.0,1.0,bare powers only; phase and profile prefactors uncomputed
0.0,1.0,2.233152077333695,0.0004477975370105402,0.0004477975370105402,1.0,1.0,bare powers only; phase and profile prefactors uncomputed
0.0,1.0,2.36505385812835,0.00042282335201929714,0.00042282335201929714,1.0,1.0,bare powers only; phase and profile prefactors uncomputed
0.0,1.0,2.504746456195769,0.0003992420061225713,0.0003992420061225713,1.0,1.0,bare powers only; phase and profile prefactors uncomputed
0.0,1.0,2.652690038437506,0.0003769758190779887,0.0003769758190779887,1.0,1.0,bare powers only; phase and profile prefactors uncomputed
0.0,1.0,2.809371951647783,0.0003559514429598649,0.0003559514429598649,1.0,1.0,bare powers only; phase and profile prefactors uncomputed
0.0,1.0,2.975308327901806,0.0003360996205409078,0.0003360996205409078,1.0,1.0,bare powers only; phase and profile prefactors uncomputed
0.0,1.0,3.1510457847668056,0.0003173549571492518,0.0003173549571492518,1.0,1.0,bare powers only; phase and profile prefactors uncomputed
0.0,1.0,3.337163225936544,0.00029965570524928683,0.00029965570524928683,1.0,1.0,bare powers only; phase and profile prefactors uncomputed
0.0,1.0,3.534273748220822,0.0002829435610366648,0.0002829435610366648,1.0,1.0,bare powers only; phase and profile prefactors uncomputed
0.0,1.0,3.7430266611718848,0.0002671634723774357,0.0002671634723774357,1.0,1.0,bare powers only; phase and profile prefactors uncomputed
0.0,1.0,3.9641096260006474,0.0002522634574586401,0.0002522634574586401,1.0,1.0,bare powers only; phase and profile prefactors uncomputed
0.0,1.0,4.198250920828633,0.0002381944335529674,0.0002381944335529674,1.0,1.0,bare powers only; phase and profile prefactors uncomputed
0.0,1.0,4.446221839737685,0.0002249100553334058,0.0002249100553334058,1.0,1.0,bare powers only; phase and profile prefactors uncomputed
0.0,1.0,4.708839233520247,0.00021236656220527142,0.00021236656220527142,1.0,1.0,bare powers only; phase and profile prefactors uncomputed
0.0,1.0,4.986968200499797,0.0002005226341527061,0.0002005226341527061,1.0,1.0,bare powers only; phase and profile prefactors uncomputed
0.0,1.0,5.281524936285394,0.00018933925562478185,0.00018933925562478185,1.0,1.0,bare powers only; phase and profile prefactors uncomputed
0.0,1.0,5.5934797518477914,0.00017877958701283445,0.00017877958701283445,1.0,1.0,bare powers only; phase and profile prefactors uncomputed
0.0,1.0,5.923860269859115,0.0001688088432956544,0.0001688088432956544,1.0,1.0,bare powers only; phase and profile prefactors uncomputed
0.0,1.0,6.273754809825263,0.00015939417945277527,0.00015939417945277527,1.0,1.0,bare powers only; phase and profile prefactors uncomputed
0.0,1.0,6.644315973162161,0.00015050458226839567,0.00015050458226839567,1.0,1.0,bare powers only; phase and profile prefactors uncomputed
0.0,1.0,7.036764440025576,0.00014211076816952046,0.00014211076816952046,1.0,1.0,bare powers only; phase and profile prefactors uncomputed
0.0,1.0,7.4523929904018065,0.000134185086761787,0.000134185086761787,1.0,1.0,bare powers only; phase and profile prefactors uncomputed
0.0,1.0,7.892570762705272,0.00012670142974520994,0.00012670142974520994,1.0,1.0,bare powers only; phase and profile prefactors uncomputed
0.0,1.0,8.3587477639114,0.0001196351449097992,0.0001196351449097992,1.0,1.0,bare powers only; phase and profile prefactors uncomputed
0.0,1.0,8.852459646081842,0.00011296295492774221,0.00011296295492774221,1.0,1.0,bare powers only; phase and profile prefactors uncomputed
0.0,1.0,9.37533276501656,0.00010666288067463955,0.00010666288067463955,1.0,1.0,bare powers only; phase and profile prefactors uncomputed
0.0,1.0,9.929089537696655,0.0001007141688272034,0.0001007141688272034,1.0,1.0,bare powers only; phase and profile prefactors uncomputed
0.0,1.0,10.515554116166145,9.509722349891621e-05,9.509722349891621e-05,1.0,1.0,bare powers only; phase and profile prefactors uncomputed
0.0,1.0,11.1366583965432,8.979354168844745e-05,8.979354168844745e-05,1.0,1.0,bare powers only; phase and profile prefactors uncomputed
0.0,1.0,11.794448382955435,8.47856523281864e-05,8.47856523281864e-05,1.0,1.0,bare powers only; phase and profile prefactors uncomputed
0.0,1.0,12.491090927362858,8.005705873210881e-05,8.005705873210881e-05,1.0,1.0,bare powers only; phase and profile prefactors uncomputed
0.0,1.0,13.228880867470423,7.559218425339228e-05,7.559218425339228e-05,1.0,1.0,bare powers only; phase and profile prefactors uncomputed
0.0,1.0,14.010248586243549,7.137632097276882e-05,7.137632097276882e-05,1.0,1.0,bare powers only; phase and profile prefactors uncomputed
0.0,1.0,14.837768017928529,6.739558124858781e-05,6.739558124858781e-05,1.0,1.0,bare powers only; phase and profile prefactors uncomputed
0.0,1.0,15.714165126950993,6.363685196898711e-05,6.363685196898711e-05,1.0,1.0,bare powers only; phase and profile prefactors uncomputed
0.0,1.0,16.642326887622865,6.008775135547388e-05,6.008775135547388e-05,1.0,1.0,bare powers only; phase and profile prefactors uncomputed
0.0,1.0,17.625310794238462,5.673658817561901e-05,5.673658817561901e-05,1.0,1.0,bare powers only; phase and profile prefactors uncomputed
0.0,1.0,18.66635493288712,5.3572323230507126e-05,5.3572323230507126e-05,1.0,1.0,bare powers only; phase and profile prefactors uncomputed
0.0,1.0,19.768888648160367,5.0584532990075654e-05,5.0584532990075654e-05,1.0,1.0,bare powers only; phase and profile prefactors uncomputed
0.0,1.0,20.93654383989139,4.776337525655275e-05,4.776337525655275e-05,1.0,1.0,bare powers only; phase and profile prefactors uncomputed
0.0,1.0,22.173166927139544,4.509955674288541e-05,4.509955674288541e-05,1.0,1.0,bare powers only; phase and profile prefactors uncomputed
0.0,1.0,23.482831518831304,4.258430245935555e-05,4.258430245935555e-05,1.0,1.0,bare powers only; phase and profile prefactors uncomputed
0.0,1.0,24.869851832796186,4.020932680754002e-05,4.020932680754002e-05,1.0,1.0,bare powers only; phase and profile prefactors uncomputed
0.0,1.0,26.338796907401974,3.7966806286393854e-05,3.7966806286393854e-05,1.0,1.0,bare powers only; phase and profile prefactors uncomputed
0.0,1.0,27.89450565260444,3.5849353720546494e-05,3.5849353720546494e-05,1.0,1.0,bare powers only; phase and profile prefactors uncomputed
0.0,1.0,29.542102789991553,3.384999392591599e-05,3.384999392591599e-05,1.0,1.0,bare powers only; phase and profile prefactors uncomputed
0.0,1.0,31.287015734331234,3.196214073247965e-05,3.196214073247965e-05,1.0,1.0,bare powers only; phase and profile prefactors uncomputed
0.0,1.0,33.13499247223256,3.017957528851136e-05,3.017957528851136e-05,1.0,1.0,bare powers only; phase and profile prefactors uncomputed
0.0,1.0,35.092120496815305,2.849642557481679e-05,2.849642557481679e-05,1.0,1.0,bare powers only; phase and profile prefactors uncomputed
0.0,1.0,37.164846860761415,2.6907147061482944e-05,2.6907147061482944e-05,1.0,1.0,bare powers only; phase and profile prefactors uncomputed
0.0,1.0,39.359999413805625,2.5406504443423526e-05,2.5406504443423526e-05,1.0,1.0,bare powers only; phase and profile prefactors uncomputed
0.0,1.0,41.68480929462492,2.3989554394553655e-05,2.3989554394553655e-05,1.0,1.0,bare powers only; phase and profile prefactors uncomputed
0.0,1.0,44.146934751217835,2.2651629283784292e-05,2.2651629283784292e-05,1.0,1.0,bare powers only; phase and profile prefactors uncomputed
0.0,1.0,46.75448636824141,2.1388321799194506e-05,2.1388321799194506e-05,1.0,1.0,bare powers only; phase and profile prefactors uncomputed
0.0,1.0,49.51605378440846,2.0195470429731186e-05,2.0195470429731186e-05,1.0,1.0,bare powers only; phase and profile prefactors uncomputed
0.0,1.0,52.4407339879553,1.9069145756611302e-05,1.9069145756611302e-05,1.0,1.0,bare powers only; phase and profile prefactors uncomputed
0.0,1.0,55.53816128338998,1.800563750926831e-05,1.800563750926831e-05,1.0,1.0,bare powers only; phase and profile prefactors uncomputed
0.0,1.0,58.81853902823503,1.7001442343203457e-05,1.7001442343203457e-05,1.0,1.0,bare powers only; phase and profile prefactors uncomputed
0.0,1.0,62.29267324431008,1.6053252299480367e-05,1.6053252299480367e-05,1.0,1.0,bare powers only; phase and profile prefactors uncomputed
0.0,1.0,65.97200821427519,1.5157943907846932e-05,1.5157943907846932e-05,1.0,1.0,bare powers only; phase and profile prefactors uncomputed
0.0,1.0,69.8686641806938,1.4312567897588651e-05,1.4312567897588651e-05,1.0,1.0,bare powers only; phase and profile prefactors uncomputed
0.0,1.0,73.99547727180246,1.351433948221956e-05,1.351433948221956e-05,1.0,1.0,bare powers only; phase and profile prefactors uncomputed
0.0,1.0,78.36604178550743,1.276062918600713e-05,1.276062918600713e-05,1.0,1.0,bare powers only; phase and profile prefactors uncomputed
0.0,1.0,82.99475497089797,1.2048954182112465e-05,1.2048954182112465e-05,1.0,1.0,bare powers only; phase and profile prefactors uncomputed
0.0,1.0,87.89686445479306,1.1376970113812398e-05,1.1376970113812398e-05,1.0,1.0,bare powers only; phase and profile prefactors uncomputed
0.0,1.0,93.08851846955056,1.0742463371861499e-05,1.0742463371861499e-05,1.0,1.0,bare powers only; phase and profile prefactors uncomputed
0.0,1.0,98.58681904759716,1.0143343802554437e-05,1.0143343802554437e-05,1.0,1.0,bare powers only; phase and profile prefactors uncomputed
0.0,1.0,104.40987835790825,9.577637822468142e-06,9.577637822468142e-06,1.0,1.0,bare powers only; phase and profile prefactors uncomputed
0.0,1.0,110.57687837001873,9.043481917202822e-06,9.043481917202822e-06,1.0,1.0,bare powers only; phase and profile prefactors uncomputed
0.0,1.0,117.10813404210603,8.539116502705536e-06,8.539116502705536e-06,1.0,1.0,bare powers only; phase and profile prefactors uncomputed
0.0,1.0,124.02516024129615,8.062880128954948e-06,8.062880128954948e-06,1.0,1.0,bare powers only; phase and profile prefactors uncomputed
0.0,1.0,131.3507426166361,7.61320400691321e-06,7.61320400691321e-06,1.0,1.0,bare powers only; phase and profile prefactors uncomputed
0.0,1.0,139.1090126582001,7.188606840716101e-06,7.188606840716101e-06,1.0,1.0,bare powers only; phase and profile prefactors uncomputed
0.0,1.0,147.32552718958416,6.78768994807778e-06,6.78768994807778e-06,1.0,1.0,bare powers only; phase and profile prefactors uncomputed
0.0,1.0,156.0273525556467,6.409132652836324e-06,6.409132652836324e-06,1.0,1.0,bare powers only; phase and profile prefactors uncomputed
0.0,1.0,165.24315378282398,6.051687934462214e-06,6.051687934462214e-06,1.0,1.0,bare powers only; phase and profile prefactors uncomputed
0.0,1.0,175.003289005725,5.714178320198808e-06,5.714178320198808e-06,1.0,1.0,bare powers only; phase and profile prefactors uncomputed
0.0,1.0,185.33990947106184,5.395492006302805e-06,5.395492006302805e-06,1.0,1.0,bare powers only; phase and profile prefactors uncomputed
0.0,1.0,196.28706544833935,5.094579195607718e-06,5.094579195607718e-06,1.0,1.0,bare powers only; phase and profile prefactors uncomputed
0.0,1.0,207.8808183961928,4.810448639345527e-06,4.810448639345527e-06,1.0,1.0,bare powers only; phase and profile prefactors uncomputed
0.0,1.0,220.1593597538627,4.542164371835001e-06,4.542164371835001e-06,1.0,1.0,bare powers only; phase and profile prefactors uncomputed
0.0,1.0,233.16313674912124,4.288842627280228e-06,4.288842627280228e-06,1.0,1.0,bare powers only; phase and profile prefactors uncomputed
0.0,1.0,246.9349856370827,4.049648928522779e-06,4.049648928522779e-06,1.0,1.0,bare powers only; phase and profile prefactors uncomputed
0.0,1.0,261.5202728088019,3.823795338157598e-06,3.823795338157598e-06,1.0,1.0,bare powers only; phase and profile prefactors uncomputed
0.0,1.0,276.96704423449495,3.610537862957253e-06,3.610537862957253e-06,1.0,1.0,bare powers only; phase and profile prefactors uncomputed
0.0,1.0,293.32618373366444,3.409174003054512e-06,3.409174003054512e-06,1.0,1.0,bare powers only; phase and profile prefactors uncomputed
0.0,1.0,310.65158059349886,3.219040437809791e-06,3.219040437809791e-06,1.0,1.0,bare powers only; phase and profile prefactors uncomputed
0.0,1.0,329.0003070877017,3.039510840740432e-06,3.039510840740432e-06,1.0,1.0,bare powers only; phase and profile prefactors uncomputed
0.0,1.0,348.43280648051933,2.8699938163139333e-06,2.8699938163139333e-06,1.0,1.0,bare powers only; phase and profile prefactors uncomputed
0.0,1.0,369.0130921352843,2.7099309518085855e-06,2.7099309518085855e-06,1.0,1.0,bare powers only; phase and profile prefactors uncomputed
0.0,1.0,390.80895838336386,2.5587949778240503e-06,2.5587949778240503e-06,1.0,1.0,bare powers only; phase and profile prefactors uncomputed
0.0,1.0,413.89220384814075,2.4160880313824548e-06,2.4160880313824548e-06,1.0,1.0,bare powers only; phase and profile prefactors uncomputed
0.0,1.0,438.338867959694,2.281340015898275e-06,2.281340015898275e-06,1.0,1.0,bare powers only; phase and profile prefactors uncomputed
0.0,1.0,464.22948143928664,2.15410705261463e-06,2.15410705261463e-06,1.0,1.0,bare powers only; phase and profile prefactors uncomputed
0.0,1.0,491.64933157879483,2.0339700184047414e-06,2.0339700184047414e-06,1.0,1.0,bare powers only; phase and profile prefactors uncomputed
0.0,1.0,520.6887431889405,1.920533165121899e-06,1.920533165121899e-06,1.0,1.0,bare powers only; phase and profile prefactors uncomputed
0.0,1.0,551.4433761418169,1.8134228159498754e-06,1.8134228159498754e-06,1.0,1.0,bare powers only; phase and profile prefactors uncomputed
0.0,1.0,584.0145404878507,1.712286134459358e-06,1.712286134459358e-06,1.0,1.0,bare powers only; phase and profile prefactors uncomputed
0.0,1.0,618.5095301852358,1.6167899623155561e-06,1.6167899623155561e-06,1.0,1.0,bare powers only; phase and profile prefactors uncomputed
0.0,1.0,655.0419765411972,1.5266197218081757e-06,1.5266197218081757e-06,1.0,1.0,bare powers only; phase and profile prefactors uncomputed
0.0,1.0,693.7322225293678,1.4414783795885557e-06,1.4414783795885557e-06,1.0,1.0,bare powers only; phase and profile prefactors uncomputed
0.0,1.0,734.7077192163248,1.3610854682004008e-06,1.3610854682004008e-06,1.0,1.0,bare powers only; phase and profile prefactors uncomputed
0.0,1.0,778.1034456031812,1.2851761621808605e-06,1.2851761621808605e-06,1.0,1.0,bare powers only; phase and profile prefactors uncomputed
0.0,1.0,824.0623532652404,1.2135004056885126e-06,1.2135004056885126e-06,1.0,1.0,bare powers only; phase and profile prefactors uncomputed
0.0,1.0,872.7358372544267,1.1458220887845496e-06,1.1458220887845496e-06,1.0,1.0,bare powers only; phase and profile prefactors uncomputed
0.0,1.0,924.2842348156968,1.0819182696537081e-06,1.0819182696537081e-06,1.0,1.0,bare powers only; phase and profile prefactors uncomputed
0.0,1.0,978.8773535602901,1.0215784402028346e-06,1.0215784402028346e-06,1.0,1.0,bare powers only; phase and profile prefactors uncomputed
0.0,1.0,1036.695030835687,9.646038326178656e-07,9.646038326178656e-07,1.0,1.0,bare powers only; phase and profile prefactors uncomputed
0.0,1.0,1097.9277261349084,9.108067645949265e-07,9.108067645949265e-07,1.0,1.0,bare powers only; phase and profile prefactors uncomputed
0.0,1.0,1162.7771484966524,8.600100210886445e-07,8.600100210886445e-07,1.0,1.0,bare powers only; phase and profile prefactors uncomputed
0.0,1.0,1231.4569209630047,8.120462705410725e-07,8.120462705410725e-07,1.0,1.0,bare powers only; phase and profile prefactors uncomputed
0.0,1.0,1304.1932842835274,7.667575136681987e-07,7.667575136681987e-07,1.0,1.0,bare powers only; phase and profile prefactors uncomputed
0.0,1.0,1381.2258421838474,7.239945629882702e-07,7.239945629882702e-07,1.0,1.0,bare powers only; phase and profile prefactors uncomputed
0.0,1.0,1462.8083506537441,6.836165513774172e-07,6.836165513774172e-07,1.0,1.0,bare powers only; phase and profile prefactors uncomputed
0.0,1.0,1549.2095538547792,6.454904680336994e-07,6.454904680336994e-07,1.0,1.0,bare powers only; phase and profile prefactors uncomputed
0.0,1.0,1640.714069401037,6.094907203209775e-07,6.094907203209775e-07,1.0,1.0,bare powers only; phase and profile prefactors uncomputed
0.0,1.0,1737.6233259292483,5.75498720049248e-07,5.75498720049248e-07,1.0,1.0,bare powers only; phase and profile prefactors uncomputed
0.0,1.0,1840.2565560467651,5.434024928286073e-07,5.434024928286073e-07,1.0,1.0,bare powers only; phase and profile prefactors uncomputed
0.0,1.0,1948.9518479282847,5.13096309209994e-07,5.13096309209994e-07,1.0,1.0,bare powers only; phase and profile prefactors uncomputed
0.0,1.0,2064.0672590254585,4.844803363976356e-07,4.844803363976356e-07,1.0,1.0,bare powers only; phase and profile prefactors uncomputed
0.0,1.0,2185.981995558072,4.5746030938589877e-07,4.5746030938589877e-07,1.0,1.0,bare powers only; phase and profile prefactors uncomputed
0.0,1.0,2315.097661672234,4.3194722043720725e-07,4.3194722043720725e-07,1.0,1.0,bare powers only; phase and profile prefactors uncomputed
0.0,1.0,2451.8395823804312,4.0785702587814665e-07,4.0785702587814665e-07,1.0,1.0,bare powers only; phase and profile prefactors uncomputed
0.0,1.0,2596.65820464145,3.8511036924787773e-07,3.8511036924787773e-07,1.0,1.0,bare powers only; phase and profile prefactors uncomputed
0.0,1.0,2750.03058119549,3.6363231988688683e-07,3.6363231988688683e-07,1.0,1.0,bare powers only; phase and profile prefactors uncomputed
0.0,1.0,2912.4619420424137,3.4335212610494505e-07,3.4335212610494505e-07,1.0,1.0,bare powers only; phase and profile prefactors uncomputed
0.0,1.0,3084.4873587398383,3.2420298211516993e-07,3.2420298211516993e-07,1.0,1.0,bare powers only; phase and profile prefactors uncomputed
0.0,1.0,3266.6735070034856,3.0612180796644695e-07,3.0612180796644695e-07,1.0,1.0,bare powers only; phase and profile prefactors uncomputed
0.0,1.0,3459.620533416007,2.890490417492714e-07,2.890490417492714e-07,1.0,1.0,bare powers only; phase and profile prefactors uncomputed
0.0,1.0,3663.9640323935464,2.7292844339051354e-07,2.7292844339051354e-07,1.0,1.0,bare powers only; phase and profile prefactors uncomputed
0.0,1.0,3880.377139922385,2.5770690939077167e-07,2.5770690939077167e-07,1.0,1.0,bare powers only; phase and profile prefactors uncomputed
0.0,1.0,4109.572750962785,2.4333429789403795e-07,2.4333429789403795e-07,1.0,1.0,bare powers only; phase and profile prefactors uncomputed
0.0,1.0,4352.305867824393,2.2976326351343388e-07,2.2976326351343388e-07,1.0,1.0,bare powers only; phase and profile prefactors uncomputed
0.0,1.0,4609.376087249164,2.1694910136889965e-07,2.1694910136889965e-07,1.0,1.0,bare powers only; phase and profile prefactors uncomputed
0.0,1.0,4881.630234394565,2.0484959982308522e-07,2.0484959982308522e-07,1.0,1.0,bare powers only; phase and profile prefactors uncomputed
0.0,1.0,5169.96515239373,1.9342490143033034e-07,1.9342490143033034e-07,1.0,1.0,bare powers only; phase and profile prefactors uncomputed
0.0,1.0,5475.330656681835,1.8263737164067843e-07,1.8263737164067843e-07,1.0,1.0,bare powers only; phase and profile prefactors uncomputed
0.0,1.0,5798.732663820638,1.7245147482641922e-07,1.7245147482641922e-07,1.0,1.0,bare powers only; phase and profile prefactors uncomputed
0.0,1.0,6141.236505127898,1.6283365722277667e-07,1.6283365722277667e-07,1.0,1.0,bare powers only; phase and profile prefactors uncomputed
0.0,1.0,6503.9704360273445,1.537522363971268e-07,1.537522363971268e-07,1.0,1.0,bare powers only; phase and profile prefactors uncomputed
0.0,1.0,6888.1293526793925,1.4517729688264543e-07,1.4517729688264543e-07,1.0,1.0,bare powers only; phase and profile prefactors uncomputed
0.0,1.0,7294.978728135781,1.3708059163258838e-07,1.3708059163258838e-07,1.0,1.0,bare powers only; phase and profile prefactors uncomputed
0.0,1.0,7725.858780984264,1.2943544897058046e-07,1.2943544897058046e-07,1.0,1.0,bare powers only; phase and profile prefactors uncomputed
0.0,1.0,8182.188890215582,1.2221668473039273e-07,1.2221668473039273e-07,1.0,1.0,bare powers only; phase and profile prefactors uncomputed
0.0,1.0,8665.472270855858,1.1540051929578592e-07,1.1540051929578592e-07,1.0,1.0,bare powers only; phase and profile prefactors uncomputed
0.0,1.0,9177.300925766493,1.0896449926713939e-07,1.0896449926713939e-07,1.0,1.0,bare powers only; phase and profile prefactors uncomputed
0.0,1.0,9719.360889923666,1.0288742349681951e-07,1.0288742349681951e-07,1.0,1.0,bare powers only; phase and profile prefactors uncomputed
0.0,1.0,10293.437784452732,9.71492732496432e-08,9.71492732496432e-08,1.0,1.0,bare powers only; phase and profile prefactors uncomputed
0.0,1.0,10901.422698713197,9.173114625837229e-08,9.173114625837229e-08,1.0,1.0,bare powers only; phase and profile prefactors uncomputed
0.0,1.0,11545.318419810872,8.661519445700837e-08,8.661519445700837e-08,1.0,1.0,bare powers only; phase and profile prefactors uncomputed
0.0,1.0,12227.246030057917,8.178456518677442e-08,8.178456518677442e-08,1.0,1.0,bare powers only; phase and profile prefactors uncomputed
0.0,1.0,12949.451894113823,7.722334568110565e-08,7.722334568110565e-08,1.0,1.0,bare powers only; phase and profile prefactors uncomputed
0.0,1.0,13714.315058823875,7.291651064677803e-08,7.291651064677803e-08,1.0,1.0,bare powers only; phase and profile prefactors uncomputed
0.0,1.0,14524.35509013139,6.88498727684958e-08,6.88498727684958e-08,1.0,1.0,bare powers only; phase and profile prefactors uncomputed
0.0,1.0,15382.240372879189,6.501003597389656e-08,6.501003597389656e-08,1.0,1.0,bare powers only; phase and profile prefactors uncomputed
0.0,1.0,16290.796900841538,6.13843513050207e-08,6.13843513050207e-08,1.0,1.0,bare powers only; phase and profile prefactors uncomputed
0.0,1.0,17253.01758594178,5.7960875250879455e-08,5.7960875250879455e-08,1.0,1.0,bare powers only; phase and profile prefactors uncomputed
0.0,1.0,18272.07211732163,5.472833040386352e-08,5.472833040386352e-08,1.0,1.0,bare powers only; phase and profile prefactors uncomputed
0.0,1.0,19351.317402739274,5.167606831039031e-08,5.167606831039031e-08,1.0,1.0,bare powers only; phase and profile prefactors uncomputed
0.0,1.0,20494.308626691865,4.879403439341188e-08,4.879403439341188e-08,1.0,1.0,bare powers only; phase and profile prefactors uncomputed
0.0,1.0,21704.810961688905,4.607273483123613e-08,4.607273483123613e-08,1.0,1.0,bare powers only; phase and profile prefactors uncomputed
0.0,1.0,22986.811971255767,4.350320528355415e-08,4.350320528355415e-08,1.0,1.0,bare powers only; phase and profile prefactors uncomputed
0.0,1.0,24344.534745524074,4.1076981361652716e-08,4.1076981361652716e-08,1.0,1.0,bare powers only; phase and profile prefactors uncomputed
0.0,1.0,25782.451812679625,3.8786070745537386e-08,3.8786070745537386e-08,1.0,1.0,bare powers only; phase and profile prefactors uncomputed
0.0,1.0,27305.299872094016,3.662292685611553e-08,3.662292685611553e-08,1.0,1.0,bare powers only; phase and profile prefactors uncomputed
0.0,1.0,28918.09539767298,3.458042399571268e-08,3.458042399571268e-08,1.0,1.0,bare powers only; phase and profile prefactors uncomputed
0.0,1.0,30626.151162821316,3.265183387503006e-08,3.265183387503006e-08,1.0,1.0,bare powers only; phase and profile prefactors uncomputed
0.0,1.0,32435.093741459146,3.083080344922146e-08,3.083080344922146e-08,1.0,1.0,bare powers only; phase and profile prefactors uncomputed
0.0,1.0,34350.882042741396,2.9111333990077475e-08,2.9111333990077475e-08,1.0,1.0,bare powers only; phase and profile prefactors uncomputed
0.0,1.0,36379.826940535604,2.748776132537804e-08,2.748776132537804e-08,1.0,1.0,bare powers only; phase and profile prefactors uncomputed
0.0,1.0,38528.61206232066,2.5954737180318976e-08,2.5954737180318976e-08,1.0,1.0,bare powers only; phase and profile prefactors uncomputed
0.0,1.0,40804.31580598789,2.450721155954913e-08,2.450721155954913e-08,1.0,1.0,bare powers only; phase and profile prefactors uncomputed
0.0,1.0,43214.434657070895,2.3140416111781235e-08,2.3140416111781235e-08,1.0,1.0,bare powers only; phase and profile prefactors uncomputed
0.0,1.0,45766.907883214815,2.1849848422177412e-08,2.1849848422177412e-08,1.0,1.0,bare powers only; phase and profile prefactors uncomputed
0.0,1.0,48470.143687230746,2.063125718076725e-08,2.063125718076725e-08,1.0,1.0,bare powers only; phase and profile prefactors uncomputed
0.0,1.0,51333.04690488887,1.9480628178039455e-08,1.9480628178039455e-08,1.0,1.0,bare powers only; phase and profile prefactors uncomputed
0.0,1.0,54365.04833868941,1.839417108157597e-08,1.839417108157597e-08,1.0,1.0,bare powers only; phase and profile prefactors uncomputed
0.0,1.0,57576.1358242414,1.7368306950168194e-08,1.7368306950168194e-08,1.0,1.0,bare powers only; phase and profile prefactors uncomputed
0.0,1.0,60976.88713158624,1.639965644428569e-08,1.639965644428569e-08,1.0,1.0,bare powers only; phase and profile prefactors uncomputed
0.0,1.0,64578.504809847385,1.548502869406034e-08,1.548502869406034e-08,1.0,1.0,bare powers only; phase and profile prefactors uncomputed
0.0,1.0,68392.85308999018,1.4621410788115776e-08,1.4621410788115776e-08,1.0,1.0,bare powers only; phase and profile prefactors uncomputed
0.0,1.0,72432.49696725263,1.3805957848617426e-08,1.3805957848617426e-08,1.0,1.0,bare powers only; phase and profile prefactors uncomputed
0.0,1.0,76710.74359199268,1.3035983659847928e-08,1.3035983659847928e-08,1.0,1.0,bare powers only; phase and profile prefactors uncomputed
0.0,1.0,81241.68610529743,1.2308951819437858e-08,1.2308951819437858e-08,1.0,1.0,bare powers only; phase and profile prefactors uncomputed
0.0,1.0,86040.25006375545,1.1622467383102722e-08,1.1622467383102722e-08,1.0,1.0,bare powers only; phase and profile prefactors uncomputed
0.0,1.0,91122.2426063218,1.0974268975362372e-08,1.0974268975362372e-08,1.0,1.0,bare powers only; phase and profile prefactors uncomputed
0.0,1.0,96504.40452523911,1.0362221340254652e-08,1.0362221340254652e-08,1.0,1.0,bare powers only; phase and profile prefactors uncomputed
0.0,1.0,102204.46541254103,9.784308307504676e-09,9.784308307504676e-09,1.0,1.0,bare powers only; phase and profile prefactors uncomputed
0.0,1.0,108241.20206380203,9.23862615097859e-09,9.23862615097859e-09,1.0,1.0,bare powers only; phase and profile prefactors uncomputed
0.0,1.0,114634.5003315206,8.723377317544204e-09,8.723377317544204e-09,1.0,1.0,bare powers only; phase and profile prefactors uncomputed
0.0,1.0,121405.42063189101,8.236864505680217e-09,8.236864505680217e-09,1.0,1.0,bare powers only; phase and profile prefactors uncomputed
0.0,1.0,128576.26732075168,7.77748507432836e-09,7.77748507432836e-09,1.0,1.0,bare powers only; phase and profile prefactors uncomputed
0.0,1.0,136170.6621672438,7.343725763570186e-09,7.343725763570186e-09,1.0,1.0,bare powers only; phase and profile prefactors uncomputed
0.0,1.0,144213.62216721472,6.934157709737757e-09,6.934157709737757e-09,1.0,1.0,bare powers only; phase and profile prefactors uncomputed
0.0,1.0,152731.64195268982,6.547431738537581e-09,6.547431738537581e-09,1.0,1.0,bare powers only; phase and profile prefactors uncomputed
0.0,1.0,161752.7810688868,6.182273920682227e-09,6.182273920682227e-09,1.0,1.0,bare powers only; phase and profile prefactors uncomputed
0.0,1.0,171306.7564062709,5.8374813753895454e-09,5.8374813753895454e-09,1.0,1.0,bare powers only; phase and profile prefactors uncomputed
0.0,1.0,181425.04009213694,5.511918307925677e-09,5.511918307925677e-09,1.0,1.0,bare powers only; phase and profile prefactors uncomputed
0.0,1.0,192140.9631641861,5.204512268138743e-09,5.204512268138743e-09,1.0,1.0,bare powers only; phase and profile prefactors uncomputed
0.0,1.0,203489.8253676125,4.9142506176584506e-09,4.9142506176584506e-09,1.0,1.0,bare powers only; phase and profile prefactors uncomputed
0.0,1.0,215509.01143738898,4.640177194124088e-09,4.640177194124088e-09,1.0,1.0,bare powers only; phase and profile prefactors uncomputed
0.0,1.0,228238.11424879584,4.381389161452366e-09,4.381389161452366e-09,1.0,1.0,bare powers only; phase and profile prefactors uncomputed
0.0,1.0,241719.06524187577,4.137034035769384e-09,4.137034035769384e-09,1.0,1.0,bare powers only; phase and profile prefactors uncomputed
0.0,1.0,255996.2725494454,3.906306877209906e-09,3.906306877209906e-09,1.0,1.0,bare powers only; phase and profile prefactors uncomputed
0.0,1.0,271116.7672836785,3.6884476383331395e-09,3.6884476383331395e-09,1.0,1.0,bare powers only; phase and profile prefactors uncomputed
0.0,1.0,287130.3584631485,3.4827386604204875e-09,3.4827386604204875e-09,1.0,1.0,bare powers only; phase and profile prefactors uncomputed
0.0,1.0,304089.79709068534,3.2885023094075754e-09,3.2885023094075754e-09,1.0,1.0,bare powers only; phase and profile prefactors uncomputed
0.0,1.0,322050.9499225322,3.1050987436632137e-09,3.1050987436632137e-09,1.0,1.0,bare powers only; phase and profile prefactors uncomputed
0.0,1.0,341072.98350123543,2.9319238062617712e-09,2.9319238062617712e-09,1.0,1.0,bare powers only; phase and profile prefactors uncomputed
0.0,1.0,361218.55905848695,2.7684070348059952e-09,2.7684070348059952e-09,1.0,1.0,bare powers only; phase and profile prefactors uncomputed
0.0,1.0,382554.03892996116,2.6140097822443375e-09,2.6140097822443375e-09,1.0,1.0,bare powers only; phase and profile prefactors uncomputed
0.0,1.0,405149.70516210457,2.468223442492425e-09,2.468223442492425e-09,1.0,1.0,bare powers only; phase and profile prefactors uncomputed
0.0,1.0,429079.99103099835,2.330567775013672e-09,2.330567775013672e-09,1.0,1.0,bare powers only; phase and profile prefactors uncomputed
0.0,1.0,454423.72623595473,2.2005893228399787e-09,2.2005893228399787e-09,1.0,1.0,bare powers only; phase and profile prefactors uncomputed
0.0,1.0,481264.3965755363,2.0778599188212483e-09,2.0778599188212483e-09,1.0,1.0,bare powers only; phase and profile prefactors uncomputed
0.0,1.0,509690.4189614237,1.961975275183044e-09,1.961975275183044e-09,1.0,1.0,bare powers only; phase and profile prefactors uncomputed
0.0,1.0,539795.4326760538,1.8525536517463037e-09,1.8525536517463037e-09,1.0,1.0,bare powers only; phase and profile prefactors uncomputed
0.0,1.0,571678.6078334769,1.749234598421929e-09,1.749234598421929e-09,1.0,1.0,bare powers only; phase and profile prefactors uncomputed
0.0,1.0,605444.9720595427,1.6516777678379255e-09,1.6516777678379255e-09,1.0,1.0,bare powers only; phase and profile prefactors uncomputed
0.0,1.0,641205.7564675488,1.5595617941876813e-09,1.5595617941876813e-09,1.0,1.0,bare powers only; phase and profile prefactors uncomputed
0.0,1.0,679078.7620690458,1.4725832346061846e-09,1.4725832346061846e-09,1.0,1.0,bare powers only; phase and profile prefactors uncomputed
0.0,1.0,719188.7478267926,1.3904555695869113e-09,1.3904555695869113e-09,1.0,1.0,bare powers only; phase and profile prefactors uncomputed
0.0,1.0,761667.8416281851,1.3129082591465885e-09,1.3129082591465885e-09,1.0,1.0,bare powers only; phase and profile prefactors uncomputed
0.0,1.0,806655.9755329442,1.2396858516287765e-09,1.2396858516287765e-09,1.0,1.0,bare powers only; phase and profile prefactors uncomputed
0.0,1.0,854301.3467288382,1.1705471422104739e-09,1.1705471422104739e-09,1.0,1.0,bare powers only; phase and profile prefactors uncomputed
0.0,1.0,904760.905713888,1.1052643783397838e-09,1.1052643783397838e-09,1.0,1.0,bare powers only; phase and profile prefactors uncomputed
0.0,1.0,958200.8733131973,1.0436225094872561e-09,1.0436225094872561e-09,1.0,1.0,bare powers only; phase and profile prefactors uncomputed
0.0,1.0,1014797.2882335407,9.85418478739436e-10,9.85418478739436e-10,1.0,1.0,bare powers only; phase and profile prefactors uncomputed
0.0,1.0,1074736.5869594063,9.304605539010753e-10,9.304605539010753e-10,1.0,1.0,bare powers only; phase and profile prefactors uncomputed
0.0,1.0,1138216.2179007847,8.785676959025433e-10,8.785676959025433e-10,1.0,1.0,bare powers only; phase and profile prefactors uncomputed
0.0,1.0,1205445.2918157706,8.295689624318778e-10,8.295689624318778e-10,1.0,1.0,bare powers only; phase and profile prefactors uncomputed
0.0,1.0,1276645.2706505638,7.833029448269619e-10,7.833029448269619e-10,1.0,1.0,bare powers only; phase and profile prefactors uncomputed
0.0,1.0,1352050.697066006,7.396172363728905e-10,7.396172363728905e-10,1.0,1.0,bare powers only; phase and profile prefactors uncomputed
0.0,1.0,1431909.96705383,6.983679302529834e-10,6.983679302529834e-10,1.0,1.0,bare powers only; phase and profile prefactors uncomputed
0.0,1.0,1516486.148187684,6.594191454996648e-10,6.594191454996648e-10,1.0,1.0,bare powers only; phase and profile prefactors uncomputed
0.0,1.0,1606057.8462044213,6.226425793836062e-10,6.226425793836062e-10,1.0,1.0,bare powers only; phase and profile prefactors uncomputed
0.0,1.0,1700920.1227702536,5.879170847666379e-10,5.879170847666379e-10,1.0,1.0,bare powers only; phase and profile prefactors uncomputed
0.0,1.0,1801385.467455033,5.551282710261807e-10,5.551282710261807e-10,1.0,1.0,bare powers only; phase and profile prefactors uncomputed
0.0,1.0,1907784.8271164785,5.241681272365764e-10,5.241681272365764e-10,1.0,1.0,bare powers only; phase and profile prefactors uncomputed
0.0,1.0,2020468.6960852805,4.949346663660416e-10,4.949346663660416e-10,1.0,1.0,bare powers only; phase and profile prefactors uncomputed
0.0,1.0,2139808.2707423274,4.673315893171529e-10,4.673315893171529e-10,1.0,1.0,bare powers only; phase and profile prefactors uncomputed
0.0,1.0,2266196.6722913324,4.412679677041925e-10,4.412679677041925e-10,1.0,1.0,bare powers only; phase and profile prefactors uncomputed
0.0,1.0,2400050.2417549235,4.1665794432236416e-10,4.1665794432236416e-10,1.0,1.0,bare powers only; phase and profile prefactors uncomputed
0.0,1.0,2541809.9114600397,3.934204503221839e-10,3.934204503221839e-10,1.0,1.0,bare powers only; phase and profile prefactors uncomputed
0.0,1.0,2691942.657530511,3.7147893815738397e-10,3.7147893815738397e-10,1.0,1.0,bare powers only; phase and profile prefactors uncomputed
0.0,1.0,2850943.038171544,3.507611294266164e-10,3.507611294266164e-10,1.0,1.0,bare powers only; phase and profile prefactors uncomputed
0.0,1.0,3019334.822813422,3.311987767783233e-10,3.311987767783233e-10,1.0,1.0,bare powers only; phase and profile prefactors uncomputed
0.0,1.0,3197672.7174810837,3.127274390944345e-10,3.127274390944345e-10,1.0,1.0,bare powers only; phase and profile prefactors uncomputed
0.0,1.0,3386544.1920731002,2.9528626921234466e-10,2.9528626921234466e-10,1.0,1.0,bare powers only; phase and profile prefactors uncomputed
0.0,1.0,3586571.415569484,2.788178134858684e-10,2.788178134858684e-10,1.0,1.0,bare powers only; phase and profile prefactors uncomputed
0.0,1.0,3798413.305543076,2.6326782252491776e-10,2.6326782252491776e-10,1.0,1.0,bare powers only; phase and profile prefactors uncomputed
0.0,1.0,4022767.6987259365,2.4858507249044316e-10,2.4858507249044316e-10,1.0,1.0,bare powers only; phase and profile prefactors uncomputed
0.0,1.0,4260373.649780869,2.347211963559662e-10,2.347211963559662e-10,1.0,1.0,bare powers only; phase and profile prefactors uncomputed
0.0,1.0,4512013.865850546,2.216305245798471e-10,2.216305245798471e-10,1.0,1.0,bare powers only; phase and profile prefactors uncomputed
0.0,1.0,4778517.284904051,2.0926993466344224e-10,2.0926993466344224e-10,1.0,1.0,bare powers only; phase and profile prefactors uncomputed
0.0,1.0,5060761.806374096,1.9759870909958385e-10,1.9759870909958385e-10,1.0,1.0,bare powers only; phase and profile prefactors uncomputed
0.0,1.0,5359677.183080246,1.8657840124342932e-10,1.8657840124342932e-10,1.0,1.0,bare powers only; phase and profile prefactors uncomputed
0.0,1.0,5676248.083964364,1.7617270866385172e-10,1.7617270866385172e-10,1.0,1.0,bare powers only; phase and profile prefactors uncomputed
0.0,1.0,6011517.337727448,1.663473535581672e-10,1.663473535581672e-10,1.0,1.0,bare powers only; phase and profile prefactors uncomputed
0.0,1.0,6366589.368052807,1.570699698362746e-10,1.570699698362746e-10,1.0,1.0,bare powers only; phase and profile prefactors uncomputed
0.0,1.0,6742633.831731758,1.4830999650223675e-10,1.4830999650223675e-10,1.0,1.0,bare powers only; phase and profile prefactors uncomputed
0.0,1.0,7140889.471676164,1.4003857698210138e-10,1.4003857698210138e-10,1.0,1.0,bare powers only; phase and profile prefactors uncomputed
0.0,1.0,7562668.197510405,1.3222846406631916e-10,1.3222846406631916e-10,1.0,1.0,bare powers only; phase and profile prefactors uncomputed
0.0,1.0,8009359.407184645,1.2485393015363618e-10,1.2485393015363618e-10,1.0,1.0,bare powers only; phase and profile prefactors uncomputed
0.0,1.0,8482434.563845469,1.178906825007861e-10,1.178906825007861e-10,1.0,1.0,bare powers only; phase and profile prefactors uncomputed
0.0,1.0,8983452.043040713,1.1131578319880695e-10,1.1131578319880695e-10,1.0,1.0,bare powers only; phase and profile prefactors uncomputed
0.0,1.0,9514062.266225863,1.0510757361236916e-10,1.0510757361236916e-10,1.0,1.0,bare powers only; phase and profile prefactors uncomputed
0.0,1.0,10076013.137482585,9.924560303320945e-11,9.924560303320945e-11,1.0,1.0,bare powers only; phase and profile prefactors uncomputed
0.0,1.0,10671155.80135845,9.37105613126462e-11,9.37105613126462e-11,1.0,1.0,bare powers only; phase and profile prefactors uncomputed
0.0,1.0,11301450.740795337,8.848421525125581e-11,8.848421525125581e-11,1.0,1.0,bare powers only; phase and profile prefactors uncomputed
0.0,1.0,11968974.235233659,8.354934853617205e-11,8.354934853617205e-11,1.0,1.0,bare powers only; phase and profile prefactors uncomputed
0.0,1.0,12675925.200166425,7.888970502814834e-11,7.888970502814834e-11,1.0,1.0,bare powers only; phase and profile prefactors uncomputed
0.0,1.0,13424632.430673577,7.448993521156874e-11,7.448993521156874e-11,1.0,1.0,bare powers only; phase and profile prefactors uncomputed
0.0,1.0,14217562.272797745,7.033554563100343e-11,7.033554563100343e-11,1.0,1.0,bare powers only; phase and profile prefactors uncomputed
0.0,1.0,15057326.74803223,6.64128511477434e-11,6.64128511477434e-11,1.0,1.0,bare powers only; phase and profile prefactors uncomputed
0.0,1.0,15946692.15768394,6.270892985904598e-11,6.270892985904598e-11,1.0,1.0,bare powers only; phase and profile prefactors uncomputed
0.0,1.0,16888588.195455834,5.92115805315844e-11,5.92115805315844e-11,1.0,1.0,bare powers only; phase and profile prefactors uncomputed
0.0,1.0,17886117.598266564,5.590928240888426e-11,5.590928240888426e-11,1.0,1.0,bare powers only; phase and profile prefactors uncomputed
0.0,1.0,18942566.367098644,5.2791157260343655e-11,5.2791157260343655e-11,1.0,1.0,bare powers only; phase and profile prefactors uncomputed
0.0,1.0,20061414.591544,4.9846933546824987e-11,4.9846933546824987e-11,1.0,1.0,bare powers only; phase and profile prefactors uncomputed
0.0,1.0,21246347.913704414,4.706691258477309e-11,4.706691258477309e-11,1.0,1.0,bare powers only; phase and profile prefactors uncomputed
0.0,1.0,22501269.66921084,4.444193659739696e-11,4.444193659739696e-11,1.0,1.0,bare powers only; phase and profile prefactors uncomputed
0.0,1.0,23830313.745355137,4.1963358547678154e-11,4.1963358547678154e-11,1.0,1.0,bare powers only; phase and profile prefactors uncomputed
0.0,1.0,25237858.198691536,3.9623013653822797e-11,3.9623013653822797e-11,1.0,1.0,bare powers only; phase and profile prefactors uncomputed
0.0,1.0,26728539.67696552,3.7413192493333e-11,3.7413192493333e-11,1.0,1.0,bare powers only; phase and profile prefactors uncomputed
0.0,1.0,28307268.69287819,3.532661560709283e-11,3.532661560709283e-11,1.0,1.0,bare powers only; phase and profile prefactors uncomputed
0.0,1.0,29979245.8,3.335640951981517e-11,3.335640951981517e-11,1.0,1.0,bare powers only; phase and profile prefactors uncomputed
0.0,0.1,1.0,0.001,0.0001,0.1,1.0,bare powers only; phase and profile prefactors uncomputed
0.0,0.1,1.0590652925671507,0.0009442288469070895,9.442288469070894e-05,0.09999999999999999,0.9999999999999999,bare powers only; phase and profile prefactors uncomputed
0.0,0.1,1.1216192939203442,0.000891568115331492,8.915681153314919e-05,0.09999999999999999,0.9999999999999999,bare powers only; phase and profile prefactors uncomputed
0.0,0.1,1.1878680656647103,0.0008418443334785816,8.418443334785816e-05,0.1,1.0,bare powers only; phase and profile prefactors uncomputed
0.0,0.1,1.2580298404943717,0.0007948937042757484,7.948937042757484e-05,0.1,1.0,bare powers only; phase and profile prefactors uncomputed
0.0,0.1,1.3323357410813774,0.000750561565801995,7.50561565801995e-05,0.1,1.0,bare powers only; phase and profile prefactors uncomputed
0.0,0.1,1.4110305414260205,0.0007087018818099973,7.087018818099973e-05,0.1,1.0,bare powers only; phase and profile prefactors uncomputed
0.0,0.1,1.4943734731765332,0.0006691767606623382,6.691767606623382e-05,0.1,1.0,bare powers only; phase and profile prefactors uncomputed
0.0,0.1,1.5826390795742942,0.0006318560010972209,6.31856001097221e-05,0.10000000000000002,1.0,bare powers only; phase and profile prefactors uncomputed
0.0,0.1,1.6761181198375557,0.0005966166633273537,5.9661666332735364e-05,0.09999999999999999,0.9999999999999999,bare powers only; phase and profile prefactors uncomputed
0.0,0.1,1.7751185269628633,0.0005633426640591424,5.6334266405914235e-05,0.09999999999999999,0.9999999999999999,bare powers only; phase and profile prefactors uncomputed
0.0,0.1,1.8799664220992942,0.000531924394098132,5.31924394098132e-05,0.1,1.0,bare powers only; phase and profile prefactors uncomputed
0.0,0.1,1.9910071888370084,0.0005022583572810313,5.022583572810313e-05,0.1,1.0,bare powers only; phase and profile prefactors uncomputed
0.0,0.1,2.1086066109489665,0.0004742468295449172,4.7424682954491725e-05,0.10000000000000002,1.0000000000000002,bare powers only; phase and profile prefactors uncomputed
0.0,0.1,2.233152077333695,0.0004477975370105402,4.477975370105402e-05,0.1,1.0,bare powers only; phase and profile prefactors uncomputed
0.0,0.1,2.36505385812835,0.00042282335201929714,4.228233520192971e-05,0.09999999999999999,0.9999999999999999,bare powers only; phase and profile prefactors uncomputed
0.0,0.1,2.504746456195769,0.0003992420061225713,3.992420061225713e-05,0.1,1.0,bare powers only; phase and profile prefactors uncomputed
0.0,0.1,2.652690038437506,0.0003769758190779887,3.7697581907798865e-05,0.09999999999999999,0.9999999999999998,bare powers only; phase and profile prefactors uncomputed
0.0,0.1,2.809371951647783,0.0003559514429598649,3.559514429598649e-05,0.1,1.0,bare powers only; phase and profile prefactors uncomputed
0.0,0.1,2.975308327901806,0.0003360996205409078,3.360996205409078e-05,0.1,1.0,bare powers only; phase and profile prefactors uncomputed
0.0,0.1,3.1510457847668056,0.0003173549571492518,3.173549571492518e-05,0.09999999999999999,1.0,bare powers only; phase and profile prefactors uncomputed
0.0,0.1,3.337163225936544,0.00029965570524928683,2.9965570524928684e-05,0.1,1.0,bare powers only; phase and profile prefactors uncomputed
0.0,0.1,3.534273748220822,0.0002829435610366648,2.829435610366648e-05,0.1,1.0,bare powers only; phase and profile prefactors uncomputed
0.0,0.1,3.7430266611718848,0.0002671634723774357,2.6716347237743567e-05,0.09999999999999999,0.9999999999999999,bare powers only; phase and profile prefactors uncomputed
0.0,0.1,3.9641096260006474,0.0002522634574586401,2.5226345745864012e-05,0.1,1.0,bare powers only; phase and profile prefactors uncomputed
0.0,0.1,4.198250920828633,0.0002381944335529674,2.381944335529674e-05,0.1,1.0,bare powers only; phase and profile prefactors uncomputed
0.0,0.1,4.446221839737685,0.0002249100553334058,2.2491005533340583e-05,0.1,1.0,bare powers only; phase and profile prefactors uncomputed
0.0,0.1,4.708839233520247,0.00021236656220527142,2.1236656220527145e-05,0.1,1.0,bare powers only; phase and profile prefactors uncomputed
0.0,0.1,4.986968200499797,0.0002005226341527061,2.005226341527061e-05,0.1,1.0,bare powers only; phase and profile prefactors uncomputed
0.0,0.1,5.281524936285394,0.00018933925562478185,1.8933925562478185e-05,0.1,1.0,bare powers only; phase and profile prefactors uncomputed
0.0,0.1,5.5934797518477914,0.00017877958701283445,1.7877958701283445e-05,0.1,1.0,bare powers only; phase and profile prefactors uncomputed
0.0,0.1,5.923860269859115,0.0001688088432956544,1.688088432956544e-05,0.09999999999999999,1.0,bare powers only; phase and profile prefactors uncomputed
0.0,0.1,6.273754809825263,0.00015939417945277527,1.5939417945277526e-05,0.09999999999999999,0.9999999999999998,bare powers only; phase and profile prefactors uncomputed
0.0,0.1,6.644315973162161,0.00015050458226839567,1.5050458226839566e-05,0.09999999999999999,0.9999999999999999,bare powers only; phase and profile prefactors uncomputed
0.0,0.1,7.036764440025576,0.00014211076816952046,1.4211076816952045e-05,0.09999999999999999,0.9999999999999999,bare powers only; phase and profile prefactors uncomputed
0.0,0.1,7.4523929904018065,0.000134185086761787,1.3418508676178701e-05,0.1,1.0,bare powers only; phase and profile prefactors uncomputed
0.0,0.1,7.892570762705272,0.00012670142974520994,1.2670142974520993e-05,0.09999999999999999,0.9999999999999999,bare powers only; phase and profile prefactors uncomputed
0.0,0.1,8.3587477639114,0.0001196351449097992,1.196351449097992e-05,0.1,1.0,bare powers only; phase and profile prefactors uncomputed
0.0,0.1,8.852459646081842,0.00011296295492774221,1.1296295492774221e-05,0.1,1.0,bare powers only; phase and profile prefactors uncomputed
0.0,0.1,9.37533276501656,0.00010666288067463955,1.0666288067463955e-05,0.1,1.0,bare powers only; phase and profile prefactors uncomputed
0.0,0.1,9.929089537696655,0.0001007141688272034,1.007141688272034e-05,0.1,1.0,bare powers only; phase and profile prefactors uncomputed
0.0,0.1,10.515554116166145,9.509722349891621e-05,9.509722349891621e-06,0.1,1.0,bare powers only; phase and profile prefactors uncomputed
0.0,0.1,11.1366583965432,8.979354168844745e-05,8.979354168844744e-06,0.09999999999999999,0.9999999999999998,bare powers only; phase and profile prefactors uncomputed
0.0,0.1,11.794448382955435,8.47856523281864e-05,8.47856523281864e-06,0.09999999999999999,1.0,bare powers only; phase and profile prefactors uncomputed
0.0,0.1,12.491090927362858,8.005705873210881e-05,8.00570587321088e-06,0.09999999999999999,0.9999999999999998,bare powers only; phase and profile prefactors uncomputed
0.0,0.1,13.228880867470423,7.559218425339228e-05,7.559218425339227e-06,0.09999999999999999,0.9999999999999999,bare powers only; phase and profile prefactors uncomputed
0.0,0.1,14.010248586243549,7.137632097276882e-05,7.137632097276882e-06,0.1,1.0,bare powers only; phase and profile prefactors uncomputed
0.0,0.1,14.837768017928529,6.739558124858781e-05,6.739558124858781e-06,0.1,1.0,bare powers only; phase and profile prefactors uncomputed
0.0,0.1,15.714165126950993,6.363685196898711e-05,6.363685196898711e-06,0.1,1.0,bare powers only; phase and profile prefactors uncomputed
0.0,0.1,16.642326887622865,6.008775135547388e-05,6.008775135547388e-06,0.1,1.0,bare powers only; phase and profile prefactors uncomputed
0.0,0.1,17.625310794238462,5.673658817561901e-05,5.673658817561901e-06,0.1,1.0,bare powers only; phase and profile prefactors uncomputed
0.0,0.1,18.66635493288712,5.3572323230507126e-05,5.3572323230507125e-06,0.09999999999999999,0.9999999999999999,bare powers only; phase and profile prefactors uncomputed
0.0,0.1,19.768888648160367,5.0584532990075654e-05,5.058453299007566e-06,0.1,1.0,bare powers only; phase and profile prefactors uncomputed
0.0,0.1,20.93654383989139,4.776337525655275e-05,4.776337525655275e-06,0.09999999999999999,0.9999999999999998,bare powers only; phase and profile prefactors uncomputed
0.0,0.1,22.173166927139544,4.509955674288541e-05,4.509955674288542e-06,0.1,1.0,bare powers only; phase and profile prefactors uncomputed
0.0,0.1,23.482831518831304,4.258430245935555e-05,4.258430245935556e-06,0.1,1.0,bare powers only; phase and profile prefactors uncomputed
0.0,0.1,24.869851832796186,4.020932680754002e-05,4.020932680754002e-06,0.1,1.0,bare powers only; phase and profile prefactors uncomputed
0.0,0.1,26.338796907401974,3.7966806286393854e-05,3.7966806286393854e-06,0.1,1.0,bare powers only; phase and profile prefactors uncomputed
0.0,0.1,27.89450565260444,3.5849353720546494e-05,3.5849353720546495e-06,0.1,1.0,bare powers only; phase and profile prefactors uncomputed
0.0,0.1,29.542102789991553,3.384999392591599e-05,3.3849993925915993e-06,0.1,1.0,bare powers only; phase and profile prefactors uncomputed
0.0,0.1,31.287015734331234,3.196214073247965e-05,3.1962140732479648e-06,0.09999999999999999,0.9999999999999999,bare powers only; phase and profile prefactors uncomputed
0.0,0.1,33.13499247223256,3.017957528851136e-05,3.0179575288511362e-06,0.1,1.0,bare powers only; phase and profile prefactors uncomputed
0.0,0.1,35.092120496815305,2.849642557481679e-05,2.849642557481679e-06,0.1,1.0,bare powers only; phase and profile prefactors uncomputed
0.0,0.1,37.164846860761415,2.6907147061482944e-05,2.6907147061482944e-06,0.1,1.0,bare powers only; phase and profile prefactors uncomputed
0.0,0.1,39.359999413805625,2.5406504443423526e-05,2.5406504443423524e-06,0.09999999999999999,0.9999999999999998,bare powers only; phase and profile prefactors uncomputed
0.0,0.1,41.68480929462492,2.3989554394553655e-05,2.3989554394553654e-06,0.09999999999999999,0.9999999999999998,bare powers only; phase and profile prefactors uncomputed
0.0,0.1,44.146934751217835,2.2651629283784292e-05,2.265162928378429e-06,0.09999999999999999,0.9999999999999998,bare powers only; phase and profile prefactors uncomputed
0.0,0.1,46.75448636824141,2.1388321799194506e-05,2.1388321799194506e-06,0.1,1.0,bare powers only; phase and profile prefactors uncomputed
0.0,0.1,49.51605378440846,2.0195470429731186e-05,2.0195470429731185e-06,0.09999999999999999,1.0,bare powers only; phase and profile prefactors uncomputed
0.0,0.1,52.4407339879553,1.9069145756611302e-05,1.9069145756611301e-06,0.09999999999999999,0.9999999999999999,bare powers only; phase and profile prefactors uncomputed
0.0,0.1,55.53816128338998,1.800563750926831e-05,1.800563750926831e-06,0.09999999999999999,0.9999999999999999,bare powers only; phase and profile prefactors uncomputed
0.0,0.1,58.81853902823503,1.7001442343203457e-05,1.7001442343203457e-06,0.1,1.0,bare powers only; phase and profile prefactors uncomputed
0.0,0.1,62.29267324431008,1.6053252299480367e-05,1.6053252299480368e-06,0.1,1.0,bare powers only; phase and profile prefactors uncomputed
0.0,0.1,65.97200821427519,1.5157943907846932e-05,1.5157943907846932e-06,0.1,1.0,bare powers only; phase and profile prefactors uncomputed
0.0,0.1,69.8686641806938,1.4312567897588651e-05,1.431256789758865e-06,0.09999999999999999,0.9999999999999999,bare powers only; phase and profile prefactors uncomputed
0.0,0.1,73.99547727180246,1.351433948221956e-05,1.351433948221956e-06,0.1,1.0,bare powers only; phase and profile prefactors uncomputed
0.0,0.1,78.36604178550743,1.276062918600713e-05,1.276062918600713e-06,0.09999999999999999,0.9999999999999999,bare powers only; phase and profile prefactors uncomputed
0.0,0.1,82.99475497089797,1.2048954182112465e-05,1.2048954182112464e-06,0.09999999999999999,0.9999999999999998,bare powers only; phase and profile prefactors uncomputed
0.0,0.1,87.89686445479306,1.1376970113812398e-05,1.1376970113812398e-06,0.1,1.0,bare powers only; phase and profile prefactors uncomputed
0.0,0.1,93.08851846955056,1.0742463371861499e-05,1.07424633718615e-06,0.1,1.0,bare powers only; phase and profile prefactors uncomputed
0.0,0.1,98.58681904759716,1.0143343802554437e-05,1.0143343802554437e-06,0.1,1.0,bare powers only; phase and profile prefactors uncomputed
0.0,0.1,104.40987835790825,9.577637822468142e-06,9.577637822468143e-07,0.1,1.0,bare powers only; phase and profile prefactors uncomputed
0.0,0.1,110.57687837001873,9.043481917202822e-06,9.043481917202822e-07,0.09999999999999999,0.9999999999999999,bare powers only; phase and profile prefactors uncomputed
0.0,0.1,117.10813404210603,8.539116502705536e-06,8.539116502705537e-07,0.1,1.0,bare powers only; phase and profile prefactors uncomputed
0.0,0.1,124.02516024129615,8.062880128954948e-06,8.062880128954947e-07,0.09999999999999999,0.9999999999999999,bare powers only; phase and profile prefactors uncomputed
0.0,0.1,131.3507426166361,7.61320400691321e-06,7.61320400691321e-07,0.1,1.0,bare powers only; phase and profile prefactors uncomputed
0.0,0.1,139.1090126582001,7.188606840716101e-06,7.188606840716101e-07,0.1,1.0,bare powers only; phase and profile prefactors uncomputed
0.0,0.1,147.32552718958416,6.78768994807778e-06,6.78768994807778e-07,0.09999999999999999,0.9999999999999999,bare powers only; phase and profile prefactors uncomputed
0.0,0.1,156.0273525556467,6.409132652836324e-06,6.409132652836325e-07,0.1,1.0,bare powers only; phase and profile prefactors uncomputed
0.0,0.1,165.24315378282398,6.051687934462214e-06,6.051687934462213e-07,0.09999999999999999,0.9999999999999998,bare powers only; phase and profile prefactors uncomputed
0.0,0.1,175.003289005725,5.714178320198808e-06,5.714178320198809e-07,0.1,1.0,bare powers only; phase and profile prefactors uncomputed
0.0,0.1,185.33990947106184,5.395492006302805e-06,5.395492006302805e-07,0.1,1.0,bare powers only; phase and profile prefactors uncomputed
0.0,0.1,196.28706544833935,5.094579195607718e-06,5.094579195607718e-07,0.1,1.0,bare powers only; phase and profile prefactors uncomputed
0.0,0.1,207.8808183961928,4.810448639345527e-06,4.810448639345528e-07,0.1,1.0,bare powers only; phase and profile prefactors uncomputed
0.0,0.1,220.1593597538627,4.542164371835001e-06,4.542164371835001e-07,0.1,1.0,bare powers only; phase and profile prefactors uncomputed
0.0,0.1,233.16313674912124,4.288842627280228e-06,4.288842627280228e-07,0.1,1.0,bare powers only; phase and profile prefactors uncomputed
0.0,0.1,246.9349856370827,4.049648928522779e-06,4.0496489285227794e-07,0.1,1.0,bare powers only; phase and profile prefactors uncomputed
0.0,0.1,261.5202728088019,3.823795338157598e-06,3.8237953381575976e-07,0.1,1.0,bare powers only; phase and profile prefactors uncomputed
0.0,0.1,276.96704423449495,3.610537862957253e-06,3.6105378629572534e-07,0.1,1.0,bare powers only; phase and profile prefactors uncomputed
0.0,0.1,293.32618373366444,3.409174003054512e-06,3.4091740030545115e-07,0.09999999999999999,0.9999999999999999,bare powers only; phase and profile prefactors uncomputed
0.0,0.1,310.65158059349886,3.219040437809791e-06,3.219040437809791e-07,0.09999999999999999,0.9999999999999999,bare powers only; phase and profile prefactors uncomputed
0.0,0.1,329.0003070877017,3.039510840740432e-06,3.039510840740432e-07,0.1,1.0,bare powers only; phase and profile prefactors uncomputed
0.0,0.1,348.43280648051933,2.8699938163139333e-06,2.869993816313934e-07,0.10000000000000002,1.0000000000000002,bare powers only; phase and profile prefactors uncomputed
0.0,0.1,369.0130921352843,2.7099309518085855e-06,2.709930951808586e-07,0.10000000000000002,1.0000000000000002,bare powers only; phase and profile prefactors uncomputed
0.0,0.1,390.80895838336386,2.5587949778240503e-06,2.5587949778240504e-07,0.1,1.0,bare powers only; phase and profile prefactors uncomputed
0.0,0.1,413.89220384814075,2.4160880313824548e-06,2.4160880313824547e-07,0.09999999999999999,1.0,bare powers only; phase and profile prefactors uncomputed
0.0,0.1,438.338867959694,2.281340015898275e-06,2.2813400158982753e-07,0.1,1.0,bare powers only; phase and profile prefactors uncomputed
0.0,0.1,464.22948143928664,2.15410705261463e-06,2.15410705261463e-07,0.09999999999999999,0.9999999999999999,bare powers only; phase and profile prefactors uncomputed
0.0,0.1,491.64933157879483,2.0339700184047414e-06,2.0339700184047414e-07,0.1,1.0,bare powers only; phase and profile prefactors uncomputed
0.0,0.1,520.6887431889405,1.920533165121899e-06,1.920533165121899e-07,0.1,1.0,bare powers only; phase and profile prefactors uncomputed
0.0,0.1,551.4433761418169,1.8134228159498754e-06,1.8134228159498754e-07,0.1,1.0,bare powers only; phase and profile prefactors uncomputed
0.0,0.1,584.0145404878507,1.712286134459358e-06,1.7122861344593582e-07,0.1,1.0,bare powers only; phase and profile prefactors uncomputed
0.0,0.1,618.5095301852358,1.6167899623155561e-06,1.616789962315556e-07,0.09999999999999999,0.9999999999999999,bare powers only; phase and profile prefactors uncomputed
0.0,0.1,655.0419765411972,1.5266197218081757e-06,1.5266197218081758e-07,0.1,1.0,bare powers only; phase and profile prefactors uncomputed
0.0,0.1,693.7322225293678,1.4414783795885557e-06,1.4414783795885558e-07,0.1,1.0,bare powers only; phase and profile prefactors uncomputed
0.0,0.1,734.7077192163248,1.3610854682004008e-06,1.3610854682004008e-07,0.1,1.0,bare powers only; phase and profile prefactors uncomputed
0.0,0.1,778.1034456031812,1.2851761621808605e-06,1.2851761621808605e-07,0.09999999999999999,1.0,bare powers only; phase and profile prefactors uncomputed
0.0,0.1,824.0623532652404,1.2135004056885126e-06,1.2135004056885128e-07,0.10000000000000002,1.0000000000000002,bare powers only; phase and profile prefactors uncomputed
0.0,0.1,872.7358372544267,1.1458220887845496e-06,1.1458220887845497e-07,0.1,1.0,bare powers only; phase and profile prefactors uncomputed
0.0,0.1,924.2842348156968,1.0819182696537081e-06,1.081918269653708e-07,0.09999999999999999,0.9999999999999999,bare powers only; phase and profile prefactors uncomputed
0.0,0.1,978.8773535602901,1.0215784402028346e-06,1.0215784402028345e-07,0.09999999999999999,0.9999999999999999,bare powers only; phase and profile prefactors uncomputed
0.0,0.1,1036.695030835687,9.646038326178656e-07,9.646038326178656e-08,0.1,1.0,bare powers only; phase and profile prefactors uncomputed
0.0,0.1,1097.9277261349084,9.108067645949265e-07,9.108067645949265e-08,0.09999999999999999,0.9999999999999999,bare powers only; phase and profile prefactors uncomputed
0.0,0.1,1162.7771484966524,8.600100210886445e-07,8.600100210886444e-08,0.09999999999999999,0.9999999999999999,bare powers only; phase and profile prefactors uncomputed
0.0,0.1,1231.4569209630047,8.120462705410725e-07,8.120462705410725e-08,0.09999999999999999,0.9999999999999999,bare powers only; phase and profile prefactors uncomputed
0.0,0.1,1304.1932842835274,7.667575136681987e-07,7.667575136681987e-08,0.1,1.0,bare powers only; phase and profile prefactors uncomputed
0.0,0.1,1381.2258421838474,7.239945629882702e-07,7.239945629882703e-08,0.1,1.0,bare powers only; phase and profile prefactors uncomputed
0.0,0.1,1462.8083506537441,6.836165513774172e-07,6.836165513774172e-08,0.1,1.0,bare powers only; phase and profile prefactors uncomputed
0.0,0.1,1549.2095538547792,6.454904680336994e-07,6.454904680336993e-08,0.09999999999999999,1.0,bare powers only; phase and profile prefactors uncomputed
0.0,0.1,1640.714069401037,6.094907203209775e-07,6.094907203209774e-08,0.09999999999999999,0.9999999999999998,bare powers only; phase and profile prefactors uncomputed
0.0,0.1,1737.6233259292483,5.75498720049248e-07,5.75498720049248e-08,0.1,1.0,bare powers only; phase and profile prefactors uncomputed
0.0,0.1,1840.2565560467651,5.434024928286073e-07,5.434024928286074e-08,0.10000000000000002,1.0000000000000002,bare powers only; phase and profile prefactors uncomputed
0.0,0.1,1948.9518479282847,5.13096309209994e-07,5.13096309209994e-08,0.09999999999999999,0.9999999999999999,bare powers only; phase and profile prefactors uncomputed
0.0,0.1,2064.0672590254585,4.844803363976356e-07,4.844803363976357e-08,0.10000000000000002,1.0000000000000002,bare powers only; phase and profile prefactors uncomputed
0.0,0.1,2185.981995558072,4.5746030938589877e-07,4.574603093858988e-08,0.1,1.0,bare powers only; phase and profile prefactors uncomputed
0.0,0.1,2315.097661672234,4.3194722043720725e-07,4.3194722043720725e-08,0.1,1.0,bare powers only; phase and profile prefactors uncomputed
0.0,0.1,2451.8395823804312,4.0785702587814665e-07,4.078570258781467e-08,0.10000000000000002,1.0,bare powers only; phase and profile prefactors uncomputed
0.0,0.1,2596.65820464145,3.8511036924787773e-07,3.851103692478778e-08,0.1,1.0,bare powers only; phase and profile prefactors uncomputed
0.0,0.1,2750.03058119549,3.6363231988688683e-07,3.636323198868868e-08,0.1,1.0,bare powers only; phase and profile prefactors uncomputed
0.0,0.1,2912.4619420424137,3.4335212610494505e-07,3.433521261049451e-08,0.1,1.0,bare powers only; phase and profile prefactors uncomputed
0.0,0.1,3084.4873587398383,3.2420298211516993e-07,3.242029821151699e-08,0.09999999999999999,0.9999999999999998,bare powers only; phase and profile prefactors uncomputed
0.0,0.1,3266.6735070034856,3.0612180796644695e-07,3.061218079664469e-08,0.09999999999999999,0.9999999999999998,bare powers only; phase and profile prefactors uncomputed
0.0,0.1,3459.620533416007,2.890490417492714e-07,2.8904904174927142e-08,0.1,1.0,bare powers only; phase and profile prefactors uncomputed
0.0,0.1,3663.9640323935464,2.7292844339051354e-07,2.7292844339051352e-08,0.09999999999999999,0.9999999999999999,bare powers only; phase and profile prefactors uncomputed
0.0,0.1,3880.377139922385,2.5770690939077167e-07,2.577069093907717e-08,0.1,1.0,bare powers only; phase and profile prefactors uncomputed
0.0,0.1,4109.572750962785,2.4333429789403795e-07,2.4333429789403795e-08,0.1,1.0,bare powers only; phase and profile prefactors uncomputed
0.0,0.1,4352.305867824393,2.2976326351343388e-07,2.2976326351343388e-08,0.1,1.0,bare powers only; phase and profile prefactors uncomputed
0.0,0.1,4609.376087249164,2.1694910136889965e-07,2.1694910136889965e-08,0.1,1.0,bare powers only; phase and profile prefactors uncomputed
0.0,0.1,4881.630234394565,2.0484959982308522e-07,2.0484959982308524e-08,0.1,1.0,bare powers only; phase and profile prefactors uncomputed
0.0,0.1,5169.96515239373,1.9342490143033034e-07,1.9342490143033034e-08,0.1,1.0,bare powers only; phase and profile prefactors uncomputed
0.0,0.1,5475.330656681835,1.8263737164067843e-07,1.8263737164067843e-08,0.1,1.0,bare powers only; phase and profile prefactors uncomputed
0.0,0.1,5798.732663820638,1.7245147482641922e-07,1.724514748264192e-08,0.09999999999999999,1.0,bare powers only; phase and profile prefactors uncomputed
0.0,0.1,6141.236505127898,1.6283365722277667e-07,1.6283365722277668e-08,0.1,1.0,bare powers only; phase and profile prefactors uncomputed
0.0,0.1,6503.9704360273445,1.537522363971268e-07,1.5375223639712682e-08,0.1,1.0,bare powers only; phase and profile prefactors uncomputed
0.0,0.1,6888.1293526793925,1.4517729688264543e-07,1.4517729688264545e-08,0.1,1.0000000000000002,bare powers only; phase and profile prefactors uncomputed
0.0,0.1,7294.978728135781,1.3708059163258838e-07,1.370805916325884e-08,0.1,1.0,bare powers only; phase and profile prefactors uncomputed
0.0,0.1,7725.858780984264,1.2943544897058046e-07,1.2943544897058045e-08,0.09999999999999999,0.9999999999999999,bare powers only; phase and profile prefactors uncomputed
0.0,0.1,8182.188890215582,1.2221668473039273e-07,1.2221668473039273e-08,0.09999999999999999,0.9999999999999999,bare powers only; phase and profile prefactors uncomputed
0.0,0.1,8665.472270855858,1.1540051929578592e-07,1.1540051929578593e-08,0.1,1.0,bare powers only; phase and profile prefactors uncomputed
0.0,0.1,9177.300925766493,1.0896449926713939e-07,1.0896449926713938e-08,0.09999999999999999,0.9999999999999999,bare powers only; phase and profile prefactors uncomputed
0.0,0.1,9719.360889923666,1.0288742349681951e-07,1.0288742349681952e-08,0.10000000000000002,1.0,bare powers only; phase and profile prefactors uncomputed
0.0,0.1,10293.437784452732,9.71492732496432e-08,9.71492732496432e-09,0.1,1.0,bare powers only; phase and profile prefactors uncomputed
0.0,0.1,10901.422698713197,9.173114625837229e-08,9.173114625837229e-09,0.09999999999999999,0.9999999999999998,bare powers only; phase and profile prefactors uncomputed
0.0,0.1,11545.318419810872,8.661519445700837e-08,8.661519445700838e-09,0.1,1.0,bare powers only; phase and profile prefactors uncomputed
0.0,0.1,12227.246030057917,8.178456518677442e-08,8.178456518677443e-09,0.1,1.0,bare powers only; phase and profile prefactors uncomputed
0.0,0.1,12949.451894113823,7.722334568110565e-08,7.722334568110565e-09,0.1,1.0,bare powers only; phase and profile prefactors uncomputed
0.0,0.1,13714.315058823875,7.291651064677803e-08,7.2916510646778035e-09,0.1,1.0000000000000002,bare powers only; phase and profile prefactors uncomputed
0.0,0.1,14524.35509013139,6.88498727684958e-08,6.88498727684958e-09,0.1,1.0,bare powers only; phase and profile prefactors uncomputed
0.0,0.1,15382.240372879189,6.501003597389656e-08,6.5010035973896555e-09,0.09999999999999999,0.9999999999999999,bare powers only; phase and profile prefactors uncomputed
0.0,0.1,16290.796900841538,6.13843513050207e-08,6.13843513050207e-09,0.1,1.0,bare powers only; phase and profile prefactors uncomputed
0.0,0.1,17253.01758594178,5.7960875250879455e-08,5.7960875250879455e-09,0.1,1.0,bare powers only; phase and profile prefactors uncomputed
0.0,0.1,18272.07211732163,5.472833040386352e-08,5.472833040386352e-09,0.1,1.0,bare powers only; phase and profile prefactors uncomputed
0.0,0.1,19351.317402739274,5.167606831039031e-08,5.167606831039031e-09,0.1,1.0,bare powers only; phase and profile prefactors uncomputed
0.0,0.1,20494.308626691865,4.879403439341188e-08,4.879403439341188e-09,0.09999999999999999,0.9999999999999998,bare powers only; phase and profile prefactors uncomputed
0.0,0.1,21704.810961688905,4.607273483123613e-08,4.607273483123614e-09,0.1,1.0,bare powers only; phase and profile prefactors uncomputed
0.0,0.1,22986.811971255767,4.350320528355415e-08,4.350320528355415e-09,0.1,1.0,bare powers only; phase and profile prefactors uncomputed
0.0,0.1,24344.534745524074,4.1076981361652716e-08,4.107698136165271e-09,0.09999999999999999,0.9999999999999998,bare powers only; phase and profile prefactors uncomputed
0.0,0.1,25782.451812679625,3.8786070745537386e-08,3.878607074553738e-09,0.09999999999999999,0.9999999999999998,bare powers only; phase and profile prefactors uncomputed
0.0,0.1,27305.299872094016,3.662292685611553e-08,3.662292685611553e-09,0.1,1.0,bare powers only; phase and profile prefactors uncomputed
0.0,0.1,28918.09539767298,3.458042399571268e-08,3.4580423995712683e-09,0.1,1.0,bare powers only; phase and profile prefactors uncomputed
0.0,0.1,30626.151162821316,3.265183387503006e-08,3.2651833875030065e-09,0.1,1.0,bare powers only; phase and profile prefactors uncomputed
0.0,0.1,32435.093741459146,3.083080344922146e-08,3.0830803449221464e-09,0.1,1.0,bare powers only; phase and profile prefactors uncomputed
0.0,0.1,34350.882042741396,2.9111333990077475e-08,2.9111333990077475e-09,0.1,1.0,bare powers only; phase and profile prefactors uncomputed
0.0,0.1,36379.826940535604,2.748776132537804e-08,2.7487761325378038e-09,0.09999999999999999,0.9999999999999999,bare powers only; phase and profile prefactors uncomputed
0.0,0.1,38528.61206232066,2.5954737180318976e-08,2.5954737180318974e-09,0.09999999999999999,0.9999999999999999,bare powers only; phase and profile prefactors uncomputed
0.0,0.1,40804.31580598789,2.450721155954913e-08,2.450721155954913e-09,0.09999999999999999,0.9999999999999998,bare powers only; phase and profile prefactors uncomputed
0.0,0.1,43214.434657070895,2.3140416111781235e-08,2.3140416111781235e-09,0.1,1.0,bare powers only; phase and profile prefactors uncomputed
0.0,0.1,45766.907883214815,2.1849848422177412e-08,2.1849848422177412e-09,0.1,1.0,bare powers only; phase and profile prefactors uncomputed
0.0,0.1,48470.143687230746,2.063125718076725e-08,2.063125718076725e-09,0.09999999999999999,0.9999999999999998,bare powers only; phase and profile prefactors uncomputed
0.0,0.1,51333.04690488887,1.9480628178039455e-08,1.9480628178039456e-09,0.1,1.0,bare powers only; phase and profile prefactors uncomputed
0.0,0.1,54365.04833868941,1.839417108157597e-08,1.839417108157597e-09,0.1,1.0,bare powers only; phase and profile prefactors uncomputed
0.0,0.1,57576.1358242414,1.7368306950168194e-08,1.7368306950168195e-09,0.1,1.0,bare powers only; phase and profile prefactors uncomputed
0.0,0.1,60976.88713158624,1.639965644428569e-08,1.639965644428569e-09,0.1,1.0,bare powers only; phase and profile prefactors uncomputed
0.0,0.1,64578.504809847385,1.548502869406034e-08,1.548502869406034e-09,0.09999999999999999,0.9999999999999999,bare powers only; phase and profile prefactors uncomputed
0.0,0.1,68392.85308999018,1.4621410788115776e-08,1.4621410788115778e-09,0.1,1.0,bare powers only; phase and profile prefactors uncomputed
0.0,0.1,72432.49696725263,1.3805957848617426e-08,1.3805957848617427e-09,0.1,1.0,bare powers only; phase and profile prefactors uncomputed
0.0,0.1,76710.74359199268,1.3035983659847928e-08,1.3035983659847928e-09,0.1,1.0,bare powers only; phase and profile prefactors uncomputed
0.0,0.1,81241.68610529743,1.2308951819437858e-08,1.230895181943786e-09,0.1,1.0,bare powers only; phase and profile prefactors uncomputed
0.0,0.1,86040.25006375545,1.1622467383102722e-08,1.1622467383102722e-09,0.1,1.0,bare powers only; phase and profile prefactors uncomputed
0.0,0.1,91122.2426063218,1.0974268975362372e-08,1.0974268975362372e-09,0.1,1.0,bare powers only; phase and profile prefactors uncomputed
0.0,0.1,96504.40452523911,1.0362221340254652e-08,1.036222134025465e-09,0.09999999999999999,0.9999999999999998,bare powers only; phase and profile prefactors uncomputed
0.0,0.1,102204.46541254103,9.784308307504676e-09,9.784308307504678e-10,0.10000000000000002,1.0,bare powers only; phase and profile prefactors uncomputed
0.0,0.1,108241.20206380203,9.23862615097859e-09,9.23862615097859e-10,0.1,1.0,bare powers only; phase and profile prefactors uncomputed
0.0,0.1,114634.5003315206,8.723377317544204e-09,8.723377317544204e-10,0.1,1.0,bare powers only; phase and profile prefactors uncomputed
0.0,0.1,121405.42063189101,8.236864505680217e-09,8.236864505680217e-10,0.09999999999999999,0.9999999999999999,bare powers only; phase and profile prefactors uncomputed
0.0,0.1,128576.26732075168,7.77748507432836e-09,7.77748507432836e-10,0.09999999999999999,0.9999999999999999,bare powers only; phase and profile prefactors uncomputed
0.0,0.1,136170.6621672438,7.343725763570186e-09,7.343725763570187e-10,0.1,1.0,bare powers only; phase and profile prefactors uncomputed
0.0,0.1,144213.62216721472,6.934157709737757e-09,6.934157709737757e-10,0.09999999999999999,0.9999999999999999,bare powers only; phase and profile prefactors uncomputed
0.0,0.1,152731.64195268982,6.547431738537581e-09,6.547431738537582e-10,0.1,1.0,bare powers only; phase and profile prefactors uncomputed
0.0,0.1,161752.7810688868,6.182273920682227e-09,6.182273920682227e-10,0.1,1.0,bare powers only; phase and profile prefactors uncomputed
0.0,0.1,171306.7564062709,5.8374813753895454e-09,5.837481375389546e-10,0.10000000000000002,1.0,bare powers only; phase and profile prefactors uncomputed
0.0,0.1,181425.04009213694,5.511918307925677e-09,5.511918307925677e-10,0.09999999999999999,1.0,bare powers only; phase and profile prefactors uncomputed
0.0,0.1,192140.9631641861,5.204512268138743e-09,5.204512268138743e-10,0.09999999999999999,0.9999999999999998,bare powers only; phase and profile prefactors uncomputed
0.0,0.1,203489.8253676125,4.9142506176584506e-09,4.914250617658451e-10,0.1,1.0,bare powers only; phase and profile prefactors uncomputed
0.0,0.1,215509.01143738898,4.640177194124088e-09,4.6401771941240883e-10,0.10000000000000002,1.0000000000000002,bare powers only; phase and profile prefactors uncomputed
0.0,0.1,228238.11424879584,4.381389161452366e-09,4.381389161452366e-10,0.1,1.0,bare powers only; phase and profile prefactors uncomputed
0.0,0.1,241719.06524187577,4.137034035769384e-09,4.1370340357693843e-10,0.1,1.0,bare powers only; phase and profile prefactors uncomputed
0.0,0.1,255996.2725494454,3.906306877209906e-09,3.9063068772099054e-10,0.09999999999999999,0.9999999999999999,bare powers only; phase and profile prefactors uncomputed
0.0,0.1,271116.7672836785,3.6884476383331395e-09,3.6884476383331393e-10,0.09999999999999999,0.9999999999999999,bare powers only; phase and profile prefactors uncomputed
0.0,0.1,287130.3584631485,3.4827386604204875e-09,3.482738660420487e-10,0.09999999999999999,0.9999999999999999,bare powers only; phase and profile prefactors uncomputed
0.0,0.1,304089.79709068534,3.2885023094075754e-09,3.288502309407576e-10,0.1,1.0,bare powers only; phase and profile prefactors uncomputed
0.0,0.1,322050.9499225322,3.1050987436632137e-09,3.105098743663214e-10,0.1,1.0,bare powers only; phase and profile prefactors uncomputed
0.0,0.1,341072.98350123543,2.9319238062617712e-09,2.931923806261771e-10,0.1,1.0,bare powers only; phase and profile prefactors uncomputed
0.0,0.1,361218.55905848695,2.7684070348059952e-09,2.7684070348059953e-10,0.1,1.0,bare powers only; phase and profile prefactors uncomputed
0.0,0.1,382554.03892996116,2.6140097822443375e-09,2.614009782244337e-10,0.09999999999999999,0.9999999999999998,bare powers only; phase and profile prefactors uncomputed
0.0,0.1,405149.70516210457,2.468223442492425e-09,2.4682234424924254e-10,0.10000000000000002,1.0,bare powers only; phase and profile prefactors uncomputed
0.0,0.1,429079.99103099835,2.330567775013672e-09,2.330567775013672e-10,0.1,1.0,bare powers only; phase and profile prefactors uncomputed
0.0,0.1,454423.72623595473,2.2005893228399787e-09,2.2005893228399788e-10,0.1,1.0,bare powers only; phase and profile prefactors uncomputed
0.0,0.1,481264.3965755363,2.0778599188212483e-09,2.0778599188212482e-10,0.09999999999999999,0.9999999999999999,bare powers only; phase and profile prefactors uncomputed
0.0,0.1,509690.4189614237,1.961975275183044e-09,1.9619752751830442e-10,0.10000000000000002,1.0000000000000002,bare powers only; phase and profile prefactors uncomputed
0.0,0.1,539795.4326760538,1.8525536517463037e-09,1.8525536517463039e-10,0.1,1.0,bare powers only; phase and profile prefactors uncomputed
0.0,0.1,571678.6078334769,1.749234598421929e-09,1.749234598421929e-10,0.09999999999999999,0.9999999999999999,bare powers only; phase and profile prefactors uncomputed
0.0,0.1,605444.9720595427,1.6516777678379255e-09,1.6516777678379255e-10,0.1,1.0,bare powers only; phase and profile prefactors uncomputed
0.0,0.1,641205.7564675488,1.5595617941876813e-09,1.5595617941876814e-10,0.1,1.0,bare powers only; phase and profile prefactors uncomputed
0.0,0.1,679078.7620690458,1.4725832346061846e-09,1.4725832346061848e-10,0.10000000000000002,1.0,bare powers only; phase and profile prefactors uncomputed
0.0,0.1,719188.7478267926,1.3904555695869113e-09,1.3904555695869113e-10,0.1,1.0,bare powers only; phase and profile prefactors uncomputed
0.0,0.1,761667.8416281851,1.3129082591465885e-09,1.3129082591465886e-10,0.1,1.0,bare powers only; phase and profile prefactors uncomputed
0.0,0.1,806655.9755329442,1.2396858516287765e-09,1.2396858516287764e-10,0.09999999999999999,0.9999999999999998,bare powers only; phase and profile prefactors uncomputed
0.0,0.1,854301.3467288382,1.1705471422104739e-09,1.170547142210474e-10,0.1,1.0,bare powers only; phase and profile prefactors uncomputed
0.0,0.1,904760.905713888,1.1052643783397838e-09,1.1052643783397839e-10,0.1,1.0,bare powers only; phase and profile prefactors uncomputed
0.0,0.1,958200.8733131973,1.0436225094872561e-09,1.0436225094872562e-10,0.1,1.0,bare powers only; phase and profile prefactors uncomputed
0.0,0.1,1014797.2882335407,9.85418478739436e-10,9.854184787394362e-11,0.10000000000000002,1.0000000000000002,bare powers only; phase and profile prefactors uncomputed
0.0,0.1,1074736.5869594063,9.304605539010753e-10,9.304605539010752e-11,0.09999999999999999,0.9999999999999999,bare powers only; phase and profile prefactors uncomputed
0.0,0.1,1138216.2179007847,8.785676959025433e-10,8.785676959025433e-11,0.09999999999999999,0.9999999999999999,bare powers only; phase and profile prefactors uncomputed
0.0,0.1,1205445.2918157706,8.295689624318778e-10,8.295689624318779e-11,0.1,1.0,bare powers only; phase and profile prefactors uncomputed
0.0,0.1,1276645.2706505638,7.833029448269619e-10,7.83302944826962e-11,0.1,1.0,bare powers only; phase and profile prefactors uncomputed
0.0,0.1,1352050.697066006,7.396172363728905e-10,7.396172363728905e-11,0.09999999999999999,0.9999999999999998,bare powers only; phase and profile prefactors uncomputed
0.0,0.1,1431909.96705383,6.983679302529834e-10,6.983679302529834e-11,0.1,1.0,bare powers only; phase and profile prefactors uncomputed
0.0,0.1,1516486.148187684,6.594191454996648e-10,6.594191454996648e-11,0.1,1.0,bare powers only; phase and profile prefactors uncomputed
0.0,0.1,1606057.8462044213,6.226425793836062e-10,6.226425793836062e-11,0.1,1.0,bare powers only; phase and profile prefactors uncomputed
0.0,0.1,1700920.1227702536,5.879170847666379e-10,5.87917084766638e-11,0.10000000000000002,1.0000000000000002,bare powers only; phase and profile prefactors uncomputed
0.0,0.1,1801385.467455033,5.551282710261807e-10,5.551282710261807e-11,0.1,1.0,bare powers only; phase and profile prefactors uncomputed
0.0,0.1,1907784.8271164785,5.241681272365764e-10,5.241681272365764e-11,0.09999999999999999,0.9999999999999999,bare powers only; phase and profile prefactors uncomputed
0.0,0.1,2020468.6960852805,4.949346663660416e-10,4.949346663660416e-11,0.09999999999999999,0.9999999999999999,bare powers only; phase and profile prefactors uncomputed
0.0,0.1,2139808.2707423274,4.673315893171529e-10,4.6733158931715295e-11,0.1,1.0,bare powers only; phase and profile prefactors uncomputed
0.0,0.1,2266196.6722913324,4.412679677041925e-10,4.412679677041925e-11,0.1,1.0,bare powers only; phase and profile prefactors uncomputed
0.0,0.1,2400050.2417549235,4.1665794432236416e-10,4.1665794432236416e-11,0.1,1.0,bare powers only; phase and profile prefactors uncomputed
0.0,0.1,2541809.9114600397,3.934204503221839e-10,3.934204503221839e-11,0.09999999999999999,0.9999999999999999,bare powers only; phase and profile prefactors uncomputed
0.0,0.1,2691942.657530511,3.7147893815738397e-10,3.71478938157384e-11,0.1,1.0,bare powers only; phase and profile prefactors uncomputed
0.0,0.1,2850943.038171544,3.507611294266164e-10,3.507611294266164e-11,0.09999999999999999,0.9999999999999998,bare powers only; phase and profile prefactors uncomputed
0.0,0.1,3019334.822813422,3.311987767783233e-10,3.311987767783233e-11,0.09999999999999999,1.0,bare powers only; phase and profile prefactors uncomputed
0.0,0.1,3197672.7174810837,3.127274390944345e-10,3.127274390944345e-11,0.1,1.0,bare powers only; phase and profile prefactors uncomputed
0.0,0.1,3386544.1920731002,2.9528626921234466e-10,2.952862692123447e-11,0.1,1.0,bare powers only; phase and profile prefactors uncomputed
0.0,0.1,3586571.415569484,2.788178134858684e-10,2.788178134858684e-11,0.1,1.0,bare powers only; phase and profile prefactors uncomputed
0.0,0.1,3798413.305543076,2.6326782252491776e-10,2.6326782252491775e-11,0.09999999999999999,0.9999999999999999,bare powers only; phase and profile prefactors uncomputed
0.0,0.1,4022767.6987259365,2.4858507249044316e-10,2.4858507249044314e-11,0.09999999999999999,0.9999999999999999,bare powers only; phase and profile prefactors uncomputed
0.0,0.1,4260373.649780869,2.347211963559662e-10,2.3472119635596622e-11,0.1,1.0,bare powers only; phase and profile prefactors uncomputed
0.0,0.1,4512013.865850546,2.216305245798471e-10,2.216305245798471e-11,0.1,1.0,bare powers only; phase and profile prefactors uncomputed
0.0,0.1,4778517.284904051,2.0926993466344224e-10,2.0926993466344223e-11,0.09999999999999999,0.9999999999999999,bare powers only; phase and profile prefactors uncomputed
0.0,0.1,5060761.806374096,1.9759870909958385e-10,1.9759870909958387e-11,0.1,1.0,bare powers only; phase and profile prefactors uncomputed
0.0,0.1,5359677.183080246,1.8657840124342932e-10,1.8657840124342934e-11,0.1,1.0,bare powers only; phase and profile prefactors uncomputed
0.0,0.1,5676248.083964364,1.7617270866385172e-10,1.7617270866385174e-11,0.10000000000000002,1.0,bare powers only; phase and profile prefactors uncomputed
0.0,0.1,6011517.337727448,1.663473535581672e-10,1.663473535581672e-11,0.1,1.0,bare powers only; phase and profile prefactors uncomputed
0.0,0.1,6366589.368052807,1.570699698362746e-10,1.5706996983627457e-11,0.09999999999999999,0.9999999999999998,bare powers only; phase and profile prefactors uncomputed
0.0,0.1,6742633.831731758,1.4830999650223675e-10,1.4830999650223674e-11,0.09999999999999999,1.0,bare powers only; phase and profile prefactors uncomputed
0.0,0.1,7140889.471676164,1.4003857698210138e-10,1.4003857698210139e-11,0.1,1.0,bare powers only; phase and profile prefactors uncomputed
0.0,0.1,7562668.197510405,1.3222846406631916e-10,1.3222846406631916e-11,0.1,1.0,bare powers only; phase and profile prefactors uncomputed
0.0,0.1,8009359.407184645,1.2485393015363618e-10,1.248539301536362e-11,0.10000000000000002,1.0000000000000002,bare powers only; phase and profile prefactors uncomputed
0.0,0.1,8482434.563845469,1.178906825007861e-10,1.178906825007861e-11,0.1,1.0,bare powers only; phase and profile prefactors uncomputed
0.0,0.1,8983452.043040713,1.1131578319880695e-10,1.1131578319880696e-11,0.1,1.0,bare powers only; phase and profile prefactors uncomputed
0.0,0.1,9514062.266225863,1.0510757361236916e-10,1.0510757361236916e-11,0.1,1.0,bare powers only; phase and profile prefactors uncomputed
0.0,0.1,10076013.137482585,9.924560303320945e-11,9.924560303320946e-12,0.10000000000000002,1.0000000000000002,bare powers only; phase and profile prefactors uncomputed
0.0,0.1,10671155.80135845,9.37105613126462e-11,9.37105613126462e-12,0.1,1.0,bare powers only; phase and profile prefactors uncomputed
0.0,0.1,11301450.740795337,8.848421525125581e-11,8.848421525125581e-12,0.09999999999999999,0.9999999999999998,bare powers only; phase and profile prefactors uncomputed
0.0,0.1,11968974.235233659,8.354934853617205e-11,8.354934853617205e-12,0.1,1.0,bare powers only; phase and profile prefactors uncomputed
0.0,0.1,12675925.200166425,7.888970502814834e-11,7.888970502814834e-12,0.1,1.0,bare powers only; phase and profile prefactors uncomputed
0.0,0.1,13424632.430673577,7.448993521156874e-11,7.448993521156873e-12,0.09999999999999999,0.9999999999999998,bare powers only; phase and profile prefactors uncomputed
0.0,0.1,14217562.272797745,7.033554563100343e-11,7.033554563100343e-12,0.1,1.0,bare powers only; phase and profile prefactors uncomputed
0.0,0.1,15057326.74803223,6.64128511477434e-11,6.641285114774341e-12,0.1,1.0,bare powers only; phase and profile prefactors uncomputed
0.0,0.1,15946692.15768394,6.270892985904598e-11,6.270892985904598e-12,0.1,1.0,bare powers only; phase and profile prefactors uncomputed
0.0,0.1,16888588.195455834,5.92115805315844e-11,5.92115805315844e-12,0.09999999999999999,0.9999999999999999,bare powers only; phase and profile prefactors uncomputed
0.0,0.1,17886117.598266564,5.590928240888426e-11,5.590928240888426e-12,0.1,1.0,bare powers only; phase and profile prefactors uncomputed
0.0,0.1,18942566.367098644,5.2791157260343655e-11,5.279115726034366e-12,0.1,1.0,bare powers only; phase and profile prefactors uncomputed
0.0,0.1,20061414.591544,4.9846933546824987e-11,4.984693354682499e-12,0.1,1.0,bare powers only; phase and profile prefactors uncomputed
0.0,0.1,21246347.913704414,4.706691258477309e-11,4.706691258477309e-12,0.1,1.0,bare powers only; phase and profile prefactors uncomputed
0.0,0.1,22501269.66921084,4.444193659739696e-11,4.444193659739696e-12,0.09999999999999999,0.9999999999999998,bare powers only; phase and profile prefactors uncomputed
0.0,0.1,23830313.745355137,4.1963358547678154e-11,4.196335854767816e-12,0.10000000000000002,1.0000000000000002,bare powers only; phase and profile prefactors uncomputed
0.0,0.1,25237858.198691536,3.9623013653822797e-11,3.96230136538228e-12,0.10000000000000002,1.0000000000000002,bare powers only; phase and profile prefactors uncomputed
0.0,0.1,26728539.67696552,3.7413192493333e-11,3.7413192493333e-12,0.09999999999999999,1.0,bare powers only; phase and profile prefactors uncomputed
0.0,0.1,28307268.69287819,3.532661560709283e-11,3.532661560709283e-12,0.1,1.0,bare powers only; phase and profile prefactors uncomputed
0.0,0.1,29979245.8,3.335640951981517e-11,3.3356409519815175e-12,0.10000000000000002,1.0000000000000002,bare powers only; phase and profile prefactors uncomputed
0.0,0.001,1.0,0.001,1e-06,0.001,1.0,bare powers only; phase and profile prefactors uncomputed
0.0,0.001,1.0590652925671507,0.0009442288469070895,9.442288469070894e-07,0.001,0.9999999999999999,bare powers only; phase and profile prefactors uncomputed
0.0,0.001,1.1216192939203442,0.000891568115331492,8.915681153314919e-07,0.0009999999999999998,0.9999999999999999,bare powers only; phase and profile prefactors uncomputed
0.0,0.001,1.1878680656647103,0.0008418443334785816,8.418443334785816e-07,0.001,1.0,bare powers only; phase and profile prefactors uncomputed
0.0,0.001,1.2580298404943717,0.0007948937042757484,7.948937042757483e-07,0.001,1.0,bare powers only; phase and profile prefactors uncomputed
0.0,0.001,1.3323357410813774,0.000750561565801995,7.505615658019949e-07,0.001,1.0,bare powers only; phase and profile prefactors uncomputed
0.0,0.001,1.4110305414260205,0.0007087018818099973,7.087018818099972e-07,0.001,0.9999999999999999,bare powers only; phase and profile prefactors uncomputed
0.0,0.001,1.4943734731765332,0.0006691767606623382,6.691767606623382e-07,0.001,1.0,bare powers only; phase and profile prefactors uncomputed
0.0,0.001,1.5826390795742942,0.0006318560010972209,6.31856001097221e-07,0.001,1.0,bare powers only; phase and profile prefactors uncomputed
0.0,0.001,1.6761181198375557,0.0005966166633273537,5.966166633273536e-07,0.0009999999999999998,0.9999999999999998,bare powers only; phase and profile prefactors uncomputed
0.0,0.001,1.7751185269628633,0.0005633426640591424,5.633426640591423e-07,0.0009999999999999998,0.9999999999999998,bare powers only; phase and profile prefactors uncomputed
0.0,0.001,1.8799664220992942,0.000531924394098132,5.31924394098132e-07,0.001,1.0,bare powers only; phase and profile prefactors uncomputed
0.0,0.001,1.9910071888370084,0.0005022583572810313,5.022583572810313e-07,0.001,1.0,bare powers only; phase and profile prefactors uncomputed
0.0,0.001,2.1086066109489665,0.0004742468295449172,4.742468295449172e-07,0.001,1.0,bare powers only; phase and profile prefactors uncomputed
0.0,0.001,2.233152077333695,0.0004477975370105402,4.477975370105402e-07,0.001,1.0,bare powers only; phase and profile prefactors uncomputed
0.0,0.001,2.36505385812835,0.00042282335201929714,4.228233520192971e-07,0.001,0.9999999999999999,bare powers only; phase and profile prefactors uncomputed
0.0,0.001,2.504746456195769,0.0003992420061225713,3.992420061225713e-07,0.001,1.0,bare powers only; phase and profile prefactors uncomputed
0.0,0.001,2.652690038437506,0.0003769758190779887,3.7697581907798866e-07,0.001,0.9999999999999999,bare powers only; phase and profile prefactors uncomputed
0.0,0.001,2.809371951647783,0.0003559514429598649,3.5595144295986483e-07,0.0009999999999999998,0.9999999999999999,bare powers only; phase and profile prefactors uncomputed
0.0,0.001,2.975308327901806,0.0003360996205409078,3.3609962054090777e-07,0.001,0.9999999999999999,bare powers only; phase and profile prefactors uncomputed
0.0,0.001,3.1510457847668056,0.0003173549571492518,3.1735495714925176e-07,0.001,0.9999999999999998,bare powers only; phase and profile prefactors uncomputed
0.0,0.001,3.337163225936544,0.00029965570524928683,2.996557052492868e-07,0.0009999999999999998,0.9999999999999998,bare powers only; phase and profile prefactors uncomputed
0.0,0.001,3.534273748220822,0.0002829435610366648,2.829435610366648e-07,0.001,1.0,bare powers only; phase and profile prefactors uncomputed
0.0,0.001,3.7430266611718848,0.0002671634723774357,2.671634723774356e-07,0.0009999999999999998,0.9999999999999998,bare powers only; phase and profile prefactors uncomputed
0.0,0.001,3.9641096260006474,0.0002522634574586401,2.522634574586401e-07,0.0009999999999999998,0.9999999999999998,bare powers only; phase and profile prefactors uncomputed
0.0,0.001,4.198250920828633,0.0002381944335529674,2.3819443355296739e-07,0.001,0.9999999999999999,bare powers only; phase and profile prefactors uncomputed
0.0,0.001,4.446221839737685,0.0002249100553334058,2.2491005533340578e-07,0.0009999999999999998,0.9999999999999999,bare powers only; phase and profile prefactors uncomputed
0.0,0.001,4.708839233520247,0.00021236656220527142,2.123665622052714e-07,0.0009999999999999998,0.9999999999999999,bare powers only; phase and profile prefactors uncomputed
0.0,0.001,4.986968200499797,0.0002005226341527061,2.005226341527061e-07,0.0009999999999999998,0.9999999999999999,bare powers only; phase and profile prefactors uncomputed
0.0,0.001,5.281524936285394,0.00018933925562478185,1.8933925562478185e-07,0.001,1.0,bare powers only; phase and profile prefactors uncomputed
0.0,0.001,5.5934797518477914,0.00017877958701283445,1.7877958701283443e-07,0.0009999999999999998,0.9999999999999999,bare powers only; phase and profile prefactors uncomputed
0.0,0.001,5.923860269859115,0.0001688088432956544,1.6880884329565436e-07,0.0009999999999999998,0.9999999999999999,bare powers only; phase and profile prefactors uncomputed
0.0,0.001,6.273754809825263,0.00015939417945277527,1.5939417945277526e-07,0.001,0.9999999999999999,bare powers only; phase and profile prefactors uncomputed
0.0,0.001,6.644315973162161,0.00015050458226839567,1.5050458226839565e-07,0.0009999999999999998,0.9999999999999998,bare powers only; phase and profile prefactors uncomputed
0.0,0.001,7.036764440025576,0.00014211076816952046,1.4211076816952044e-07,0.0009999999999999998,0.9999999999999998,bare powers only; phase and profile prefactors uncomputed
0.0,0.001,7.4523929904018065,0.000134185086761787,1.34185086761787e-07,0.001,0.9999999999999998,bare powers only; phase and profile prefactors uncomputed
0.0,0.001,7.892570762705272,0.00012670142974520994,1.267014297452099e-07,0.0009999999999999998,0.9999999999999998,bare powers only; phase and profile prefactors uncomputed
0.0,0.001,8.3587477639114,0.0001196351449097992,1.196351449097992e-07,0.001,1.0,bare powers only; phase and profile prefactors uncomputed
0.0,0.001,8.852459646081842,0.00011296295492774221,1.129629549277422e-07,0.001,0.9999999999999999,bare powers only; phase and profile prefactors uncomputed
0.0,0.001,9.37533276501656,0.00010666288067463955,1.0666288067463954e-07,0.0009999999999999998,0.9999999999999999,bare powers only; phase and profile prefactors uncomputed
0.0,0.001,9.929089537696655,0.0001007141688272034,1.0071416882720339e-07,0.001,0.9999999999999999,bare powers only; phase and profile prefactors uncomputed
0.0,0.001,10.515554116166145,9.509722349891621e-05,9.50972234989162e-08,0.001,1.0,bare powers only; phase and profile prefactors uncomputed
0.0,0.001,11.1366583965432,8.979354168844745e-05,8.979354168844743e-08,0.0009999999999999998,0.9999999999999999,bare powers only; phase and profile prefactors uncomputed
0.0,0.001,11.794448382955435,8.47856523281864e-05,8.47856523281864e-08,0.0009999999999999998,0.9999999999999999,bare powers only; phase and profile prefactors uncomputed
0.0,0.001,12.491090927362858,8.005705873210881e-05,8.00570587321088e-08,0.0009999999999999998,0.9999999999999999,bare powers only; phase and profile prefactors uncomputed
0.0,0.001,13.228880867470423,7.559218425339228e-05,7.559218425339227e-08,0.001,1.0,bare powers only; phase and profile prefactors uncomputed
0.0,0.001,14.010248586243549,7.137632097276882e-05,7.137632097276882e-08,0.001,1.0,bare powers only; phase and profile prefactors uncomputed
0.0,0.001,14.837768017928529,6.739558124858781e-05,6.73955812485878e-08,0.001,1.0,bare powers only; phase and profile prefactors uncomputed
0.0,0.001,15.714165126950993,6.363685196898711e-05,6.36368519689871e-08,0.0009999999999999998,0.9999999999999998,bare powers only; phase and profile prefactors uncomputed
0.0,0.001,16.642326887622865,6.008775135547388e-05,6.008775135547388e-08,0.001,1.0,bare powers only; phase and profile prefactors uncomputed
0.0,0.001,17.625310794238462,5.673658817561901e-05,5.673658817561901e-08,0.001,1.0,bare powers only; phase and profile prefactors uncomputed
0.0,0.001,18.66635493288712,5.3572323230507126e-05,5.3572323230507124e-08,0.001,1.0,bare powers only; phase and profile prefactors uncomputed
0.0,0.001,19.768888648160367,5.0584532990075654e-05,5.058453299007565e-08,0.001,1.0,bare powers only; phase and profile prefactors uncomputed
0.0,0.001,20.93654383989139,4.776337525655275e-05,4.7763375256552746e-08,0.001,0.9999999999999999,bare powers only; phase and profile prefactors uncomputed
0.0,0.001,22.173166927139544,4.509955674288541e-05,4.5099556742885407e-08,0.0009999999999999998,0.9999999999999999,bare powers only; phase and profile prefactors uncomputed
0.0,0.001,23.482831518831304,4.258430245935555e-05,4.258430245935555e-08,0.001,1.0,bare powers only; phase and profile prefactors uncomputed
0.0,0.001,24.869851832796186,4.020932680754002e-05,4.0209326807540014e-08,0.0009999999999999998,0.9999999999999999,bare powers only; phase and profile prefactors uncomputed
0.0,0.001,26.338796907401974,3.7966806286393854e-05,3.796680628639385e-08,0.001,1.0,bare powers only; phase and profile prefactors uncomputed
0.0,0.001,27.89450565260444,3.5849353720546494e-05,3.584935372054649e-08,0.001,1.0,bare powers only; phase and profile prefactors uncomputed
0.0,0.001,29.542102789991553,3.384999392591599e-05,3.384999392591599e-08,0.001,1.0,bare powers only; phase and profile prefactors uncomputed
0.0,0.001,31.287015734331234,3.196214073247965e-05,3.1962140732479646e-08,0.001,0.9999999999999998,bare powers only; phase and profile prefactors uncomputed
0.0,0.001,33.13499247223256,3.017957528851136e-05,3.0179575288511356e-08,0.0009999999999999998,0.9999999999999998,bare powers only; phase and profile prefactors uncomputed
0.0,0.001,35.092120496815305,2.849642557481679e-05,2.849642557481679e-08,0.001,1.0,bare powers only; phase and profile prefactors uncomputed
0.0,0.001,37.164846860761415,2.6907147061482944e-05,2.6907147061482943e-08,0.001,1.0,bare powers only; phase and profile prefactors uncomputed
0.0,0.001,39.359999413805625,2.5406504443423526e-05,2.5406504443423523e-08,0.0009999999999999998,0.9999999999999999,bare powers only; phase and profile prefactors uncomputed
0.0,0.001,41.68480929462492,2.3989554394553655e-05,2.3989554394553653e-08,0.001,0.9999999999999999,bare powers only; phase and profile prefactors uncomputed
0.0,0.001,44.146934751217835,2.2651629283784292e-05,2.265162928378429e-08,0.001,1.0,bare powers only; phase and profile prefactors uncomputed
0.0,0.001,46.75448636824141,2.1388321799194506e-05,2.1388321799194504e-08,0.001,0.9999999999999999,bare powers only; phase and profile prefactors uncomputed
0.0,0.001,49.51605378440846,2.0195470429731186e-05,2.0195470429731185e-08,0.001,0.9999999999999999,bare powers only; phase and profile prefactors uncomputed
0.0,0.001,52.4407339879553,1.9069145756611302e-05,1.90691457566113e-08,0.0009999999999999998,0.9999999999999998,bare powers only; phase and profile prefactors uncomputed
0.0,0.001,55.53816128338998,1.800563750926831e-05,1.800563750926831e-08,0.0009999999999999998,0.9999999999999998,bare powers only; phase and profile prefactors uncomputed
0.0,0.001,58.81853902823503,1.7001442343203457e-05,1.7001442343203456e-08,0.001,1.0,bare powers only; phase and profile prefactors uncomputed
0.0,0.001,62.29267324431008,1.6053252299480367e-05,1.6053252299480366e-08,0.001,1.0,bare powers only; phase and profile prefactors uncomputed
0.0,0.001,65.97200821427519,1.5157943907846932e-05,1.515794390784693e-08,0.0009999999999999998,0.9999999999999998,bare powers only; phase and profile prefactors uncomputed
0.0,0.001,69.8686641806938,1.4312567897588651e-05,1.4312567897588651e-08,0.001,1.0,bare powers only; phase and profile prefactors uncomputed
0.0,0.001,73.99547727180246,1.351433948221956e-05,1.351433948221956e-08,0.001,0.9999999999999999,bare powers only; phase and profile prefactors uncomputed
0.0,0.001,78.36604178550743,1.276062918600713e-05,1.2760629186007128e-08,0.0009999999999999998,0.9999999999999999,bare powers only; phase and profile prefactors uncomputed
0.0,0.001,82.99475497089797,1.2048954182112465e-05,1.2048954182112464e-08,0.0009999999999999998,0.9999999999999999,bare powers only; phase and profile prefactors uncomputed
0.0,0.001,87.89686445479306,1.1376970113812398e-05,1.1376970113812396e-08,0.0009999999999999998,0.9999999999999999,bare powers only; phase and profile prefactors uncomputed
0.0,0.001,93.08851846955056,1.0742463371861499e-05,1.0742463371861498e-08,0.0009999999999999998,0.9999999999999999,bare powers only; phase and profile prefactors uncomputed
0.0,0.001,98.58681904759716,1.0143343802554437e-05,1.0143343802554437e-08,0.001,1.0,bare powers only; phase and profile prefactors uncomputed
0.0,0.001,104.40987835790825,9.577637822468142e-06,9.577637822468141e-09,0.001,0.9999999999999998,bare powers only; phase and profile prefactors uncomputed
0.0,0.001,110.57687837001873,9.043481917202822e-06,9.04348191720282e-09,0.0009999999999999998,0.9999999999999998,bare powers only; phase and profile prefactors uncomputed
0.0,0.001,117.10813404210603,8.539116502705536e-06,8.539116502705536e-09,0.001,1.0,bare powers only; phase and profile prefactors uncomputed
0.0,0.001,124.02516024129615,8.062880128954948e-06,8.062880128954947e-09,0.0009999999999999998,0.9999999999999998,bare powers only; phase and profile prefactors uncomputed
0.0,0.001,131.3507426166361,7.61320400691321e-06,7.613204006913209e-09,0.0009999999999999998,0.9999999999999998,bare powers only; phase and profile prefactors uncomputed
0.0,0.001,139.1090126582001,7.188606840716101e-06,7.1886068407161e-09,0.0009999999999999998,0.9999999999999999,bare powers only; phase and profile prefactors uncomputed
0.0,0.001,147.32552718958416,6.78768994807778e-06,6.787689948077779e-09,0.0009999999999999998,0.9999999999999999,bare powers only; phase and profile prefactors uncomputed
0.0,0.001,156.0273525556467,6.409132652836324e-06,6.409132652836324e-09,0.001,1.0,bare powers only; phase and profile prefactors uncomputed
0.0,0.001,165.24315378282398,6.051687934462214e-06,6.051687934462213e-09,0.0009999999999999998,0.9999999999999999,bare powers only; phase and profile prefactors uncomputed
0.0,0.001,175.003289005725,5.714178320198808e-06,5.714178320198807e-09,0.0009999999999999998,0.9999999999999999,bare powers only; phase and profile prefactors uncomputed
0.0,0.001,185.33990947106184,5.395492006302805e-06,5.3954920063028054e-09,0.001,1.0,bare powers only; phase and profile prefactors uncomputed
0.0,0.001,196.28706544833935,5.094579195607718e-06,5.0945791956077174e-09,0.001,1.0,bare powers only; phase and profile prefactors uncomputed
0.0,0.001,207.8808183961928,4.810448639345527e-06,4.810448639345527e-09,0.001,1.0,bare powers only; phase and profile prefactors uncomputed
0.0,0.001,220.1593597538627,4.542164371835001e-06,4.542164371835e-09,0.0009999999999999998,0.9999999999999998,bare powers only; phase and profile prefactors uncomputed
0.0,0.001,233.16313674912124,4.288842627280228e-06,4.288842627280228e-09,0.001,0.9999999999999998,bare powers only; phase and profile prefactors uncomputed
0.0,0.001,246.9349856370827,4.049648928522779e-06,4.049648928522779e-09,0.0009999999999999998,0.9999999999999998,bare powers only; phase and profile prefactors uncomputed
0.0,0.001,261.5202728088019,3.823795338157598e-06,3.823795338157597e-09,0.0009999999999999998,0.9999999999999998,bare powers only; phase and profile prefactors uncomputed
0.0,0.001,276.96704423449495,3.610537862957253e-06,3.6105378629572528e-09,0.001,0.9999999999999999,bare powers only; phase and profile prefactors uncomputed
0.0,0.001,293.32618373366444,3.409174003054512e-06,3.4091740030545114e-09,0.0009999999999999998,0.9999999999999999,bare powers only; phase and profile prefactors uncomputed
0.0,0.001,310.65158059349886,3.219040437809791e-06,3.2190404378097907e-09,0.0009999999999999998,0.9999999999999999,bare powers only; phase and profile prefactors uncomputed
0.0,0.001,329.0003070877017,3.039510840740432e-06,3.0395108407404317e-09,0.001,0.9999999999999999,bare powers only; phase and profile prefactors uncomputed
0.0,0.001,348.43280648051933,2.8699938163139333e-06,2.8699938163139335e-09,0.001,1.0,bare powers only; phase and profile prefactors uncomputed
0.0,0.001,369.0130921352843,2.7099309518085855e-06,2.7099309518085856e-09,0.001,1.0,bare powers only; phase and profile prefactors uncomputed
0.0,0.001,390.80895838336386,2.5587949778240503e-06,2.55879497782405e-09,0.0009999999999999998,0.9999999999999999,bare powers only; phase and profile prefactors uncomputed
0.0,0.001,413.89220384814075,2.4160880313824548e-06,2.4160880313824543e-09,0.0009999999999999998,0.9999999999999998,bare powers only; phase and profile prefactors uncomputed
0.0,0.001,438.338867959694,2.281340015898275e-06,2.2813400158982748e-09,0.0009999999999999998,0.9999999999999998,bare powers only; phase and profile prefactors uncomputed
0.0,0.001,464.22948143928664,2.15410705261463e-06,2.15410705261463e-09,0.001,1.0,bare powers only; phase and profile prefactors uncomputed
0.0,0.001,491.64933157879483,2.0339700184047414e-06,2.033970018404741e-09,0.0009999999999999998,0.9999999999999998,bare powers only; phase and profile prefactors uncomputed
0.0,0.001,520.6887431889405,1.920533165121899e-06,1.920533165121899e-09,0.0009999999999999998,0.9999999999999998,bare powers only; phase and profile prefactors uncomputed
0.0,0.001,551.4433761418169,1.8134228159498754e-06,1.8134228159498754e-09,0.001,1.0,bare powers only; phase and profile prefactors uncomputed
0.0,0.001,584.0145404878507,1.712286134459358e-06,1.712286134459358e-09,0.001,1.0,bare powers only; phase and profile prefactors uncomputed
0.0,0.001,618.5095301852358,1.6167899623155561e-06,1.6167899623155558e-09,0.0009999999999999998,0.9999999999999998,bare powers only; phase and profile prefactors uncomputed
0.0,0.001,655.0419765411972,1.5266197218081757e-06,1.5266197218081755e-09,0.0009999999999999998,0.9999999999999999,bare powers only; phase and profile prefactors uncomputed
0.0,0.001,693.7322225293678,1.4414783795885557e-06,1.4414783795885555e-09,0.0009999999999999998,0.9999999999999999,bare powers only; phase and profile prefactors uncomputed
0.0,0.001,734.7077192163248,1.3610854682004008e-06,1.3610854682004007e-09,0.001,1.0,bare powers only; phase and profile prefactors uncomputed
0.0,0.001,778.1034456031812,1.2851761621808605e-06,1.2851761621808604e-09,0.001,0.9999999999999999,bare powers only; phase and profile prefactors uncomputed
0.0,0.001,824.0623532652404,1.2135004056885126e-06,1.2135004056885127e-09,0.001,1.0,bare powers only; phase and profile prefactors uncomputed
0.0,0.001,872.7358372544267,1.1458220887845496e-06,1.1458220887845496e-09,0.001,1.0,bare powers only; phase and profile prefactors uncomputed
0.0,0.001,924.2842348156968,1.0819182696537081e-06,1.081918269653708e-09,0.0009999999999999998,0.9999999999999998,bare powers only; phase and profile prefactors uncomputed
0.0,0.001,978.8773535602901,1.0215784402028346e-06,1.0215784402028344e-09,0.0009999999999999998,0.9999999999999998,bare powers only; phase and profile prefactors uncomputed
0.0,0.001,1036.695030835687,9.646038326178656e-07,9.646038326178656e-10,0.001,1.0,bare powers only; phase and profile prefactors uncomputed
0.0,0.001,1097.9277261349084,9.108067645949265e-07,9.108067645949264e-10,0.0009999999999999998,0.9999999999999999,bare powers only; phase and profile prefactors uncomputed
0.0,0.001,1162.7771484966524,8.600100210886445e-07,8.600100210886443e-10,0.0009999999999999998,0.9999999999999998,bare powers only; phase and profile prefactors uncomputed
0.0,0.001,1231.4569209630047,8.120462705410725e-07,8.120462705410724e-10,0.0009999999999999998,0.9999999999999999,bare powers only; phase and profile prefactors uncomputed
0.0,0.001,1304.1932842835274,7.667575136681987e-07,7.667575136681986e-10,0.0009999999999999998,0.9999999999999999,bare powers only; phase and profile prefactors uncomputed
0.0,0.001,1381.2258421838474,7.239945629882702e-07,7.239945629882701e-10,0.0009999999999999998,0.9999999999999999,bare powers only; phase and profile prefactors uncomputed
0.0,0.001,1462.8083506537441,6.836165513774172e-07,6.836165513774171e-10,0.0009999999999999998,0.9999999999999999,bare powers only; phase and profile prefactors uncomputed
0.0,0.001,1549.2095538547792,6.454904680336994e-07,6.454904680336993e-10,0.0009999999999999998,0.9999999999999999,bare powers only; phase and profile prefactors uncomputed
0.0,0.001,1640.714069401037,6.094907203209775e-07,6.094907203209774e-10,0.001,1.0,bare powers only; phase and profile prefactors uncomputed
0.0,0.001,1737.6233259292483,5.75498720049248e-07,5.75498720049248e-10,0.0009999999999999998,0.9999999999999998,bare powers only; phase and profile prefactors uncomputed
0.0,0.001,1840.2565560467651,5.434024928286073e-07,5.434024928286073e-10,0.001,1.0,bare powers only; phase and profile prefactors uncomputed
0.0,0.001,1948.9518479282847,5.13096309209994e-07,5.130963092099939e-10,0.0009999999999999998,0.9999999999999998,bare powers only; phase and profile prefactors uncomputed
0.0,0.001,2064.0672590254585,4.844803363976356e-07,4.844803363976356e-10,0.001,1.0,bare powers only; phase and profile prefactors uncomputed
0.0,0.001,2185.981995558072,4.5746030938589877e-07,4.5746030938589876e-10,0.001,1.0,bare powers only; phase and profile prefactors uncomputed
0.0,0.001,2315.097661672234,4.3194722043720725e-07,4.319472204372072e-10,0.0009999999999999998,0.9999999999999999,bare powers only; phase and profile prefactors uncomputed
0.0,0.001,2451.8395823804312,4.0785702587814665e-07,4.0785702587814663e-10,0.001,1.0,bare powers only; phase and profile prefactors uncomputed
0.0,0.001,2596.65820464145,3.8511036924787773e-07,3.8511036924787773e-10,0.001,1.0,bare powers only; phase and profile prefactors uncomputed
0.0,0.001,2750.03058119549,3.6363231988688683e-07,3.636323198868868e-10,0.0009999999999999998,0.9999999999999999,bare powers only; phase and profile prefactors uncomputed
0.0,0.001,2912.4619420424137,3.4335212610494505e-07,3.4335212610494503e-10,0.001,1.0,bare powers only; phase and profile prefactors uncomputed
0.0,0.001,3084.4873587398383,3.2420298211516993e-07,3.2420298211516986e-10,0.0009999999999999998,0.9999999999999999,bare powers only; phase and profile prefactors uncomputed
0.0,0.001,3266.6735070034856,3.0612180796644695e-07,3.061218079664469e-10,0.0009999999999999998,0.9999999999999998,bare powers only; phase and profile prefactors uncomputed
0.0,0.001,3459.620533416007,2.890490417492714e-07,2.8904904174927137e-10,0.001,0.9999999999999998,bare powers only; phase and profile prefactors uncomputed
0.0,0.001,3663.9640323935464,2.7292844339051354e-07,2.729284433905135e-10,0.0009999999999999998,0.9999999999999998,bare powers only; phase and profile prefactors uncomputed
0.0,0.001,3880.377139922385,2.5770690939077167e-07,2.577069093907717e-10,0.001,1.0,bare powers only; phase and profile prefactors uncomputed
0.0,0.001,4109.572750962785,2.4333429789403795e-07,2.433342978940379e-10,0.0009999999999999998,0.9999999999999998,bare powers only; phase and profile prefactors uncomputed
0.0,0.001,4352.305867824393,2.2976326351343388e-07,2.2976326351343387e-10,0.001,0.9999999999999999,bare powers only; phase and profile prefactors uncomputed
0.0,0.001,4609.376087249164,2.1694910136889965e-07,2.1694910136889963e-10,0.001,0.9999999999999999,bare powers only; phase and profile prefactors uncomputed
0.0,0.001,4881.630234394565,2.0484959982308522e-07,2.0484959982308522e-10,0.001,1.0,bare powers only; phase and profile prefactors uncomputed
0.0,0.001,5169.96515239373,1.9342490143033034e-07,1.9342490143033032e-10,0.0009999999999999998,0.9999999999999999,bare powers only; phase and profile prefactors uncomputed
0.0,0.001,5475.330656681835,1.8263737164067843e-07,1.8263737164067841e-10,0.001,0.9999999999999999,bare powers only; phase and profile prefactors uncomputed
0.0,0.001,5798.732663820638,1.7245147482641922e-07,1.7245147482641921e-10,0.001,1.0,bare powers only; phase and profile prefactors uncomputed
0.0,0.001,6141.236505127898,1.6283365722277667e-07,1.6283365722277665e-10,0.0009999999999999998,0.9999999999999999,bare powers only; phase and profile prefactors uncomputed
0.0,0.001,6503.9704360273445,1.537522363971268e-07,1.537522363971268e-10,0.001,1.0,bare powers only; phase and profile prefactors uncomputed
0.0,0.001,6888.1293526793925,1.4517729688264543e-07,1.4517729688264542e-10,0.001,1.0,bare powers only; phase and profile prefactors uncomputed
0.0,0.001,7294.978728135781,1.3708059163258838e-07,1.3708059163258838e-10,0.001,1.0,bare powers only; phase and profile prefactors uncomputed
0.0,0.001,7725.858780984264,1.2943544897058046e-07,1.2943544897058044e-10,0.0009999999999999998,0.9999999999999998,bare powers only; phase and profile prefactors uncomputed
0.0,0.001,8182.188890215582,1.2221668473039273e-07,1.2221668473039272e-10,0.0009999999999999998,0.9999999999999998,bare powers only; phase and profile prefactors uncomputed
0.0,0.001,8665.472270855858,1.1540051929578592e-07,1.1540051929578592e-10,0.001,1.0,bare powers only; phase and profile prefactors uncomputed
0.0,0.001,9177.300925766493,1.0896449926713939e-07,1.0896449926713938e-10,0.001,1.0,bare powers only; phase and profile prefactors uncomputed
0.0,0.001,9719.360889923666,1.0288742349681951e-07,1.0288742349681951e-10,0.001,1.0,bare powers only; phase and profile prefactors uncomputed
0.0,0.001,10293.437784452732,9.71492732496432e-08,9.71492732496432e-11,0.0009999999999999998,0.9999999999999999,bare powers only; phase and profile prefactors uncomputed
0.0,0.001,10901.422698713197,9.173114625837229e-08,9.173114625837227e-11,0.0009999999999999998,0.9999999999999999,bare powers only; phase and profile prefactors uncomputed
0.0,0.001,11545.318419810872,8.661519445700837e-08,8.661519445700837e-11,0.001,1.0,bare powers only; phase and profile prefactors uncomputed
0.0,0.001,12227.246030057917,8.178456518677442e-08,8.178456518677442e-11,0.001,1.0,bare powers only; phase and profile prefactors uncomputed
0.0,0.001,12949.451894113823,7.722334568110565e-08,7.722334568110565e-11,0.001,1.0,bare powers only; phase and profile prefactors uncomputed
0.0,0.001,13714.315058823875,7.291651064677803e-08,7.291651064677802e-11,0.001,0.9999999999999998,bare powers only; phase and profile prefactors uncomputed
0.0,0.001,14524.35509013139,6.88498727684958e-08,6.88498727684958e-11,0.001,1.0,bare powers only; phase and profile prefactors uncomputed
0.0,0.001,15382.240372879189,6.501003597389656e-08,6.501003597389656e-11,0.001,1.0,bare powers only; phase and profile prefactors uncomputed
0.0,0.001,16290.796900841538,6.13843513050207e-08,6.138435130502069e-11,0.0009999999999999998,0.9999999999999998,bare powers only; phase and profile prefactors uncomputed
0.0,0.001,17253.01758594178,5.7960875250879455e-08,5.796087525087945e-11,0.0009999999999999998,0.9999999999999999,bare powers only; phase and profile prefactors uncomputed
0.0,0.001,18272.07211732163,5.472833040386352e-08,5.4728330403863515e-11,0.0009999999999999998,0.9999999999999999,bare powers only; phase and profile prefactors uncomputed
0.0,0.001,19351.317402739274,5.167606831039031e-08,5.1676068310390304e-11,0.001,0.9999999999999999,bare powers only; phase and profile prefactors uncomputed
0.0,0.001,20494.308626691865,4.879403439341188e-08,4.879403439341188e-11,0.001,0.9999999999999999,bare powers only; phase and profile prefactors uncomputed
0.0,0.001,21704.810961688905,4.607273483123613e-08,4.607273483123613e-11,0.0009999999999999998,0.9999999999999999,bare powers only; phase and profile prefactors uncomputed
0.0,0.001,22986.811971255767,4.350320528355415e-08,4.3503205283554154e-11,0.001,1.0,bare powers only; phase and profile prefactors uncomputed
0.0,0.001,24344.534745524074,4.1076981361652716e-08,4.107698136165271e-11,0.0009999999999999998,0.9999999999999999,bare powers only; phase and profile prefactors uncomputed
0.0,0.001,25782.451812679625,3.8786070745537386e-08,3.878607074553738e-11,0.0009999999999999998,0.9999999999999998,bare powers only; phase and profile prefactors uncomputed
0.0,0.001,27305.299872094016,3.662292685611553e-08,3.662292685611553e-11,0.001,1.0,bare powers only; phase and profile prefactors uncomputed
0.0,0.001,28918.09539767298,3.458042399571268e-08,3.458042399571268e-11,0.001,1.0,bare powers only; phase and profile prefactors uncomputed
0.0,0.001,30626.151162821316,3.265183387503006e-08,3.265183387503006e-11,0.001,1.0,bare powers only; phase and profile prefactors uncomputed
0.0,0.001,32435.093741459146,3.083080344922146e-08,3.0830803449221463e-11,0.001,1.0,bare powers only; phase and profile prefactors uncomputed
0.0,0.001,34350.882042741396,2.9111333990077475e-08,2.911133399007747e-11,0.0009999999999999998,0.9999999999999998,bare powers only; phase and profile prefactors uncomputed
0.0,0.001,36379.826940535604,2.748776132537804e-08,2.7487761325378037e-11,0.001,0.9999999999999999,bare powers only; phase and profile prefactors uncomputed
0.0,0.001,38528.61206232066,2.5954737180318976e-08,2.5954737180318972e-11,0.0009999999999999998,0.9999999999999998,bare powers only; phase and profile prefactors uncomputed
0.0,0.001,40804.31580598789,2.450721155954913e-08,2.4507211559549127e-11,0.0009999999999999998,0.9999999999999999,bare powers only; phase and profile prefactors uncomputed
0.0,0.001,43214.434657070895,2.3140416111781235e-08,2.314041611178123e-11,0.0009999999999999998,0.9999999999999999,bare powers only; phase and profile prefactors uncomputed
0.0,0.001,45766.907883214815,2.1849848422177412e-08,2.184984842217741e-11,0.001,0.9999999999999999,bare powers only; phase and profile prefactors uncomputed
0.0,0.001,48470.143687230746,2.063125718076725e-08,2.063125718076725e-11,0.001,0.9999999999999999,bare powers only; phase and profile prefactors uncomputed
0.0,0.001,51333.04690488887,1.9480628178039455e-08,1.9480628178039454e-11,0.001,1.0,bare powers only; phase and profile prefactors uncomputed
0.0,0.001,54365.04833868941,1.839417108157597e-08,1.8394171081575968e-11,0.0009999999999999998,0.9999999999999998,bare powers only; phase and profile prefactors uncomputed
0.0,0.001,57576.1358242414,1.7368306950168194e-08,1.7368306950168193e-11,0.001,1.0,bare powers only; phase and profile prefactors uncomputed
0.0,0.001,60976.88713158624,1.639965644428569e-08,1.6399656444285688e-11,0.0009999999999999998,0.9999999999999998,bare powers only; phase and profile prefactors uncomputed
0.0,0.001,64578.504809847385,1.548502869406034e-08,1.5485028694060338e-11,0.0009999999999999998,0.9999999999999998,bare powers only; phase and profile prefactors uncomputed
0.0,0.001,68392.85308999018,1.4621410788115776e-08,1.4621410788115774e-11,0.0009999999999999998,0.9999999999999998,bare powers only; phase and profile prefactors uncomputed
0.0,0.001,72432.49696725263,1.3805957848617426e-08,1.3805957848617426e-11,0.001,1.0,bare powers only; phase and profile prefactors uncomputed
0.0,0.001,76710.74359199268,1.3035983659847928e-08,1.3035983659847927e-11,0.0009999999999999998,0.9999999999999999,bare powers only; phase and profile prefactors uncomputed
0.0,0.001,81241.68610529743,1.2308951819437858e-08,1.2308951819437857e-11,0.0009999999999999998,0.9999999999999999,bare powers only; phase and profile prefactors uncomputed
0.0,0.001,86040.25006375545,1.1622467383102722e-08,1.1622467383102722e-11,0.001,1.0,bare powers only; phase and profile prefactors uncomputed
0.0,0.001,91122.2426063218,1.0974268975362372e-08,1.097426897536237e-11,0.0009999999999999998,0.9999999999999999,bare powers only; phase and profile prefactors uncomputed
0.0,0.001,96504.40452523911,1.0362221340254652e-08,1.036222134025465e-11,0.0009999999999999998,0.9999999999999999,bare powers only; phase and profile prefactors uncomputed
0.0,0.001,102204.46541254103,9.784308307504676e-09,9.784308307504677e-12,0.001,1.0,bare powers only; phase and profile prefactors uncomputed
0.0,0.001,108241.20206380203,9.23862615097859e-09,9.238626150978589e-12,0.001,1.0,bare powers only; phase and profile prefactors uncomputed
0.0,0.001,114634.5003315206,8.723377317544204e-09,8.723377317544203e-12,0.0009999999999999998,0.9999999999999998,bare powers only; phase and profile prefactors uncomputed
0.0,0.001,121405.42063189101,8.236864505680217e-09,8.236864505680217e-12,0.001,1.0,bare powers only; phase and profile prefactors uncomputed
0.0,0.001,128576.26732075168,7.77748507432836e-09,7.77748507432836e-12,0.0009999999999999998,0.9999999999999998,bare powers only; phase and profile prefactors uncomputed
0.0,0.001,136170.6621672438,7.343725763570186e-09,7.343725763570187e-12,0.001,1.0,bare powers only; phase and profile prefactors uncomputed
0.0,0.001,144213.62216721472,6.934157709737757e-09,6.934157709737757e-12,0.001,0.9999999999999999,bare powers only; phase and profile prefactors uncomputed
0.0,0.001,152731.64195268982,6.547431738537581e-09,6.547431738537581e-12,0.001,1.0,bare powers only; phase and profile prefactors uncomputed
0.0,0.001,161752.7810688868,6.182273920682227e-09,6.182273920682227e-12,0.001,1.0,bare powers only; phase and profile prefactors uncomputed
0.0,0.001,171306.7564062709,5.8374813753895454e-09,5.837481375389546e-12,0.001,1.0,bare powers only; phase and profile prefactors uncomputed
0.0,0.001,181425.04009213694,5.511918307925677e-09,5.511918307925677e-12,0.001,1.0,bare powers only; phase and profile prefactors uncomputed
0.0,0.001,192140.9631641861,5.204512268138743e-09,5.204512268138743e-12,0.001,0.9999999999999999,bare powers only; phase and profile prefactors uncomputed
0.0,0.001,203489.8253676125,4.9142506176584506e-09,4.914250617658451e-12,0.001,1.0,bare powers only; phase and profile prefactors uncomputed
0.0,0.001,215509.01143738898,4.640177194124088e-09,4.640177194124088e-12,0.001,1.0,bare powers only; phase and profile prefactors uncomputed
0.0,0.001,228238.11424879584,4.381389161452366e-09,4.381389161452366e-12,0.001,1.0,bare powers only; phase and profile prefactors uncomputed
0.0,0.001,241719.06524187577,4.137034035769384e-09,4.1370340357693836e-12,0.0009999999999999998,0.9999999999999998,bare powers only; phase and profile prefactors uncomputed
0.0,0.001,255996.2725494454,3.906306877209906e-09,3.906306877209905e-12,0.0009999999999999998,0.9999999999999998,bare powers only; phase and profile prefactors uncomputed
0.0,0.001,271116.7672836785,3.6884476383331395e-09,3.688447638333139e-12,0.0009999999999999998,0.9999999999999998,bare powers only; phase and profile prefactors uncomputed
0.0,0.001,287130.3584631485,3.4827386604204875e-09,3.482738660420487e-12,0.0009999999999999998,0.9999999999999999,bare powers only; phase and profile prefactors uncomputed
0.0,0.001,304089.79709068534,3.2885023094075754e-09,3.2885023094075753e-12,0.001,0.9999999999999999,bare powers only; phase and profile prefactors uncomputed
0.0,0.001,322050.9499225322,3.1050987436632137e-09,3.1050987436632135e-12,0.001,0.9999999999999999,bare powers only; phase and profile prefactors uncomputed
0.0,0.001,341072.98350123543,2.9319238062617712e-09,2.931923806261771e-12,0.001,0.9999999999999999,bare powers only; phase and profile prefactors uncomputed
0.0,0.001,361218.55905848695,2.7684070348059952e-09,2.768407034805995e-12,0.0009999999999999998,0.9999999999999999,bare powers only; phase and profile prefactors uncomputed
0.0,0.001,382554.03892996116,2.6140097822443375e-09,2.614009782244337e-12,0.0009999999999999998,0.9999999999999999,bare powers only; phase and profile prefactors uncomputed
0.0,0.001,405149.70516210457,2.468223442492425e-09,2.4682234424924253e-12,0.001,1.0,bare powers only; phase and profile prefactors uncomputed
0.0,0.001,429079.99103099835,2.330567775013672e-09,2.3305677750136717e-12,0.0009999999999999998,0.9999999999999998,bare powers only; phase and profile prefactors uncomputed
0.0,0.001,454423.72623595473,2.2005893228399787e-09,2.2005893228399786e-12,0.001,1.0,bare powers only; phase and profile prefactors uncomputed
0.0,0.001,481264.3965755363,2.0778599188212483e-09,2.077859918821248e-12,0.0009999999999999998,0.9999999999999998,bare powers only; phase and profile prefactors uncomputed
0.0,0.001,509690.4189614237,1.961975275183044e-09,1.9619752751830438e-12,0.001,1.0,bare powers only; phase and profile prefactors uncomputed
0.0,0.001,539795.4326760538,1.8525536517463037e-09,1.8525536517463038e-12,0.001,1.0,bare powers only; phase and profile prefactors uncomputed
0.0,0.001,571678.6078334769,1.749234598421929e-09,1.7492345984219289e-12,0.001,0.9999999999999999,bare powers only; phase and profile prefactors uncomputed
0.0,0.001,605444.9720595427,1.6516777678379255e-09,1.6516777678379253e-12,0.001,0.9999999999999999,bare powers only; phase and profile prefactors uncomputed
0.0,0.001,641205.7564675488,1.5595617941876813e-09,1.5595617941876812e-12,0.001,0.9999999999999999,bare powers only; phase and profile prefactors uncomputed
0.0,0.001,679078.7620690458,1.4725832346061846e-09,1.4725832346061846e-12,0.001,1.0,bare powers only; phase and profile prefactors uncomputed
0.0,0.001,719188.7478267926,1.3904555695869113e-09,1.390455569586911e-12,0.0009999999999999998,0.9999999999999999,bare powers only; phase and profile prefactors uncomputed
0.0,0.001,761667.8416281851,1.3129082591465885e-09,1.3129082591465885e-12,0.001,1.0,bare powers only; phase and profile prefactors uncomputed
0.0,0.001,806655.9755329442,1.2396858516287765e-09,1.2396858516287764e-12,0.0009999999999999998,0.9999999999999999,bare powers only; phase and profile prefactors uncomputed
0.0,0.001,854301.3467288382,1.1705471422104739e-09,1.1705471422104738e-12,0.001,0.9999999999999998,bare powers only; phase and profile prefactors uncomputed
0.0,0.001,904760.905713888,1.1052643783397838e-09,1.105264378339784e-12,0.001,1.0,bare powers only; phase and profile prefactors uncomputed
0.0,0.001,958200.8733131973,1.0436225094872561e-09,1.0436225094872561e-12,0.001,1.0,bare powers only; phase and profile prefactors uncomputed
0.0,0.001,1014797.2882335407,9.85418478739436e-10,9.85418478739436e-13,0.0009999999999999998,0.9999999999999998,bare powers only; phase and profile prefactors uncomputed
0.0,0.001,1074736.5869594063,9.304605539010753e-10,9.304605539010752e-13,0.001,1.0,bare powers only; phase and profile prefactors uncomputed
0.0,0.001,1138216.2179007847,8.785676959025433e-10,8.785676959025433e-13,0.001,0.9999999999999999,bare powers only; phase and profile prefactors uncomputed
0.0,0.001,1205445.2918157706,8.295689624318778e-10,8.295689624318777e-13,0.001,0.9999999999999999,bare powers only; phase and profile prefactors uncomputed
0.0,0.001,1276645.2706505638,7.833029448269619e-10,7.833029448269619e-13,0.001,0.9999999999999999,bare powers only; phase and profile prefactors uncomputed
0.0,0.001,1352050.697066006,7.396172363728905e-10,7.396172363728904e-13,0.0009999999999999998,0.9999999999999999,bare powers only; phase and profile prefactors uncomputed
0.0,0.001,1431909.96705383,6.983679302529834e-10,6.983679302529834e-13,0.001,1.0,bare powers only; phase and profile prefactors uncomputed
0.0,0.001,1516486.148187684,6.594191454996648e-10,6.594191454996647e-13,0.0009999999999999998,0.9999999999999999,bare powers only; phase and profile prefactors uncomputed
0.0,0.001,1606057.8462044213,6.226425793836062e-10,6.226425793836061e-13,0.001,1.0,bare powers only; phase and profile prefactors uncomputed
0.0,0.001,1700920.1227702536,5.879170847666379e-10,5.879170847666379e-13,0.001,1.0,bare powers only; phase and profile prefactors uncomputed
0.0,0.001,1801385.467455033,5.551282710261807e-10,5.551282710261806e-13,0.0009999999999999998,0.9999999999999998,bare powers only; phase and profile prefactors uncomputed
0.0,0.001,1907784.8271164785,5.241681272365764e-10,5.241681272365764e-13,0.001,1.0,bare powers only; phase and profile prefactors uncomputed
0.0,0.001,2020468.6960852805,4.949346663660416e-10,4.949346663660415e-13,0.0009999999999999998,0.9999999999999998,bare powers only; phase and profile prefactors uncomputed
0.0,0.001,2139808.2707423274,4.673315893171529e-10,4.673315893171529e-13,0.001,1.0,bare powers only; phase and profile prefactors uncomputed
0.0,0.001,2266196.6722913324,4.412679677041925e-10,4.4126796770419247e-13,0.001,0.9999999999999999,bare powers only; phase and profile prefactors uncomputed
0.0,0.001,2400050.2417549235,4.1665794432236416e-10,4.1665794432236414e-13,0.001,0.9999999999999999,bare powers only; phase and profile prefactors uncomputed
0.0,0.001,2541809.9114600397,3.934204503221839e-10,3.934204503221839e-13,0.001,0.9999999999999999,bare powers only; phase and profile prefactors uncomputed
0.0,0.001,2691942.657530511,3.7147893815738397e-10,3.7147893815738396e-13,0.001,1.0,bare powers only; phase and profile prefactors uncomputed
0.0,0.001,2850943.038171544,3.507611294266164e-10,3.5076112942661636e-13,0.0009999999999999998,0.9999999999999999,bare powers only; phase and profile prefactors uncomputed
0.0,0.001,3019334.822813422,3.311987767783233e-10,3.3119877677832325e-13,0.0009999999999999998,0.9999999999999999,bare powers only; phase and profile prefactors uncomputed
0.0,0.001,3197672.7174810837,3.127274390944345e-10,3.1272743909443446e-13,0.0009999999999999998,0.9999999999999999,bare powers only; phase and profile prefactors uncomputed
0.0,0.001,3386544.1920731002,2.9528626921234466e-10,2.9528626921234465e-13,0.001,1.0,bare powers only; phase and profile prefactors uncomputed
0.0,0.001,3586571.415569484,2.788178134858684e-10,2.7881781348586834e-13,0.0009999999999999998,0.9999999999999998,bare powers only; phase and profile prefactors uncomputed
0.0,0.001,3798413.305543076,2.6326782252491776e-10,2.6326782252491774e-13,0.001,0.9999999999999998,bare powers only; phase and profile prefactors uncomputed
0.0,0.001,4022767.6987259365,2.4858507249044316e-10,2.485850724904431e-13,0.0009999999999999998,0.9999999999999998,bare powers only; phase and profile prefactors uncomputed
0.0,0.001,4260373.649780869,2.347211963559662e-10,2.347211963559662e-13,0.001,1.0,bare powers only; phase and profile prefactors uncomputed
0.0,0.001,4512013.865850546,2.216305245798471e-10,2.216305245798471e-13,0.001,0.9999999999999999,bare powers only; phase and profile prefactors uncomputed
0.0,0.001,4778517.284904051,2.0926993466344224e-10,2.0926993466344222e-13,0.0009999999999999998,0.9999999999999999,bare powers only; phase and profile prefactors uncomputed
0.0,0.001,5060761.806374096,1.9759870909958385e-10,1.9759870909958384e-13,0.001,0.9999999999999999,bare powers only; phase and profile prefactors uncomputed
0.0,0.001,5359677.183080246,1.8657840124342932e-10,1.865784012434293e-13,0.0009999999999999998,0.9999999999999999,bare powers only; phase and profile prefactors uncomputed
0.0,0.001,5676248.083964364,1.7617270866385172e-10,1.761727086638517e-13,0.001,1.0,bare powers only; phase and profile prefactors uncomputed
0.0,0.001,6011517.337727448,1.663473535581672e-10,1.663473535581672e-13,0.001,0.9999999999999999,bare powers only; phase and profile prefactors uncomputed
0.0,0.001,6366589.368052807,1.570699698362746e-10,1.5706996983627458e-13,0.001,0.9999999999999999,bare powers only; phase and profile prefactors uncomputed
0.0,0.001,6742633.831731758,1.4830999650223675e-10,1.4830999650223674e-13,0.001,1.0,bare powers only; phase and profile prefactors uncomputed
0.0,0.001,7140889.471676164,1.4003857698210138e-10,1.4003857698210136e-13,0.0009999999999999998,0.9999999999999998,bare powers only; phase and profile prefactors uncomputed
0.0,0.001,7562668.197510405,1.3222846406631916e-10,1.3222846406631915e-13,0.0009999999999999998,0.9999999999999998,bare powers only; phase and profile prefactors uncomputed
0.0,0.001,8009359.407184645,1.2485393015363618e-10,1.2485393015363618e-13,0.001,1.0,bare powers only; phase and profile prefactors uncomputed
0.0,0.001,8482434.563845469,1.178906825007861e-10,1.1789068250078607e-13,0.0009999999999999998,0.9999999999999998,bare powers only; phase and profile prefactors uncomputed
0.0,0.001,8983452.043040713,1.1131578319880695e-10,1.1131578319880695e-13,0.001,1.0,bare powers only; phase and profile prefactors uncomputed
0.0,0.001,9514062.266225863,1.0510757361236916e-10,1.0510757361236915e-13,0.0009999999999999998,0.9999999999999999,bare powers only; phase and profile prefactors uncomputed
0.0,0.001,10076013.137482585,9.924560303320945e-11,9.924560303320945e-14,0.001,1.0,bare powers only; phase and profile prefactors uncomputed
0.0,0.001,10671155.80135845,9.37105613126462e-11,9.371056131264619e-14,0.001,0.9999999999999999,bare powers only; phase and profile prefactors uncomputed
0.0,0.001,11301450.740795337,8.848421525125581e-11,8.84842152512558e-14,0.001,0.9999999999999999,bare powers only; phase and profile prefactors uncomputed
0.0,0.001,11968974.235233659,8.354934853617205e-11,8.354934853617204e-14,0.001,1.0,bare powers only; phase and profile prefactors uncomputed
0.0,0.001,12675925.200166425,7.888970502814834e-11,7.888970502814834e-14,0.001,1.0,bare powers only; phase and profile prefactors uncomputed
0.0,0.001,13424632.430673577,7.448993521156874e-11,7.448993521156872e-14,0.0009999999999999998,0.9999999999999998,bare powers only; phase and profile prefactors uncomputed
0.0,0.001,14217562.272797745,7.033554563100343e-11,7.033554563100342e-14,0.0009999999999999998,0.9999999999999998,bare powers only; phase and profile prefactors uncomputed
0.0,0.001,15057326.74803223,6.64128511477434e-11,6.64128511477434e-14,0.001,1.0,bare powers only; phase and profile prefactors uncomputed
0.0,0.001,15946692.15768394,6.270892985904598e-11,6.270892985904598e-14,0.001,1.0,bare powers only; phase and profile prefactors uncomputed
0.0,0.001,16888588.195455834,5.92115805315844e-11,5.92115805315844e-14,0.0009999999999999998,0.9999999999999998,bare powers only; phase and profile prefactors uncomputed
0.0,0.001,17886117.598266564,5.590928240888426e-11,5.5909282408884254e-14,0.0009999999999999998,0.9999999999999999,bare powers only; phase and profile prefactors uncomputed
0.0,0.001,18942566.367098644,5.2791157260343655e-11,5.279115726034365e-14,0.001,0.9999999999999999,bare powers only; phase and profile prefactors uncomputed
0.0,0.001,20061414.591544,4.9846933546824987e-11,4.984693354682498e-14,0.0009999999999999998,0.9999999999999999,bare powers only; phase and profile prefactors uncomputed
0.0,0.001,21246347.913704414,4.706691258477309e-11,4.706691258477309e-14,0.0009999999999999998,0.9999999999999999,bare powers only; phase and profile prefactors uncomputed
0.0,0.001,22501269.66921084,4.444193659739696e-11,4.444193659739696e-14,0.0009999999999999998,0.9999999999999999,bare powers only; phase and profile prefactors uncomputed
0.0,0.001,23830313.745355137,4.1963358547678154e-11,4.196335854767815e-14,0.001,0.9999999999999999,bare powers only; phase and profile prefactors uncomputed
0.0,0.001,25237858.198691536,3.9623013653822797e-11,3.962301365382279e-14,0.0009999999999999998,0.9999999999999999,bare powers only; phase and profile prefactors uncomputed
0.0,0.001,26728539.67696552,3.7413192493333e-11,3.7413192493333e-14,0.001,0.9999999999999998,bare powers only; phase and profile prefactors uncomputed
0.0,0.001,28307268.69287819,3.532661560709283e-11,3.532661560709283e-14,0.001,1.0,bare powers only; phase and profile prefactors uncomputed
0.0,0.001,29979245.8,3.335640951981517e-11,3.335640951981517e-14,0.001,1.0,bare powers only; phase and profile prefactors uncomputed
1e-06,1.0,1.0,0.001,0.001,1.0,1.0,bare powers only; phase and profile prefactors uncomputed
1e-06,1.0,1.0590652925671507,0.0009442289552792712,0.0009442289010931788,0.9999999426133968,0.9999999426133968,bare powers only; phase and profile prefactors uncomputed
1e-06,1.0,1.1216192939203442,0.0008915683199877841,0.0008915682176596321,0.9999998852267967,0.9999998852267967,bare powers only; phase and profile prefactors uncomputed
1e-06,1.0,1.1878680656647103,0.0008418446233421602,0.0008418444784103585,0.9999998278402004,0.9999998278402004,bare powers only; phase and profile prefactors uncomputed
1e-06,1.0,1.2580298404943717,0.0007948940692058395,0.000794893886740773,0.9999997704536069,0.9999997704536069,bare powers only; phase and profile prefactors uncomputed
1e-06,1.0,1.3323357410813774,0.0007505619965239187,0.000750561781162926,0.9999997130670168,0.9999997130670168,bare powers only; phase and profile prefactors uncomputed
1e-06,1.0,1.4110305414260205,0.0007087023698501037,0.0007087021258300085,0.99999965568043,0.99999965568043,bare powers only; phase and profile prefactors uncomputed
1e-06,1.0,1.4943734731765332,0.0006691772982875071,0.0006691770294748687,0.9999995982938467,0.9999995982938467,bare powers only; phase and profile prefactors uncomputed
1e-06,1.0,1.5826390795742942,0.0006318565812586181,0.0006318562911778531,0.9999995409072665,0.9999995409072665,bare powers only; phase and profile prefactors uncomputed
1e-06,1.0,1.6761181198375557,0.000596617279608157,0.0005966169714676758,0.9999994835206897,0.9999994835206897,bare powers only; phase and profile prefactors uncomputed
1e-06,1.0,1.7751185269628633,0.0005633433106259709,0.000563342987342464,0.999999426134116,0.999999426134116,bare powers only; phase and profile prefactors uncomputed
1e-06,1.0,1.8799664220992942,0.0005319250656559265,0.0005319247298769234,0.9999993687475458,0.9999993687475458,bare powers only; phase and profile prefactors uncomputed
1e-06,1.0,1.9910071888370084,0.0005022590490311532,0.0005022587031559732,0.9999993113609787,0.9999993113609787,bare powers only; phase and profile prefactors uncomputed
1e-06,1.0,2.1086066109489665,0.000474247537146246,0.0004742471833454496,0.9999992539744149,0.9999992539744149,bare powers only; phase and profile prefactors uncomputed
1e-06,1.0,2.233152077333695,0.0004477982565433672,0.0004477978967768092,0.9999991965878546,0.9999991965878546,bare powers only; phase and profile prefactors uncomputed
1e-06,1.0,2.36505385812835,0.0004228240799518227,0.00042282371598540336,0.9999991392012977,0.9999991392012977,bare powers only; phase and profile prefactors uncomputed
1e-06,1.0,2.504746456195769,0.0003992427392798286,0.0003992423727010318,0.9999990818147438,0.9999990818147438,bare powers only; phase and profile prefactors uncomputed
1e-06,1.0,2.652690038437506,0.00037697655461302706,0.0003769761868453285,0.999999024428193,0.999999024428193,bare powers only; phase and profile prefactors uncomputed
1e-06,1.0,2.809371951647783,0.0003559521783270377,0.00035595181064326147,0.999998967041646,0.999998967041646,bare powers only; phase and profile prefactors uncomputed
1e-06,1.0,2.975308327901806,0.00033610035347111955,0.00033609998700581396,0.9999989096551021,0.9999989096551021,bare powers only; phase and profile prefactors uncomputed
1e-06,1.0,3.1510457847668056,0.0003173556856270291,0.00031735532138793147,0.9999988522685613,0.9999988522685613,bare powers only; phase and profile prefactors uncomputed
1e-06,1.0,3.337163225936544,0.0002996564274915465,0.0002996560663701991,0.999998794882024,0.999998794882024,bare powers only; phase and profile prefactors uncomputed
1e-06,1.0,3.534273748220822,0.0002829442754730616,0.00028294391825463776,0.9999987374954901,0.9999987374954901,bare powers only; phase and profile prefactors uncomputed
1e-06,1.0,3.7430266611718848,0.00026716417763217933,0.0002671638250045748,0.999998680108959,0.999998680108959,bare powers only; phase and profile prefactors uncomputed
1e-06,1.0,3.9641096260006474,0.0002522641523336782,0.00025226380489592,0.9999986227224321,0.9999986227224321,bare powers only; phase and profile prefactors uncomputed
1e-06,1.0,4.198250920828633,0.00023819511701244,0.00023819477528245865,0.9999985653359076,0.9999985653359076,bare powers only; phase and profile prefactors uncomputed
1e-06,1.0,4.446221839737685,0.00022491072648928004,0.00022491039091109257,0.9999985079493864,0.9999985079493864,bare powers only; phase and profile prefactors uncomputed
1e-06,1.0,4.708839233520247,0.00021236722030407474,0.00021236689125441824,0.9999984505628692,0.9999984505628692,bare powers only; phase and profile prefactors uncomputed
1e-06,1.0,4.986968200499797,0.00020052327856327933,0.00020052295635773388,0.9999983931763546,0.9999983931763546,bare powers only; phase and profile prefactors uncomputed
1e-06,1.0,5.281524936285394,0.00018933988582697954,0.00018933957072561855,0.9999983357898437,0.9999983357898437,bare powers only; phase and profile prefactors uncomputed
1e-06,1.0,5.5934797518477914,0.00017878020258710537,0.000178779894799705,0.999998278403336,0.999998278403336,bare powers only; phase and profile prefactors uncomputed
1e-06,1.0,5.923860269859115,0.000168809443913439,0.0001688091436042796,0.9999982210168316,0.9999982210168316,bare powers only; phase and profile prefactors uncomputed
1e-06,1.0,6.273754809825263,0.00015939476486766122,0.00015939447215994955,0.9999981636303306,0.9999981636303306,bare powers only; phase and profile prefactors uncomputed
1e-06,1.0,6.644315973162161,0.0001505051523079768,0.0001505048672879164,0.9999981062438327,0.9999981062438327,bare powers only; phase and profile prefactors uncomputed
1e-06,1.0,7.036764440025576,0.00014211132272790855,0.00014211104544844402,0.999998048857338,0.999998048857338,bare powers only; phase and profile prefactors uncomputed
1e-06,1.0,7.4523929904018065,0.00013418562579272845,0.00013418535627698707,0.9999979914708466,0.9999979914708466,bare powers only; phase and profile prefactors uncomputed
1e-06,1.0,7.892570762705272,0.00012670195325576326,0.00012670169150021628,0.999997934084359,0.999997934084359,bare powers only; phase and profile prefactors uncomputed
1e-06,1.0,8.3587477639114,0.00011963565295453238,0.00011963539893189615,0.9999978766978742,0.9999978766978742,bare powers only; phase and profile prefactors uncomputed
1e-06,1.0,8.852459646081842,0.00011296344760341151,0.00011296320126530832,0.999997819311393,0.999997819311393,bare powers only; phase and profile prefactors uncomputed
1e-06,1.0,9.37533276501656,0.00010666335811531398,0.00010666311939470966,0.9999977619249146,0.9999977619249146,bare powers only; phase and profile prefactors uncomputed
1e-06,1.0,9.929089537696655,0.0001007146311998017,0.00010071440001323723,0.9999977045384398,0.9999977045384398,bare powers only; phase and profile prefactors uncomputed
1e-06,1.0,10.515554116166145,9.509767099912584e-05,9.509744724875782e-05,0.9999976471519684,0.9999976471519684,bare powers only; phase and profile prefactors uncomputed
1e-06,1.0,11.1366583965432,8.979397453699643e-05,8.979375811246118e-05,0.9999975897655008,0.9999975897655008,bare powers only; phase and profile prefactors uncomputed
1e-06,1.0,11.794448382955435,8.478607076744165e-05,8.478586154755594e-05,0.9999975323790355,0.9999975323790355,bare powers only; phase and profile prefactors uncomputed
1e-06,1.0,12.491090927362858,8.005746302297575e-05,8.005726087728711e-05,0.999997474992574,0.999997474992574,bare powers only; phase and profile prefactors uncomputed
1e-06,1.0,13.228880867470423,7.559257467249331e-05,7.559237946269078e-05,0.9999974176061157,0.9999974176061157,bare powers only; phase and profile prefactors uncomputed
1e-06,1.0,14.010248586243549,7.137669780987865e-05,7.137650939107506e-05,0.9999973602196603,0.9999973602196603,bare powers only; phase and profile prefactors uncomputed
1e-06,1.0,14.837768017928529,6.739594480430596e-05,6.73957630262018e-05,0.9999973028332091,0.9999973028332091,bare powers only; phase and profile prefactors uncomputed
1e-06,1.0,15.714165126950993,6.363720255262921e-05,6.363702726056677e-05,0.9999972454467605,0.9999972454467605,bare powers only; phase and profile prefactors uncomputed
1e-06,1.0,16.642326887622865,6.0088089283164505e-05,6.008792031908166e-05,0.9999971880603151,0.9999971880603151,bare powers only; phase and profile prefactors uncomputed
1e-06,1.0,17.625310794238462,5.6736913768569986e-05,5.673675097186097e-05,0.9999971306738734,0.9999971306738734,bare powers only; phase and profile prefactors uncomputed
1e-06,1.0,18.66635493288712,5.357263681346691e-05,5.35724800217576e-05,0.9999970732874349,0.9999970732874349,bare powers only; phase and profile prefactors uncomputed
1e-06,1.0,19.768888648160367,5.058483488993573e-05,5.0584683939780484e-05,0.9999970159009992,0.9999970159009992,bare powers only; phase and profile prefactors uncomputed
1e-06,1.0,20.93654383989139,4.776366580109842e-05,4.776352052860469e-05,0.9999969585145677,0.9999969585145677,bare powers only; phase and profile prefactors uncomputed
1e-06,1.0,22.173166927139544,4.5099836259679414e-05,4.50996965010659e-05,0.9999969011281391,0.9999969011281391,bare powers only; phase and profile prefactors uncomputed
1e-06,1.0,23.482831518831304,4.25845712747433e-05,4.258443686683733e-05,0.9999968437417134,0.9999968437417134,bare powers only; phase and profile prefactors uncomputed
1e-06,1.0,24.869851832796186,4.020958524576651e-05,4.020945602644565e-05,0.9999967863552914,0.9999967863552914,bare powers only; phase and profile prefactors uncomputed
1e-06,1.0,26.338796907401974,3.7967054668822926e-05,3.7966930477405285e-05,0.9999967289688725,0.9999967289688725,bare powers only; phase and profile prefactors uncomputed
1e-06,1.0,27.89450565260444,3.584959236497365e-05,3.584947304256152e-05,0.9999966715824571,0.9999966715824571,bare powers only; phase and profile prefactors uncomputed
1e-06,1.0,29.542102789991553,3.38502231459668e-05,3.3850108535747395e-05,0.9999966141960449,0.9999966141960449,bare powers only; phase and profile prefactors uncomputed
1e-06,1.0,31.287015734331234,3.196236083708644e-05,3.1962250784593596e-05,0.9999965568096361,0.9999965568096361,bare powers only; phase and profile prefactors uncomputed
1e-06,1.0,33.13499247223256,3.0179786581461217e-05,3.017968093480139e-05,0.9999964994232301,0.9999964994232301,bare powers only; phase and profile prefactors uncomputed
1e-06,1.0,35.092120496815305,2.8496628354364505e-05,2.849652696441029e-05,0.9999964420368278,0.9999964420368278,bare powers only; phase and profile prefactors uncomputed
1e-06,1.0,37.164846860761415,2.690734162002324e-05,2.6907244340577256e-05,0.999996384650429,0.999996384650429,bare powers only; phase and profile prefactors uncomputed
1e-06,1.0,39.359999413805625,2.5406691067217005e-05,2.5406597755148927e-05,0.9999963272640333,0.9999963272640333,bare powers only; phase and profile prefactors uncomputed
1e-06,1.0,41.68480929462492,2.3989733363501518e-05,2.3989643878860704e-05,0.9999962698776407,0.9999962698776407,bare powers only; phase and profile prefactors uncomputed
1e-06,1.0,44.146934751217835,2.2651800871247304e-05,2.265171507735334e-05,0.9999962124912517,0.9999962124912517,bare powers only; phase and profile prefactors uncomputed
1e-06,1.0,46.75448636824141,2.1388486271851937e-05,2.138840403536513e-05,0.9999961551048653,0.9999961551048653,bare powers only; phase and profile prefactors uncomputed
1e-06,1.0,49.51605378440846,2.0195628047475777e-05,2.0195549238449723e-05,0.999996097718483,0.999996097718483,bare powers only; phase and profile prefactors uncomputed
1e-06,1.0,52.4407339879553,1.90692967724768e-05,1.9069221264394573e-05,0.9999960403321042,0.9999960403321042,bare powers only; phase and profile prefactors uncomputed
1e-06,1.0,55.53816128338998,1.8005782169386146e-05,1.800570983918196e-05,0.9999959829457279,0.9999959829457279,bare powers only; phase and profile prefactors uncomputed
1e-06,1.0,58.81853902823503,1.7001580886785608e-05,1.700151161485342e-05,0.9999959255593553,0.9999959255593553,bare powers only; phase and profile prefactors uncomputed
1e-06,1.0,62.29267324431008,1.6053384958825613e-05,1.605331862901597e-05,0.9999958681729858,0.9999958681729858,bare powers only; phase and profile prefactors uncomputed
1e-06,1.0,65.97200821427519,1.5158070908367875e-05,1.5158007407974407e-05,0.9999958107866198,0.9999958107866198,bare powers only; phase and profile prefactors uncomputed
1e-06,1.0,69.8686641806938,1.4312689457857311e-05,1.431262867759394e-05,0.9999957534002571,0.9999957534002571,bare powers only; phase and profile prefactors uncomputed
1e-06,1.0,73.99547727180246,1.3514455814029246e-05,1.3514397647999242e-05,0.9999956960138976,0.9999956960138976,bare powers only; phase and profile prefactors uncomputed
1e-06,1.0,78.36604178550743,1.2760740494448707e-05,1.2760684840106565e-05,0.9999956386275415,0.9999956386275415,bare powers only; phase and profile prefactors uncomputed
1e-06,1.0,82.99475497089797,1.2049060665663193e-05,1.204900742377021e-05,0.9999955812411887,0.9999955812411887,bare powers only; phase and profile prefactors uncomputed
1e-06,1.0,87.89686445479306,1.1377071964435716e-05,1.1377021039010086e-05,0.9999955238548381,0.9999955238548381,bare powers only; phase and profile prefactors uncomputed
1e-06,1.0,93.08851846955056,1.0742560775116223e-05,1.074251207337847e-05,0.9999954664684917,0.9999954664684917,bare powers only; phase and profile prefactors uncomputed
1e-06,1.0,98.58681904759716,1.0143436937712077e-05,1.0143390370026368e-05,0.9999954090821489,0.9999954090821489,bare powers only; phase and profile prefactors uncomputed
1e-06,1.0,104.40987835790825,9.577726862637035e-06,9.577682342449123e-06,0.9999953516958093,0.9999953516958093,bare powers only; phase and profile prefactors uncomputed
1e-06,1.0,110.57687837001873,9.04356702945798e-06,9.043524473230277e-06,0.9999952943094728,0.9999952943094728,bare powers only; phase and profile prefactors uncomputed
1e-06,1.0,117.10813404210603,8.539197848223169e-06,8.539157175367501e-06,0.9999952369231407,0.9999952369231407,bare powers only; phase and profile prefactors uncomputed
1e-06,1.0,124.02516024129615,8.062957863150764e-06,8.062918995959188e-06,0.9999951795368107,0.9999951795368107,bare powers only; phase and profile prefactors uncomputed
1e-06,1.0,131.3507426166361,7.61327827958363e-06,7.613241143157853e-06,0.9999951221504833,0.9999951221504833,bare powers only; phase and profile prefactors uncomputed
1e-06,1.0,139.1090126582001,7.188677796181624e-06,7.188642318361323e-06,0.9999950647641601,0.9999950647641601,bare powers only; phase and profile prefactors uncomputed
1e-06,1.0,147.32552718958416,6.787757725327869e-06,6.787723836618234e-06,0.9999950073778402,0.9999950073778402,bare powers only; phase and profile prefactors uncomputed
1e-06,1.0,156.0273525556467,6.409197385675135e-06,6.40916501917401e-06,0.9999949499915235,0.9999949499915235,bare powers only; phase and profile prefactors uncomputed
1e-06,1.0,165.24315378282398,6.051749751654665e-06,6.051718842979513e-06,0.99999489260521,0.99999489260521,bare powers only; phase and profile prefactors uncomputed
1e-06,1.0,175.003289005725,5.714237345616477e-06,5.714207832831434e-06,0.9999948352189001,0.9999948352189001,bare powers only; phase and profile prefactors uncomputed
1e-06,1.0,185.33990947106184,5.395548359069242e-06,5.395520182612455e-06,0.9999947778325924,0.9999947778325924,bare powers only; phase and profile prefactors uncomputed
1e-06,1.0,196.28706544833935,5.094632990242736e-06,5.094606092854226e-06,0.999994720446289,0.999994720446289,bare powers only; phase and profile prefactors uncomputed
1e-06,1.0,207.8808183961928,4.810499985908212e-06,4.810474312558363e-06,0.9999946630599889,0.9999946630599889,bare powers only; phase and profile prefactors uncomputed
1e-06,1.0,220.1593597538627,4.542213376065056e-06,4.5421888738839476e-06,0.9999946056736926,0.9999946056736926,bare powers only; phase and profile prefactors uncomputed
1e-06,1.0,233.16313674912124,4.288889390737439e-06,4.288866008945104e-06,0.9999945482873992,0.9999945482873992,bare powers only; phase and profile prefactors uncomputed
1e-06,1.0,246.9349856370827,4.0496935487243574e-06,4.0496712385621195e-06,0.999994490901109,0.999994490901109,bare powers only; phase and profile prefactors uncomputed
1e-06,1.0,261.5202728088019,3.8238379087132115e-06,3.823816623376166e-06,0.9999944335148211,0.9999944335148211,bare powers only; phase and profile prefactors uncomputed
1e-06,1.0,276.96704423449495,3.6105784737015486e-06,3.6105581682723068e-06,0.9999943761285374,0.9999943761285374,bare powers only; phase and profile prefactors uncomputed
1e-06,1.0,293.32618373366444,3.409212740177036e-06,3.4091933715607575e-06,0.9999943187422567,0.9999943187422567,bare powers only; phase and profile prefactors uncomputed
1e-06,1.0,310.65158059349886,3.2190773839821466e-06,3.219058910842966e-06,0.9999942613559797,0.9999942613559797,bare powers only; phase and profile prefactors uncomputed
1e-06,1.0,329.0003070877017,3.039546075240592e-06,3.039528457939459e-06,0.9999942039697057,0.9999942039697057,bare powers only; phase and profile prefactors uncomputed
1e-06,1.0,348.43280648051933,2.8700274151476303e-06,2.8700106156816173e-06,0.9999941465834353,0.9999941465834353,bare powers only; phase and profile prefactors uncomputed
1e-06,1.0,369.0130921352843,2.709962987827719e-06,2.7099469697708136e-06,0.9999940891971671,0.9999940891971671,bare powers only; phase and profile prefactors uncomputed
1e-06,1.0,390.80895838336386,2.558825520842057e-06,2.558810249287483e-06,0.9999940318109034,0.9999940318109034,bare powers only; phase and profile prefactors uncomputed
1e-06,1.0,413.89220384814075,2.416117148286632e-06,2.416102589790685e-06,0.9999939744246434,0.9999939744246434,bare powers only; phase and profile prefactors uncomputed
1e-06,1.0,438.338867959694,2.2813677707590187e-06,2.281353893286442e-06,0.9999939170383862,0.9999939170383862,bare powers only; phase and profile prefactors uncomputed
1e-06,1.0,464.22948143928664,2.154133506791588e-06,2.1541202796625024e-06,0.9999938596521322,0.9999938596521322,bare powers only; phase and profile prefactors uncomputed
1e-06,1.0,491.64933157879483,2.033995230649894e-06,2.0339826244882556e-06,0.9999938022658813,0.9999938022658813,bare powers only; phase and profile prefactors uncomputed
1e-06,1.0,520.6887431889405,1.920557191679568e-06,1.9205451783631635e-06,0.9999937448796337,0.9999937448796337,bare powers only; phase and profile prefactors uncomputed
1e-06,1.0,551.4433761418169,1.8134457106536925e-06,1.8134342632656547e-06,0.9999936874933887,0.9999936874933887,bare powers only; phase and profile prefactors uncomputed
1e-06,1.0,584.0145404878507,1.7123079488262113e-06,1.7122970416080475e-06,0.9999936301071479,0.9999936301071479,bare powers only; phase and profile prefactors uncomputed
1e-06,1.0,618.5095301852358,1.616810745636564e-06,1.6168003539426662e-06,0.99999357272091,0.99999357272091,bare powers only; phase and profile prefactors uncomputed
1e-06,1.0,655.0419765411972,1.5266395212367135e-06,1.5266296214903477e-06,0.9999935153346758,0.9999935153346758,bare powers only; phase and profile prefactors uncomputed
1e-06,1.0,693.7322225293678,1.4414972402253887e-06,1.4414878098761264e-06,0.9999934579484447,0.9999934579484447,bare powers only; phase and profile prefactors uncomputed
1e-06,1.0,734.7077192163248,1.36110343317597e-06,1.361094450658547e-06,0.9999934005622172,0.9999934005622172,bare powers only; phase and profile prefactors uncomputed
1e-06,1.0,778.1034456031812,1.2851932727347767e-06,1.2851847174293446e-06,0.9999933431759926,0.9999933431759926,bare powers only; phase and profile prefactors uncomputed
1e-06,1.0,824.0623532652404,1.2135167012463056e-06,1.2135085534400579e-06,0.9999932857897718,0.9999932857897718,bare powers only; phase and profile prefactors uncomputed
1e-06,1.0,872.7358372544267,1.1458376070317466e-06,1.1458298478818787e-06,0.9999932284035535,0.9999932284035535,bare powers only; phase and profile prefactors uncomputed
1e-06,1.0,924.2842348156968,1.0819330466072862e-06,1.0819256581052706e-06,0.9999931710173391,0.9999931710173391,bare powers only; phase and profile prefactors uncomputed
1e-06,1.0,978.8773535602901,1.0215925102801168e-06,1.021585475217254e-06,0.9999931136311279,0.9999931136311279,bare powers only; phase and profile prefactors uncomputed
1e-06,1.0,1036.695030835687,9.646172287029229e-07,9.646105306371406e-07,0.9999930562449199,0.9999930562449199,bare powers only; phase and profile prefactors uncomputed
1e-06,1.0,1097.9277261349084,9.108195181025473e-07,9.108131413264153e-07,0.9999929988587143,0.9999929988587143,bare powers only; phase and profile prefactors uncomputed
1e-06,1.0,1162.7771484966524,8.600221620259375e-07,8.600160915358674e-07,0.999992941472513,0.999992941472513,bare powers only; phase and profile prefactors uncomputed
1e-06,1.0,1231.4569209630047,8.120578275667711e-07,8.120520490333628e-07,0.9999928840863148,0.9999928840863148,bare powers only; phase and profile prefactors uncomputed
1e-06,1.0,1304.1932842835274,7.667685141497261e-07,7.667630138892355e-07,0.9999928267001199,0.9999928267001199,bare powers only; phase and profile prefactors uncomputed
1e-06,1.0,1381.2258421838474,7.24005033056635e-07,7.239997980035267e-07,0.9999927693139284,0.9999927693139284,bare powers only; phase and profile prefactors uncomputed
1e-06,1.0,1462.8083506537441,6.836265159800012e-07,6.836215336605547e-07,0.9999927119277412,0.9999927119277412,bare powers only; phase and profile prefactors uncomputed
1e-06,1.0,1549.2095538547792,6.454999509850044e-07,6.454952094919385e-07,0.9999926545415555,0.9999926545415555,bare powers only; phase and profile prefactors uncomputed
1e-06,1.0,1640.714069401037,6.094997443513915e-07,6.094952323194843e-07,0.9999925971553738,0.9999925971553738,bare powers only; phase and profile prefactors uncomputed
1e-06,1.0,1737.6233259292483,5.755073068518972e-07,5.755030134345585e-07,0.9999925397691956,0.9999925397691956,bare powers only; phase and profile prefactors uncomputed
1e-06,1.0,1840.2565560467651,5.434106631043539e-07,5.434065779511261e-07,0.9999924823830204,0.9999924823830204,bare powers only; phase and profile prefactors uncomputed
1e-06,1.0,1948.9518479282847,5.1310408271064e-07,5.131001959455965e-07,0.9999924249968487,0.9999924249968487,bare powers only; phase and profile prefactors uncomputed
1e-06,1.0,2064.0672590254585,4.84487731967396e-07,4.84484034168405e-07,0.9999923676106803,0.9999923676106803,bare powers only; phase and profile prefactors uncomputed
1e-06,1.0,2185.981995558072,4.5746734500119864e-07,4.574638271800235e-07,0.9999923102245142,0.9999923102245142,bare powers only; phase and profile prefactors uncomputed
1e-06,1.0,2315.097661672234,4.319539132448633e-07,4.3195056682807306e-07,0.9999922528383524,0.9999922528383524,bare powers only; phase and profile prefactors uncomputed
1e-06,1.0,2451.8395823804312,4.078633922319902e-07,4.078602090426472e-07,0.9999921954521939,0.9999921954521939,bare powers only; phase and profile prefactors uncomputed
1e-06,1.0,2596.65820464145,3.8511642474387206e-07,3.851133969839732e-07,0.9999921380660385,0.9999921380660385,bare powers only; phase and profile prefactors uncomputed
1e-06,1.0,2750.03058119549,3.636380793967941e-07,3.636351996304382e-07,0.9999920806798874,0.9999920806798874,bare powers only; phase and profile prefactors uncomputed
1e-06,1.0,2912.4619420424137,3.433576038085955e-07,3.4335486494584736e-07,0.9999920232937388,0.9999920232937388,bare powers only; phase and profile prefactors uncomputed
1e-06,1.0,3084.4873587398383,3.2420819153138407e-07,3.2420558681281397e-07,0.9999919659075923,0.9999919659075923,bare powers only; phase and profile prefactors uncomputed
1e-06,1.0,3266.6735070034856,3.061267619826609e-07,3.0612428496453306e-07,0.9999919085214511,0.9999919085214511,bare powers only; phase and profile prefactors uncomputed
1e-06,1.0,3459.620533416007,2.890537526499137e-07,2.890513971899957e-07,0.9999918511353116,0.9999918511353116,bare powers only; phase and profile prefactors uncomputed
1e-06,1.0,3663.9640323935464,2.7293292288418064e-07,2.7293068312815755e-07,0.9999917937491768,0.9999917937491768,bare powers only; phase and profile prefactors uncomputed
1e-06,1.0,3880.377139922385,2.577111686362485e-07,2.5770903900471125e-07,0.9999917363630436,0.9999917363630436,bare powers only; phase and profile prefactors uncomputed
1e-06,1.0,4109.572750962785,2.4333834752520473e-07,2.433363227011973e-07,0.9999916789769141,0.9999916789769141,bare powers only; phase and profile prefactors uncomputed
1e-06,1.0,4352.305867824393,2.2976711366310849e-07,2.2976518858020702e-07,0.9999916215907891,0.9999916215907891,bare powers only; phase and profile prefactors uncomputed
1e-06,1.0,4609.376087249164,2.1695276169165066e-07,2.169509315225559e-07,0.9999915642046661,0.9999915642046661,bare powers only; phase and profile prefactors uncomputed
1e-06,1.0,4881.630234394565,2.048530795170598e-07,2.0485133966268443e-07,0.9999915068185478,0.9999915068185478,bare powers only; phase and profile prefactors uncomputed
1e-06,1.0,5169.96515239373,1.934282092581347e-07,1.9342655533716168e-07,0.999991449432431,0.999991449432431,bare powers only; phase and profile prefactors uncomputed
1e-06,1.0,5475.330656681835,1.8264051594934893e-07,1.8263894378824746e-07,0.9999913920463195,0.9999913920463195,bare powers only; phase and profile prefactors uncomputed
1e-06,1.0,5798.732663820638,1.7245446356652065e-07,1.7245296918999545e-07,0.9999913346602095,0.9999913346602095,bare powers only; phase and profile prefactors uncomputed
1e-06,1.0,6141.236505127898,1.628364979666628e-07,1.6283507758852522e-07,0.9999912772741043,0.9999912772741043,bare powers only; phase and profile prefactors uncomputed
1e-06,1.0,6503.9704360273445,1.537549363563973e-07,1.5375358637083568e-07,0.999991219888001,0.999991219888001,bare powers only; phase and profile prefactors uncomputed
1e-06,1.0,6888.1293526793925,1.4517986292483195e-07,1.451785798980696e-07,0.9999911625019028,0.9999911625019028,bare powers only; phase and profile prefactors uncomputed
1e-06,1.0,7294.978728135781,1.3708303029710174e-07,1.370818109594225e-07,0.9999911051158076,0.9999911051158076,bare powers only; phase and profile prefactors uncomputed
1e-06,1.0,7725.858780984264,1.294377664839492e-07,1.2943660772207817e-07,0.999991047729712,0.999991047729712,bare powers only; phase and profile prefactors uncomputed
1e-06,1.0,8182.188890215582,1.2221888702082172e-07,1.2221778587064696e-07,0.9999909903436237,0.9999909903436237,bare powers only; phase and profile prefactors uncomputed
1e-06,1.0,8665.472270855858,1.1540261200706566e-07,1.1540156564668219e-07,0.9999909329575365,0.9999909329575365,bare powers only; phase and profile prefactors uncomputed
1e-06,1.0,9177.300925766493,1.0896648777193078e-07,1.0896549351499925e-07,0.9999908755714545,0.9999908755714545,bare powers only; phase and profile prefactors uncomputed
1e-06,1.0,9719.360889923666,1.0288931290934176e-07,1.0288836819874365e-07,0.9999908181853743,0.9999908181853743,bare powers only; phase and profile prefactors uncomputed
1e-06,1.0,10293.437784452732,9.715106843778972e-08,9.715017083957009e-08,0.9999907607992987,0.9999907607992987,bare powers only; phase and profile prefactors uncomputed
1e-06,1.0,10901.422698713197,9.173285185527907e-08,9.173199905286169e-08,0.999990703413225,0.999990703413225,bare powers only; phase and profile prefactors uncomputed
1e-06,1.0,11545.318419810872,8.661681487209824e-08,8.661600466076412e-08,0.9999906460271563,0.9999906460271563,bare powers only; phase and profile prefactors uncomputed
1e-06,1.0,12227.246030057917,8.178610461629942e-08,8.178533489791495e-08,0.9999905886410891,0.9999905886410891,bare powers only; phase and profile prefactors uncomputed
1e-06,1.0,12949.451894113823,7.72248081182095e-08,7.722407689619584e-08,0.9999905312550269,0.9999905312550269,bare powers only; phase and profile prefactors uncomputed
1e-06,1.0,13714.315058823875,7.291789989109921e-08,7.291720526563027e-08,0.999990473868968,0.999990473868968,bare powers only; phase and profile prefactors uncomputed
1e-06,1.0,14524.35509013139,6.885119243533115e-08,6.885053259875182e-08,0.9999904164829106,0.9999904164829106,bare powers only; phase and profile prefactors uncomputed
1e-06,1.0,15382.240372879189,6.501128950294474e-08,6.501066273539953e-08,0.9999903590968583,0.9999903590968583,bare powers only; phase and profile prefactors uncomputed
1e-06,1.0,16290.796900841538,6.138554196872381e-08,6.138494663398544e-08,0.9999903017108056,0.9999903017108056,bare powers only; phase and profile prefactors uncomputed
1e-06,1.0,17253.01758594178,5.796200616237998e-08,5.796144070387161e-08,0.99999024432476,0.99999024432476,bare powers only; phase and profile prefactors uncomputed
1e-06,1.0,18272.07211732163,5.472940452459468e-08,5.472886746159403e-08,0.9999901869387159,0.9999901869387159,bare powers only; phase and profile prefactors uncomputed
1e-06,1.0,19351.317402739274,5.16770884573147e-08,5.1676578381335257e-08,0.9999901295526766,0.9999901295526766,bare powers only; phase and profile prefactors uncomputed
1e-06,1.0,20494.308626691865,4.8795003245924785e-08,4.8794518817263716e-08,0.9999900721666392,0.9999900721666392,bare powers only; phase and profile prefactors uncomputed
1e-06,1.0,21704.810961688905,4.6073654937748166e-08,4.607319488219535e-08,0.9999900147806065,0.9999900147806065,bare powers only; phase and profile prefactors uncomputed
1e-06,1.0,22986.811971255767,4.350407906776754e-08,4.350364217346711e-08,0.9999899573945756,0.9999899573945756,bare powers only; phase and profile prefactors uncomputed
1e-06,1.0,24344.534745524074,4.107781112854492e-08,4.107739624300372e-08,0.9999899000085495,0.9999899000085495,bare powers only; phase and profile prefactors uncomputed
1e-06,1.0,25782.451812679625,3.8786858687065226e-08,3.878646471430054e-08,0.9999898426225267,0.9999898426225267,bare powers only; phase and profile prefactors uncomputed
1e-06,1.0,27305.299872094016,3.6623675056652286e-08,3.662330095447329e-08,0.9999897852365057,0.9999897852365057,bare powers only; phase and profile prefactors uncomputed
1e-06,1.0,28918.09539767298,3.458113443723032e-08,3.4580779214647145e-08,0.9999897278504897,0.9999897278504897,bare powers only; phase and profile prefactors uncomputed
1e-06,1.0,30626.151162821316,3.2652508442038043e-08,3.2652171156792117e-08,0.9999896704644752,0.9999896704644752,bare powers only; phase and profile prefactors uncomputed
1e-06,1.0,32435.093741459146,3.083144393347319e-08,3.0831123689684205e-08,0.9999896130784639,0.9999896130784639,bare powers only; phase and profile prefactors uncomputed
1e-06,1.0,34350.882042741396,2.9111942095054786e-08,2.911163804097834e-08,0.9999895556924558,0.9999895556924558,bare powers only; phase and profile prefactors uncomputed
1e-06,1.0,36379.826940535604,2.748833867056424e-08,2.7488049996455406e-08,0.999989498306453,0.999989498306453,bare powers only; phase and profile prefactors uncomputed
1e-06,1.0,38528.61206232066,2.5955285305269643e-08,2.59550112413474e-08,0.9999894409204515,0.9999894409204515,bare powers only; phase and profile prefactors uncomputed
1e-06,1.0,40804.31580598789,2.450773192777015e-08,2.450747174227856e-08,0.9999893835344553,0.9999893835344553,bare powers only; phase and profile prefactors uncomputed
1e-06,1.0,43214.434657070895,2.3140910114422908e-08,2.3140663111783855e-08,0.9999893261484604,0.9999893261484604,bare powers only; phase and profile prefactors uncomputed
1e-06,1.0,45766.907883214815,2.185031738155304e-08,2.1850082900607133e-08,0.9999892687624709,0.9999892687624709,bare powers only; phase and profile prefactors uncomputed
1e-06,1.0,48470.143687230746,2.063170235370431e-08,2.0631479766035126e-08,0.9999892113764842,0.9999892113764842,bare powers only; phase and profile prefactors uncomputed
1e-06,1.0,51333.04690488887,1.9481050759071084e-08,1.948083946740947e-08,0.9999891539904994,0.9999891539904994,bare powers only; phase and profile prefactors uncomputed
1e-06,1.0,54365.04833868941,1.8394572205980158e-08,1.8394371642684702e-08,0.9999890966045195,0.9999890966045195,bare powers only; phase and profile prefactors uncomputed
1e-06,1.0,57576.1358242414,1.736868769686175e-08,1.7368497322471677e-08,0.9999890392185411,0.9999890392185411,bare powers only; phase and profile prefactors uncomputed
1e-06,1.0,60976.88713158624,1.6400017838579684e-08,1.639983714043725e-08,0.999988981832568,0.999988981832568,bare powers only; phase and profile prefactors uncomputed
1e-06,1.0,64578.504809847385,1.5485371710283546e-08,1.5485200201222193e-08,0.9999889244465963,0.9999889244465963,bare powers only; phase and profile prefactors uncomputed
1e-06,1.0,68392.85308999018,1.4621736352112229e-08,1.46215735692079e-08,0.9999888670606275,0.9999888670606275,bare powers only; phase and profile prefactors uncomputed
1e-06,1.0,72432.49696725263,1.3806266840123858e-08,1.380611234350622e-08,0.9999888096746624,0.9999888096746624,bare powers only; phase and profile prefactors uncomputed
1e-06,1.0,76710.74359199268,1.3036276914757007e-08,1.3036130286477874e-08,0.9999887522887023,0.9999887522887023,bare powers only; phase and profile prefactors uncomputed
1e-06,1.0,81241.68610529743,1.2309230131952277e-08,1.2309090974908486e-08,0.9999886949027438,0.9999886949027438,bare powers only; phase and profile prefactors uncomputed
1e-06,1.0,86040.25006375545,1.1622731507785414e-08,1.1622599444693805e-08,0.9999886375167902,0.9999886375167902,bare powers only; phase and profile prefactors uncomputed
1e-06,1.0,91122.2426063218,1.0974519629087718e-08,1.0974394301509462e-08,0.9999885801308401,0.9999885801308401,bare powers only; phase and profile prefactors uncomputed
1e-06,1.0,96504.40452523911,1.036245920406534e-08,1.0362340271477504e-08,0.9999885227448915,0.9999885227448915,bare powers only; phase and profile prefactors uncomputed
1e-06,1.0,102204.46541254103,9.784534028378676e-09,9.784421167290796e-09,0.9999884653589478,0.9999884653589478,bare powers only; phase and profile prefactors uncomputed
1e-06,1.0,108241.20206380203,9.238840343510467e-09,9.238733246623809e-09,0.9999884079730056,0.9999884079730056,bare powers only; phase and profile prefactors uncomputed
1e-06,1.0,114634.5003315206,8.72358056554488e-09,8.723478940952632e-09,0.9999883505870687,0.9999883505870687,bare powers only; phase and profile prefactors uncomputed
1e-06,1.0,121405.42063189101,8.237057363698987e-09,8.236960934125176e-09,0.9999882932011332,0.9999882932011332,bare powers only; phase and profile prefactors uncomputed
1e-06,1.0,128576.26732075168,7.777668069100915e-09,7.777576571176459e-09,0.9999882358152028,0.9999882358152028,bare powers only; phase and profile prefactors uncomputed
1e-06,1.0,136170.6621672438,7.3438993953961365e-09,7.343812578970014e-09,0.9999881784292719,0.9999881784292719,bare powers only; phase and profile prefactors uncomputed
1e-06,1.0,144213.62216721472,6.934322453790959e-09,6.934240081275121e-09,0.9999881210433481,0.9999881210433481,bare powers only; phase and profile prefactors uncomputed
1e-06,1.0,152731.64195268982,6.547588046112623e-09,6.54750989185867e-09,0.9999880636574259,0.9999880636574259,bare powers only; phase and profile prefactors uncomputed
1e-06,1.0,161752.7810688868,6.182422220379973e-09,6.1823480700864405e-09,0.9999880062715083,0.9999880062715083,bare powers only; phase and profile prefactors uncomputed
1e-06,1.0,171306.7564062709,5.8376220742447285e-09,5.837551724393255e-09,0.9999879488855944,0.9999879488855944,bare powers only; phase and profile prefactors uncomputed
1e-06,1.0,181425.04009213694,5.512051792479306e-09,5.5119850497984245e-09,0.9999878914996821,0.9999878914996821,bare powers only; phase and profile prefactors uncomputed
1e-06,1.0,192140.9631641861,5.204638905457974e-09,5.204575586413206e-09,0.9999878341137746,0.9999878341137746,bare powers only; phase and profile prefactors uncomputed
1e-06,1.0,203489.8253676125,4.914370756306437e-09,4.9143106866153284e-09,0.9999877767278688,0.9999877767278688,bare powers only; phase and profile prefactors uncomputed
1e-06,1.0,215509.01143738898,4.640291165082225e-09,4.640234179253256e-09,0.9999877193419677,0.9999877193419677,bare powers only; phase and profile prefactors uncomputed
1e-06,1.0,228238.11424879584,4.381497278997224e-09,4.381443219891311e-09,0.9999876619560686,0.9999876619560686,bare powers only; phase and profile prefactors uncomputed
1e-06,1.0,241719.06524187577,4.1371365983065146e-09,4.137085316720132e-09,0.9999876045701745,0.9999876045701745,bare powers only; phase and profile prefactors uncomputed
1e-06,1.0,255996.2725494454,3.906404168066595e-09,3.906355522335369e-09,0.9999875471842817,0.9999875471842817,bare powers only; phase and profile prefactors uncomputed
1e-06,1.0,271116.7672836785,3.688539926512108e-09,3.6884937821339955e-09,0.999987489798394,0.999987489798394,bare powers only; phase and profile prefactors uncomputed
1e-06,1.0,287130.3584631485,3.482826201316423e-09,3.4827824305934116e-09,0.9999874324125061,0.9999874324125061,bare powers only; phase and profile prefactors uncomputed
1e-06,1.0,304089.79709068534,3.2885853454882756e-09,3.288543827185848e-09,0.9999873750266252,0.9999873750266252,bare powers only; phase and profile prefactors uncomputed
1e-06,1.0,322050.9499225322,3.1051775051171124e-09,3.1051381241404494e-09,0.9999873176407474,0.9999873176407474,bare powers only; phase and profile prefactors uncomputed
1e-06,1.0,341072.98350123543,2.9319985116134274e-09,2.9319611586996713e-09,0.9999872602548712,0.9999872602548712,bare powers only; phase and profile prefactors uncomputed
1e-06,1.0,361218.55905848695,2.768477891501122e-09,2.768442462926874e-09,0.9999872028690001,0.9999872028690001,bare powers only; phase and profile prefactors uncomputed
1e-06,1.0,382554.03892996116,2.614076987205862e-09,2.614043384509131e-09,0.9999871454831303,0.9999871454831303,bare powers only; phase and profile prefactors uncomputed
1e-06,1.0,405149.70516210457,2.4682871826489775e-09,2.468255312364955e-09,0.9999870880972659,0.9999870880972659,bare powers only; phase and profile prefactors uncomputed
1e-06,1.0,429079.99103099835,2.330628227801862e-09,2.330598001211762e-09,0.9999870307114025,0.9999870307114025,bare powers only; phase and profile prefactors uncomputed
1e-06,1.0,454423.72623595473,2.2006466566817293e-09,2.2006179895741415e-09,0.9999869733255446,0.9999869733255446,bare powers only; phase and profile prefactors uncomputed
1e-06,1.0,481264.3965755363,2.077914293577412e-09,2.077887106021472e-09,0.9999869159396882,0.9999869159396882,bare powers only; phase and profile prefactors uncomputed
1e-06,1.0,509690.4189614237,1.9620268425844626e-09,1.96200105871434e-09,0.9999868585538367,0.9999868585538367,bare powers only; phase and profile prefactors uncomputed
1e-06,1.0,539795.4326760538,1.8526025558034125e-09,1.8525781036134914e-09,0.9999868011679869,0.9999868011679869,bare powers only; phase and profile prefactors uncomputed
1e-06,1.0,571678.6078334769,1.7492809758139655e-09,1.749257786964252e-09,0.9999867437821401,0.9999867437821401,bare powers only; phase and profile prefactors uncomputed
1e-06,1.0,605444.9720595427,1.6517217482827262e-09,1.6516997579139445e-09,0.9999866863962986,0.9999866863962986,bare powers only; phase and profile prefactors uncomputed
1e-06,1.0,641205.7564675488,1.5596035007930513e-09,1.5595826473509534e-09,0.9999866290104585,0.9999866290104585,bare powers only; phase and profile prefactors uncomputed
1e-06,1.0,679078.7620690458,1.4726227842037153e-09,1.4726030092721812e-09,0.9999865716246236,0.9999865716246236,bare powers only; phase and profile prefactors uncomputed
1e-06,1.0,719188.7478267926,1.390493073049127e-09,1.39047432119158e-09,0.9999865142387903,0.9999865142387903,bare powers only; phase and profile prefactors uncomputed
1e-06,1.0,761667.8416281851,1.3129438216882393e-09,1.3129260402970094e-09,0.9999864568529618,0.9999864568529618,bare powers only; phase and profile prefactors uncomputed
1e-06,1.0,806655.9755329442,1.2397195730930588e-09,1.2397027122462615e-09,0.999986399467135,0.999986399467135,bare powers only; phase and profile prefactors uncomputed
1e-06,1.0,854301.3467288382,1.170579117340924e-09,1.1705631296665228e-09,0.9999863420813131,0.9999863420813131,bare powers only; phase and profile prefactors uncomputed
1e-06,1.0,904760.905713888,1.105294697038551e-09,1.1052795375852112e-09,0.999986284695493,0.999986284695493,bare powers only; phase and profile prefactors uncomputed
1e-06,1.0,958200.8733131973,1.0436512570604305e-09,1.0436368831748626e-09,0.9999862273096778,0.9999862273096778,bare powers only; phase and profile prefactors uncomputed
1e-06,1.0,1014797.2882335407,9.854457361300692e-10,9.854321073405106e-10,0.9999861699238639,0.9999861699238639,bare powers only; phase and profile prefactors uncomputed
1e-06,1.0,1074736.5869594063,9.304863979105068e-10,9.30473475816066e-10,0.9999861125380556,0.9999861125380556,bare powers only; phase and profile prefactors uncomputed
1e-06,1.0,1138216.2179007847,8.785921994006093e-10,8.785799475661545e-10,0.9999860551522503,0.9999860551522503,bare powers only; phase and profile prefactors uncomputed
1e-06,1.0,1205445.2918157706,8.295921945565565e-10,8.295805784128926e-10,0.9999859977664446,0.9999859977664446,bare powers only; phase and profile prefactors uncomputed
1e-06,1.0,1276645.2706505638,7.833249711739746e-10,7.833139579230493e-10,0.9999859403806458,0.9999859403806458,bare powers only; phase and profile prefactors uncomputed
1e-06,1.0,1352050.697066006,7.396381191757678e-10,7.396276777006294e-10,0.9999858829948488,0.9999858829948488,bare powers only; phase and profile prefactors uncomputed
1e-06,1.0,1431909.96705383,6.983877285540609e-10,6.983778293333663e-10,0.9999858256090566,0.9999858256090566,bare powers only; phase and profile prefactors uncomputed
1e-06,1.0,1516486.148187684,6.594379153124636e-10,6.59428530339283e-10,0.999985768223266,0.999985768223266,bare powers only; phase and profile prefactors uncomputed
1e-06,1.0,1606057.8462044213,6.226603738470275e-10,6.226514765517511e-10,0.9999857108374804,0.9999857108374804,bare powers only; phase and profile prefactors uncomputed
1e-06,1.0,1700920.1227702536,5.879339542913787e-10,5.87925519468504e-10,0.9999856534516963,0.9999856534516963,bare powers only; phase and profile prefactors uncomputed
1e-06,1.0,1801385.467455033,5.551442634337597e-10,5.551362671723828e-10,0.9999855960659173,0.9999855960659173,bare powers only; phase and profile prefactors uncomputed
1e-06,1.0,1907784.8271164785,5.24183287891339e-10,5.241757075091475e-10,0.9999855386801398,0.9999855386801398,bare powers only; phase and profile prefactors uncomputed
1e-06,1.0,2020468.6960852805,4.949490383004928e-10,4.949418522811028e-10,0.9999854812943678,0.9999854812943678,bare powers only; phase and profile prefactors uncomputed
1e-06,1.0,2139808.2707423274,4.673452133509547e-10,4.673384012844089e-10,0.9999854239085987,0.9999854239085987,bare powers only; phase and profile prefactors uncomputed
1e-06,1.0,2266196.6722913324,4.4128088255713973e-10,4.412744250834196e-10,0.9999853665228308,0.9999853665228308,bare powers only; phase and profile prefactors uncomputed
1e-06,1.0,2400050.2417549235,4.1667018672164313e-10,4.1666406547704157e-10,0.9999853091370666,0.9999853091370666,bare powers only; phase and profile prefactors uncomputed
1e-06,1.0,2541809.9114600397,3.934320551041956e-10,3.934262526704026e-10,0.9999852517513056,0.9999852517513056,bare powers only; phase and profile prefactors uncomputed
1e-06,1.0,2691942.657530511,3.7148993836441155e-10,3.714844382201822e-10,0.9999851943655498,0.9999851943655498,bare powers only; phase and profile prefactors uncomputed
1e-06,1.0,2850943.038171544,3.507715563985889e-10,3.5076634287385887e-10,0.9999851369797952,0.9999851369797952,bare powers only; phase and profile prefactors uncomputed
1e-06,1.0,3019334.822813422,3.3120866023992437e-10,3.3120371847225813e-10,0.999985079594046,0.999985079594046,bare powers only; phase and profile prefactors uncomputed
1e-06,1.0,3197672.7174810837,3.127368072377906e-10,3.127321231310343e-10,0.9999850222082981,0.9999850222082981,bare powers only; phase and profile prefactors uncomputed
1e-06,1.0,3386544.1920731002,2.9529514877551354e-10,2.9529070896055324e-10,0.9999849648225556,0.9999849648225556,bare powers only; phase and profile prefactors uncomputed
1e-06,1.0,3586571.415569484,2.7882622982733987e-10,2.7882202162484833e-10,0.9999849074368141,0.9999849074368141,bare powers only; phase and profile prefactors uncomputed
1e-06,1.0,3798413.305543076,2.6327579969432735e-10,2.6327181107940955e-10,0.9999848500510778,0.9999848500510778,bare powers only; phase and profile prefactors uncomputed
1e-06,1.0,4022767.6987259365,2.4859263329568913e-10,2.485888528643219e-10,0.9999847926653452,0.9999847926653452,bare powers only; phase and profile prefactors uncomputed
1e-06,1.0,4260373.649780869,2.347283624269113e-10,2.347247793640921e-10,0.9999847352796136,0.9999847352796136,bare powers only; phase and profile prefactors uncomputed
1e-06,1.0,4512013.865850546,2.2163731642877716e-10,2.2163392047829636e-10,0.9999846778938876,0.9999846778938876,bare powers only; phase and profile prefactors uncomputed
1e-06,1.0,4778517.284904051,2.0927637174244568e-10,2.092731531781944e-10,0.9999846205081611,0.9999846205081611,bare powers only; phase and profile prefactors uncomputed
1e-06,1.0,5060761.806374096,1.976048098550057e-10,1.9760175945375097e-10,0.9999845631224413,0.9999845631224413,bare powers only; phase and profile prefactors uncomputed
1e-06,1.0,5359677.183080246,1.865841831675509e-10,1.865812921830936e-10,0.9999845057367232,0.9999845057367232,bare powers only; phase and profile prefactors uncomputed
1e-06,1.0,5676248.083964364,1.761781883439329e-10,1.7617544848258812e-10,0.9999844483510102,0.9999844483510102,bare powers only; phase and profile prefactors uncomputed
1e-06,1.0,6011517.337727448,1.663525467229863e-10,1.663499501203118e-10,0.9999843909652985,0.9999843909652985,bare powers only; phase and profile prefactors uncomputed
1e-06,1.0,6366589.368052807,1.5707489140029192e-10,1.570724305990077e-10,0.9999843335795919,0.9999843335795919,bare powers only; phase and profile prefactors uncomputed
1e-06,1.0,6742633.831731758,1.4831466060750246e-10,1.4831232853653535e-10,0.999984276193887,0.999984276193887,bare powers only; phase and profile prefactors uncomputed
1e-06,1.0,7140889.471676164,1.4004299703802162e-10,1.400407869926233e-10,0.999984218808187,0.999984218808187,bare powers only; phase and profile prefactors uncomputed
1e-06,1.0,7562668.197510405,1.322326527873891e-10,1.3223055841026862e-10,0.9999841614224905,0.9999841614224905,bare powers only; phase and profile prefactors uncomputed
1e-06,1.0,8009359.407184645,1.248578995952431e-10,1.2485591485866533e-10,0.9999841040367954,0.9999841040367954,bare powers only; phase and profile prefactors uncomputed
1e-06,1.0,8482434.563845469,1.1789444409318045e-10,1.1789256328198107e-10,0.9999840466511052,0.9999840466511052,bare powers only; phase and profile prefactors uncomputed
1e-06,1.0,8983452.043040713,1.113193477793343e-10,1.1131756547480283e-10,0.999983989265415,0.999983989265415,bare powers only; phase and profile prefactors uncomputed
1e-06,1.0,9514062.266225863,1.0511095145605058e-10,1.0510926252064105e-10,0.9999839318797314,0.9999839318797314,bare powers only; phase and profile prefactors uncomputed
1e-06,1.0,10076013.137482585,9.924880388175709e-11,9.924720344457971e-11,0.9999838744940515,0.9999838744940515,bare powers only; phase and profile prefactors uncomputed
1e-06,1.0,10671155.80135845,9.37135944019887e-11,9.371207784504665e-11,0.9999838171083745,0.9999838171083745,bare powers only; phase and profile prefactors uncomputed
1e-06,1.0,11301450.740795337,8.848708933765505e-11,8.84856522827865e-11,0.9999837597226973,0.9999837597226973,bare powers only; phase and profile prefactors uncomputed
1e-06,1.0,11968974.235233659,8.355207192099751e-11,8.355071021748863e-11,0.9999837023370268,0.9999837023370268,bare powers only; phase and profile prefactors uncomputed
1e-06,1.0,12675925.200166425,7.88922855813822e-11,7.889099529421421e-11,0.99998364495136,0.99998364495136,bare powers only; phase and profile prefactors uncomputed
1e-06,1.0,13424632.430673577,7.44923803941021e-11,7.449115779280275e-11,0.9999835875656963,0.9999835875656963,bare powers only; phase and profile prefactors uncomputed
1e-06,1.0,14217562.272797745,7.033786251578928e-11,7.033670406385672e-11,0.9999835301800322,0.9999835301800322,bare powers only; phase and profile prefactors uncomputed
1e-06,1.0,15057326.74803223,6.641504643986089e-11,6.64139487847318e-11,0.9999834727943752,0.9999834727943752,bare powers only; phase and profile prefactors uncomputed
1e-06,1.0,15946692.15768394,6.271100991473408e-11,6.270996987826597e-11,0.9999834154087213,0.9999834154087213,bare powers only; phase and profile prefactors uncomputed
1e-06,1.0,16888588.195455834,5.921355137629732e-11,5.921256594574121e-11,0.9999833580230673,0.9999833580230673,bare powers only; phase and profile prefactors uncomputed
1e-06,1.0,17886117.598266564,5.591114975441661e-11,5.59102160738546e-11,0.99998330063742,0.99998330063742,bare powers only; phase and profile prefactors uncomputed
1e-06,1.0,18942566.367098644,5.279292652107582e-11,5.27920418832981e-11,0.999983243251776,0.999983243251776,bare powers only; phase and profile prefactors uncomputed
1e-06,1.0,20061414.591544,4.984860985513053e-11,4.984777169393146e-11,0.9999831858661353,0.9999831858661353,bare powers only; phase and profile prefactors uncomputed
1e-06,1.0,21246347.913704414,4.706850080563417e-11,4.706770668850473e-11,0.9999831284804944,0.9999831284804944,bare powers only; phase and profile prefactors uncomputed
1e-06,1.0,22501269.66921084,4.444344134226528e-11,4.4442688963462726e-11,0.9999830710948605,0.9999830710948605,bare powers only; phase and profile prefactors uncomputed
1e-06,1.0,23830313.745355137,4.196478418762283e-11,4.1964071361596506e-11,0.9999830137092297,0.9999830137092297,bare powers only; phase and profile prefactors uncomputed
1e-06,1.0,25237858.198691536,3.962436433199901e-11,3.962368898715587e-11,0.9999829563236022,0.9999829563236022,bare powers only; phase and profile prefactors uncomputed
1e-06,1.0,26728539.67696552,3.741447213680874e-11,3.741383230960007e-11,0.9999828989379744,0.9999828989379744,bare powers only; phase and profile prefactors uncomputed
1e-06,1.0,28307268.69287819,3.5327827938064285e-11,3.532722176737827e-11,0.9999828415523571,0.9999828415523571,bare powers only; phase and profile prefactors uncomputed
1e-06,1.0,29979245.8,3.3357558066244256e-11,3.335698378808649e-11,0.9999827841667359,0.9999827841667359,bare powers only; phase and profile prefactors uncomputed
1e-06,0.1,1.0,0.001,0.0001,0.1,1.0,bare powers only; phase and profile prefactors uncomputed
1e-06,0.1,1.0590652925671507,0.0009442289552792712,9.442289010931789e-05,0.09999999426133968,0.9999999426133968,bare powers only; phase and profile prefactors uncomputed
1e-06,0.1,1.1216192939203442,0.0008915683199877841,8.915682176596322e-05,0.09999998852267968,0.9999998852267967,bare powers only; phase and profile prefactors uncomputed
1e-06,0.1,1.1878680656647103,0.0008418446233421602,8.418444784103585e-05,0.09999998278402003,0.9999998278402003,bare powers only; phase and profile prefactors uncomputed
1e-06,0.1,1.2580298404943717,0.0007948940692058395,7.948938867407731e-05,0.0999999770453607,0.999999770453607,bare powers only; phase and profile prefactors uncomputed
1e-06,0.1,1.3323357410813774,0.0007505619965239187,7.50561781162926e-05,0.09999997130670168,0.9999997130670167,bare powers only; phase and profile prefactors uncomputed
1e-06,0.1,1.4110305414260205,0.0007087023698501037,7.087021258300085e-05,0.099999965568043,0.9999996556804299,bare powers only; phase and profile prefactors uncomputed
1e-06,0.1,1.4943734731765332,0.0006691772982875071,6.691770294748688e-05,0.09999995982938469,0.9999995982938468,bare powers only; phase and profile prefactors uncomputed
1e-06,0.1,1.5826390795742942,0.0006318565812586181,6.31856291177853e-05,0.09999995409072665,0.9999995409072664,bare powers only; phase and profile prefactors uncomputed
1e-06,0.1,1.6761181198375557,0.000596617279608157,5.9661697146767584e-05,0.09999994835206896,0.9999994835206896,bare powers only; phase and profile prefactors uncomputed
1e-06,0.1,1.7751185269628633,0.0005633433106259709,5.633429873424639e-05,0.0999999426134116,0.9999994261341159,bare powers only; phase and profile prefactors uncomputed
1e-06,0.1,1.8799664220992942,0.0005319250656559265,5.319247298769233e-05,0.09999993687475457,0.9999993687475457,bare powers only; phase and profile prefactors uncomputed
1e-06,0.1,1.9910071888370084,0.0005022590490311532,5.022587031559732e-05,0.09999993113609787,0.9999993113609787,bare powers only; phase and profile prefactors uncomputed
1e-06,0.1,2.1086066109489665,0.000474247537146246,4.742471833454496e-05,0.09999992539744149,0.9999992539744148,bare powers only; phase and profile prefactors uncomputed
1e-06,0.1,2.233152077333695,0.0004477982565433672,4.4779789677680925e-05,0.09999991965878548,0.9999991965878546,bare powers only; phase and profile prefactors uncomputed
1e-06,0.1,2.36505385812835,0.0004228240799518227,4.2282371598540336e-05,0.09999991392012976,0.9999991392012976,bare powers only; phase and profile prefactors uncomputed
1e-06,0.1,2.504746456195769,0.0003992427392798286,3.9924237270103175e-05,0.09999990818147438,0.9999990818147437,bare powers only; phase and profile prefactors uncomputed
1e-06,0.1,2.652690038437506,0.00037697655461302706,3.7697618684532847e-05,0.0999999024428193,0.9999990244281929,bare powers only; phase and profile prefactors uncomputed
1e-06,0.1,2.809371951647783,0.0003559521783270377,3.559518106432615e-05,0.0999998967041646,0.999998967041646,bare powers only; phase and profile prefactors uncomputed
1e-06,0.1,2.975308327901806,0.00033610035347111955,3.36099987005814e-05,0.09999989096551022,0.9999989096551022,bare powers only; phase and profile prefactors uncomputed
1e-06,0.1,3.1510457847668056,0.0003173556856270291,3.173553213879315e-05,0.09999988522685613,0.9999988522685612,bare powers only; phase and profile prefactors uncomputed
1e-06,0.1,3.337163225936544,0.0002996564274915465,2.996560663701991e-05,0.09999987948820241,0.999998794882024,bare powers only; phase and profile prefactors uncomputed
1e-06,0.1,3.534273748220822,0.0002829442754730616,2.829439182546378e-05,0.09999987374954901,0.9999987374954901,bare powers only; phase and profile prefactors uncomputed
1e-06,0.1,3.7430266611718848,0.00026716417763217933,2.6716382500457482e-05,0.09999986801089591,0.9999986801089591,bare powers only; phase and profile prefactors uncomputed
1e-06,0.1,3.9641096260006474,0.0002522641523336782,2.5226380489592e-05,0.09999986227224321,0.999998622722432,bare powers only; phase and profile prefactors uncomputed
1e-06,0.1,4.198250920828633,0.00023819511701244,2.3819477528245865e-05,0.09999985653359077,0.9999985653359076,bare powers only; phase and profile prefactors uncomputed
1e-06,0.1,4.446221839737685,0.00022491072648928004,2.2491039091109258e-05,0.09999985079493864,0.9999985079493863,bare powers only; phase and profile prefactors uncomputed
1e-06,0.1,4.708839233520247,0.00021236722030407474,2.1236689125441825e-05,0.09999984505628692,0.9999984505628692,bare powers only; phase and profile prefactors uncomputed
1e-06,0.1,4.986968200499797,0.00020052327856327933,2.0052295635773387e-05,0.09999983931763545,0.9999983931763545,bare powers only; phase and profile prefactors uncomputed
1e-06,0.1,5.281524936285394,0.00018933988582697954,1.8933957072561854e-05,0.09999983357898436,0.9999983357898437,bare powers only; phase and profile prefactors uncomputed
1e-06,0.1,5.5934797518477914,0.00017878020258710537,1.7877989479970502e-05,0.09999982784033361,0.999998278403336,bare powers only; phase and profile prefactors uncomputed
1e-06,0.1,5.923860269859115,0.000168809443913439,1.688091436042796e-05,0.09999982210168315,0.9999982210168314,bare powers only; phase and profile prefactors uncomputed
1e-06,0.1,6.273754809825263,0.00015939476486766122,1.5939447215994954e-05,0.09999981636303305,0.9999981636303306,bare powers only; phase and profile prefactors uncomputed
1e-06,0.1,6.644315973162161,0.0001505051523079768,1.5050486728791642e-05,0.09999981062438328,0.9999981062438327,bare powers only; phase and profile prefactors uncomputed
1e-06,0.1,7.036764440025576,0.00014211132272790855,1.4211104544844403e-05,0.09999980488573382,0.9999980488573381,bare powers only; phase and profile prefactors uncomputed
1e-06,0.1,7.4523929904018065,0.00013418562579272845,1.3418535627698708e-05,0.09999979914708466,0.9999979914708466,bare powers only; phase and profile prefactors uncomputed
1e-06,0.1,7.892570762705272,0.00012670195325576326,1.2670169150021627e-05,0.09999979340843589,0.9999979340843589,bare powers only; phase and profile prefactors uncomputed
1e-06,0.1,8.3587477639114,0.00011963565295453238,1.1963539893189616e-05,0.09999978766978744,0.9999978766978743,bare powers only; phase and profile prefactors uncomputed
1e-06,0.1,8.852459646081842,0.00011296344760341151,1.1296320126530832e-05,0.0999997819311393,0.999997819311393,bare powers only; phase and profile prefactors uncomputed
1e-06,0.1,9.37533276501656,0.00010666335811531398,1.0666311939470966e-05,0.09999977619249147,0.9999977619249145,bare powers only; phase and profile prefactors uncomputed
1e-06,0.1,9.929089537696655,0.0001007146311998017,1.0071440001323724e-05,0.09999977045384399,0.99999770453844,bare powers only; phase and profile prefactors uncomputed
1e-06,0.1,10.515554116166145,9.509767099912584e-05,9.509744724875782e-06,0.09999976471519684,0.9999976471519684,bare powers only; phase and profile prefactors uncomputed
1e-06,0.1,11.1366583965432,8.979397453699643e-05,8.979375811246118e-06,0.09999975897655007,0.9999975897655007,bare powers only; phase and profile prefactors uncomputed
1e-06,0.1,11.794448382955435,8.478607076744165e-05,8.478586154755593e-06,0.09999975323790355,0.9999975323790354,bare powers only; phase and profile prefactors uncomputed
1e-06,0.1,12.491090927362858,8.005746302297575e-05,8.005726087728711e-06,0.0999997474992574,0.999997474992574,bare powers only; phase and profile prefactors uncomputed
1e-06,0.1,13.228880867470423,7.559257467249331e-05,7.559237946269078e-06,0.09999974176061156,0.9999974176061156,bare powers only; phase and profile prefactors uncomputed
1e-06,0.1,14.010248586243549,7.137669780987865e-05,7.137650939107506e-06,0.09999973602196603,0.9999973602196602,bare powers only; phase and profile prefactors uncomputed
1e-06,0.1,14.837768017928529,6.739594480430596e-05,6.739576302620179e-06,0.09999973028332092,0.9999973028332091,bare powers only; phase and profile prefactors uncomputed
1e-06,0.1,15.714165126950993,6.363720255262921e-05,6.363702726056678e-06,0.09999972454467607,0.9999972454467606,bare powers only; phase and profile prefactors uncomputed
1e-06,0.1,16.642326887622865,6.0088089283164505e-05,6.008792031908166e-06,0.09999971880603152,0.9999971880603151,bare powers only; phase and profile prefactors uncomputed
1e-06,0.1,17.625310794238462,5.6736913768569986e-05,5.6736750971860976e-06,0.09999971306738735,0.9999971306738735,bare powers only; phase and profile prefactors uncomputed
1e-06,0.1,18.66635493288712,5.357263681346691e-05,5.357248002175761e-06,0.0999997073287435,0.9999970732874348,bare powers only; phase and profile prefactors uncomputed
1e-06,0.1,19.768888648160367,5.058483488993573e-05,5.0584683939780486e-06,0.09999970159009992,0.9999970159009993,bare powers only; phase and profile prefactors uncomputed
1e-06,0.1,20.93654383989139,4.776366580109842e-05,4.776352052860469e-06,0.09999969585145677,0.9999969585145676,bare powers only; phase and profile prefactors uncomputed
1e-06,0.1,22.173166927139544,4.5099836259679414e-05,4.5099696501065905e-06,0.09999969011281393,0.9999969011281393,bare powers only; phase and profile prefactors uncomputed
1e-06,0.1,23.482831518831304,4.25845712747433e-05,4.2584436866837335e-06,0.09999968437417134,0.9999968437417135,bare powers only; phase and profile prefactors uncomputed
1e-06,0.1,24.869851832796186,4.020958524576651e-05,4.020945602644565e-06,0.09999967863552914,0.9999967863552914,bare powers only; phase and profile prefactors uncomputed
1e-06,0.1,26.338796907401974,3.7967054668822926e-05,3.7966930477405286e-06,0.09999967289688726,0.9999967289688725,bare powers only; phase and profile prefactors uncomputed
1e-06,0.1,27.89450565260444,3.584959236497365e-05,3.584947304256152e-06,0.09999966715824572,0.9999966715824571,bare powers only; phase and profile prefactors uncomputed
1e-06,0.1,29.542102789991553,3.38502231459668e-05,3.3850108535747395e-06,0.0999996614196045,0.9999966141960448,bare powers only; phase and profile prefactors uncomputed
1e-06,0.1,31.287015734331234,3.196236083708644e-05,3.1962250784593596e-06,0.09999965568096361,0.9999965568096361,bare powers only; phase and profile prefactors uncomputed
1e-06,0.1,33.13499247223256,3.0179786581461217e-05,3.0179680934801393e-06,0.09999964994232302,0.9999964994232302,bare powers only; phase and profile prefactors uncomputed
1e-06,0.1,35.092120496815305,2.8496628354364505e-05,2.8496526964410292e-06,0.09999964420368279,0.9999964420368279,bare powers only; phase and profile prefactors uncomputed
1e-06,0.1,37.164846860761415,2.690734162002324e-05,2.6907244340577255e-06,0.0999996384650429,0.9999963846504288,bare powers only; phase and profile prefactors uncomputed
1e-06,0.1,39.359999413805625,2.5406691067217005e-05,2.5406597755148927e-06,0.09999963272640333,0.9999963272640333,bare powers only; phase and profile prefactors uncomputed
1e-06,0.1,41.68480929462492,2.3989733363501518e-05,2.3989643878860705e-06,0.09999962698776407,0.9999962698776406,bare powers only; phase and profile prefactors uncomputed
1e-06,0.1,44.146934751217835,2.2651800871247304e-05,2.265171507735334e-06,0.09999962124912516,0.9999962124912516,bare powers only; phase and profile prefactors uncomputed
1e-06,0.1,46.75448636824141,2.1388486271851937e-05,2.138840403536513e-06,0.09999961551048653,0.9999961551048653,bare powers only; phase and profile prefactors uncomputed
1e-06,0.1,49.51605378440846,2.0195628047475777e-05,2.0195549238449723e-06,0.0999996097718483,0.9999960977184831,bare powers only; phase and profile prefactors uncomputed
1e-06,0.1,52.4407339879553,1.90692967724768e-05,1.9069221264394573e-06,0.09999960403321043,0.9999960403321042,bare powers only; phase and profile prefactors uncomputed
1e-06,0.1,55.53816128338998,1.8005782169386146e-05,1.8005709839181958e-06,0.09999959829457278,0.9999959829457278,bare powers only; phase and profile prefactors uncomputed
1e-06,0.1,58.81853902823503,1.7001580886785608e-05,1.7001511614853418e-06,0.09999959255593553,0.9999959255593552,bare powers only; phase and profile prefactors uncomputed
1e-06,0.1,62.29267324431008,1.6053384958825613e-05,1.6053318629015972e-06,0.09999958681729859,0.9999958681729858,bare powers only; phase and profile prefactors uncomputed
1e-06,0.1,65.97200821427519,1.5158070908367875e-05,1.5158007407974407e-06,0.09999958107866198,0.9999958107866198,bare powers only; phase and profile prefactors uncomputed
1e-06,0.1,69.8686641806938,1.4312689457857311e-05,1.4312628677593939e-06,0.09999957534002571,0.999995753400257,bare powers only; phase and profile prefactors uncomputed
1e-06,0.1,73.99547727180246,1.3514455814029246e-05,1.3514397647999243e-06,0.09999956960138977,0.9999956960138977,bare powers only; phase and profile prefactors uncomputed
1e-06,0.1,78.36604178550743,1.2760740494448707e-05,1.2760684840106567e-06,0.09999956386275417,0.9999956386275417,bare powers only; phase and profile prefactors uncomputed
1e-06,0.1,82.99475497089797,1.2049060665663193e-05,1.204900742377021e-06,0.09999955812411887,0.9999955812411888,bare powers only; phase and profile prefactors uncomputed
1e-06,0.1,87.89686445479306,1.1377071964435716e-05,1.1377021039010087e-06,0.09999955238548382,0.9999955238548381,bare powers only; phase and profile prefactors uncomputed
1e-06,0.1,93.08851846955056,1.0742560775116223e-05,1.0742512073378469e-06,0.09999954664684917,0.9999954664684916,bare powers only; phase and profile prefactors uncomputed
1e-06,0.1,98.58681904759716,1.0143436937712077e-05,1.0143390370026368e-06,0.09999954090821489,0.9999954090821488,bare powers only; phase and profile prefactors uncomputed
1e-06,0.1,104.40987835790825,9.577726862637035e-06,9.577682342449123e-07,0.09999953516958095,0.9999953516958093,bare powers only; phase and profile prefactors uncomputed
1e-06,0.1,110.57687837001873,9.04356702945798e-06,9.043524473230277e-07,0.09999952943094727,0.9999952943094726,bare powers only; phase and profile prefactors uncomputed
1e-06,0.1,117.10813404210603,8.539197848223169e-06,8.539157175367501e-07,0.09999952369231407,0.9999952369231406,bare powers only; phase and profile prefactors uncomputed
1e-06,0.1,124.02516024129615,8.062957863150764e-06,8.062918995959188e-07,0.09999951795368106,0.9999951795368106,bare powers only; phase and profile prefactors uncomputed
1e-06,0.1,131.3507426166361,7.61327827958363e-06,7.613241143157854e-07,0.09999951221504833,0.9999951221504831,bare powers only; phase and profile prefactors uncomputed
1e-06,0.1,139.1090126582001,7.188677796181624e-06,7.188642318361323e-07,0.09999950647641602,0.9999950647641601,bare powers only; phase and profile prefactors uncomputed
1e-06,0.1,147.32552718958416,6.787757725327869e-06,6.787723836618234e-07,0.09999950073778402,0.9999950073778401,bare powers only; phase and profile prefactors uncomputed
1e-06,0.1,156.0273525556467,6.409197385675135e-06,6.409165019174011e-07,0.09999949499915237,0.9999949499915235,bare powers only; phase and profile prefactors uncomputed
1e-06,0.1,165.24315378282398,6.051749751654665e-06,6.051718842979513e-07,0.099999489260521,0.9999948926052099,bare powers only; phase and profile prefactors uncomputed
1e-06,0.1,175.003289005725,5.714237345616477e-06,5.714207832831434e-07,0.09999948352189,0.9999948352189,bare powers only; phase and profile prefactors uncomputed
1e-06,0.1,185.33990947106184,5.395548359069242e-06,5.395520182612455e-07,0.09999947778325924,0.9999947778325925,bare powers only; phase and profile prefactors uncomputed
1e-06,0.1,196.28706544833935,5.094632990242736e-06,5.094606092854226e-07,0.09999947204462889,0.9999947204462888,bare powers only; phase and profile prefactors uncomputed
1e-06,0.1,207.8808183961928,4.810499985908212e-06,4.810474312558364e-07,0.09999946630599889,0.999994663059989,bare powers only; phase and profile prefactors uncomputed
1e-06,0.1,220.1593597538627,4.542213376065056e-06,4.542188873883948e-07,0.09999946056736927,0.9999946056736926,bare powers only; phase and profile prefactors uncomputed
1e-06,0.1,233.16313674912124,4.288889390737439e-06,4.288866008945104e-07,0.09999945482873991,0.9999945482873991,bare powers only; phase and profile prefactors uncomputed
1e-06,0.1,246.9349856370827,4.0496935487243574e-06,4.049671238562119e-07,0.0999994490901109,0.9999944909011089,bare powers only; phase and profile prefactors uncomputed
1e-06,0.1,261.5202728088019,3.8238379087132115e-06,3.823816623376166e-07,0.0999994433514821,0.999994433514821,bare powers only; phase and profile prefactors uncomputed
1e-06,0.1,276.96704423449495,3.6105784737015486e-06,3.610558168272307e-07,0.09999943761285374,0.9999943761285374,bare powers only; phase and profile prefactors uncomputed
1e-06,0.1,293.32618373366444,3.409212740177036e-06,3.4091933715607576e-07,0.09999943187422568,0.9999943187422566,bare powers only; phase and profile prefactors uncomputed
1e-06,0.1,310.65158059349886,3.2190773839821466e-06,3.2190589108429664e-07,0.09999942613559798,0.9999942613559797,bare powers only; phase and profile prefactors uncomputed
1e-06,0.1,329.0003070877017,3.039546075240592e-06,3.039528457939459e-07,0.09999942039697057,0.9999942039697056,bare powers only; phase and profile prefactors uncomputed
1e-06,0.1,348.43280648051933,2.8700274151476303e-06,2.8700106156816175e-07,0.09999941465834354,0.9999941465834353,bare powers only; phase and profile prefactors uncomputed
1e-06,0.1,369.0130921352843,2.709962987827719e-06,2.7099469697708136e-07,0.09999940891971672,0.9999940891971671,bare powers only; phase and profile prefactors uncomputed
1e-06,0.1,390.80895838336386,2.558825520842057e-06,2.5588102492874833e-07,0.09999940318109034,0.9999940318109034,bare powers only; phase and profile prefactors uncomputed
1e-06,0.1,413.89220384814075,2.416117148286632e-06,2.416102589790685e-07,0.09999939744246435,0.9999939744246434,bare powers only; phase and profile prefactors uncomputed
1e-06,0.1,438.338867959694,2.2813677707590187e-06,2.281353893286442e-07,0.09999939170383862,0.9999939170383861,bare powers only; phase and profile prefactors uncomputed
1e-06,0.1,464.22948143928664,2.154133506791588e-06,2.1541202796625023e-07,0.09999938596521321,0.9999938596521321,bare powers only; phase and profile prefactors uncomputed
1e-06,0.1,491.64933157879483,2.033995230649894e-06,2.0339826244882556e-07,0.09999938022658814,0.9999938022658812,bare powers only; phase and profile prefactors uncomputed
1e-06,0.1,520.6887431889405,1.920557191679568e-06,1.9205451783631637e-07,0.09999937448796338,0.9999937448796337,bare powers only; phase and profile prefactors uncomputed
1e-06,0.1,551.4433761418169,1.8134457106536925e-06,1.8134342632656547e-07,0.09999936874933887,0.9999936874933887,bare powers only; phase and profile prefactors uncomputed
1e-06,0.1,584.0145404878507,1.7123079488262113e-06,1.7122970416080475e-07,0.09999936301071478,0.9999936301071478,bare powers only; phase and profile prefactors uncomputed
1e-06,0.1,618.5095301852358,1.616810745636564e-06,1.6168003539426662e-07,0.09999935727209101,0.99999357272091,bare powers only; phase and profile prefactors uncomputed
1e-06,0.1,655.0419765411972,1.5266395212367135e-06,1.5266296214903478e-07,0.09999935153346759,0.9999935153346757,bare powers only; phase and profile prefactors uncomputed
1e-06,0.1,693.7322225293678,1.4414972402253887e-06,1.4414878098761265e-07,0.09999934579484449,0.9999934579484446,bare powers only; phase and profile prefactors uncomputed
1e-06,0.1,734.7077192163248,1.36110343317597e-06,1.3610944506585469e-07,0.09999934005622171,0.9999934005622172,bare powers only; phase and profile prefactors uncomputed
1e-06,0.1,778.1034456031812,1.2851932727347767e-06,1.2851847174293448e-07,0.09999933431759928,0.9999933431759928,bare powers only; phase and profile prefactors uncomputed
1e-06,0.1,824.0623532652404,1.2135167012463056e-06,1.2135085534400577e-07,0.09999932857897716,0.9999932857897716,bare powers only; phase and profile prefactors uncomputed
1e-06,0.1,872.7358372544267,1.1458376070317466e-06,1.1458298478818788e-07,0.09999932284035537,0.9999932284035538,bare powers only; phase and profile prefactors uncomputed
1e-06,0.1,924.2842348156968,1.0819330466072862e-06,1.0819256581052708e-07,0.09999931710173392,0.9999931710173392,bare powers only; phase and profile prefactors uncomputed
1e-06,0.1,978.8773535602901,1.0215925102801168e-06,1.021585475217254e-07,0.09999931136311278,0.9999931136311278,bare powers only; phase and profile prefactors uncomputed
1e-06,0.1,1036.695030835687,9.646172287029229e-07,9.646105306371406e-08,0.09999930562449197,0.9999930562449197,bare powers only; phase and profile prefactors uncomputed
1e-06,0.1,1097.9277261349084,9.108195181025473e-07,9.108131413264154e-08,0.09999929988587145,0.9999929988587144,bare powers only; phase and profile prefactors uncomputed
1e-06,0.1,1162.7771484966524,8.600221620259375e-07,8.600160915358674e-08,0.09999929414725131,0.9999929414725129,bare powers only; phase and profile prefactors uncomputed
1e-06,0.1,1231.4569209630047,8.120578275667711e-07,8.120520490333628e-08,0.09999928840863148,0.9999928840863148,bare powers only; phase and profile prefactors uncomputed
1e-06,0.1,1304.1932842835274,7.667685141497261e-07,7.667630138892355e-08,0.09999928267001199,0.9999928267001198,bare powers only; phase and profile prefactors uncomputed
1e-06,0.1,1381.2258421838474,7.24005033056635e-07,7.239997980035267e-08,0.09999927693139285,0.9999927693139284,bare powers only; phase and profile prefactors uncomputed
1e-06,0.1,1462.8083506537441,6.836265159800012e-07,6.836215336605548e-08,0.09999927119277413,0.9999927119277413,bare powers only; phase and profile prefactors uncomputed
1e-06,0.1,1549.2095538547792,6.454999509850044e-07,6.454952094919385e-08,0.09999926545415556,0.9999926545415555,bare powers only; phase and profile prefactors uncomputed
1e-06,0.1,1640.714069401037,6.094997443513915e-07,6.094952323194844e-08,0.09999925971553739,0.9999925971553737,bare powers only; phase and profile prefactors uncomputed
1e-06,0.1,1737.6233259292483,5.755073068518972e-07,5.755030134345585e-08,0.09999925397691956,0.9999925397691956,bare powers only; phase and profile prefactors uncomputed
1e-06,0.1,1840.2565560467651,5.434106631043539e-07,5.434065779511261e-08,0.09999924823830204,0.9999924823830204,bare powers only; phase and profile prefactors uncomputed
1e-06,0.1,1948.9518479282847,5.1310408271064e-07,5.1310019594559653e-08,0.09999924249968488,0.9999924249968487,bare powers only; phase and profile prefactors uncomputed
1e-06,0.1,2064.0672590254585,4.84487731967396e-07,4.8448403416840495e-08,0.09999923676106803,0.9999923676106802,bare powers only; phase and profile prefactors uncomputed
1e-06,0.1,2185.981995558072,4.5746734500119864e-07,4.5746382718002355e-08,0.09999923102245144,0.9999923102245143,bare powers only; phase and profile prefactors uncomputed
1e-06,0.1,2315.097661672234,4.319539132448633e-07,4.31950566828073e-08,0.09999922528383523,0.9999922528383522,bare powers only; phase and profile prefactors uncomputed
1e-06,0.1,2451.8395823804312,4.078633922319902e-07,4.078602090426472e-08,0.09999921954521938,0.9999921954521939,bare powers only; phase and profile prefactors uncomputed
1e-06,0.1,2596.65820464145,3.8511642474387206e-07,3.8511339698397325e-08,0.09999921380660386,0.9999921380660385,bare powers only; phase and profile prefactors uncomputed
1e-06,0.1,2750.03058119549,3.636380793967941e-07,3.636351996304382e-08,0.09999920806798873,0.9999920806798874,bare powers only; phase and profile prefactors uncomputed
1e-06,0.1,2912.4619420424137,3.433576038085955e-07,3.4335486494584734e-08,0.09999920232937387,0.9999920232937387,bare powers only; phase and profile prefactors uncomputed
1e-06,0.1,3084.4873587398383,3.2420819153138407e-07,3.24205586812814e-08,0.09999919659075923,0.9999919659075922,bare powers only; phase and profile prefactors uncomputed
1e-06,0.1,3266.6735070034856,3.061267619826609e-07,3.0612428496453303e-08,0.0999991908521451,0.999991908521451,bare powers only; phase and profile prefactors uncomputed
1e-06,0.1,3459.620533416007,2.890537526499137e-07,2.8905139718999567e-08,0.09999918511353116,0.9999918511353116,bare powers only; phase and profile prefactors uncomputed
1e-06,0.1,3663.9640323935464,2.7293292288418064e-07,2.7293068312815756e-08,0.09999917937491769,0.9999917937491768,bare powers only; phase and profile prefactors uncomputed
1e-06,0.1,3880.377139922385,2.577111686362485e-07,2.5770903900471126e-08,0.09999917363630437,0.9999917363630435,bare powers only; phase and profile prefactors uncomputed
1e-06,0.1,4109.572750962785,2.4333834752520473e-07,2.4333632270119727e-08,0.09999916789769141,0.999991678976914,bare powers only; phase and profile prefactors uncomputed
1e-06,0.1,4352.305867824393,2.2976711366310849e-07,2.2976518858020705e-08,0.09999916215907893,0.9999916215907891,bare powers only; phase and profile prefactors uncomputed
1e-06,0.1,4609.376087249164,2.1695276169165066e-07,2.1695093152255588e-08,0.0999991564204666,0.999991564204666,bare powers only; phase and profile prefactors uncomputed
1e-06,0.1,4881.630234394565,2.048530795170598e-07,2.0485133966268446e-08,0.09999915068185479,0.9999915068185479,bare powers only; phase and profile prefactors uncomputed
1e-06,0.1,5169.96515239373,1.934282092581347e-07,1.934265553371617e-08,0.09999914494324312,0.9999914494324311,bare powers only; phase and profile prefactors uncomputed
1e-06,0.1,5475.330656681835,1.8264051594934893e-07,1.8263894378824745e-08,0.09999913920463195,0.9999913920463194,bare powers only; phase and profile prefactors uncomputed
1e-06,0.1,5798.732663820638,1.7245446356652065e-07,1.7245296918999545e-08,0.09999913346602095,0.9999913346602094,bare powers only; phase and profile prefactors uncomputed
1e-06,0.1,6141.236505127898,1.628364979666628e-07,1.6283507758852523e-08,0.09999912772741044,0.9999912772741044,bare powers only; phase and profile prefactors uncomputed
1e-06,0.1,6503.9704360273445,1.537549363563973e-07,1.5375358637083568e-08,0.0999991219888001,0.9999912198880009,bare powers only; phase and profile prefactors uncomputed
1e-06,0.1,6888.1293526793925,1.4517986292483195e-07,1.451785798980696e-08,0.09999911625019028,0.9999911625019027,bare powers only; phase and profile prefactors uncomputed
1e-06,0.1,7294.978728135781,1.3708303029710174e-07,1.370818109594225e-08,0.09999911051158075,0.9999911051158075,bare powers only; phase and profile prefactors uncomputed
1e-06,0.1,7725.858780984264,1.294377664839492e-07,1.2943660772207818e-08,0.0999991047729712,0.999991047729712,bare powers only; phase and profile prefactors uncomputed
1e-06,0.1,8182.188890215582,1.2221888702082172e-07,1.2221778587064694e-08,0.09999909903436235,0.9999909903436235,bare powers only; phase and profile prefactors uncomputed
1e-06,0.1,8665.472270855858,1.1540261200706566e-07,1.1540156564668219e-08,0.09999909329575365,0.9999909329575365,bare powers only; phase and profile prefactors uncomputed
1e-06,0.1,9177.300925766493,1.0896648777193078e-07,1.0896549351499926e-08,0.09999908755714547,0.9999908755714546,bare powers only; phase and profile prefactors uncomputed
1e-06,0.1,9719.360889923666,1.0288931290934176e-07,1.0288836819874365e-08,0.09999908181853742,0.9999908181853742,bare powers only; phase and profile prefactors uncomputed
1e-06,0.1,10293.437784452732,9.715106843778972e-08,9.715017083957009e-09,0.09999907607992989,0.9999907607992987,bare powers only; phase and profile prefactors uncomputed
1e-06,0.1,10901.422698713197,9.173285185527907e-08,9.173199905286169e-09,0.09999907034132251,0.9999907034132249,bare powers only; phase and profile prefactors uncomputed
1e-06,0.1,11545.318419810872,8.661681487209824e-08,8.661600466076412e-09,0.09999906460271563,0.9999906460271561,bare powers only; phase and profile prefactors uncomputed
1e-06,0.1,12227.246030057917,8.178610461629942e-08,8.178533489791495e-09,0.0999990588641089,0.999990588641089,bare powers only; phase and profile prefactors uncomputed
1e-06,0.1,12949.451894113823,7.72248081182095e-08,7.722407689619584e-09,0.09999905312550268,0.9999905312550268,bare powers only; phase and profile prefactors uncomputed
1e-06,0.1,13714.315058823875,7.291789989109921e-08,7.291720526563027e-09,0.0999990473868968,0.9999904738689679,bare powers only; phase and profile prefactors uncomputed
1e-06,0.1,14524.35509013139,6.885119243533115e-08,6.885053259875183e-09,0.09999904164829107,0.9999904164829106,bare powers only; phase and profile prefactors uncomputed
1e-06,0.1,15382.240372879189,6.501128950294474e-08,6.5010662735399524e-09,0.09999903590968583,0.9999903590968583,bare powers only; phase and profile prefactors uncomputed
1e-06,0.1,16290.796900841538,6.138554196872381e-08,6.138494663398544e-09,0.09999903017108056,0.9999903017108055,bare powers only; phase and profile prefactors uncomputed
1e-06,0.1,17253.01758594178,5.796200616237998e-08,5.7961440703871606e-09,0.099999024432476,0.99999024432476,bare powers only; phase and profile prefactors uncomputed
1e-06,0.1,18272.07211732163,5.472940452459468e-08,5.472886746159404e-09,0.0999990186938716,0.9999901869387159,bare powers only; phase and profile prefactors uncomputed
1e-06,0.1,19351.317402739274,5.16770884573147e-08,5.1676578381335255e-09,0.09999901295526767,0.9999901295526765,bare powers only; phase and profile prefactors uncomputed
1e-06,0.1,20494.308626691865,4.8795003245924785e-08,4.879451881726372e-09,0.09999900721666392,0.999990072166639,bare powers only; phase and profile prefactors uncomputed
1e-06,0.1,21704.810961688905,4.6073654937748166e-08,4.607319488219535e-09,0.09999900147806064,0.9999900147806063,bare powers only; phase and profile prefactors uncomputed
1e-06,0.1,22986.811971255767,4.350407906776754e-08,4.350364217346711e-09,0.09999899573945756,0.9999899573945754,bare powers only; phase and profile prefactors uncomputed
1e-06,0.1,24344.534745524074,4.107781112854492e-08,4.107739624300372e-09,0.09999899000085495,0.9999899000085494,bare powers only; phase and profile prefactors uncomputed
1e-06,0.1,25782.451812679625,3.8786858687065226e-08,3.8786464714300545e-09,0.09999898426225269,0.9999898426225269,bare powers only; phase and profile prefactors uncomputed
1e-06,0.1,27305.299872094016,3.6623675056652286e-08,3.662330095447329e-09,0.09999897852365057,0.9999897852365056,bare powers only; phase and profile prefactors uncomputed
1e-06,0.1,28918.09539767298,3.458113443723032e-08,3.4580779214647143e-09,0.09999897278504896,0.9999897278504896,bare powers only; phase and profile prefactors uncomputed
1e-06,0.1,30626.151162821316,3.2652508442038043e-08,3.2652171156792113e-09,0.0999989670464475,0.9999896704644751,bare powers only; phase and profile prefactors uncomputed
1e-06,0.1,32435.093741459146,3.083144393347319e-08,3.0831123689684207e-09,0.0999989613078464,0.9999896130784639,bare powers only; phase and profile prefactors uncomputed
1e-06,0.1,34350.882042741396,2.9111942095054786e-08,2.911163804097834e-09,0.09999895556924558,0.9999895556924557,bare powers only; phase and profile prefactors uncomputed
1e-06,0.1,36379.826940535604,2.748833867056424e-08,2.748804999645541e-09,0.0999989498306453,0.9999894983064531,bare powers only; phase and profile prefactors uncomputed
1e-06,0.1,38528.61206232066,2.5955285305269643e-08,2.59550112413474e-09,0.09999894409204516,0.9999894409204515,bare powers only; phase and profile prefactors uncomputed
1e-06,0.1,40804.31580598789,2.450773192777015e-08,2.4507471742278562e-09,0.09999893835344555,0.9999893835344553,bare powers only; phase and profile prefactors uncomputed
1e-06,0.1,43214.434657070895,2.3140910114422908e-08,2.3140663111783857e-09,0.09999893261484605,0.9999893261484604,bare powers only; phase and profile prefactors uncomputed
1e-06,0.1,45766.907883214815,2.185031738155304e-08,2.185008290060713e-09,0.09999892687624708,0.9999892687624707,bare powers only; phase and profile prefactors uncomputed
1e-06,0.1,48470.143687230746,2.063170235370431e-08,2.063147976603513e-09,0.09999892113764844,0.9999892113764843,bare powers only; phase and profile prefactors uncomputed
1e-06,0.1,51333.04690488887,1.9481050759071084e-08,1.948083946740947e-09,0.09999891539904994,0.9999891539904994,bare powers only; phase and profile prefactors uncomputed
1e-06,0.1,54365.04833868941,1.8394572205980158e-08,1.8394371642684703e-09,0.09999890966045195,0.9999890966045196,bare powers only; phase and profile prefactors uncomputed
1e-06,0.1,57576.1358242414,1.736868769686175e-08,1.7368497322471677e-09,0.09999890392185412,0.9999890392185411,bare powers only; phase and profile prefactors uncomputed
1e-06,0.1,60976.88713158624,1.6400017838579684e-08,1.6399837140437249e-09,0.09999889818325679,0.9999889818325678,bare powers only; phase and profile prefactors uncomputed
1e-06,0.1,64578.504809847385,1.5485371710283546e-08,1.5485200201222193e-09,0.09999889244465963,0.9999889244465962,bare powers only; phase and profile prefactors uncomputed
1e-06,0.1,68392.85308999018,1.4621736352112229e-08,1.4621573569207903e-09,0.09999888670606277,0.9999888670606276,bare powers only; phase and profile prefactors uncomputed
1e-06,0.1,72432.49696725263,1.3806266840123858e-08,1.3806112343506221e-09,0.09999888096746626,0.9999888096746625,bare powers only; phase and profile prefactors uncomputed
1e-06,0.1,76710.74359199268,1.3036276914757007e-08,1.3036130286477874e-09,0.09999887522887024,0.9999887522887023,bare powers only; phase and profile prefactors uncomputed
1e-06,0.1,81241.68610529743,1.2309230131952277e-08,1.2309090974908487e-09,0.0999988694902744,0.9999886949027438,bare powers only; phase and profile prefactors uncomputed
1e-06,0.1,86040.25006375545,1.1622731507785414e-08,1.1622599444693805e-09,0.09999886375167903,0.9999886375167901,bare powers only; phase and profile prefactors uncomputed
1e-06,0.1,91122.2426063218,1.0974519629087718e-08,1.0974394301509462e-09,0.09999885801308402,0.99998858013084,bare powers only; phase and profile prefactors uncomputed
1e-06,0.1,96504.40452523911,1.036245920406534e-08,1.0362340271477504e-09,0.09999885227448914,0.9999885227448915,bare powers only; phase and profile prefactors uncomputed
1e-06,0.1,102204.46541254103,9.784534028378676e-09,9.784421167290796e-10,0.09999884653589479,0.9999884653589479,bare powers only; phase and profile prefactors uncomputed
1e-06,0.1,108241.20206380203,9.238840343510467e-09,9.238733246623809e-10,0.09999884079730056,0.9999884079730056,bare powers only; phase and profile prefactors uncomputed
1e-06,0.1,114634.5003315206,8.72358056554488e-09,8.723478940952632e-10,0.09999883505870687,0.9999883505870686,bare powers only; phase and profile prefactors uncomputed
1e-06,0.1,121405.42063189101,8.237057363698987e-09,8.236960934125177e-10,0.09999882932011334,0.9999882932011332,bare powers only; phase and profile prefactors uncomputed
1e-06,0.1,128576.26732075168,7.777668069100915e-09,7.777576571176459e-10,0.09999882358152028,0.9999882358152027,bare powers only; phase and profile prefactors uncomputed
1e-06,0.1,136170.6621672438,7.3438993953961365e-09,7.343812578970015e-10,0.0999988178429272,0.9999881784292719,bare powers only; phase and profile prefactors uncomputed
1e-06,0.1,144213.62216721472,6.934322453790959e-09,6.93424008127512e-10,0.09999881210433481,0.999988121043348,bare powers only; phase and profile prefactors uncomputed
1e-06,0.1,152731.64195268982,6.547588046112623e-09,6.54750989185867e-10,0.09999880636574258,0.9999880636574259,bare powers only; phase and profile prefactors uncomputed
1e-06,0.1,161752.7810688868,6.182422220379973e-09,6.182348070086441e-10,0.09999880062715083,0.9999880062715082,bare powers only; phase and profile prefactors uncomputed
1e-06,0.1,171306.7564062709,5.8376220742447285e-09,5.837551724393255e-10,0.09999879488855944,0.9999879488855944,bare powers only; phase and profile prefactors uncomputed
1e-06,0.1,181425.04009213694,5.512051792479306e-09,5.511985049798425e-10,0.09999878914996822,0.9999878914996821,bare powers only; phase and profile prefactors uncomputed
1e-06,0.1,192140.9631641861,5.204638905457974e-09,5.204575586413207e-10,0.09999878341137747,0.9999878341137746,bare powers only; phase and profile prefactors uncomputed
1e-06,0.1,203489.8253676125,4.914370756306437e-09,4.914310686615329e-10,0.09999877767278688,0.9999877767278689,bare powers only; phase and profile prefactors uncomputed
1e-06,0.1,215509.01143738898,4.640291165082225e-09,4.6402341792532566e-10,0.09999877193419679,0.9999877193419678,bare powers only; phase and profile prefactors uncomputed
1e-06,0.1,228238.11424879584,4.381497278997224e-09,4.381443219891311e-10,0.09999876619560687,0.9999876619560686,bare powers only; phase and profile prefactors uncomputed
1e-06,0.1,241719.06524187577,4.1371365983065146e-09,4.137085316720132e-10,0.09999876045701746,0.9999876045701744,bare powers only; phase and profile prefactors uncomputed
1e-06,0.1,255996.2725494454,3.906404168066595e-09,3.906355522335369e-10,0.09999875471842817,0.9999875471842816,bare powers only; phase and profile prefactors uncomputed
1e-06,0.1,271116.7672836785,3.688539926512108e-09,3.688493782133996e-10,0.09999874897983942,0.999987489798394,bare powers only; phase and profile prefactors uncomputed
1e-06,0.1,287130.3584631485,3.482826201316423e-09,3.4827824305934117e-10,0.0999987432412506,0.999987432412506,bare powers only; phase and profile prefactors uncomputed
1e-06,0.1,304089.79709068534,3.2885853454882756e-09,3.288543827185848e-10,0.09999873750266251,0.999987375026625,bare powers only; phase and profile prefactors uncomputed
1e-06,0.1,322050.9499225322,3.1051775051171124e-09,3.1051381241404494e-10,0.09999873176407474,0.9999873176407472,bare powers only; phase and profile prefactors uncomputed
1e-06,0.1,341072.98350123543,2.9319985116134274e-09,2.9319611586996714e-10,0.09999872602548712,0.9999872602548712,bare powers only; phase and profile prefactors uncomputed
1e-06,0.1,361218.55905848695,2.768477891501122e-09,2.768442462926874e-10,0.0999987202869,0.999987202869,bare powers only; phase and profile prefactors uncomputed
1e-06,0.1,382554.03892996116,2.614076987205862e-09,2.614043384509131e-10,0.09999871454831304,0.9999871454831304,bare powers only; phase and profile prefactors uncomputed
1e-06,0.1,405149.70516210457,2.4682871826489775e-09,2.468255312364955e-10,0.09999870880972657,0.9999870880972656,bare powers only; phase and profile prefactors uncomputed
1e-06,0.1,429079.99103099835,2.330628227801862e-09,2.3305980012117623e-10,0.09999870307114027,0.9999870307114025,bare powers only; phase and profile prefactors uncomputed
1e-06,0.1,454423.72623595473,2.2006466566817293e-09,2.2006179895741416e-10,0.09999869733255447,0.9999869733255446,bare powers only; phase and profile prefactors uncomputed
1e-06,0.1,481264.3965755363,2.077914293577412e-09,2.077887106021472e-10,0.0999986915939688,0.999986915939688,bare powers only; phase and profile prefactors uncomputed
1e-06,0.1,509690.4189614237,1.9620268425844626e-09,1.96200105871434e-10,0.09999868585538368,0.9999868585538367,bare powers only; phase and profile prefactors uncomputed
1e-06,0.1,539795.4326760538,1.8526025558034125e-09,1.8525781036134912e-10,0.09999868011679867,0.9999868011679867,bare powers only; phase and profile prefactors uncomputed
1e-06,0.1,571678.6078334769,1.7492809758139655e-09,1.7492577869642522e-10,0.09999867437821403,0.9999867437821403,bare powers only; phase and profile prefactors uncomputed
1e-06,0.1,605444.9720595427,1.6517217482827262e-09,1.6516997579139448e-10,0.09999866863962988,0.9999866863962986,bare powers only; phase and profile prefactors uncomputed
1e-06,0.1,641205.7564675488,1.5596035007930513e-09,1.5595826473509535e-10,0.09999866290104586,0.9999866290104585,bare powers only; phase and profile prefactors uncomputed
1e-06,0.1,679078.7620690458,1.4726227842037153e-09,1.4726030092721814e-10,0.09999865716246237,0.9999865716246237,bare powers only; phase and profile prefactors uncomputed
1e-06,0.1,719188.7478267926,1.390493073049127e-09,1.39047432119158e-10,0.09999865142387902,0.9999865142387901,bare powers only; phase and profile prefactors uncomputed
1e-06,0.1,761667.8416281851,1.3129438216882393e-09,1.3129260402970095e-10,0.09999864568529619,0.9999864568529618,bare powers only; phase and profile prefactors uncomputed
1e-06,0.1,806655.9755329442,1.2397195730930588e-09,1.2397027122462616e-10,0.09999863994671351,0.999986399467135,bare powers only; phase and profile prefactors uncomputed
1e-06,0.1,854301.3467288382,1.170579117340924e-09,1.1705631296665228e-10,0.0999986342081313,0.999986342081313,bare powers only; phase and profile prefactors uncomputed
1e-06,0.1,904760.905713888,1.105294697038551e-09,1.1052795375852111e-10,0.0999986284695493,0.9999862846954929,bare powers only; phase and profile prefactors uncomputed
1e-06,0.1,958200.8733131973,1.0436512570604305e-09,1.0436368831748628e-10,0.0999986227309678,0.9999862273096779,bare powers only; phase and profile prefactors uncomputed
1e-06,0.1,1014797.2882335407,9.854457361300692e-10,9.854321073405107e-11,0.09999861699238641,0.9999861699238639,bare powers only; phase and profile prefactors uncomputed
1e-06,0.1,1074736.5869594063,9.304863979105068e-10,9.304734758160659e-11,0.09999861125380555,0.9999861125380555,bare powers only; phase and profile prefactors uncomputed
1e-06,0.1,1138216.2179007847,8.785921994006093e-10,8.785799475661545e-11,0.09999860551522502,0.9999860551522503,bare powers only; phase and profile prefactors uncomputed
1e-06,0.1,1205445.2918157706,8.295921945565565e-10,8.295805784128926e-11,0.09999859977664446,0.9999859977664446,bare powers only; phase and profile prefactors uncomputed
1e-06,0.1,1276645.2706505638,7.833249711739746e-10,7.833139579230493e-11,0.09999859403806459,0.9999859403806458,bare powers only; phase and profile prefactors uncomputed
1e-06,0.1,1352050.697066006,7.396381191757678e-10,7.396276777006294e-11,0.09999858829948488,0.9999858829948487,bare powers only; phase and profile prefactors uncomputed
1e-06,0.1,1431909.96705383,6.983877285540609e-10,6.983778293333663e-11,0.09999858256090566,0.9999858256090565,bare powers only; phase and profile prefactors uncomputed
1e-06,0.1,1516486.148187684,6.594379153124636e-10,6.594285303392829e-11,0.0999985768223266,0.9999857682232659,bare powers only; phase and profile prefactors uncomputed
1e-06,0.1,1606057.8462044213,6.226603738470275e-10,6.22651476551751e-11,0.09999857108374803,0.9999857108374802,bare powers only; phase and profile prefactors uncomputed
1e-06,0.1,1700920.1227702536,5.879339542913787e-10,5.87925519468504e-11,0.09999856534516963,0.9999856534516963,bare powers only; phase and profile prefactors uncomputed
1e-06,0.1,1801385.467455033,5.551442634337597e-10,5.551362671723828e-11,0.09999855960659174,0.9999855960659174,bare powers only; phase and profile prefactors uncomputed
1e-06,0.1,1907784.8271164785,5.24183287891339e-10,5.2417570750914745e-11,0.09999855386801398,0.9999855386801398,bare powers only; phase and profile prefactors uncomputed
1e-06,0.1,2020468.6960852805,4.949490383004928e-10,4.9494185228110273e-11,0.09999854812943677,0.9999854812943677,bare powers only; phase and profile prefactors uncomputed
1e-06,0.1,2139808.2707423274,4.673452133509547e-10,4.6733840128440886e-11,0.09999854239085985,0.9999854239085986,bare powers only; phase and profile prefactors uncomputed
1e-06,0.1,2266196.6722913324,4.4128088255713973e-10,4.412744250834196e-11,0.09999853665228307,0.9999853665228307,bare powers only; phase and profile prefactors uncomputed
1e-06,0.1,2400050.2417549235,4.1667018672164313e-10,4.166640654770416e-11,0.09999853091370667,0.9999853091370665,bare powers only; phase and profile prefactors uncomputed
1e-06,0.1,2541809.9114600397,3.934320551041956e-10,3.9342625267040255e-11,0.09999852517513055,0.9999852517513055,bare powers only; phase and profile prefactors uncomputed
1e-06,0.1,2691942.657530511,3.7148993836441155e-10,3.714844382201822e-11,0.09999851943655498,0.9999851943655497,bare powers only; phase and profile prefactors uncomputed
1e-06,0.1,2850943.038171544,3.507715563985889e-10,3.507663428738589e-11,0.09999851369797953,0.9999851369797953,bare powers only; phase and profile prefactors uncomputed
1e-06,0.1,3019334.822813422,3.3120866023992437e-10,3.3120371847225815e-11,0.09999850795940461,0.999985079594046,bare powers only; phase and profile prefactors uncomputed
1e-06,0.1,3197672.7174810837,3.127368072377906e-10,3.127321231310343e-11,0.0999985022208298,0.999985022208298,bare powers only; phase and profile prefactors uncomputed
1e-06,0.1,3386544.1920731002,2.9529514877551354e-10,2.952907089605532e-11,0.09999849648225556,0.9999849648225556,bare powers only; phase and profile prefactors uncomputed
1e-06,0.1,3586571.415569484,2.7882622982733987e-10,2.7882202162484835e-11,0.09999849074368143,0.9999849074368142,bare powers only; phase and profile prefactors uncomputed
1e-06,0.1,3798413.305543076,2.6327579969432735e-10,2.6327181107940956e-11,0.09999848500510779,0.9999848500510778,bare powers only; phase and profile prefactors uncomputed
1e-06,0.1,4022767.6987259365,2.4859263329568913e-10,2.485888528643219e-11,0.09999847926653453,0.9999847926653452,bare powers only; phase and profile prefactors uncomputed
1e-06,0.1,4260373.649780869,2.347283624269113e-10,2.3472477936409214e-11,0.09999847352796137,0.9999847352796136,bare powers only; phase and profile prefactors uncomputed
1e-06,0.1,4512013.865850546,2.2163731642877716e-10,2.2163392047829636e-11,0.09999846778938876,0.9999846778938875,bare powers only; phase and profile prefactors uncomputed
1e-06,0.1,4778517.284904051,2.0927637174244568e-10,2.0927315317819442e-11,0.09999846205081613,0.9999846205081611,bare powers only; phase and profile prefactors uncomputed
1e-06,0.1,5060761.806374096,1.976048098550057e-10,1.97601759453751e-11,0.09999845631224415,0.9999845631224413,bare powers only; phase and profile prefactors uncomputed
1e-06,0.1,5359677.183080246,1.865841831675509e-10,1.865812921830936e-11,0.09999845057367232,0.9999845057367232,bare powers only; phase and profile prefactors uncomputed
1e-06,0.1,5676248.083964364,1.761781883439329e-10,1.7617544848258813e-11,0.09999844483510102,0.9999844483510102,bare powers only; phase and profile prefactors uncomputed
1e-06,0.1,6011517.337727448,1.663525467229863e-10,1.663499501203118e-11,0.09999843909652985,0.9999843909652983,bare powers only; phase and profile prefactors uncomputed
1e-06,0.1,6366589.368052807,1.5707489140029192e-10,1.570724305990077e-11,0.0999984333579592,0.9999843335795919,bare powers only; phase and profile prefactors uncomputed
1e-06,0.1,6742633.831731758,1.4831466060750246e-10,1.4831232853653535e-11,0.0999984276193887,0.999984276193887,bare powers only; phase and profile prefactors uncomputed
1e-06,0.1,7140889.471676164,1.4004299703802162e-10,1.400407869926233e-11,0.0999984218808187,0.999984218808187,bare powers only; phase and profile prefactors uncomputed
1e-06,0.1,7562668.197510405,1.322326527873891e-10,1.3223055841026861e-11,0.09999841614224904,0.9999841614224904,bare powers only; phase and profile prefactors uncomputed
1e-06,0.1,8009359.407184645,1.248578995952431e-10,1.2485591485866534e-11,0.09999841040367954,0.9999841040367954,bare powers only; phase and profile prefactors uncomputed
1e-06,0.1,8482434.563845469,1.1789444409318045e-10,1.1789256328198107e-11,0.09999840466511052,0.9999840466511051,bare powers only; phase and profile prefactors uncomputed
1e-06,0.1,8983452.043040713,1.113193477793343e-10,1.1131756547480282e-11,0.0999983989265415,0.9999839892654149,bare powers only; phase and profile prefactors uncomputed
1e-06,0.1,9514062.266225863,1.0511095145605058e-10,1.0510926252064106e-11,0.09999839318797316,0.9999839318797316,bare powers only; phase and profile prefactors uncomputed
1e-06,0.1,10076013.137482585,9.924880388175709e-11,9.924720344457971e-12,0.09999838744940515,0.9999838744940515,bare powers only; phase and profile prefactors uncomputed
1e-06,0.1,10671155.80135845,9.37135944019887e-11,9.371207784504665e-12,0.09999838171083744,0.9999838171083745,bare powers only; phase and profile prefactors uncomputed
1e-06,0.1,11301450.740795337,8.848708933765505e-11,8.84856522827865e-12,0.09999837597226974,0.9999837597226973,bare powers only; phase and profile prefactors uncomputed
1e-06,0.1,11968974.235233659,8.355207192099751e-11,8.355071021748863e-12,0.09999837023370269,0.9999837023370268,bare powers only; phase and profile prefactors uncomputed
1e-06,0.1,12675925.200166425,7.88922855813822e-11,7.88909952942142e-12,0.099998364495136,0.9999836449513598,bare powers only; phase and profile prefactors uncomputed
1e-06,0.1,13424632.430673577,7.44923803941021e-11,7.449115779280275e-12,0.09999835875656964,0.9999835875656963,bare powers only; phase and profile prefactors uncomputed
1e-06,0.1,14217562.272797745,7.033786251578928e-11,7.033670406385672e-12,0.09999835301800321,0.999983530180032,bare powers only; phase and profile prefactors uncomputed
1e-06,0.1,15057326.74803223,6.641504643986089e-11,6.641394878473179e-12,0.09999834727943752,0.999983472794375,bare powers only; phase and profile prefactors uncomputed
1e-06,0.1,15946692.15768394,6.271100991473408e-11,6.270996987826597e-12,0.09999834154087213,0.9999834154087213,bare powers only; phase and profile prefactors uncomputed
1e-06,0.1,16888588.195455834,5.921355137629732e-11,5.921256594574121e-12,0.09999833580230673,0.9999833580230671,bare powers only; phase and profile prefactors uncomputed
1e-06,0.1,17886117.598266564,5.591114975441661e-11,5.5910216073854605e-12,0.09999833006374201,0.9999833006374201,bare powers only; phase and profile prefactors uncomputed
1e-06,0.1,18942566.367098644,5.279292652107582e-11,5.27920418832981e-12,0.0999983243251776,0.9999832432517759,bare powers only; phase and profile prefactors uncomputed
1e-06,0.1,20061414.591544,4.984860985513053e-11,4.984777169393146e-12,0.09999831858661354,0.9999831858661354,bare powers only; phase and profile prefactors uncomputed
1e-06,0.1,21246347.913704414,4.706850080563417e-11,4.706770668850473e-12,0.09999831284804944,0.9999831284804944,bare powers only; phase and profile prefactors uncomputed
1e-06,0.1,22501269.66921084,4.444344134226528e-11,4.444268896346272e-12,0.09999830710948604,0.9999830710948604,bare powers only; phase and profile prefactors uncomputed
1e-06,0.1,23830313.745355137,4.196478418762283e-11,4.196407136159651e-12,0.09999830137092297,0.9999830137092297,bare powers only; phase and profile prefactors uncomputed
1e-06,0.1,25237858.198691536,3.962436433199901e-11,3.962368898715586e-12,0.09999829563236022,0.9999829563236022,bare powers only; phase and profile prefactors uncomputed
1e-06,0.1,26728539.67696552,3.741447213680874e-11,3.741383230960007e-12,0.09999828989379743,0.9999828989379742,bare powers only; phase and profile prefactors uncomputed
1e-06,0.1,28307268.69287819,3.5327827938064285e-11,3.5327221767378273e-12,0.0999982841552357,0.9999828415523571,bare powers only; phase and profile prefactors uncomputed
1e-06,0.1,29979245.8,3.3357558066244256e-11,3.3356983788086492e-12,0.0999982784166736,0.9999827841667359,bare powers only; phase and profile prefactors uncomputed
1e-06,0.001,1.0,0.001,1e-06,0.001,1.0,bare powers only; phase and profile prefactors uncomputed
1e-06,0.001,1.0590652925671507,0.0009442289552792712,9.442289010931787e-07,0.0009999999426133967,0.9999999426133966,bare powers only; phase and profile prefactors uncomputed
1e-06,0.001,1.1216192939203442,0.0008915683199877841,8.915682176596321e-07,0.0009999998852267967,0.9999998852267967,bare powers only; phase and profile prefactors uncomputed
1e-06,0.001,1.1878680656647103,0.0008418446233421602,8.418444784103585e-07,0.0009999998278402004,0.9999998278402003,bare powers only; phase and profile prefactors uncomputed
1e-06,0.001,1.2580298404943717,0.0007948940692058395,7.948938867407729e-07,0.0009999997704536068,0.9999997704536069,bare powers only; phase and profile prefactors uncomputed
1e-06,0.001,1.3323357410813774,0.0007505619965239187,7.505617811629259e-07,0.0009999997130670168,0.9999997130670166,bare powers only; phase and profile prefactors uncomputed
1e-06,0.001,1.4110305414260205,0.0007087023698501037,7.087021258300084e-07,0.0009999996556804298,0.9999996556804298,bare powers only; phase and profile prefactors uncomputed
1e-06,0.001,1.4943734731765332,0.0006691772982875071,6.691770294748687e-07,0.0009999995982938467,0.9999995982938465,bare powers only; phase and profile prefactors uncomputed
1e-06,0.001,1.5826390795742942,0.0006318565812586181,6.31856291177853e-07,0.0009999995409072664,0.9999995409072663,bare powers only; phase and profile prefactors uncomputed
1e-06,0.001,1.6761181198375557,0.000596617279608157,5.966169714676758e-07,0.0009999994835206895,0.9999994835206895,bare powers only; phase and profile prefactors uncomputed
1e-06,0.001,1.7751185269628633,0.0005633433106259709,5.633429873424638e-07,0.0009999994261341157,0.9999994261341157,bare powers only; phase and profile prefactors uncomputed
1e-06,0.001,1.8799664220992942,0.0005319250656559265,5.319247298769232e-07,0.0009999993687475456,0.9999993687475457,bare powers only; phase and profile prefactors uncomputed
1e-06,0.001,1.9910071888370084,0.0005022590490311532,5.022587031559732e-07,0.0009999993113609788,0.9999993113609787,bare powers only; phase and profile prefactors uncomputed
1e-06,0.001,2.1086066109489665,0.000474247537146246,4.7424718334544963e-07,0.000999999253974415,0.9999992539744149,bare powers only; phase and profile prefactors uncomputed
1e-06,0.001,2.233152077333695,0.0004477982565433672,4.4779789677680917e-07,0.0009999991965878546,0.9999991965878545,bare powers only; phase and profile prefactors uncomputed
1e-06,0.001,2.36505385812835,0.0004228240799518227,4.2282371598540335e-07,0.0009999991392012977,0.9999991392012976,bare powers only; phase and profile prefactors uncomputed
1e-06,0.001,2.504746456195769,0.0003992427392798286,3.992423727010317e-07,0.0009999990818147437,0.9999990818147437,bare powers only; phase and profile prefactors uncomputed
1e-06,0.001,2.652690038437506,0.00037697655461302706,3.7697618684532847e-07,0.0009999990244281929,0.999999024428193,bare powers only; phase and profile prefactors uncomputed
1e-06,0.001,2.809371951647783,0.0003559521783270377,3.5595181064326145e-07,0.000999998967041646,0.9999989670416459,bare powers only; phase and profile prefactors uncomputed
1e-06,0.001,2.975308327901806,0.00033610035347111955,3.3609998700581393e-07,0.000999998909655102,0.999998909655102,bare powers only; phase and profile prefactors uncomputed
1e-06,0.001,3.1510457847668056,0.0003173556856270291,3.1735532138793145e-07,0.0009999988522685613,0.9999988522685612,bare powers only; phase and profile prefactors uncomputed
1e-06,0.001,3.337163225936544,0.0002996564274915465,2.996560663701991e-07,0.000999998794882024,0.9999987948820239,bare powers only; phase and profile prefactors uncomputed
1e-06,0.001,3.534273748220822,0.0002829442754730616,2.8294391825463773e-07,0.00099999873749549,0.99999873749549,bare powers only; phase and profile prefactors uncomputed
1e-06,0.001,3.7430266611718848,0.00026716417763217933,2.671638250045748e-07,0.000999998680108959,0.9999986801089591,bare powers only; phase and profile prefactors uncomputed
1e-06,0.001,3.9641096260006474,0.0002522641523336782,2.5226380489592e-07,0.000999998622722432,0.9999986227224318,bare powers only; phase and profile prefactors uncomputed
1e-06,0.001,4.198250920828633,0.00023819511701244,2.3819477528245862e-07,0.0009999985653359074,0.9999985653359075,bare powers only; phase and profile prefactors uncomputed
1e-06,0.001,4.446221839737685,0.00022491072648928004,2.2491039091109257e-07,0.0009999985079493863,0.9999985079493864,bare powers only; phase and profile prefactors uncomputed
1e-06,0.001,4.708839233520247,0.00021236722030407474,2.1236689125441822e-07,0.0009999984505628691,0.9999984505628691,bare powers only; phase and profile prefactors uncomputed
1e-06,0.001,4.986968200499797,0.00020052327856327933,2.0052295635773386e-07,0.0009999983931763545,0.9999983931763545,bare powers only; phase and profile prefactors uncomputed
1e-06,0.001,5.281524936285394,0.00018933988582697954,1.8933957072561853e-07,0.0009999983357898436,0.9999983357898435,bare powers only; phase and profile prefactors uncomputed
1e-06,0.001,5.5934797518477914,0.00017878020258710537,1.78779894799705e-07,0.000999998278403336,0.999998278403336,bare powers only; phase and profile prefactors uncomputed
1e-06,0.001,5.923860269859115,0.000168809443913439,1.6880914360427958e-07,0.0009999982210168313,0.9999982210168313,bare powers only; phase and profile prefactors uncomputed
1e-06,0.001,6.273754809825263,0.00015939476486766122,1.5939447215994952e-07,0.0009999981636303304,0.9999981636303303,bare powers only; phase and profile prefactors uncomputed
1e-06,0.001,6.644315973162161,0.0001505051523079768,1.505048672879164e-07,0.0009999981062438327,0.9999981062438328,bare powers only; phase and profile prefactors uncomputed
1e-06,0.001,7.036764440025576,0.00014211132272790855,1.4211104544844402e-07,0.000999998048857338,0.9999980488573379,bare powers only; phase and profile prefactors uncomputed
1e-06,0.001,7.4523929904018065,0.00013418562579272845,1.3418535627698708e-07,0.0009999979914708467,0.9999979914708467,bare powers only; phase and profile prefactors uncomputed
1e-06,0.001,7.892570762705272,0.00012670195325576326,1.2670169150021627e-07,0.000999997934084359,0.9999979340843588,bare powers only; phase and profile prefactors uncomputed
1e-06,0.001,8.3587477639114,0.00011963565295453238,1.1963539893189613e-07,0.000999997876697874,0.9999978766978742,bare powers only; phase and profile prefactors uncomputed
1e-06,0.001,8.852459646081842,0.00011296344760341151,1.1296320126530831e-07,0.000999997819311393,0.999997819311393,bare powers only; phase and profile prefactors uncomputed
1e-06,0.001,9.37533276501656,0.00010666335811531398,1.0666311939470965e-07,0.0009999977619249145,0.9999977619249146,bare powers only; phase and profile prefactors uncomputed
1e-06,0.001,9.929089537696655,0.0001007146311998017,1.0071440001323723e-07,0.0009999977045384398,0.9999977045384397,bare powers only; phase and profile prefactors uncomputed
1e-06,0.001,10.515554116166145,9.509767099912584e-05,9.509744724875782e-08,0.0009999976471519684,0.9999976471519684,bare powers only; phase and profile prefactors uncomputed
1e-06,0.001,11.1366583965432,8.979397453699643e-05,8.979375811246117e-08,0.0009999975897655006,0.9999975897655007,bare powers only; phase and profile prefactors uncomputed
1e-06,0.001,11.794448382955435,8.478607076744165e-05,8.478586154755593e-08,0.0009999975323790355,0.9999975323790353,bare powers only; phase and profile prefactors uncomputed
1e-06,0.001,12.491090927362858,8.005746302297575e-05,8.00572608772871e-08,0.0009999974749925738,0.9999974749925739,bare powers only; phase and profile prefactors uncomputed
1e-06,0.001,13.228880867470423,7.559257467249331e-05,7.559237946269077e-08,0.0009999974176061156,0.9999974176061156,bare powers only; phase and profile prefactors uncomputed
1e-06,0.001,14.010248586243549,7.137669780987865e-05,7.137650939107504e-08,0.0009999973602196602,0.9999973602196601,bare powers only; phase and profile prefactors uncomputed
1e-06,0.001,14.837768017928529,6.739594480430596e-05,6.739576302620179e-08,0.0009999973028332091,0.9999973028332091,bare powers only; phase and profile prefactors uncomputed
1e-06,0.001,15.714165126950993,6.363720255262921e-05,6.363702726056677e-08,0.0009999972454467607,0.9999972454467606,bare powers only; phase and profile prefactors uncomputed
1e-06,0.001,16.642326887622865,6.0088089283164505e-05,6.008792031908166e-08,0.000999997188060315,0.9999971880603149,bare powers only; phase and profile prefactors uncomputed
1e-06,0.001,17.625310794238462,5.6736913768569986e-05,5.673675097186097e-08,0.0009999971306738735,0.9999971306738734,bare powers only; phase and profile prefactors uncomputed
1e-06,0.001,18.66635493288712,5.357263681346691e-05,5.35724800217576e-08,0.0009999970732874348,0.9999970732874348,bare powers only; phase and profile prefactors uncomputed
1e-06,0.001,19.768888648160367,5.058483488993573e-05,5.058468393978048e-08,0.0009999970159009991,0.9999970159009992,bare powers only; phase and profile prefactors uncomputed
1e-06,0.001,20.93654383989139,4.776366580109842e-05,4.776352052860469e-08,0.0009999969585145676,0.9999969585145676,bare powers only; phase and profile prefactors uncomputed
1e-06,0.001,22.173166927139544,4.5099836259679414e-05,4.5099696501065896e-08,0.000999996901128139,0.999996901128139,bare powers only; phase and profile prefactors uncomputed
1e-06,0.001,23.482831518831304,4.25845712747433e-05,4.258443686683733e-08,0.0009999968437417134,0.9999968437417133,bare powers only; phase and profile prefactors uncomputed
1e-06,0.001,24.869851832796186,4.020958524576651e-05,4.0209456026445645e-08,0.0009999967863552914,0.9999967863552913,bare powers only; phase and profile prefactors uncomputed
1e-06,0.001,26.338796907401974,3.7967054668822926e-05,3.796693047740528e-08,0.0009999967289688724,0.9999967289688724,bare powers only; phase and profile prefactors uncomputed
1e-06,0.001,27.89450565260444,3.584959236497365e-05,3.5849473042561514e-08,0.000999996671582457,0.9999966715824571,bare powers only; phase and profile prefactors uncomputed
1e-06,0.001,29.542102789991553,3.38502231459668e-05,3.3850108535747396e-08,0.000999996614196045,0.999996614196045,bare powers only; phase and profile prefactors uncomputed
1e-06,0.001,31.287015734331234,3.196236083708644e-05,3.1962250784593595e-08,0.0009999965568096361,0.9999965568096361,bare powers only; phase and profile prefactors uncomputed
1e-06,0.001,33.13499247223256,3.0179786581461217e-05,3.017968093480139e-08,0.0009999964994232302,0.99999649942323,bare powers only; phase and profile prefactors uncomputed
1e-06,0.001,35.092120496815305,2.8496628354364505e-05,2.8496526964410288e-08,0.0009999964420368279,0.9999964420368277,bare powers only; phase and profile prefactors uncomputed
1e-06,0.001,37.164846860761415,2.690734162002324e-05,2.6907244340577253e-08,0.0009999963846504289,0.9999963846504288,bare powers only; phase and profile prefactors uncomputed
1e-06,0.001,39.359999413805625,2.5406691067217005e-05,2.5406597755148925e-08,0.000999996327264033,0.9999963272640332,bare powers only; phase and profile prefactors uncomputed
1e-06,0.001,41.68480929462492,2.3989733363501518e-05,2.3989643878860704e-08,0.0009999962698776406,0.9999962698776406,bare powers only; phase and profile prefactors uncomputed
1e-06,0.001,44.146934751217835,2.2651800871247304e-05,2.2651715077353337e-08,0.0009999962124912515,0.9999962124912515,bare powers only; phase and profile prefactors uncomputed
1e-06,0.001,46.75448636824141,2.1388486271851937e-05,2.138840403536513e-08,0.0009999961551048653,0.9999961551048652,bare powers only; phase and profile prefactors uncomputed
1e-06,0.001,49.51605378440846,2.0195628047475777e-05,2.019554923844972e-08,0.0009999960977184828,0.9999960977184829,bare powers only; phase and profile prefactors uncomputed
1e-06,0.001,52.4407339879553,1.90692967724768e-05,1.9069221264394573e-08,0.0009999960403321042,0.9999960403321042,bare powers only; phase and profile prefactors uncomputed
1e-06,0.001,55.53816128338998,1.8005782169386146e-05,1.8005709839181957e-08,0.0009999959829457277,0.9999959829457277,bare powers only; phase and profile prefactors uncomputed
1e-06,0.001,58.81853902823503,1.7001580886785608e-05,1.7001511614853416e-08,0.0009999959255593551,0.9999959255593552,bare powers only; phase and profile prefactors uncomputed
1e-06,0.001,62.29267324431008,1.6053384958825613e-05,1.605331862901597e-08,0.0009999958681729858,0.9999958681729857,bare powers only; phase and profile prefactors uncomputed
1e-06,0.001,65.97200821427519,1.5158070908367875e-05,1.5158007407974406e-08,0.0009999958107866198,0.9999958107866197,bare powers only; phase and profile prefactors uncomputed
1e-06,0.001,69.8686641806938,1.4312689457857311e-05,1.4312628677593938e-08,0.000999995753400257,0.999995753400257,bare powers only; phase and profile prefactors uncomputed
1e-06,0.001,73.99547727180246,1.3514455814029246e-05,1.3514397647999242e-08,0.0009999956960138976,0.9999956960138976,bare powers only; phase and profile prefactors uncomputed
1e-06,0.001,78.36604178550743,1.2760740494448707e-05,1.2760684840106565e-08,0.0009999956386275415,0.9999956386275415,bare powers only; phase and profile prefactors uncomputed
1e-06,0.001,82.99475497089797,1.2049060665663193e-05,1.2049007423770208e-08,0.0009999955812411887,0.9999955812411886,bare powers only; phase and profile prefactors uncomputed
1e-06,0.001,87.89686445479306,1.1377071964435716e-05,1.1377021039010086e-08,0.000999995523854838,0.999995523854838,bare powers only; phase and profile prefactors uncomputed
1e-06,0.001,93.08851846955056,1.0742560775116223e-05,1.0742512073378468e-08,0.0009999954664684915,0.9999954664684916,bare powers only; phase and profile prefactors uncomputed
1e-06,0.001,98.58681904759716,1.0143436937712077e-05,1.0143390370026367e-08,0.0009999954090821488,0.9999954090821488,bare powers only; phase and profile prefactors uncomputed
1e-06,0.001,104.40987835790825,9.577726862637035e-06,9.577682342449122e-09,0.0009999953516958092,0.9999953516958093,bare powers only; phase and profile prefactors uncomputed
1e-06,0.001,110.57687837001873,9.04356702945798e-06,9.043524473230277e-09,0.0009999952943094727,0.9999952943094728,bare powers only; phase and profile prefactors uncomputed
1e-06,0.001,117.10813404210603,8.539197848223169e-06,8.5391571753675e-09,0.0009999952369231404,0.9999952369231405,bare powers only; phase and profile prefactors uncomputed
1e-06,0.001,124.02516024129615,8.062957863150764e-06,8.062918995959186e-09,0.0009999951795368104,0.9999951795368105,bare powers only; phase and profile prefactors uncomputed
1e-06,0.001,131.3507426166361,7.61327827958363e-06,7.613241143157853e-09,0.0009999951221504831,0.9999951221504833,bare powers only; phase and profile prefactors uncomputed
1e-06,0.001,139.1090126582001,7.188677796181624e-06,7.188642318361323e-09,0.00099999506476416,0.9999950647641601,bare powers only; phase and profile prefactors uncomputed
1e-06,0.001,147.32552718958416,6.787757725327869e-06,6.787723836618233e-09,0.0009999950073778401,0.9999950073778401,bare powers only; phase and profile prefactors uncomputed
1e-06,0.001,156.0273525556467,6.409197385675135e-06,6.4091650191740095e-09,0.0009999949499915235,0.9999949499915235,bare powers only; phase and profile prefactors uncomputed
1e-06,0.001,165.24315378282398,6.051749751654665e-06,6.051718842979513e-09,0.00099999489260521,0.99999489260521,bare powers only; phase and profile prefactors uncomputed
1e-06,0.001,175.003289005725,5.714237345616477e-06,5.714207832831434e-09,0.0009999948352189,0.9999948352189,bare powers only; phase and profile prefactors uncomputed
1e-06,0.001,185.33990947106184,5.395548359069242e-06,5.395520182612454e-09,0.0009999947778325923,0.9999947778325923,bare powers only; phase and profile prefactors uncomputed
1e-06,0.001,196.28706544833935,5.094632990242736e-06,5.094606092854225e-09,0.000999994720446289,0.9999947204462888,bare powers only; phase and profile prefactors uncomputed
1e-06,0.001,207.8808183961928,4.810499985908212e-06,4.810474312558363e-09,0.0009999946630599888,0.9999946630599889,bare powers only; phase and profile prefactors uncomputed
1e-06,0.001,220.1593597538627,4.542213376065056e-06,4.542188873883948e-09,0.0009999946056736925,0.9999946056736926,bare powers only; phase and profile prefactors uncomputed
1e-06,0.001,233.16313674912124,4.288889390737439e-06,4.288866008945104e-09,0.0009999945482873991,0.9999945482873991,bare powers only; phase and profile prefactors uncomputed
1e-06,0.001,246.9349856370827,4.0496935487243574e-06,4.049671238562119e-09,0.000999994490901109,0.9999944909011089,bare powers only; phase and profile prefactors uncomputed
1e-06,0.001,261.5202728088019,3.8238379087132115e-06,3.823816623376166e-09,0.000999994433514821,0.999994433514821,bare powers only; phase and profile prefactors uncomputed
1e-06,0.001,276.96704423449495,3.6105784737015486e-06,3.6105581682723062e-09,0.0009999943761285373,0.9999943761285373,bare powers only; phase and profile prefactors uncomputed
1e-06,0.001,293.32618373366444,3.409212740177036e-06,3.4091933715607573e-09,0.0009999943187422567,0.9999943187422565,bare powers only; phase and profile prefactors uncomputed
1e-06,0.001,310.65158059349886,3.2190773839821466e-06,3.219058910842966e-09,0.0009999942613559795,0.9999942613559796,bare powers only; phase and profile prefactors uncomputed
1e-06,0.001,329.0003070877017,3.039546075240592e-06,3.039528457939459e-09,0.0009999942039697059,0.9999942039697057,bare powers only; phase and profile prefactors uncomputed
1e-06,0.001,348.43280648051933,2.8700274151476303e-06,2.870010615681617e-09,0.0009999941465834352,0.9999941465834352,bare powers only; phase and profile prefactors uncomputed
1e-06,0.001,369.0130921352843,2.709962987827719e-06,2.7099469697708136e-09,0.0009999940891971672,0.9999940891971671,bare powers only; phase and profile prefactors uncomputed
1e-06,0.001,390.80895838336386,2.558825520842057e-06,2.5588102492874826e-09,0.0009999940318109032,0.9999940318109032,bare powers only; phase and profile prefactors uncomputed
1e-06,0.001,413.89220384814075,2.416117148286632e-06,2.416102589790685e-09,0.0009999939744246434,0.9999939744246434,bare powers only; phase and profile prefactors uncomputed
1e-06,0.001,438.338867959694,2.2813677707590187e-06,2.281353893286442e-09,0.000999993917038386,0.9999939170383861,bare powers only; phase and profile prefactors uncomputed
1e-06,0.001,464.22948143928664,2.154133506791588e-06,2.154120279662502e-09,0.000999993859652132,0.999993859652132,bare powers only; phase and profile prefactors uncomputed
1e-06,0.001,491.64933157879483,2.033995230649894e-06,2.0339826244882553e-09,0.0009999938022658811,0.9999938022658812,bare powers only; phase and profile prefactors uncomputed
1e-06,0.001,520.6887431889405,1.920557191679568e-06,1.9205451783631634e-09,0.0009999937448796337,0.9999937448796337,bare powers only; phase and profile prefactors uncomputed
1e-06,0.001,551.4433761418169,1.8134457106536925e-06,1.8134342632656544e-09,0.0009999936874933886,0.9999936874933885,bare powers only; phase and profile prefactors uncomputed
1e-06,0.001,584.0145404878507,1.7123079488262113e-06,1.7122970416080474e-09,0.000999993630107148,0.9999936301071478,bare powers only; phase and profile prefactors uncomputed
1e-06,0.001,618.5095301852358,1.616810745636564e-06,1.6168003539426662e-09,0.00099999357272091,0.9999935727209102,bare powers only; phase and profile prefactors uncomputed
1e-06,0.001,655.0419765411972,1.5266395212367135e-06,1.5266296214903477e-09,0.0009999935153346758,0.9999935153346758,bare powers only; phase and profile prefactors uncomputed
1e-06,0.001,693.7322225293678,1.4414972402253887e-06,1.4414878098761263e-09,0.0009999934579484446,0.9999934579484447,bare powers only; phase and profile prefactors uncomputed
1e-06,0.001,734.7077192163248,1.36110343317597e-06,1.3610944506585469e-09,0.0009999934005622173,0.9999934005622172,bare powers only; phase and profile prefactors uncomputed
1e-06,0.001,778.1034456031812,1.2851932727347767e-06,1.2851847174293446e-09,0.0009999933431759926,0.9999933431759926,bare powers only; phase and profile prefactors uncomputed
1e-06,0.001,824.0623532652404,1.2135167012463056e-06,1.2135085534400577e-09,0.0009999932857897716,0.9999932857897715,bare powers only; phase and profile prefactors uncomputed
1e-06,0.001,872.7358372544267,1.1458376070317466e-06,1.1458298478818786e-09,0.0009999932284035535,0.9999932284035535,bare powers only; phase and profile prefactors uncomputed
1e-06,0.001,924.2842348156968,1.0819330466072862e-06,1.0819256581052705e-09,0.000999993171017339,0.999993171017339,bare powers only; phase and profile prefactors uncomputed
1e-06,0.001,978.8773535602901,1.0215925102801168e-06,1.021585475217254e-09,0.000999993113631128,0.9999931136311279,bare powers only; phase and profile prefactors uncomputed
1e-06,0.001,1036.695030835687,9.646172287029229e-07,9.646105306371405e-10,0.0009999930562449198,0.9999930562449197,bare powers only; phase and profile prefactors uncomputed
1e-06,0.001,1097.9277261349084,9.108195181025473e-07,9.108131413264152e-10,0.0009999929988587142,0.9999929988587142,bare powers only; phase and profile prefactors uncomputed
1e-06,0.001,1162.7771484966524,8.600221620259375e-07,8.600160915358673e-10,0.000999992941472513,0.9999929414725129,bare powers only; phase and profile prefactors uncomputed
1e-06,0.001,1231.4569209630047,8.120578275667711e-07,8.120520490333627e-10,0.0009999928840863147,0.9999928840863147,bare powers only; phase and profile prefactors uncomputed
1e-06,0.001,1304.1932842835274,7.667685141497261e-07,7.667630138892354e-10,0.0009999928267001197,0.9999928267001197,bare powers only; phase and profile prefactors uncomputed
1e-06,0.001,1381.2258421838474,7.24005033056635e-07,7.239997980035266e-10,0.0009999927693139282,0.9999927693139283,bare powers only; phase and profile prefactors uncomputed
1e-06,0.001,1462.8083506537441,6.836265159800012e-07,6.836215336605547e-10,0.0009999927119277413,0.9999927119277411,bare powers only; phase and profile prefactors uncomputed
1e-06,0.001,1549.2095538547792,6.454999509850044e-07,6.454952094919385e-10,0.0009999926545415554,0.9999926545415555,bare powers only; phase and profile prefactors uncomputed
1e-06,0.001,1640.714069401037,6.094997443513915e-07,6.094952323194843e-10,0.0009999925971553737,0.9999925971553738,bare powers only; phase and profile prefactors uncomputed
1e-06,0.001,1737.6233259292483,5.755073068518972e-07,5.755030134345584e-10,0.0009999925397691956,0.9999925397691954,bare powers only; phase and profile prefactors uncomputed
1e-06,0.001,1840.2565560467651,5.434106631043539e-07,5.43406577951126e-10,0.0009999924823830204,0.9999924823830202,bare powers only; phase and profile prefactors uncomputed
1e-06,0.001,1948.9518479282847,5.1310408271064e-07,5.131001959455964e-10,0.0009999924249968486,0.9999924249968485,bare powers only; phase and profile prefactors uncomputed
1e-06,0.001,2064.0672590254585,4.84487731967396e-07,4.844840341684049e-10,0.00099999236761068,0.99999236761068,bare powers only; phase and profile prefactors uncomputed
1e-06,0.001,2185.981995558072,4.5746734500119864e-07,4.5746382718002346e-10,0.0009999923102245142,0.9999923102245141,bare powers only; phase and profile prefactors uncomputed
1e-06,0.001,2315.097661672234,4.319539132448633e-07,4.31950566828073e-10,0.0009999922528383521,0.9999922528383521,bare powers only; phase and profile prefactors uncomputed
1e-06,0.001,2451.8395823804312,4.078633922319902e-07,4.0786020904264714e-10,0.0009999921954521938,0.9999921954521938,bare powers only; phase and profile prefactors uncomputed
1e-06,0.001,2596.65820464145,3.8511642474387206e-07,3.851133969839732e-10,0.0009999921380660385,0.9999921380660385,bare powers only; phase and profile prefactors uncomputed
1e-06,0.001,2750.03058119549,3.636380793967941e-07,3.6363519963043816e-10,0.0009999920806798874,0.9999920806798873,bare powers only; phase and profile prefactors uncomputed
1e-06,0.001,2912.4619420424137,3.433576038085955e-07,3.4335486494584735e-10,0.0009999920232937388,0.9999920232937387,bare powers only; phase and profile prefactors uncomputed
1e-06,0.001,3084.4873587398383,3.2420819153138407e-07,3.2420558681281397e-10,0.0009999919659075922,0.9999919659075922,bare powers only; phase and profile prefactors uncomputed
1e-06,0.001,3266.6735070034856,3.061267619826609e-07,3.06124284964533e-10,0.000999991908521451,0.9999919085214509,bare powers only; phase and profile prefactors uncomputed
1e-06,0.001,3459.620533416007,2.890537526499137e-07,2.8905139718999563e-10,0.0009999918511353115,0.9999918511353115,bare powers only; phase and profile prefactors uncomputed
1e-06,0.001,3663.9640323935464,2.7293292288418064e-07,2.7293068312815754e-10,0.0009999917937491768,0.9999917937491767,bare powers only; phase and profile prefactors uncomputed
1e-06,0.001,3880.377139922385,2.577111686362485e-07,2.5770903900471126e-10,0.0009999917363630437,0.9999917363630435,bare powers only; phase and profile prefactors uncomputed
1e-06,0.001,4109.572750962785,2.4333834752520473e-07,2.433363227011972e-10,0.0009999916789769137,0.9999916789769138,bare powers only; phase and profile prefactors uncomputed
1e-06,0.001,4352.305867824393,2.2976711366310849e-07,2.29765188580207e-10,0.000999991621590789,0.999991621590789,bare powers only; phase and profile prefactors uncomputed
1e-06,0.001,4609.376087249164,2.1695276169165066e-07,2.1695093152255588e-10,0.000999991564204666,0.999991564204666,bare powers only; phase and profile prefactors uncomputed
1e-06,0.001,4881.630234394565,2.048530795170598e-07,2.0485133966268443e-10,0.0009999915068185478,0.9999915068185478,bare powers only; phase and profile prefactors uncomputed
1e-06,0.001,5169.96515239373,1.934282092581347e-07,1.9342655533716167e-10,0.000999991449432431,0.9999914494324309,bare powers only; phase and profile prefactors uncomputed
1e-06,0.001,5475.330656681835,1.8264051594934893e-07,1.8263894378824744e-10,0.0009999913920463194,0.9999913920463194,bare powers only; phase and profile prefactors uncomputed
1e-06,0.001,5798.732663820638,1.7245446356652065e-07,1.7245296918999544e-10,0.0009999913346602095,0.9999913346602094,bare powers only; phase and profile prefactors uncomputed
1e-06,0.001,6141.236505127898,1.628364979666628e-07,1.628350775885252e-10,0.0009999912772741043,0.9999912772741042,bare powers only; phase and profile prefactors uncomputed
1e-06,0.001,6503.9704360273445,1.537549363563973e-07,1.5375358637083567e-10,0.000999991219888001,0.9999912198880009,bare powers only; phase and profile prefactors uncomputed
1e-06,0.001,6888.1293526793925,1.4517986292483195e-07,1.451785798980696e-10,0.0009999911625019028,0.9999911625019027,bare powers only; phase and profile prefactors uncomputed
1e-06,0.001,7294.978728135781,1.3708303029710174e-07,1.370818109594225e-10,0.0009999911051158075,0.9999911051158075,bare powers only; phase and profile prefactors uncomputed
1e-06,0.001,7725.858780984264,1.294377664839492e-07,1.2943660772207817e-10,0.000999991047729712,0.999991047729712,bare powers only; phase and profile prefactors uncomputed
1e-06,0.001,8182.188890215582,1.2221888702082172e-07,1.2221778587064694e-10,0.0009999909903436234,0.9999909903436235,bare powers only; phase and profile prefactors uncomputed
1e-06,0.001,8665.472270855858,1.1540261200706566e-07,1.1540156564668219e-10,0.0009999909329575366,0.9999909329575365,bare powers only; phase and profile prefactors uncomputed
1e-06,0.001,9177.300925766493,1.0896648777193078e-07,1.0896549351499924e-10,0.0009999908755714544,0.9999908755714545,bare powers only; phase and profile prefactors uncomputed
1e-06,0.001,9719.360889923666,1.0288931290934176e-07,1.0288836819874364e-10,0.0009999908181853741,0.9999908181853742,bare powers only; phase and profile prefactors uncomputed
1e-06,0.001,10293.437784452732,9.715106843778972e-08,9.715017083957009e-11,0.0009999907607992989,0.9999907607992987,bare powers only; phase and profile prefactors uncomputed
1e-06,0.001,10901.422698713197,9.173285185527907e-08,9.173199905286169e-11,0.000999990703413225,0.999990703413225,bare powers only; phase and profile prefactors uncomputed
1e-06,0.001,11545.318419810872,8.661681487209824e-08,8.66160046607641e-11,0.0009999906460271561,0.999990646027156,bare powers only; phase and profile prefactors uncomputed
1e-06,0.001,12227.246030057917,8.178610461629942e-08,8.178533489791494e-11,0.0009999905886410889,0.9999905886410888,bare powers only; phase and profile prefactors uncomputed
1e-06,0.001,12949.451894113823,7.72248081182095e-08,7.722407689619584e-11,0.0009999905312550268,0.999990531255027,bare powers only; phase and profile prefactors uncomputed
1e-06,0.001,13714.315058823875,7.291789989109921e-08,7.291720526563026e-11,0.0009999904738689678,0.9999904738689679,bare powers only; phase and profile prefactors uncomputed
1e-06,0.001,14524.35509013139,6.885119243533115e-08,6.885053259875183e-11,0.0009999904164829107,0.9999904164829108,bare powers only; phase and profile prefactors uncomputed
1e-06,0.001,15382.240372879189,6.501128950294474e-08,6.501066273539952e-11,0.0009999903590968582,0.9999903590968582,bare powers only; phase and profile prefactors uncomputed
1e-06,0.001,16290.796900841538,6.138554196872381e-08,6.138494663398543e-11,0.0009999903017108055,0.9999903017108053,bare powers only; phase and profile prefactors uncomputed
1e-06,0.001,17253.01758594178,5.796200616237998e-08,5.79614407038716e-11,0.00099999024432476,0.9999902443247599,bare powers only; phase and profile prefactors uncomputed
1e-06,0.001,18272.07211732163,5.472940452459468e-08,5.4728867461594033e-11,0.0009999901869387159,0.9999901869387158,bare powers only; phase and profile prefactors uncomputed
1e-06,0.001,19351.317402739274,5.16770884573147e-08,5.167657838133525e-11,0.0009999901295526766,0.9999901295526765,bare powers only; phase and profile prefactors uncomputed
1e-06,0.001,20494.308626691865,4.8795003245924785e-08,4.879451881726371e-11,0.000999990072166639,0.999990072166639,bare powers only; phase and profile prefactors uncomputed
1e-06,0.001,21704.810961688905,4.6073654937748166e-08,4.6073194882195346e-11,0.0009999900147806063,0.9999900147806063,bare powers only; phase and profile prefactors uncomputed
1e-06,0.001,22986.811971255767,4.350407906776754e-08,4.3503642173467103e-11,0.0009999899573945755,0.9999899573945754,bare powers only; phase and profile prefactors uncomputed
1e-06,0.001,24344.534745524074,4.107781112854492e-08,4.1077396243003716e-11,0.0009999899000085494,0.9999899000085495,bare powers only; phase and profile prefactors uncomputed
1e-06,0.001,25782.451812679625,3.8786858687065226e-08,3.878646471430054e-11,0.0009999898426225266,0.9999898426225265,bare powers only; phase and profile prefactors uncomputed
1e-06,0.001,27305.299872094016,3.6623675056652286e-08,3.662330095447329e-11,0.0009999897852365055,0.9999897852365056,bare powers only; phase and profile prefactors uncomputed
1e-06,0.001,28918.09539767298,3.458113443723032e-08,3.458077921464714e-11,0.0009999897278504895,0.9999897278504896,bare powers only; phase and profile prefactors uncomputed
1e-06,0.001,30626.151162821316,3.2652508442038043e-08,3.265217115679211e-11,0.000999989670464475,0.999989670464475,bare powers only; phase and profile prefactors uncomputed
1e-06,0.001,32435.093741459146,3.083144393347319e-08,3.08311236896842e-11,0.0009999896130784638,0.9999896130784637,bare powers only; phase and profile prefactors uncomputed
1e-06,0.001,34350.882042741396,2.9111942095054786e-08,2.911163804097834e-11,0.000999989555692456,0.9999895556924558,bare powers only; phase and profile prefactors uncomputed
1e-06,0.001,36379.826940535604,2.748833867056424e-08,2.7488049996455404e-11,0.000999989498306453,0.999989498306453,bare powers only; phase and profile prefactors uncomputed
1e-06,0.001,38528.61206232066,2.5955285305269643e-08,2.5955011241347398e-11,0.0009999894409204514,0.9999894409204514,bare powers only; phase and profile prefactors uncomputed
1e-06,0.001,40804.31580598789,2.450773192777015e-08,2.4507471742278557e-11,0.0009999893835344552,0.9999893835344552,bare powers only; phase and profile prefactors uncomputed
1e-06,0.001,43214.434657070895,2.3140910114422908e-08,2.3140663111783855e-11,0.0009999893261484604,0.9999893261484604,bare powers only; phase and profile prefactors uncomputed
1e-06,0.001,45766.907883214815,2.185031738155304e-08,2.185008290060713e-11,0.0009999892687624708,0.9999892687624707,bare powers only; phase and profile prefactors uncomputed
1e-06,0.001,48470.143687230746,2.063170235370431e-08,2.0631479766035126e-11,0.0009999892113764842,0.9999892113764843,bare powers only; phase and profile prefactors uncomputed
1e-06,0.001,51333.04690488887,1.9481050759071084e-08,1.948083946740947e-11,0.0009999891539904993,0.9999891539904994,bare powers only; phase and profile prefactors uncomputed
1e-06,0.001,54365.04833868941,1.8394572205980158e-08,1.83943716426847e-11,0.0009999890966045195,0.9999890966045195,bare powers only; phase and profile prefactors uncomputed
1e-06,0.001,57576.1358242414,1.736868769686175e-08,1.7368497322471675e-11,0.0009999890392185411,0.999989039218541,bare powers only; phase and profile prefactors uncomputed
1e-06,0.001,60976.88713158624,1.6400017838579684e-08,1.6399837140437247e-11,0.0009999889818325678,0.9999889818325677,bare powers only; phase and profile prefactors uncomputed
1e-06,0.001,64578.504809847385,1.5485371710283546e-08,1.5485200201222193e-11,0.0009999889244465964,0.9999889244465964,bare powers only; phase and profile prefactors uncomputed
1e-06,0.001,68392.85308999018,1.4621736352112229e-08,1.46215735692079e-11,0.0009999888670606273,0.9999888670606275,bare powers only; phase and profile prefactors uncomputed
1e-06,0.001,72432.49696725263,1.3806266840123858e-08,1.3806112343506219e-11,0.0009999888096746624,0.9999888096746623,bare powers only; phase and profile prefactors uncomputed
1e-06,0.001,76710.74359199268,1.3036276914757007e-08,1.3036130286477873e-11,0.0009999887522887023,0.9999887522887023,bare powers only; phase and profile prefactors uncomputed
1e-06,0.001,81241.68610529743,1.2309230131952277e-08,1.2309090974908485e-11,0.0009999886949027437,0.9999886949027438,bare powers only; phase and profile prefactors uncomputed
1e-06,0.001,86040.25006375545,1.1622731507785414e-08,1.1622599444693805e-11,0.0009999886375167903,0.9999886375167902,bare powers only; phase and profile prefactors uncomputed
1e-06,0.001,91122.2426063218,1.0974519629087718e-08,1.0974394301509461e-11,0.0009999885801308401,0.99998858013084,bare powers only; phase and profile prefactors uncomputed
1e-06,0.001,96504.40452523911,1.036245920406534e-08,1.0362340271477503e-11,0.0009999885227448913,0.9999885227448914,bare powers only; phase and profile prefactors uncomputed
1e-06,0.001,102204.46541254103,9.784534028378676e-09,9.784421167290796e-12,0.0009999884653589478,0.9999884653589478,bare powers only; phase and profile prefactors uncomputed
1e-06,0.001,108241.20206380203,9.238840343510467e-09,9.238733246623808e-12,0.0009999884079730055,0.9999884079730056,bare powers only; phase and profile prefactors uncomputed
1e-06,0.001,114634.5003315206,8.72358056554488e-09,8.723478940952631e-12,0.0009999883505870685,0.9999883505870686,bare powers only; phase and profile prefactors uncomputed
1e-06,0.001,121405.42063189101,8.237057363698987e-09,8.236960934125175e-12,0.0009999882932011331,0.9999882932011332,bare powers only; phase and profile prefactors uncomputed
1e-06,0.001,128576.26732075168,7.777668069100915e-09,7.777576571176458e-12,0.0009999882358152027,0.9999882358152028,bare powers only; phase and profile prefactors uncomputed
1e-06,0.001,136170.6621672438,7.3438993953961365e-09,7.343812578970013e-12,0.0009999881784292718,0.9999881784292718,bare powers only; phase and profile prefactors uncomputed
1e-06,0.001,144213.62216721472,6.934322453790959e-09,6.9342400812751195e-12,0.000999988121043348,0.9999881210433479,bare powers only; phase and profile prefactors uncomputed
1e-06,0.001,152731.64195268982,6.547588046112623e-09,6.54750989185867e-12,0.000999988063657426,0.9999880636574258,bare powers only; phase and profile prefactors uncomputed
1e-06,0.001,161752.7810688868,6.182422220379973e-09,6.1823480700864404e-12,0.0009999880062715083,0.9999880062715083,bare powers only; phase and profile prefactors uncomputed
1e-06,0.001,171306.7564062709,5.8376220742447285e-09,5.837551724393255e-12,0.0009999879488855944,0.9999879488855944,bare powers only; phase and profile prefactors uncomputed
1e-06,0.001,181425.04009213694,5.512051792479306e-09,5.511985049798424e-12,0.000999987891499682,0.999987891499682,bare powers only; phase and profile prefactors uncomputed
1e-06,0.001,192140.9631641861,5.204638905457974e-09,5.204575586413206e-12,0.0009999878341137745,0.9999878341137746,bare powers only; phase and profile prefactors uncomputed
1e-06,0.001,203489.8253676125,4.914370756306437e-09,4.914310686615329e-12,0.0009999877767278688,0.9999877767278688,bare powers only; phase and profile prefactors uncomputed
1e-06,0.001,215509.01143738898,4.640291165082225e-09,4.640234179253256e-12,0.0009999877193419676,0.9999877193419677,bare powers only; phase and profile prefactors uncomputed
1e-06,0.001,228238.11424879584,4.381497278997224e-09,4.3814432198913105e-12,0.0009999876619560684,0.9999876619560685,bare powers only; phase and profile prefactors uncomputed
1e-06,0.001,241719.06524187577,4.1371365983065146e-09,4.137085316720131e-12,0.0009999876045701744,0.9999876045701743,bare powers only; phase and profile prefactors uncomputed
1e-06,0.001,255996.2725494454,3.906404168066595e-09,3.906355522335369e-12,0.0009999875471842818,0.9999875471842817,bare powers only; phase and profile prefactors uncomputed
1e-06,0.001,271116.7672836785,3.688539926512108e-09,3.688493782133995e-12,0.000999987489798394,0.9999874897983938,bare powers only; phase and profile prefactors uncomputed
1e-06,0.001,287130.3584631485,3.482826201316423e-09,3.4827824305934115e-12,0.0009999874324125061,0.999987432412506,bare powers only; phase and profile prefactors uncomputed
1e-06,0.001,304089.79709068534,3.2885853454882756e-09,3.2885438271858476e-12,0.0009999873750266251,0.999987375026625,bare powers only; phase and profile prefactors uncomputed
1e-06,0.001,322050.9499225322,3.1051775051171124e-09,3.1051381241404494e-12,0.0009999873176407474,0.9999873176407473,bare powers only; phase and profile prefactors uncomputed
1e-06,0.001,341072.98350123543,2.9319985116134274e-09,2.931961158699671e-12,0.0009999872602548712,0.9999872602548711,bare powers only; phase and profile prefactors uncomputed
1e-06,0.001,361218.55905848695,2.768477891501122e-09,2.7684424629268737e-12,0.000999987202869,0.9999872028689999,bare powers only; phase and profile prefactors uncomputed
1e-06,0.001,382554.03892996116,2.614076987205862e-09,2.6140433845091306e-12,0.00099998714548313,0.9999871454831302,bare powers only; phase and profile prefactors uncomputed
1e-06,0.001,405149.70516210457,2.4682871826489775e-09,2.468255312364955e-12,0.0009999870880972657,0.9999870880972658,bare powers only; phase and profile prefactors uncomputed
1e-06,0.001,429079.99103099835,2.330628227801862e-09,2.330598001211762e-12,0.0009999870307114025,0.9999870307114026,bare powers only; phase and profile prefactors uncomputed
1e-06,0.001,454423.72623595473,2.2006466566817293e-09,2.2006179895741413e-12,0.0009999869733255445,0.9999869733255446,bare powers only; phase and profile prefactors uncomputed
1e-06,0.001,481264.3965755363,2.077914293577412e-09,2.077887106021472e-12,0.000999986915939688,0.9999869159396881,bare powers only; phase and profile prefactors uncomputed
1e-06,0.001,509690.4189614237,1.9620268425844626e-09,1.9620010587143398e-12,0.0009999868585538368,0.9999868585538366,bare powers only; phase and profile prefactors uncomputed
1e-06,0.001,539795.4326760538,1.8526025558034125e-09,1.852578103613491e-12,0.0009999868011679868,0.9999868011679867,bare powers only; phase and profile prefactors uncomputed
1e-06,0.001,571678.6078334769,1.7492809758139655e-09,1.749257786964252e-12,0.0009999867437821403,0.9999867437821401,bare powers only; phase and profile prefactors uncomputed
1e-06,0.001,605444.9720595427,1.6517217482827262e-09,1.6516997579139445e-12,0.0009999866863962985,0.9999866863962985,bare powers only; phase and profile prefactors uncomputed
1e-06,0.001,641205.7564675488,1.5596035007930513e-09,1.5595826473509533e-12,0.0009999866290104585,0.9999866290104585,bare powers only; phase and profile prefactors uncomputed
1e-06,0.001,679078.7620690458,1.4726227842037153e-09,1.4726030092721812e-12,0.0009999865716246235,0.9999865716246236,bare powers only; phase and profile prefactors uncomputed
1e-06,0.001,719188.7478267926,1.390493073049127e-09,1.39047432119158e-12,0.0009999865142387902,0.9999865142387901,bare powers only; phase and profile prefactors uncomputed
1e-06,0.001,761667.8416281851,1.3129438216882393e-09,1.3129260402970093e-12,0.0009999864568529617,0.9999864568529618,bare powers only; phase and profile prefactors uncomputed
1e-06,0.001,806655.9755329442,1.2397195730930588e-09,1.2397027122462615e-12,0.000999986399467135,0.9999863994671351,bare powers only; phase and profile prefactors uncomputed
1e-06,0.001,854301.3467288382,1.170579117340924e-09,1.1705631296665229e-12,0.0009999863420813132,0.9999863420813132,bare powers only; phase and profile prefactors uncomputed
1e-06,0.001,904760.905713888,1.105294697038551e-09,1.105279537585211e-12,0.000999986284695493,0.9999862846954929,bare powers only; phase and profile prefactors uncomputed
1e-06,0.001,958200.8733131973,1.0436512570604305e-09,1.0436368831748626e-12,0.0009999862273096778,0.9999862273096777,bare powers only; phase and profile prefactors uncomputed
1e-06,0.001,1014797.2882335407,9.854457361300692e-10,9.854321073405106e-13,0.000999986169923864,0.9999861699238638,bare powers only; phase and profile prefactors uncomputed
1e-06,0.001,1074736.5869594063,9.304863979105068e-10,9.30473475816066e-13,0.0009999861125380555,0.9999861125380555,bare powers only; phase and profile prefactors uncomputed
1e-06,0.001,1138216.2179007847,8.785921994006093e-10,8.785799475661544e-13,0.0009999860551522502,0.9999860551522501,bare powers only; phase and profile prefactors uncomputed
1e-06,0.001,1205445.2918157706,8.295921945565565e-10,8.295805784128926e-13,0.0009999859977664447,0.9999859977664446,bare powers only; phase and profile prefactors uncomputed
1e-06,0.001,1276645.2706505638,7.833249711739746e-10,7.833139579230492e-13,0.0009999859403806459,0.9999859403806457,bare powers only; phase and profile prefactors uncomputed
1e-06,0.001,1352050.697066006,7.396381191757678e-10,7.396276777006293e-13,0.0009999858829948488,0.9999858829948487,bare powers only; phase and profile prefactors uncomputed
1e-06,0.001,1431909.96705383,6.983877285540609e-10,6.983778293333663e-13,0.0009999858256090567,0.9999858256090567,bare powers only; phase and profile prefactors uncomputed
1e-06,0.001,1516486.148187684,6.594379153124636e-10,6.594285303392828e-13,0.000999985768223266,0.9999857682232658,bare powers only; phase and profile prefactors uncomputed
1e-06,0.001,1606057.8462044213,6.226603738470275e-10,6.226514765517511e-13,0.0009999857108374804,0.9999857108374804,bare powers only; phase and profile prefactors uncomputed
1e-06,0.001,1700920.1227702536,5.879339542913787e-10,5.87925519468504e-13,0.0009999856534516963,0.9999856534516963,bare powers only; phase and profile prefactors uncomputed
1e-06,0.001,1801385.467455033,5.551442634337597e-10,5.551362671723828e-13,0.0009999855960659172,0.9999855960659174,bare powers only; phase and profile prefactors uncomputed
1e-06,0.001,1907784.8271164785,5.24183287891339e-10,5.241757075091475e-13,0.0009999855386801399,0.9999855386801398,bare powers only; phase and profile prefactors uncomputed
1e-06,0.001,2020468.6960852805,4.949490383004928e-10,4.949418522811027e-13,0.0009999854812943675,0.9999854812943676,bare powers only; phase and profile prefactors uncomputed
1e-06,0.001,2139808.2707423274,4.673452133509547e-10,4.673384012844088e-13,0.0009999854239085984,0.9999854239085986,bare powers only; phase and profile prefactors uncomputed
1e-06,0.001,2266196.6722913324,4.4128088255713973e-10,4.412744250834196e-13,0.0009999853665228309,0.9999853665228308,bare powers only; phase and profile prefactors uncomputed
1e-06,0.001,2400050.2417549235,4.1667018672164313e-10,4.1666406547704154e-13,0.0009999853091370665,0.9999853091370665,bare powers only; phase and profile prefactors uncomputed
1e-06,0.001,2541809.9114600397,3.934320551041956e-10,3.9342625267040254e-13,0.0009999852517513055,0.9999852517513055,bare powers only; phase and profile prefactors uncomputed
1e-06,0.001,2691942.657530511,3.7148993836441155e-10,3.714844382201822e-13,0.0009999851943655498,0.9999851943655498,bare powers only; phase and profile prefactors uncomputed
1e-06,0.001,2850943.038171544,3.507715563985889e-10,3.5076634287385886e-13,0.0009999851369797952,0.9999851369797952,bare powers only; phase and profile prefactors uncomputed
1e-06,0.001,3019334.822813422,3.3120866023992437e-10,3.312037184722581e-13,0.000999985079594046,0.999985079594046,bare powers only; phase and profile prefactors uncomputed
1e-06,0.001,3197672.7174810837,3.127368072377906e-10,3.1273212313103426e-13,0.000999985022208298,0.999985022208298,bare powers only; phase and profile prefactors uncomputed
1e-06,0.001,3386544.1920731002,2.9529514877551354e-10,2.9529070896055323e-13,0.0009999849648225556,0.9999849648225556,bare powers only; phase and profile prefactors uncomputed
1e-06,0.001,3586571.415569484,2.7882622982733987e-10,2.788220216248483e-13,0.000999984907436814,0.9999849074368142,bare powers only; phase and profile prefactors uncomputed
1e-06,0.001,3798413.305543076,2.6327579969432735e-10,2.632718110794095e-13,0.0009999848500510777,0.9999848500510778,bare powers only; phase and profile prefactors uncomputed
1e-06,0.001,4022767.6987259365,2.4859263329568913e-10,2.485888528643219e-13,0.0009999847926653452,0.9999847926653451,bare powers only; phase and profile prefactors uncomputed
1e-06,0.001,4260373.649780869,2.347283624269113e-10,2.3472477936409214e-13,0.0009999847352796137,0.9999847352796137,bare powers only; phase and profile prefactors uncomputed
1e-06,0.001,4512013.865850546,2.2163731642877716e-10,2.2163392047829635e-13,0.0009999846778938875,0.9999846778938875,bare powers only; phase and profile prefactors uncomputed
1e-06,0.001,4778517.284904051,2.0927637174244568e-10,2.092731531781944e-13,0.0009999846205081611,0.9999846205081611,bare powers only; phase and profile prefactors uncomputed
1e-06,0.001,5060761.806374096,1.976048098550057e-10,1.9760175945375095e-13,0.0009999845631224412,0.9999845631224412,bare powers only; phase and profile prefactors uncomputed
1e-06,0.001,5359677.183080246,1.865841831675509e-10,1.865812921830936e-13,0.000999984505736723,0.999984505736723,bare powers only; phase and profile prefactors uncomputed
1e-06,0.001,5676248.083964364,1.761781883439329e-10,1.761754484825881e-13,0.00099998444835101,0.99998444835101,bare powers only; phase and profile prefactors uncomputed
1e-06,0.001,6011517.337727448,1.663525467229863e-10,1.663499501203118e-13,0.0009999843909652985,0.9999843909652985,bare powers only; phase and profile prefactors uncomputed
1e-06,0.001,6366589.368052807,1.5707489140029192e-10,1.570724305990077e-13,0.0009999843335795919,0.9999843335795919,bare powers only; phase and profile prefactors uncomputed
1e-06,0.001,6742633.831731758,1.4831466060750246e-10,1.4831232853653534e-13,0.000999984276193887,0.9999842761938869,bare powers only; phase and profile prefactors uncomputed
1e-06,0.001,7140889.471676164,1.4004299703802162e-10,1.400407869926233e-13,0.000999984218808187,0.999984218808187,bare powers only; phase and profile prefactors uncomputed
1e-06,0.001,7562668.197510405,1.322326527873891e-10,1.322305584102686e-13,0.0009999841614224904,0.9999841614224904,bare powers only; phase and profile prefactors uncomputed
1e-06,0.001,8009359.407184645,1.248578995952431e-10,1.2485591485866533e-13,0.0009999841040367954,0.9999841040367954,bare powers only; phase and profile prefactors uncomputed
1e-06,0.001,8482434.563845469,1.1789444409318045e-10,1.1789256328198106e-13,0.000999984046651105,0.9999840466511051,bare powers only; phase and profile prefactors uncomputed
1e-06,0.001,8983452.043040713,1.113193477793343e-10,1.1131756547480282e-13,0.0009999839892654149,0.9999839892654149,bare powers only; phase and profile prefactors uncomputed
1e-06,0.001,9514062.266225863,1.0511095145605058e-10,1.0510926252064104e-13,0.0009999839318797314,0.9999839318797313,bare powers only; phase and profile prefactors uncomputed
1e-06,0.001,10076013.137482585,9.924880388175709e-11,9.92472034445797e-14,0.0009999838744940515,0.9999838744940514,bare powers only; phase and profile prefactors uncomputed
1e-06,0.001,10671155.80135845,9.37135944019887e-11,9.371207784504664e-14,0.0009999838171083743,0.9999838171083744,bare powers only; phase and profile prefactors uncomputed
1e-06,0.001,11301450.740795337,8.848708933765505e-11,8.84856522827865e-14,0.0009999837597226974,0.9999837597226973,bare powers only; phase and profile prefactors uncomputed
1e-06,0.001,11968974.235233659,8.355207192099751e-11,8.355071021748862e-14,0.0009999837023370267,0.9999837023370266,bare powers only; phase and profile prefactors uncomputed
1e-06,0.001,12675925.200166425,7.88922855813822e-11,7.88909952942142e-14,0.00099998364495136,0.9999836449513599,bare powers only; phase and profile prefactors uncomputed
1e-06,0.001,13424632.430673577,7.44923803941021e-11,7.449115779280274e-14,0.0009999835875656963,0.9999835875656963,bare powers only; phase and profile prefactors uncomputed
1e-06,0.001,14217562.272797745,7.033786251578928e-11,7.033670406385672e-14,0.0009999835301800321,0.999983530180032,bare powers only; phase and profile prefactors uncomputed
1e-06,0.001,15057326.74803223,6.641504643986089e-11,6.641394878473179e-14,0.0009999834727943751,0.999983472794375,bare powers only; phase and profile prefactors uncomputed
1e-06,0.001,15946692.15768394,6.271100991473408e-11,6.270996987826596e-14,0.0009999834154087212,0.9999834154087212,bare powers only; phase and profile prefactors uncomputed
1e-06,0.001,16888588.195455834,5.921355137629732e-11,5.92125659457412e-14,0.0009999833580230672,0.999983358023067,bare powers only; phase and profile prefactors uncomputed
1e-06,0.001,17886117.598266564,5.591114975441661e-11,5.59102160738546e-14,0.00099998330063742,0.99998330063742,bare powers only; phase and profile prefactors uncomputed
1e-06,0.001,18942566.367098644,5.279292652107582e-11,5.2792041883298095e-14,0.000999983243251776,0.9999832432517759,bare powers only; phase and profile prefactors uncomputed
1e-06,0.001,20061414.591544,4.984860985513053e-11,4.9847771693931455e-14,0.0009999831858661353,0.9999831858661352,bare powers only; phase and profile prefactors uncomputed
1e-06,0.001,21246347.913704414,4.706850080563417e-11,4.7067706688504726e-14,0.0009999831284804943,0.9999831284804943,bare powers only; phase and profile prefactors uncomputed
1e-06,0.001,22501269.66921084,4.444344134226528e-11,4.444268896346272e-14,0.0009999830710948603,0.9999830710948604,bare powers only; phase and profile prefactors uncomputed
1e-06,0.001,23830313.745355137,4.196478418762283e-11,4.19640713615965e-14,0.0009999830137092296,0.9999830137092296,bare powers only; phase and profile prefactors uncomputed
1e-06,0.001,25237858.198691536,3.962436433199901e-11,3.9623688987155865e-14,0.0009999829563236023,0.9999829563236022,bare powers only; phase and profile prefactors uncomputed
1e-06,0.001,26728539.67696552,3.741447213680874e-11,3.741383230960007e-14,0.0009999828989379744,0.9999828989379743,bare powers only; phase and profile prefactors uncomputed
1e-06,0.001,28307268.69287819,3.5327827938064285e-11,3.532722176737827e-14,0.000999982841552357,0.9999828415523571,bare powers only; phase and profile prefactors uncomputed
1e-06,0.001,29979245.8,3.3357558066244256e-11,3.335698378808649e-14,0.000999982784166736,0.999982784166736,bare powers only; phase and profile prefactors uncomputed
4.5399929762484854e-05,1.0,1.0,0.001,0.001,1.0,1.0,bare powers only; phase and profile prefactors uncomputed
4.5399929762484854e-05,1.0,1.0590652925671507,0.0009442337665721977,0.0009442313067364395,0.9999973948868964,0.9999973948868964,bare powers only; phase and profile prefactors uncomputed
4.5399929762484854e-05,1.0,1.1216192939203442,0.0008915774059351198,0.0008915727606212042,0.9999947897805792,0.9999947897805792,bare powers only; phase and profile prefactors uncomputed
4.5399929762484854e-05,1.0,1.1878680656647103,0.0008418574921967876,0.0008418509128119746,0.9999921846810488,0.9999921846810488,bare powers only; phase and profile prefactors uncomputed
4.5399929762484854e-05,1.0,1.2580298404943717,0.0007949102707739972,0.0007949019874817152,0.999989579588305,0.999989579588305,bare powers only; phase and profile prefactors uncomputed
4.5399929762484854e-05,1.0,1.3323357410813774,0.0007505811190598572,0.0007505713423672529,0.9999869745023476,0.9999869745023476,bare powers only; phase and profile prefactors uncomputed
4.5399929762484854e-05,1.0,1.4110305414260205,0.0007087240371678641,0.0007087129594023548,0.9999843694231768,0.9999843694231768,bare powers only; phase and profile prefactors uncomputed
4.5399929762484854e-05,1.0,1.4943734731765332,0.0006692011670752667,0.0006691889637575346,0.9999817643507924,0.9999817643507924,bare powers only; phase and profile prefactors uncomputed
4.5399929762484854e-05,1.0,1.5826390795742942,0.0006318823385819897,0.0006318691697023808,0.9999791592851948,0.9999791592851948,bare powers only; phase and profile prefactors uncomputed
4.5399929762484854e-05,1.0,1.6761181198375557,0.0005966446405897209,0.0005966306517945483,0.9999765542263837,0.9999765542263837,bare powers only; phase and profile prefactors uncomputed
4.5399929762484854e-05,1.0,1.7751185269628633,0.0005633720162891474,0.0005633573399829799,0.9999739491743589,0.9999739491743589,bare powers only; phase and profile prefactors uncomputed
4.5399929762484854e-05,1.0,1.8799664220992942,0.0005319548809220753,0.0005319396372916939,0.9999713441291206,0.9999713441291206,bare powers only; phase and profile prefactors uncomputed
4.5399929762484854e-05,1.0,1.9910071888370084,0.0005022897608595161,0.0005022740588248438,0.9999687390906686,0.9999687390906686,bare powers only; phase and profile prefactors uncomputed
4.5399929762484854e-05,1.0,2.1086066109489665,0.0004742789528070293,0.0004742628909039975,0.9999661340590031,0.9999661340590031,bare powers only; phase and profile prefactors uncomputed
4.5399929762484854e-05,1.0,2.233152077333695,0.0004478302020148989,0.00044781386921488304,0.9999635290341241,0.9999635290341241,bare powers only; phase and profile prefactors uncomputed
4.5399929762484854e-05,1.0,2.36505385812835,0.0004228563984333163,0.0004228398749034701,0.9999609240160314,0.9999609240160314,bare powers only; phase and profile prefactors uncomputed
4.5399929762484854e-05,1.0,2.504746456195769,0.0003992752898118442,0.00039925864762037615,0.999958319004725,0.999958319004725,bare powers only; phase and profile prefactors uncomputed
4.5399929762484854e-05,1.0,2.652690038437506,0.0003770092107982436,0.0003769925145684114,0.9999557140002049,0.9999557140002049,bare powers only; phase and profile prefactors uncomputed
4.5399929762484854e-05,1.0,2.809371951647783,0.00035598482714443725,0.0003559681346607874,0.9999531090024715,0.9999531090024715,bare powers only; phase and profile prefactors uncomputed
4.5399929762484854e-05,1.0,2.975308327901806,0.0003361328941771447,0.00033611625694728817,0.9999505040115242,0.9999505040115242,bare powers only; phase and profile prefactors uncomputed
4.5399929762484854e-05,1.0,3.1510457847668056,0.0003173880287376994,0.00031737149251269886,0.9999478990273631,0.9999478990273631,bare powers only; phase and profile prefactors uncomputed
4.5399929762484854e-05,1.0,3.337163225936544,0.0002996884938399228,0.0002996720990961598,0.9999452940499887,0.9999452940499887,bare powers only; phase and profile prefactors uncomputed
4.5399929762484854e-05,1.0,3.534273748220822,0.00028297599533681924,0.0002829597777220188,0.9999426890794,0.9999426890794,bare powers only; phase and profile prefactors uncomputed
4.5399929762484854e-05,1.0,3.7430266611718848,0.0002671954899264015,0.0002671794806723142,0.9999400841155975,0.9999400841155975,bare powers only; phase and profile prefactors uncomputed
4.5399929762484854e-05,1.0,3.9641096260006474,0.0002522950038643098,0.00025227923016838256,0.9999374791585818,0.9999374791585818,bare powers only; phase and profile prefactors uncomputed
4.5399929762484854e-05,1.0,4.198250920828633,0.00023822546178614448,0.00023820994716435492,0.9999348742083519,0.9999348742083519,bare powers only; phase and profile prefactors uncomputed
4.5399929762484854e-05,1.0,4.446221839737685,0.0002249405250757324,0.0002249252896886171,0.9999322692649082,0.9999322692649082,bare powers only; phase and profile prefactors uncomputed
4.5399929762484854e-05,1.0,4.708839233520247,0.0002123964392469867,0.00021238150020075512,0.9999296643282508,0.9999296643282508,bare powers only; phase and profile prefactors uncomputed
4.5399929762484854e-05,1.0,4.986968200499797,0.0002005518898367052,0.00020053726146120437,0.9999270593983794,0.9999270593983794,bare powers only; phase and profile prefactors uncomputed
4.5399929762484854e-05,1.0,5.281524936285394,0.0001893678663336846,0.00018935356043886008,0.9999244544752945,0.9999244544752945,bare powers only; phase and profile prefactors uncomputed
4.5399929762484854e-05,1.0,5.5934797518477914,0.00017880753369599553,0.00017879355980838225,0.9999218495589954,0.9999218495589954,bare powers only; phase and profile prefactors uncomputed
4.5399929762484854e-05,1.0,5.923860269859115,0.00016883611103325505,0.00016882247661392853,0.9999192446494823,0.9999192446494823,bare powers only; phase and profile prefactors uncomputed
4.5399929762484854e-05,1.0,6.273754809825263,0.0001594207570543322,0.0001594074676996517,0.9999166397467555,0.9999166397467555,bare powers only; phase and profile prefactors uncomputed
4.5399929762484854e-05,1.0,6.644315973162161,0.00015053046190320333,0.0001505175215295889,0.9999140348508148,0.9999140348508148,bare powers only; phase and profile prefactors uncomputed
4.5399929762484854e-05,1.0,7.036764440025576,0.00014213594502671446,0.00014212335604061392,0.9999114299616598,0.9999114299616598,bare powers only; phase and profile prefactors uncomputed
4.5399929762484854e-05,1.0,7.4523929904018065,0.00013420955873787345,0.00013419732219199714,0.999908825079291,0.999908825079291,bare powers only; phase and profile prefactors uncomputed
4.5399929762484854e-05,1.0,7.892570762705272,0.00012672519715705485,0.0001267133128938805,0.9999062202037088,0.9999062202037088,bare powers only; phase and profile prefactors uncomputed
4.5399929762484854e-05,1.0,8.3587477639114,0.00011965821023121029,0.00011964667701469211,0.9999036153349119,0.9999036153349119,bare powers only; phase and profile prefactors uncomputed
4.5399929762484854e-05,1.0,8.852459646081842,0.00011298532254790354,0.00011297413818425545,0.9999010104729016,0.9999010104729016,bare powers only; phase and profile prefactors uncomputed
4.5399929762484854e-05,1.0,9.37533276501656,0.00010668455667678163,0.00010667371812514259,0.9998984056176765,0.9998984056176765,bare powers only; phase and profile prefactors uncomputed
4.5399929762484854e-05,1.0,9.929089537696655,0.00010073516078600264,0.00010072466425973804,0.9998958007692379,0.9998958007692379,bare powers only; phase and profile prefactors uncomputed
4.5399929762484854e-05,1.0,10.515554116166145,9.511754029522324e-05,9.51073813545616e-05,0.9998931959275849,0.9998931959275849,bare powers only; phase and profile prefactors uncomputed
4.5399929762484854e-05,1.0,11.1366583965432,8.981319334004143e-05,8.98033669766986e-05,0.999890591092718,0.999890591092718,bare powers only; phase and profile prefactors uncomputed
4.5399929762484854e-05,1.0,11.794448382955435,8.480464983534437e-05,8.479515054974013e-05,0.9998879862646366,0.9998879862646366,bare powers only; phase and profile prefactors uncomputed
4.5399929762484854e-05,1.0,12.491090927362858,8.007541393686349e-05,8.006623580849425e-05,0.9998853814433419,0.9998853814433419,bare powers only; phase and profile prefactors uncomputed
4.5399929762484854e-05,1.0,13.228880867470423,7.560990971143251e-05,7.560104646292244e-05,0.9998827766288321,0.9998827766288321,bare powers only; phase and profile prefactors uncomputed
4.5399929762484854e-05,1.0,14.010248586243549,7.13934298370097e-05,7.138487489232754e-05,0.9998801718211089,0.9998801718211089,bare powers only; phase and profile prefactors uncomputed
4.5399929762484854e-05,1.0,14.837768017928529,6.74120871635076e-05,6.740383370079969e-05,0.9998775670201712,0.9998775670201712,bare powers only; phase and profile prefactors uncomputed
4.5399929762484854e-05,1.0,15.714165126950993,6.365276897489208e-05,6.364480997435174e-05,0.999874962226019,0.999874962226019,bare powers only; phase and profile prefactors uncomputed
4.5399929762484854e-05,1.0,16.642326887622865,6.010309380191233e-05,6.0095422089074534e-05,0.9998723574386523,0.9998723574386523,bare powers only; phase and profile prefactors uncomputed
4.5399929762484854e-05,1.0,17.625310794238462,5.6751370643221795e-05,5.674397892804476e-05,0.9998697526580723,0.9998697526580723,bare powers only; phase and profile prefactors uncomputed
4.5399929762484854e-05,1.0,18.66635493288712,5.358656046058415e-05,5.357944137265266e-05,0.9998671478842773,0.9998671478842773,bare powers only; phase and profile prefactors uncomputed
4.5399929762484854e-05,1.0,19.768888648160367,5.05982398213462e-05,5.059138594150832e-05,0.999864543117269,0.999864543117269,bare powers only; phase and profile prefactors uncomputed
4.5399929762484854e-05,1.0,20.93654383989139,4.777656656843307e-05,4.7769970457157935e-05,0.9998619383570461,0.9998619383570461,bare powers only; phase and profile prefactors uncomputed
4.5399929762484854e-05,1.0,22.173166927139544,4.51122474047989e-05,4.5105901627523336e-05,0.9998593336036082,0.9998593336036082,bare powers only; phase and profile prefactors uncomputed
4.5399929762484854e-05,1.0,23.482831518831304,4.259650728557013e-05,4.259040443528167e-05,0.9998567288569566,0.9998567288569566,bare powers only; phase and profile prefactors uncomputed
4.5399929762484854e-05,1.0,24.869851832796186,4.022106051707393e-05,4.0215193234359436e-05,0.9998541241170903,0.9998541241170903,bare powers only; phase and profile prefactors uncomputed
4.5399929762484854e-05,1.0,26.338796907401974,3.797808346756505e-05,3.797244445833767e-05,0.9998515193840101,0.9998515193840101,bare powers only; phase and profile prefactors uncomputed
4.5399929762484854e-05,1.0,27.89450565260444,3.586018879977224e-05,3.585477085087303e-05,0.9998489146577151,0.9998489146577151,bare powers only; phase and profile prefactors uncomputed
4.5399929762484854e-05,1.0,29.542102789991553,3.386040114039909e-05,3.385519713325545e-05,0.9998463099382061,0.9998463099382061,bare powers only; phase and profile prefactors uncomputed
4.5399929762484854e-05,1.0,31.287015734331234,3.1972134106444575e-05,3.1967137028953553e-05,0.9998437052254822,0.9998437052254822,bare powers only; phase and profile prefactors uncomputed
4.5399929762484854e-05,1.0,33.13499247223256,3.018916861267958e-05,3.0184371569471634e-05,0.9998411005195442,0.9998411005195442,bare powers only; phase and profile prefactors uncomputed
4.5399929762484854e-05,1.0,35.092120496815305,2.8505632388833627e-05,2.8501028610060444e-05,0.9998384958203914,0.9998384958203914,bare powers only; phase and profile prefactors uncomputed
4.5399929762484854e-05,1.0,37.164846860761415,2.69159806390308e-05,2.6911563487810022e-05,0.9998358911280248,0.9998358911280248,bare powers only; phase and profile prefactors uncomputed
4.5399929762484854e-05,1.0,39.359999413805625,2.5414977779776407e-05,2.5410740758415506e-05,0.999833286442443,0.999833286442443,bare powers only; phase and profile prefactors uncomputed
4.5399929762484854e-05,1.0,41.68480929462492,2.3997680196347e-05,2.3993616951459598e-05,0.9998306817636473,0.9998306817636473,bare powers only; phase and profile prefactors uncomputed
4.5399929762484854e-05,1.0,44.146934751217835,2.265941996079176e-05,2.265552428741027e-05,0.9998280770916365,0.9998280770916365,bare powers only; phase and profile prefactors uncomputed
4.5399929762484854e-05,1.0,46.75448636824141,2.1395789457919655e-05,2.139205530270055e-05,0.9998254724264114,0.9998254724264114,bare powers only; phase and profile prefactors uncomputed
4.5399929762484854e-05,1.0,49.51605378440846,2.0202626868637193e-05,2.019904833224711e-05,0.9998228677679714,0.9998228677679714,bare powers only; phase and profile prefactors uncomputed
4.5399929762484854e-05,1.0,52.4407339879553,1.9076002462825982e-05,1.9072573801590193e-05,0.9998202631163174,0.9998202631163174,bare powers only; phase and profile prefactors uncomputed
4.5399929762484854e-05,1.0,55.53816128338998,1.80122056566147e-05,1.800892128350269e-05,0.9998176584714485,0.9998176584714485,bare powers only; phase and profile prefactors uncomputed
4.5399929762484854e-05,1.0,58.81853902823503,1.700773279141834e-05,1.700458727643542e-05,0.9998150538333653,0.9998150538333653,bare powers only; phase and profile prefactors uncomputed
4.5399929762484854e-05,1.0,62.29267324431008,1.6059275594494423e-05,1.6056263664542463e-05,0.9998124492020678,0.9998124492020678,bare powers only; phase and profile prefactors uncomputed
4.5399929762484854e-05,1.0,65.97200821427519,1.5163710283010436e-05,1.5160826821275741e-05,0.9998098445775553,0.9998098445775553,bare powers only; phase and profile prefactors uncomputed
4.5399929762484854e-05,1.0,69.8686641806938,1.431808727573652e-05,1.4315327320658053e-05,0.9998072399598273,0.9998072399598273,bare powers only; phase and profile prefactors uncomputed
4.5399929762484854e-05,1.0,73.99547727180246,1.3519621478478147e-05,1.3516980222344805e-05,0.9998046353488855,0.9998046353488855,bare powers only; phase and profile prefactors uncomputed
4.5399929762484854e-05,1.0,78.36604178550743,1.2765683111253812e-05,1.2763155898475254e-05,0.9998020307447292,0.9998020307447292,bare powers only; phase and profile prefactors uncomputed
4.5399929762484854e-05,1.0,82.99475497089797,1.2053789047006284e-05,1.2051371372098184e-05,0.9997994261473573,0.9997994261473573,bare powers only; phase and profile prefactors uncomputed
4.5399929762484854e-05,1.0,87.89686445479306,1.1381594633321434e-05,1.1379282138642375e-05,0.9997968215567713,0.9997968215567713,bare powers only; phase and profile prefactors uncomputed
4.5399929762484854e-05,1.0,93.08851846955056,1.0746885970219015e-05,1.0744674443492925e-05,0.9997942169729708,0.9997942169729708,bare powers only; phase and profile prefactors uncomputed
4.5399929762484854e-05,1.0,98.58681904759716,1.0147572618581813e-05,1.0145457990236959e-05,0.9997916123959555,0.9997916123959555,bare powers only; phase and profile prefactors uncomputed
4.5399929762484854e-05,1.0,104.40987835790825,9.581680715208404e-06,9.579659055561086e-06,0.9997890078257242,0.9997890078257242,bare powers only; phase and profile prefactors uncomputed
4.5399929762484854e-05,1.0,110.57687837001873,9.047346471813416e-06,9.045413988122008e-06,0.9997864032622793,0.9997864032622793,bare powers only; phase and profile prefactors uncomputed
4.5399929762484854e-05,1.0,117.10813404210603,8.54281003656407e-06,8.54096306997652e-06,0.9997837987056196,0.9997837987056196,bare powers only; phase and profile prefactors uncomputed
4.5399929762484854e-05,1.0,124.02516024129615,8.066409697935664e-06,8.0646447203516e-06,0.999781194155745,0.999781194155745,bare powers only; phase and profile prefactors uncomputed
4.5399929762484854e-05,1.0,131.3507426166361,7.616576411796294e-06,7.614890022662713e-06,0.9997785896126546,0.9997785896126546,bare powers only; phase and profile prefactors uncomputed
4.5399929762484854e-05,1.0,139.1090126582001,7.191828633695373e-06,7.190217556753094e-06,0.9997759850763503,0.9997759850763503,bare powers only; phase and profile prefactors uncomputed
4.5399929762484854e-05,1.0,147.32552718958416,6.790767439335969e-06,6.78922851933227e-06,0.9997733805468311,0.9997733805468311,bare powers only; phase and profile prefactors uncomputed
4.5399929762484854e-05,1.0,156.0273525556467,6.412071917160038e-06,6.4106021165414105e-06,0.9997707760240969,0.9997707760240969,bare powers only; phase and profile prefactors uncomputed
4.5399929762484854e-05,1.0,165.24315378282398,6.0544948178718344e-06,6.053091213469276e-06,0.999768171508147,0.999768171508147,bare powers only; phase and profile prefactors uncomputed
4.5399929762484854e-05,1.0,175.003289005725,5.716858446570977e-06,5.715518226288958e-06,0.999765566998983,0.999765566998983,bare powers only; phase and profile prefactors uncomputed
4.5399929762484854e-05,1.0,185.33990947106184,5.398050783965795e-06,5.39677124348476e-06,0.9997629624966041,0.9997629624966041,bare powers only; phase and profile prefactors uncomputed
4.5399929762484854e-05,1.0,196.28706544833935,5.097021823892026e-06,5.095800363393254e-06,0.9997603580010102,0.9997603580010102,bare powers only; phase and profile prefactors uncomputed
4.5399929762484854e-05,1.0,207.8808183961928,4.812780115074268e-06,4.81161423599484e-06,0.9997577535122005,0.9997577535122005,bare powers only; phase and profile prefactors uncomputed
4.5399929762484854e-05,1.0,220.1593597538627,4.5443894957403455e-06,4.543276797565058e-06,0.9997551490301766,0.9997551490301766,bare powers only; phase and profile prefactors uncomputed
4.5399929762484854e-05,1.0,233.16313674912124,4.2909660103340395e-06,4.289904187430204e-06,0.9997525445549375,0.9997525445549375,bare powers only; phase and profile prefactors uncomputed
4.5399929762484854e-05,1.0,246.9349856370827,4.051674998170985e-06,4.0506618366713415e-06,0.9997499400864824,0.9997499400864824,bare powers only; phase and profile prefactors uncomputed
4.5399929762484854e-05,1.0,261.5202728088019,3.825728344449393e-06,3.82476171918761e-06,0.9997473356248137,0.9997473356248137,bare powers only; phase and profile prefactors uncomputed
4.5399929762484854e-05,1.0,276.96704423449495,3.6123818845614713e-06,3.6114597560640274e-06,0.9997447311699283,0.9997447311699283,bare powers only; phase and profile prefactors uncomputed
4.5399929762484854e-05,1.0,293.32618373366444,3.410932953156648e-06,3.4100533646943993e-06,0.9997421267218299,0.9997421267218299,bare powers only; phase and profile prefactors uncomputed
4.5399929762484854e-05,1.0,310.65158059349886,3.2207180698843364e-06,3.219879144586388e-06,0.9997395222805147,0.9997395222805147,bare powers only; phase and profile prefactors uncomputed
4.5399929762484854e-05,1.0,329.0003070877017,3.0411107541940246e-06,3.040310692226214e-06,0.9997369178459853,0.9997369178459853,bare powers only; phase and profile prefactors uncomputed
4.5399929762484854e-05,1.0,348.43280648051933,2.87151946199584e-06,2.870756537805524e-06,0.9997343134182397,0.9997343134182397,bare powers only; phase and profile prefactors uncomputed
4.5399929762484854e-05,1.0,369.0130921352843,2.7113856373857044e-06,2.7106581970142916e-06,0.9997317089972807,0.9997317089972807,bare powers only; phase and profile prefactors uncomputed
4.5399929762484854e-05,1.0,390.80895838336386,2.5601818730184618e-06,2.559488331482643e-06,0.9997291045831049,0.9997291045831049,bare powers only; phase and profile prefactors uncomputed
4.5399929762484854e-05,1.0,413.89220384814075,2.417410173070085e-06,2.416749011812525e-06,0.9997265001757147,0.9997265001757147,bare powers only; phase and profile prefactors uncomputed
4.5399929762484854e-05,1.0,438.338867959694,2.2826003130679165e-06,2.281970077477741e-06,0.9997238957751091,0.9997238957751091,bare powers only; phase and profile prefactors uncomputed
4.5399929762484854e-05,1.0,464.22948143928664,2.1553082911869957e-06,2.1547075881902617e-06,0.9997212913812886,0.9997212913812886,bare powers only; phase and profile prefactors uncomputed
4.5399929762484854e-05,1.0,491.64933157879483,2.035114865911785e-06,2.0345423616318125e-06,0.9997186869942517,0.9997186869942517,bare powers only; phase and profile prefactors uncomputed
4.5399929762484854e-05,1.0,520.6887431889405,1.921624175246956e-06,1.9210785927342462e-06,0.9997160826140005,0.9997160826140005,bare powers only; phase and profile prefactors uncomputed
4.5399929762484854e-05,1.0,551.4433761418169,1.8144624329296289e-06,1.8139425499608606e-06,0.9997134782405338,0.9997134782405338,bare powers only; phase and profile prefactors uncomputed
4.5399929762484854e-05,1.0,584.0145404878507,1.7132766973488967e-06,1.7127813442943726e-06,0.9997108738738519,0.9997108738738519,bare powers only; phase and profile prefactors uncomputed
4.5399929762484854e-05,1.0,618.5095301852358,1.6177337091181234e-06,1.6172617668768694e-06,0.9997082695139541,0.9997082695139541,bare powers only; phase and profile prefactors uncomputed
4.5399929762484854e-05,1.0,655.0419765411972,1.5275187934714186e-06,1.5270691914730307e-06,0.9997056651608416,0.9997056651608416,bare powers only; phase and profile prefactors uncomputed
4.5399929762484854e-05,1.0,693.7322225293678,1.4423348238693374e-06,1.441906538141539e-06,0.9997030608145135,0.9997030608145135,bare powers only; phase and profile prefactors uncomputed
4.5399929762484854e-05,1.0,734.7077192163248,1.3619012434003914e-06,1.3614932947011997e-06,0.9997004564749694,0.9997004564749694,bare powers only; phase and profile prefactors uncomputed
4.5399929762484854e-05,1.0,778.1034456031812,1.2859531407553106e-06,1.2855645927686141e-06,0.9996978521422109,0.9996978521422109,bare powers only; phase and profile prefactors uncomputed
4.5399929762484854e-05,1.0,824.0623532652404,1.2142403777307353e-06,1.213870335324007e-06,0.9996952478162356,0.9996952478162356,bare powers only; phase and profile prefactors uncomputed
4.5399929762484854e-05,1.0,872.7358372544267,1.14652676538874e-06,1.1461743729315881e-06,0.999692643497047,0.999692643497047,bare powers only; phase and profile prefactors uncomputed
4.5399929762484854e-05,1.0,924.2842348156968,1.0825892861588489e-06,1.0822537259010126e-06,0.9996900391846414,0.9996900391846414,bare powers only; phase and profile prefactors uncomputed
4.5399929762484854e-05,1.0,978.8773535602901,1.0222173593204763e-06,1.0218978498278932e-06,0.9996874348790208,0.9996874348790208,bare powers only; phase and profile prefactors uncomputed
4.5399929762484854e-05,1.0,1036.695030835687,9.652121474466595e-07,9.649079420941495e-07,0.9996848305801841,0.9996848305801841,bare powers only; phase and profile prefactors uncomputed
4.5399929762484854e-05,1.0,1097.9277261349084,9.113859015247986e-07,9.110962870439282e-07,0.9996822262881334,0.9996822262881334,bare powers only; phase and profile prefactors uncomputed
4.5399929762484854e-05,1.0,1162.7771484966524,8.605613425975592e-07,8.602856376782065e-07,0.9996796220028656,0.9996796220028656,bare powers only; phase and profile prefactors uncomputed
4.5399929762484854e-05,1.0,1231.4569209630047,8.125710778873206e-07,8.123086318314841e-07,0.9996770177243831,0.9996770177243831,bare powers only; phase and profile prefactors uncomputed
4.5399929762484854e-05,1.0,1304.1932842835274,7.672570494811751e-07,7.670072409075307e-07,0.9996744134526842,0.9996744134526842,bare powers only; phase and profile prefactors uncomputed
4.5399929762484854e-05,1.0,1381.2258421838474,7.244700137606809e-07,7.242322493584294e-07,0.9996718091877712,0.9996718091877712,bare powers only; phase and profile prefactors uncomputed
4.5399929762484854e-05,1.0,1462.8083506537441,6.840690498618606e-07,6.838427631923812e-07,0.9996692049296412,0.9996692049296412,bare powers only; phase and profile prefactors uncomputed
4.5399929762484854e-05,1.0,1549.2095538547792,6.459210955465284e-07,6.457057458913992e-07,0.9996666006782964,0.9996666006782964,bare powers only; phase and profile prefactors uncomputed
4.5399929762484854e-05,1.0,1640.714069401037,6.099005089563393e-07,6.09695580210263e-07,0.9996639964337348,0.9996639964337348,bare powers only; phase and profile prefactors uncomputed
4.5399929762484854e-05,1.0,1737.6233259292483,5.758886548061444e-07,5.756936544133688e-07,0.9996613921959597,0.9996613921959597,bare powers only; phase and profile prefactors uncomputed
4.5399929762484854e-05,1.0,1840.2565560467651,5.437735136538022e-07,5.435879715866115e-07,0.9996587879649672,0.9996587879649672,bare powers only; phase and profile prefactors uncomputed
4.5399929762484854e-05,1.0,1948.9518479282847,5.134493129595279e-07,5.132727807374366e-07,0.9996561837407596,0.9996561837407596,bare powers only; phase and profile prefactors uncomputed
4.5399929762484854e-05,1.0,2064.0672590254585,4.848161787196821e-07,4.846482284679558e-07,0.9996535795233363,0.9996535795233363,bare powers only; phase and profile prefactors uncomputed
4.5399929762484854e-05,1.0,2185.981995558072,4.577798065276258e-07,4.576200300737987e-07,0.9996509753126965,0.9996509753126965,bare powers only; phase and profile prefactors uncomputed
4.5399929762484854e-05,1.0,2315.097661672234,4.322511509782716e-07,4.320991589853513e-07,0.9996483711088419,0.9996483711088419,bare powers only; phase and profile prefactors uncomputed
4.5399929762484854e-05,1.0,2451.8395823804312,4.0814613239338133e-07,4.080015535284547e-07,0.9996457669117705,0.9996457669117705,bare powers only; phase and profile prefactors uncomputed
4.5399929762484854e-05,1.0,2596.65820464145,3.8538535990167757e-07,3.852478400386708e-07,0.9996431627214851,0.9996431627214851,bare powers only; phase and profile prefactors uncomputed
4.5399929762484854e-05,1.0,2750.03058119549,3.6389386996174293e-07,3.6376307141710464e-07,0.9996405585379824,0.9996405585379824,bare powers only; phase and profile prefactors uncomputed
4.5399929762484854e-05,1.0,2912.4619420424137,3.436008794665099e-07,3.434764802666334e-07,0.9996379543612647,0.9996379543612647,bare powers only; phase and profile prefactors uncomputed
4.5399929762484854e-05,1.0,3084.4873587398383,3.2443955261618256e-07,3.243212457953962e-07,0.9996353501913302,0.9996353501913302,bare powers only; phase and profile prefactors uncomputed
4.5399929762484854e-05,1.0,3266.6735070034856,3.0634678079177697e-07,3.062342737197774e-07,0.9996327460281816,0.9996327460281816,bare powers only; phase and profile prefactors uncomputed
4.5399929762484854e-05,1.0,3459.620533416007,2.8926297470428664e-07,2.8915598844190935e-07,0.9996301418718152,0.9996301418718152,bare powers only; phase and profile prefactors uncomputed
4.5399929762484854e-05,1.0,3663.9640323935464,2.7313186813490705e-07,2.730301368171709e-07,0.9996275377222333,0.9996275377222333,bare powers only; phase and profile prefactors uncomputed
4.5399929762484854e-05,1.0,3880.377139922385,2.579003326199243e-07,2.5780360286530655e-07,0.9996249335794372,0.9996249335794372,bare powers only; phase and profile prefactors uncomputed
4.5399929762484854e-05,1.0,4109.572750962785,2.4351820246993344e-07,2.434262328148701e-07,0.9996223294434234,0.9996223294434234,bare powers only; phase and profile prefactors uncomputed
4.5399929762484854e-05,1.0,4352.305867824393,2.2993810954707645e-07,2.298506699047139e-07,0.9996197253141953,0.9996197253141953,bare powers only; phase and profile prefactors uncomputed
4.5399929762484854e-05,1.0,4609.376087249164,2.171153272561271e-07,2.1703219839837438e-07,0.9996171211917495,0.9996171211917495,bare powers only; phase and profile prefactors uncomputed
4.5399929762484854e-05,1.0,4881.630234394565,2.05007623235608e-07,2.0492859629757886e-07,0.9996145170760878,0.9996145170760878,bare powers only; phase and profile prefactors uncomputed
4.5399929762484854e-05,1.0,5169.96515239373,1.935751202637719e-07,1.9349999626972715e-07,0.999611912967212,0.999611912967212,bare powers only; phase and profile prefactors uncomputed
4.5399929762484854e-05,1.0,5475.330656681835,1.8278016492132762e-07,1.8270875433126062e-07,0.9996093088651181,0.9996093088651181,bare powers only; phase and profile prefactors uncomputed
4.5399929762484854e-05,1.0,5798.732663820638,1.7258720357835275e-07,1.725193258543933e-07,0.9996067047698085,0.9996067047698085,bare powers only; phase and profile prefactors uncomputed
4.5399929762484854e-05,1.0,6141.236505127898,1.629626652969505e-07,1.628981484887834e-07,0.9996041006812846,0.9996041006812846,bare powers only; phase and profile prefactors uncomputed
4.5399929762484854e-05,1.0,6503.9704360273445,1.5387485126398405e-07,1.5381353161251048e-07,0.9996014965995427,0.9996014965995427,bare powers only; phase and profile prefactors uncomputed
4.5399929762484854e-05,1.0,6888.1293526793925,1.452938303897287e-07,1.4523555194822769e-07,0.9995988925245849,0.9995988925245849,bare powers only; phase and profile prefactors uncomputed
4.5399929762484854e-05,1.0,7294.978728135781,1.371913407285954e-07,1.3713595500066303e-07,0.9995962884564126,0.9995962884564126,bare powers only; phase and profile prefactors uncomputed
4.5399929762484854e-05,1.0,7725.858780984264,1.2954069639725124e-07,1.294880619908254e-07,0.9995936843950226,0.9995936843950226,bare powers only; phase and profile prefactors uncomputed
4.5399929762484854e-05,1.0,8182.188890215582,1.2231669968356214e-07,1.2226668198036636e-07,0.9995910803404181,0.9995910803404181,bare powers only; phase and profile prefactors uncomputed
4.5399929762484854e-05,1.0,8665.472270855858,1.154955580568903e-07,1.1544802889664999e-07,0.9995884762925956,0.9995884762925956,bare powers only; phase and profile prefactors uncomputed
4.5399929762484854e-05,1.0,9177.300925766493,1.0905480580641552e-07,1.0900964318523004e-07,0.9995858722515572,0.9995858722515572,bare powers only; phase and profile prefactors uncomputed
4.5399929762484854e-05,1.0,9719.360889923666,1.0297323004939137e-07,1.0293031783166295e-07,0.9995832682173043,0.9995832682173043,bare powers only; phase and profile prefactors uncomputed
4.5399929762484854e-05,1.0,10293.437784452732,9.723080086564211e-08,9.719002850898796e-08,0.9995806641898333,0.9995806641898333,bare powers only; phase and profile prefactors uncomputed
4.5399929762484854e-05,1.0,10901.422698713197,9.18086053281966e-08,9.17698676207935e-08,0.9995780601691463,0.9995780601691463,bare powers only; phase and profile prefactors uncomputed
4.5399929762484854e-05,1.0,11545.318419810872,8.668878521278331e-08,8.665198202261192e-08,0.9995754561552448,0.9995754561552448,bare powers only; phase and profile prefactors uncomputed
4.5399929762484854e-05,1.0,12227.246030057917,8.185447818103468e-08,8.18195142165133e-08,0.999572852148125,0.999572852148125,bare powers only; phase and profile prefactors uncomputed
4.5399929762484854e-05,1.0,12949.451894113823,7.728976224368006e-08,7.725654682519905e-08,0.9995702481477912,0.9995702481477912,bare powers only; phase and profile prefactors uncomputed
4.5399929762484854e-05,1.0,13714.315058823875,7.297960332081983e-08,7.294805016270274e-08,0.9995676441542388,0.9995676441542388,bare powers only; phase and profile prefactors uncomputed
4.5399929762484854e-05,1.0,14524.35509013139,6.890980572656262e-08,6.887983272900415e-08,0.9995650401674705,0.9995650401674705,bare powers only; phase and profile prefactors uncomputed
4.5399929762484854e-05,1.0,15382.240372879189,6.506696541495054e-08,6.503849446549496e-08,0.9995624361874876,0.9995624361874876,bare powers only; phase and profile prefactors uncomputed
4.5399929762484854e-05,1.0,16290.796900841538,6.14384258331816e-08,6.141138261732488e-08,0.9995598322142863,0.9995598322142863,bare powers only; phase and profile prefactors uncomputed
4.5399929762484854e-05,1.0,17253.01758594178,5.801223623673181e-08,5.7986550057248234e-08,0.999557228247869,0.999557228247869,bare powers only; phase and profile prefactors uncomputed
4.5399929762484854e-05,1.0,18272.07211732163,5.4777112329085354e-08,5.4752715933693456e-08,0.9995546242882368,0.9995546242882368,bare powers only; phase and profile prefactors uncomputed
4.5399929762484854e-05,1.0,19351.317402739274,5.172239909644066e-08,5.169922851344044e-08,0.9995520203353867,0.9995520203353867,bare powers only; phase and profile prefactors uncomputed
4.5399929762484854e-05,1.0,20494.308626691865,4.883803571498272e-08,4.881603009651174e-08,0.9995494163893199,0.9995494163893199,bare powers only; phase and profile prefactors uncomputed
4.5399929762484854e-05,1.0,21704.810961688905,4.61145224151456e-08,4.609362388771464e-08,0.9995468124500386,0.9995468124500386,bare powers only; phase and profile prefactors uncomputed
4.5399929762484854e-05,1.0,22986.811971255767,4.354288919373091e-08,4.3523042715714675e-08,0.9995442085175392,0.9995442085175392,bare powers only; phase and profile prefactors uncomputed
4.5399929762484854e-05,1.0,24344.534745524074,4.1114666270832334e-08,4.109581949660514e-08,0.9995416045918251,0.9995416045918251,bare powers only; phase and profile prefactors uncomputed
4.5399929762484854e-05,1.0,25782.451812679625,3.8821856194267e-08,3.880395934468431e-08,0.9995390006728908,0.9995390006728908,bare powers only; phase and profile prefactors uncomputed
4.5399929762484854e-05,1.0,27305.299872094016,3.665690749963689e-08,3.6639913238578944e-08,0.9995363967607438,0.9995363967607438,bare powers only; phase and profile prefactors uncomputed
4.5399929762484854e-05,1.0,28918.09539767298,3.46126898392708e-08,3.4596553155973224e-08,0.9995337928553802,0.9995337928553802,bare powers only; phase and profile prefactors uncomputed
4.5399929762484854e-05,1.0,30626.151162821316,3.268247049812993e-08,3.2667148595041286e-08,0.999531188956798,0.999531188956798,bare powers only; phase and profile prefactors uncomputed
4.5399929762484854e-05,1.0,32435.093741459146,3.0859892219333966e-08,3.0845344405249275e-08,0.9995285850649998,0.9995285850649998,bare powers only; phase and profile prefactors uncomputed
4.5399929762484854e-05,1.0,34350.882042741396,2.913895226627374e-08,2.912513985450404e-08,0.9995259811799863,0.9995259811799863,bare powers only; phase and profile prefactors uncomputed
4.5399929762484854e-05,1.0,36379.826940535604,2.7513982652351144e-08,2.7500868863699902e-08,0.9995233773017546,0.9995233773017546,bare powers only; phase and profile prefactors uncomputed
4.5399929762484854e-05,1.0,38528.61206232066,2.59796314732316e-08,2.5967181343558818e-08,0.9995207734303079,0.9995207734303079,bare powers only; phase and profile prefactors uncomputed
4.5399929762484854e-05,1.0,40804.31580598789,2.45308452801271e-08,2.4519025572290635e-08,0.9995181695656431,0.9995181695656431,bare powers only; phase and profile prefactors uncomputed
4.5399929762484854e-05,1.0,43214.434657070895,2.3162852436054288e-08,2.31516315560282e-08,0.9995155657077613,0.9995155657077613,bare powers only; phase and profile prefactors uncomputed
4.5399929762484854e-05,1.0,45766.907883214815,2.1871147400251518e-08,2.1860495317229096e-08,0.9995129618566652,0.9995129618566652,bare powers only; phase and profile prefactors uncomputed
4.5399929762484854e-05,1.0,48470.143687230746,2.0651475888995194e-08,2.0641364059293007e-08,0.9995103580123503,0.9995103580123503,bare powers only; phase and profile prefactors uncomputed
4.5399929762484854e-05,1.0,51333.04690488887,1.949982086394087e-08,1.9490222158528813e-08,0.9995077541748187,0.9995077541748187,bare powers only; phase and profile prefactors uncomputed
4.5399929762484854e-05,1.0,54365.04833868941,1.8412389301842025e-08,1.84032779373312e-08,0.9995051503440723,0.9995051503440723,bare powers only; phase and profile prefactors uncomputed
4.5399929762484854e-05,1.0,57576.1358242414,1.7385599702071913e-08,1.7376951175000092e-08,0.9995025465201071,0.9995025465201071,bare powers only; phase and profile prefactors uncomputed
4.5399929762484854e-05,1.0,60976.88713158624,1.641607029080385e-08,1.6407861315065647e-08,0.9994999427029255,0.9994999427029255,bare powers only; phase and profile prefactors uncomputed
4.5399929762484854e-05,1.0,64578.504809847385,1.5500607882999708e-08,1.5492816330274765e-08,0.999497338892529,0.999497338892529,bare powers only; phase and profile prefactors uncomputed
4.5399929762484854e-05,1.0,68392.85308999018,1.4636197365523499e-08,1.4628802208562963e-08,0.9994947350889135,0.9994947350889135,bare powers only; phase and profile prefactors uncomputed
4.5399929762484854e-05,1.0,72432.49696725263,1.3819991766742313e-08,1.3812973025380317e-08,0.9994921312920833,0.9994921312920833,bare powers only; phase and profile prefactors uncomputed
4.5399929762484854e-05,1.0,76710.74359199268,1.3049302879907886e-08,1.3042641569670046e-08,0.9994895275020326,0.9994895275020326,bare powers only; phase and profile prefactors uncomputed
4.5399929762484854e-05,1.0,81241.68610529743,1.2321592409436837e-08,1.2315270492624552e-08,0.9994869237187683,0.9994869237187683,bare powers only; phase and profile prefactors uncomputed
4.5399929762484854e-05,1.0,86040.25006375545,1.163446361092993e-08,1.1628463950063595e-08,0.9994843199422878,0.9994843199422878,bare powers only; phase and profile prefactors uncomputed
4.5399929762484854e-05,1.0,91122.2426063218,1.0985653397395568e-08,1.0979959710906147e-08,0.9994817161725883,0.9994817161725883,bare powers only; phase and profile prefactors uncomputed
4.5399929762484854e-05,1.0,96504.40452523911,1.0373024885679483e-08,1.036762170574237e-08,0.999479112409672,0.999479112409672,bare powers only; phase and profile prefactors uncomputed
4.5399929762484854e-05,1.0,102204.46541254103,9.794560358552267e-09,9.78943299096219e-09,0.9994765086535404,0.9994765086535404,bare powers only; phase and profile prefactors uncomputed
4.5399929762484854e-05,1.0,108241.20206380203,9.248354619274531e-09,9.243489105265024e-09,0.9994739049041905,0.9994739049041905,bare powers only; phase and profile prefactors uncomputed
4.5399929762484854e-05,1.0,114634.5003315206,8.73260871675298e-09,8.72799179666845e-09,0.9994713011616251,0.9994713011616251,bare powers only; phase and profile prefactors uncomputed
4.5399929762484854e-05,1.0,121405.42063189101,8.245624020620877e-09,8.241243099353159e-09,0.9994686974258391,0.9994686974258391,bare powers only; phase and profile prefactors uncomputed
4.5399929762484854e-05,1.0,128576.26732075168,7.78579662672903e-09,7.781639740834898e-09,0.99946609369684,0.99946609369684,bare powers only; phase and profile prefactors uncomputed
4.5399929762484854e-05,1.0,136170.6621672438,7.3516120746214816e-09,7.34766786104077e-09,0.9994634899746238,0.9994634899746238,bare powers only; phase and profile prefactors uncomputed
4.5399929762484854e-05,1.0,144213.62216721472,6.941640359597481e-09,6.937898025895852e-09,0.9994608862591888,0.9994608862591888,bare powers only; phase and profile prefactors uncomputed
4.5399929762484854e-05,1.0,152731.64195268982,6.554531222932319e-09,6.550980518995804e-09,0.9994582825505367,0.9994582825505367,bare powers only; phase and profile prefactors uncomputed
4.5399929762484854e-05,1.0,161752.7810688868,6.1890097047444605e-09,6.185640895856377e-09,0.9994556788486694,0.9994556788486694,bare powers only; phase and profile prefactors uncomputed
4.5399929762484854e-05,1.0,171306.7564062709,5.84387194486274e-09,5.840675786096817e-09,0.9994530751535833,0.9994530751535833,bare powers only; phase and profile prefactors uncomputed
4.5399929762484854e-05,1.0,181425.04009213694,5.517981217863343e-09,5.5149489297300776e-09,0.9994504714652799,0.9994504714652799,bare powers only; phase and profile prefactors uncomputed
4.5399929762484854e-05,1.0,192140.9631641861,5.21026418921775e-09,5.207387434503769e-09,0.9994478677837615,0.9994478677837615,bare powers only; phase and profile prefactors uncomputed
4.5399929762484854e-05,1.0,203489.8253676125,4.919707380221317e-09,4.9169782419644085e-09,0.9994452641090239,0.9994452641090239,bare powers only; phase and profile prefactors uncomputed
4.5399929762484854e-05,1.0,215509.01143738898,4.6453538300594075e-09,4.642764790604694e-09,0.9994426604410712,0.9994426604410712,bare powers only; phase and profile prefactors uncomputed
4.5399929762484854e-05,1.0,228238.11424879584,4.38629994401759e-09,4.383843865102602e-09,0.9994400567798977,0.9994400567798977,bare powers only; phase and profile prefactors uncomputed
4.5399929762484854e-05,1.0,241719.06524187577,4.141692517455144e-09,4.139362621274353e-09,0.9994374531255105,0.9994374531255105,bare powers only; phase and profile prefactors uncomputed
4.5399929762484854e-05,1.0,255996.2725494454,3.9107259257405534e-09,3.908515776941856e-09,0.9994348494779063,0.9994348494779063,bare powers only; phase and profile prefactors uncomputed
4.5399929762484854e-05,1.0,271116.7672836785,3.6926394708935433e-09,3.6905429594617915e-09,0.9994322458370829,0.9994322458370829,bare powers only; phase and profile prefactors uncomputed
4.5399929762484854e-05,1.0,287130.3584631485,3.4867148761949924e-09,3.4847262011795863e-09,0.9994296422030423,0.9994296422030423,bare powers only; phase and profile prefactors uncomputed
4.5399929762484854e-05,1.0,304089.79709068534,3.2922739205129077e-09,3.290387574558509e-09,0.9994270385757863,0.9994270385757863,bare powers only; phase and profile prefactors uncomputed
4.5399929762484854e-05,1.0,322050.9499225322,3.1086762045533155e-09,3.1068869591947193e-09,0.9994244349553114,0.9994244349553114,bare powers only; phase and profile prefactors uncomputed
4.5399929762484854e-05,1.0,341072.98350123543,2.935317041678742e-09,2.933619933362838e-09,0.9994218313416211,0.9994218313416211,bare powers only; phase and profile prefactors uncomputed
4.5399929762484854e-05,1.0,361218.55905848695,2.771625466347881e-09,2.7700157831472536e-09,0.9994192277347096,0.9994192277347096,bare powers only; phase and profile prefactors uncomputed
4.5399929762484854e-05,1.0,382554.03892996116,2.617062353617081e-09,2.615535622601693e-09,0.9994166241345844,0.9994166241345844,bare powers only; phase and profile prefactors uncomputed
4.5399929762484854e-05,1.0,405149.70516210457,2.4711186435101585e-09,2.4696706187449078e-09,0.9994140205412421,0.9994140205412421,bare powers only; phase and profile prefactors uncomputed
4.5399929762484854e-05,1.0,429079.99103099835,2.3333136644083787e-09,2.331940315546095e-09,0.9994114169546803,0.9994114169546803,bare powers only; phase and profile prefactors uncomputed
4.5399929762484854e-05,1.0,454423.72623595473,2.203193549938701e-09,2.2018910513794747e-09,0.9994088133749018,0.9994088133749018,bare powers only; phase and profile prefactors uncomputed
4.5399929762484854e-05,1.0,481264.3965755363,2.0803297441461924e-09,2.0790944647353175e-09,0.9994062098019072,0.9994062098019072,bare powers only; phase and profile prefactors uncomputed
4.5399929762484854e-05,1.0,509690.4189614237,1.9643175900273333e-09,1.963146083265523e-09,0.9994036062356934,0.9994036062356934,bare powers only; phase and profile prefactors uncomputed
4.5399929762484854e-05,1.0,539795.4326760538,1.854774996775532e-09,1.853663991516328e-09,0.9994010026762623,0.9994010026762623,bare powers only; phase and profile prefactors uncomputed
4.5399929762484854e-05,1.0,571678.6078334769,1.7513411813492947e-09,1.7502875729597435e-09,0.9993983991236137,0.9993983991236137,bare powers only; phase and profile prefactors uncomputed
4.5399929762484854e-05,1.0,605444.9720595427,1.6536754802184478e-09,1.6526763221803324e-09,0.9993957955777494,0.9993957955777494,bare powers only; phase and profile prefactors uncomputed
4.5399929762484854e-05,1.0,641205.7564675488,1.5614562273747538e-09,1.560508723304711e-09,0.9993931920386677,0.9993931920386677,bare powers only; phase and profile prefactors uncomputed
4.5399929762484854e-05,1.0,679078.7620690458,1.4743796949116786e-09,1.4734811909796175e-09,0.9993905885063651,0.9993905885063651,bare powers only; phase and profile prefactors uncomputed
4.5399929762484854e-05,1.0,719188.7478267926,1.3921590926840228e-09,1.3913070704102516e-09,0.9993879849808484,0.9993879849808484,bare powers only; phase and profile prefactors uncomputed
4.5399929762484854e-05,1.0,761667.8416281851,1.3145236237527666e-09,1.3137156931651193e-09,0.9993853814621142,0.9993853814621142,bare powers only; phase and profile prefactors uncomputed
4.5399929762484854e-05,1.0,806655.9755329442,1.2412175925042078e-09,1.2404514856374658e-09,0.9993827779501607,0.9993827779501607,bare powers only; phase and profile prefactors uncomputed
4.5399929762484854e-05,1.0,854301.3467288382,1.171999562505926e-09,1.1712731272266238e-09,0.9993801744449895,0.9993801744449895,bare powers only; phase and profile prefactors uncomputed
4.5399929762484854e-05,1.0,904760.905713888,1.1066415613259372e-09,1.105952755466471e-09,0.9993775709466027,0.9993775709466027,bare powers only; phase and profile prefactors uncomputed
4.5399929762484854e-05,1.0,958200.8733131973,1.044928329696128e-09,1.0442752154828718e-09,0.9993749674549965,0.9993749674549965,bare powers only; phase and profile prefactors uncomputed
4.5399929762484854e-05,1.0,1014797.2882335407,9.86656612546971e-10,9.860373513078706e-10,0.9993723639701741,0.9993723639701741,bare powers only; phase and profile prefactors uncomputed
4.5399929762484854e-05,1.0,1074736.5869594063,9.316344895785924e-10,9.310473367163666e-10,0.999369760492131,0.999369760492131,bare powers only; phase and profile prefactors uncomputed
4.5399929762484854e-05,1.0,1138216.2179007847,8.7968074316336e-10,8.791240433811765e-10,0.9993671570208738,0.9993671570208738,bare powers only; phase and profile prefactors uncomputed
4.5399929762484854e-05,1.0,1205445.2918157706,8.3062426149817e-10,8.30096444265232e-10,0.9993645535563987,0.9993645535563987,bare powers only; phase and profile prefactors uncomputed
4.5399929762484854e-05,1.0,1276645.2706505638,7.843034750406662e-10,7.838030502858307e-10,0.9993619500987043,0.9993619500987043,bare powers only; phase and profile prefactors uncomputed
4.5399929762484854e-05,1.0,1352050.697066006,7.405658243733137e-10,7.400913783953984e-10,0.9993593466477921,0.9993593466477921,bare powers only; phase and profile prefactors uncomputed
4.5399929762484854e-05,1.0,1431909.96705383,6.992672577426591e-10,6.988174493266609e-10,0.9993567432036641,0.9993567432036641,bare powers only; phase and profile prefactors uncomputed
4.5399929762484854e-05,1.0,1516486.148187684,6.60271756618962e-10,6.598453133479374e-10,0.9993541397663164,0.9993541397663164,bare powers only; phase and profile prefactors uncomputed
4.5399929762484854e-05,1.0,1606057.8462044213,6.234508877135643e-10,6.230466024664382e-10,0.9993515363357509,0.9993515363357509,bare powers only; phase and profile prefactors uncomputed
4.5399929762484854e-05,1.0,1700920.1227702536,5.886833799785584e-10,5.88300107604583e-10,0.9993489329119681,0.9993489329119681,bare powers only; phase and profile prefactors uncomputed
4.5399929762484854e-05,1.0,1801385.467455033,5.558547251956068e-10,5.554913793566642e-10,0.9993463294949688,0.9993463294949688,bare powers only; phase and profile prefactors uncomputed
4.5399929762484854e-05,1.0,1907784.8271164785,5.248568008384011e-10,5.245123510107703e-10,0.9993437260847519,0.9993437260847519,bare powers only; phase and profile prefactors uncomputed
4.5399929762484854e-05,1.0,2020468.6960852805,4.955875139666785e-10,4.952609825943016e-10,0.9993411226813135,0.9993411226813135,bare powers only; phase and profile prefactors uncomputed
4.5399929762484854e-05,1.0,2139808.2707423274,4.679504649789087e-10,4.676409247705912e-10,0.999338519284661,0.999338519284661,bare powers only; phase and profile prefactors uncomputed
4.5399929762484854e-05,1.0,2266196.6722913324,4.4185463011624574e-10,4.4156120147957227e-10,0.9993359158947904,0.9993359158947904,bare powers only; phase and profile prefactors uncomputed
4.5399929762484854e-05,1.0,2400050.2417549235,4.1721406167202747e-10,4.1693591027716805e-10,0.9993333125117003,0.9993333125117003,bare powers only; phase and profile prefactors uncomputed
4.5399929762484854e-05,1.0,2541809.9114600397,3.939476049194639e-10,3.9368393938635726e-10,0.9993307091353925,0.9993307091353925,bare powers only; phase and profile prefactors uncomputed
4.5399929762484854e-05,1.0,2691942.657530511,3.719786308252017e-10,3.7172870052792933e-10,0.9993281057658664,0.9993281057658664,bare powers only; phase and profile prefactors uncomputed
4.5399929762484854e-05,1.0,2850943.038171544,3.5123478366844875e-10,3.509978766509253e-10,0.9993255024031245,0.9993255024031245,bare powers only; phase and profile prefactors uncomputed
4.5399929762484854e-05,1.0,3019334.822813422,3.316477427344312e-10,3.314231837318199e-10,0.9993228990471642,0.9993228990471642,bare powers only; phase and profile prefactors uncomputed
4.5399929762484854e-05,1.0,3197672.7174810837,3.1315299729729935e-10,3.129401458578468e-10,0.9993202956979829,0.9993202956979829,bare powers only; phase and profile prefactors uncomputed
4.5399929762484854e-05,1.0,3386544.1920731002,2.956896341514019e-10,2.9548788285364665e-10,0.9993176923555869,0.9993176923555869,bare powers only; phase and profile prefactors uncomputed
4.5399929762484854e-05,1.0,3586571.415569484,2.7920013699113304e-10,2.7900890975168276e-10,0.999315089019973,0.999315089019973,bare powers only; phase and profile prefactors uncomputed
4.5399929762484854e-05,1.0,3798413.305543076,2.6363019697861126e-10,2.6344894744594067e-10,0.9993124856911392,0.9993124856911392,bare powers only; phase and profile prefactors uncomputed
4.5399929762484854e-05,1.0,4022767.6987259365,2.489285338752847e-10,2.487567439052201e-10,0.9993098823690871,0.9993098823690871,bare powers only; phase and profile prefactors uncomputed
4.5399929762484854e-05,1.0,4260373.649780869,2.350467271483547e-10,2.3488390535712783e-10,0.9993072790538193,0.9993072790538193,bare powers only; phase and profile prefactors uncomputed
4.5399929762484854e-05,1.0,4512013.865850546,2.2193905649575913e-10,2.2178473688671934e-10,0.9993046757453313,0.9993046757453313,bare powers only; phase and profile prefactors uncomputed
4.5399929762484854e-05,1.0,4778517.284904051,2.0956235126447055e-10,2.0941609192474443e-10,0.9993020724436255,0.9993020724436255,bare powers only; phase and profile prefactors uncomputed
4.5399929762484854e-05,1.0,5060761.806374096,1.9787584826617674e-10,1.9773723012973937e-10,0.9992994691487013,0.9992994691487013,bare powers only; phase and profile prefactors uncomputed
4.5399929762484854e-05,1.0,5359677.183080246,1.8684105752204052e-10,1.8670968319584786e-10,0.9992968658605609,0.9992968658605609,bare powers only; phase and profile prefactors uncomputed
4.5399929762484854e-05,1.0,5676248.083964364,1.7642163549436908e-10,1.7629712814436238e-10,0.9992942625792023,0.9992942625792023,bare powers only; phase and profile prefactors uncomputed
4.5399929762484854e-05,1.0,6011517.337727448,1.6658326538767554e-10,1.664652676816325e-10,0.999291659304622,0.999291659304622,bare powers only; phase and profile prefactors uncomputed
4.5399929762484854e-05,1.0,6366589.368052807,1.5729354412490128e-10,1.571817172292596e-10,0.9992890560368269,0.9992890560368269,bare powers only; phase and profile prefactors uncomputed
4.5399929762484854e-05,1.0,6742633.831731758,1.4852187562654552e-10,1.484158982544613e-10,0.999286452775814,0.999286452775814,bare powers only; phase and profile prefactors uncomputed
4.5399929762484854e-05,1.0,7140889.471676164,1.4023937004122038e-10,1.401389375492722e-10,0.9992838495215811,0.9992838495215811,bare powers only; phase and profile prefactors uncomputed
4.5399929762484854e-05,1.0,7562668.197510405,1.3241874859573384e-10,1.3232357212680556e-10,0.9992812462741295,0.9992812462741295,bare powers only; phase and profile prefactors uncomputed
4.5399929762484854e-05,1.0,8009359.407184645,1.2503425375132675e-10,1.249440594213271e-10,0.9992786430334599,0.9992786430334599,bare powers only; phase and profile prefactors uncomputed
4.5399929762484854e-05,1.0,8482434.563845469,1.1806156437015906e-10,1.1797609249635503e-10,0.999276039799574,0.999276039799574,bare powers only; phase and profile prefactors uncomputed
4.5399929762484854e-05,1.0,8983452.043040713,1.1147771561264114e-10,1.1139671998149236e-10,0.9992734365724696,0.9992734365724696,bare powers only; phase and profile prefactors uncomputed
4.5399929762484854e-05,1.0,9514062.266225863,1.0526102330178867e-10,1.0518427047427776e-10,0.9992708333521434,0.9992708333521434,bare powers only; phase and profile prefactors uncomputed
4.5399929762484854e-05,1.0,10076013.137482585,9.939101250549168e-11,9.931828115804637e-11,0.9992682301386024,0.9992682301386024,bare powers only; phase and profile prefactors uncomputed
4.5399929762484854e-05,1.0,10671155.80135845,9.384835010148504e-11,9.377943040067955e-11,0.9992656269318431,0.9992656269318431,bare powers only; phase and profile prefactors uncomputed
4.5399929762484854e-05,1.0,11301450.740795337,8.86147811029114e-11,8.85494741122323e-11,0.9992630237318618,0.9992630237318618,bare powers only; phase and profile prefactors uncomputed
4.5399929762484854e-05,1.0,11968974.235233659,8.367306853477275e-11,8.361118565181763e-11,0.9992604205386658,0.9992604205386658,bare powers only; phase and profile prefactors uncomputed
4.5399929762484854e-05,1.0,12675925.200166425,7.90069366632423e-11,7.894829908579908e-11,0.9992578173522515,0.9992578173522515,bare powers only; phase and profile prefactors uncomputed
4.5399929762484854e-05,1.0,13424632.430673577,7.460101739086425e-11,7.454545561040305e-11,0.9992552141726153,0.9992552141726153,bare powers only; phase and profile prefactors uncomputed
4.5399929762484854e-05,1.0,14217562.272797745,7.04407996410937e-11,7.038815296227412e-11,0.9992526109997639,0.9992526109997639,bare powers only; phase and profile prefactors uncomputed
4.5399929762484854e-05,1.0,15057326.74803223,6.651258156546758e-11,6.64626976503327e-11,0.9992500078336942,0.9992500078336942,bare powers only; phase and profile prefactors uncomputed
4.5399929762484854e-05,1.0,15946692.15768394,6.280342541600212e-11,6.275615985160252e-11,0.9992474046744025,0.9992474046744025,bare powers only; phase and profile prefactors uncomputed
4.5399929762484854e-05,1.0,16888588.195455834,5.930111493418749e-11,5.925633082243932e-11,0.9992448015218959,0.9992448015218959,bare powers only; phase and profile prefactors uncomputed
4.5399929762484854e-05,1.0,17886117.598266564,5.599411511623879e-11,5.595168268487883e-11,0.9992421983761709,0.9992421983761709,bare powers only; phase and profile prefactors uncomputed
4.5399929762484854e-05,1.0,18942566.367098644,5.287153422208332e-11,5.283133045564575e-11,0.9992395952372274,0.9992395952372274,bare powers only; phase and profile prefactors uncomputed
4.5399929762484854e-05,1.0,20061414.591544,4.992308790296853e-11,4.9884996192758856e-11,0.9992369921050616,0.9992369921050616,bare powers only; phase and profile prefactors uncomputed
4.5399929762484854e-05,1.0,21246347.913704414,4.7139065329535174e-11,4.710297514163134e-11,0.9992343889796809,0.9992343889796809,bare powers only; phase and profile prefactors uncomputed
4.5399929762484854e-05,1.0,22501269.66921084,4.4510297208799683e-11,4.447610376915642e-11,0.9992317858610816,0.9992317858610816,bare powers only; phase and profile prefactors uncomputed
4.5399929762484854e-05,1.0,23830313.745355137,4.2028125584713e-11,4.199572958049605e-11,0.9992291827492604,0.9992291827492604,bare powers only; phase and profile prefactors uncomputed
4.5399929762484854e-05,1.0,25237858.198691536,3.968437532282286e-11,3.965368261914193e-11,0.9992265796442239,0.9992265796442239,bare powers only; phase and profile prefactors uncomputed
4.5399929762484854e-05,1.0,26728539.67696552,3.747132718513375e-11,3.7442248556384415e-11,0.9992239765459688,0.9992239765459688,bare powers only; phase and profile prefactors uncomputed
4.5399929762484854e-05,1.0,28307268.69287819,3.538169240647812e-11,3.535414328154542e-11,0.9992213734544915,0.9992213734544915,bare powers only; phase and profile prefactors uncomputed
4.5399929762484854e-05,1.0,29979245.8,3.3408588688667607e-11,3.338248890928083e-11,0.9992187703697992,0.9992187703697992,bare powers only; phase and profile prefactors uncomputed
4.5399929762484854e-05,0.1,1.0,0.001,0.0001,0.1,1.0,bare powers only; phase and profile prefactors uncomputed
4.5399929762484854e-05,0.1,1.0590652925671507,0.0009442337665721977,9.442313067364396e-05,0.09999973948868965,0.9999973948868963,bare powers only; phase and profile prefactors uncomputed
4.5399929762484854e-05,0.1,1.1216192939203442,0.0008915774059351198,8.915727606212043e-05,0.09999947897805793,0.9999947897805792,bare powers only; phase and profile prefactors uncomputed
4.5399929762484854e-05,0.1,1.1878680656647103,0.0008418574921967876,8.418509128119745e-05,0.09999921846810488,0.9999921846810487,bare powers only; phase and profile prefactors uncomputed
4.5399929762484854e-05,0.1,1.2580298404943717,0.0007949102707739972,7.949019874817151e-05,0.0999989579588305,0.9999895795883048,bare powers only; phase and profile prefactors uncomputed
4.5399929762484854e-05,0.1,1.3323357410813774,0.0007505811190598572,7.505713423672529e-05,0.09999869745023475,0.9999869745023474,bare powers only; phase and profile prefactors uncomputed
4.5399929762484854e-05,0.1,1.4110305414260205,0.0007087240371678641,7.087129594023549e-05,0.09999843694231769,0.9999843694231768,bare powers only; phase and profile prefactors uncomputed
4.5399929762484854e-05,0.1,1.4943734731765332,0.0006692011670752667,6.691889637575347e-05,0.09999817643507926,0.9999817643507926,bare powers only; phase and profile prefactors uncomputed
4.5399929762484854e-05,0.1,1.5826390795742942,0.0006318823385819897,6.318691697023809e-05,0.09999791592851949,0.999979159285195,bare powers only; phase and profile prefactors uncomputed
4.5399929762484854e-05,0.1,1.6761181198375557,0.0005966446405897209,5.9663065179454825e-05,0.09999765542263836,0.9999765542263837,bare powers only; phase and profile prefactors uncomputed
4.5399929762484854e-05,0.1,1.7751185269628633,0.0005633720162891474,5.633573399829799e-05,0.09999739491743588,0.9999739491743588,bare powers only; phase and profile prefactors uncomputed
4.5399929762484854e-05,0.1,1.8799664220992942,0.0005319548809220753,5.319396372916938e-05,0.09999713441291204,0.9999713441291204,bare powers only; phase and profile prefactors uncomputed
4.5399929762484854e-05,0.1,1.9910071888370084,0.0005022897608595161,5.022740588248438e-05,0.09999687390906686,0.9999687390906686,bare powers only; phase and profile prefactors uncomputed
4.5399929762484854e-05,0.1,2.1086066109489665,0.0004742789528070293,4.742628909039975e-05,0.09999661340590031,0.9999661340590031,bare powers only; phase and profile prefactors uncomputed
4.5399929762484854e-05,0.1,2.233152077333695,0.0004478302020148989,4.478138692148831e-05,0.09999635290341242,0.9999635290341241,bare powers only; phase and profile prefactors uncomputed
4.5399929762484854e-05,0.1,2.36505385812835,0.0004228563984333163,4.228398749034701e-05,0.09999609240160315,0.9999609240160313,bare powers only; phase and profile prefactors uncomputed
4.5399929762484854e-05,0.1,2.504746456195769,0.0003992752898118442,3.992586476203762e-05,0.09999583190047251,0.9999583190047251,bare powers only; phase and profile prefactors uncomputed
4.5399929762484854e-05,0.1,2.652690038437506,0.0003770092107982436,3.769925145684115e-05,0.09999557140002051,0.999955714000205,bare powers only; phase and profile prefactors uncomputed
4.5399929762484854e-05,0.1,2.809371951647783,0.00035598482714443725,3.559681346607874e-05,0.09999531090024714,0.9999531090024714,bare powers only; phase and profile prefactors uncomputed
4.5399929762484854e-05,0.1,2.975308327901806,0.0003361328941771447,3.361162569472882e-05,0.09999505040115242,0.9999505040115242,bare powers only; phase and profile prefactors uncomputed
4.5399929762484854e-05,0.1,3.1510457847668056,0.0003173880287376994,3.173714925126989e-05,0.09999478990273633,0.9999478990273631,bare powers only; phase and profile prefactors uncomputed
4.5399929762484854e-05,0.1,3.337163225936544,0.0002996884938399228,2.9967209909615978e-05,0.09999452940499885,0.9999452940499886,bare powers only; phase and profile prefactors uncomputed
4.5399929762484854e-05,0.1,3.534273748220822,0.00028297599533681924,2.829597777220188e-05,0.09999426890794001,0.9999426890794,bare powers only; phase and profile prefactors uncomputed
4.5399929762484854e-05,0.1,3.7430266611718848,0.0002671954899264015,2.6717948067231423e-05,0.09999400841155975,0.9999400841155975,bare powers only; phase and profile prefactors uncomputed
4.5399929762484854e-05,0.1,3.9641096260006474,0.0002522950038643098,2.5227923016838255e-05,0.09999374791585816,0.9999374791585817,bare powers only; phase and profile prefactors uncomputed
4.5399929762484854e-05,0.1,4.198250920828633,0.00023822546178614448,2.3820994716435495e-05,0.09999348742083519,0.9999348742083519,bare powers only; phase and profile prefactors uncomputed
4.5399929762484854e-05,0.1,4.446221839737685,0.0002249405250757324,2.2492528968861708e-05,0.09999322692649082,0.9999322692649081,bare powers only; phase and profile prefactors uncomputed
4.5399929762484854e-05,0.1,4.708839233520247,0.0002123964392469867,2.123815002007551e-05,0.09999296643282507,0.9999296643282507,bare powers only; phase and profile prefactors uncomputed
4.5399929762484854e-05,0.1,4.986968200499797,0.0002005518898367052,2.005372614612044e-05,0.09999270593983796,0.9999270593983796,bare powers only; phase and profile prefactors uncomputed
4.5399929762484854e-05,0.1,5.281524936285394,0.0001893678663336846,1.8935356043886008e-05,0.09999244544752946,0.9999244544752944,bare powers only; phase and profile prefactors uncomputed
4.5399929762484854e-05,0.1,5.5934797518477914,0.00017880753369599553,1.7879355980838224e-05,0.09999218495589954,0.9999218495589953,bare powers only; phase and profile prefactors uncomputed
4.5399929762484854e-05,0.1,5.923860269859115,0.00016883611103325505,1.6882247661392854e-05,0.09999192446494824,0.9999192446494823,bare powers only; phase and profile prefactors uncomputed
4.5399929762484854e-05,0.1,6.273754809825263,0.0001594207570543322,1.5940746769965174e-05,0.09999166397467557,0.9999166397467557,bare powers only; phase and profile prefactors uncomputed
4.5399929762484854e-05,0.1,6.644315973162161,0.00015053046190320333,1.5051752152958893e-05,0.0999914034850815,0.999914034850815,bare powers only; phase and profile prefactors uncomputed
4.5399929762484854e-05,0.1,7.036764440025576,0.00014213594502671446,1.421233560406139e-05,0.09999114299616597,0.9999114299616597,bare powers only; phase and profile prefactors uncomputed
4.5399929762484854e-05,0.1,7.4523929904018065,0.00013420955873787345,1.3419732219199715e-05,0.0999908825079291,0.999908825079291,bare powers only; phase and profile prefactors uncomputed
4.5399929762484854e-05,0.1,7.892570762705272,0.00012672519715705485,1.2671331289388049e-05,0.09999062202037087,0.9999062202037087,bare powers only; phase and profile prefactors uncomputed
4.5399929762484854e-05,0.1,8.3587477639114,0.00011965821023121029,1.1964667701469211e-05,0.0999903615334912,0.9999036153349119,bare powers only; phase and profile prefactors uncomputed
4.5399929762484854e-05,0.1,8.852459646081842,0.00011298532254790354,1.1297413818425545e-05,0.09999010104729014,0.9999010104729015,bare powers only; phase and profile prefactors uncomputed
4.5399929762484854e-05,0.1,9.37533276501656,0.00010668455667678163,1.066737181251426e-05,0.09998984056176766,0.9998984056176765,bare powers only; phase and profile prefactors uncomputed
4.5399929762484854e-05,0.1,9.929089537696655,0.00010073516078600264,1.0072466425973805e-05,0.0999895800769238,0.9998958007692379,bare powers only; phase and profile prefactors uncomputed
4.5399929762484854e-05,0.1,10.515554116166145,9.511754029522324e-05,9.51073813545616e-06,0.09998931959275849,0.9998931959275849,bare powers only; phase and profile prefactors uncomputed
4.5399929762484854e-05,0.1,11.1366583965432,8.981319334004143e-05,8.98033669766986e-06,0.09998905910927182,0.999890591092718,bare powers only; phase and profile prefactors uncomputed
4.5399929762484854e-05,0.1,11.794448382955435,8.480464983534437e-05,8.479515054974014e-06,0.09998879862646368,0.9998879862646367,bare powers only; phase and profile prefactors uncomputed
4.5399929762484854e-05,0.1,12.491090927362858,8.007541393686349e-05,8.006623580849425e-06,0.0999885381443342,0.9998853814433418,bare powers only; phase and profile prefactors uncomputed
4.5399929762484854e-05,0.1,13.228880867470423,7.560990971143251e-05,7.560104646292244e-06,0.09998827766288321,0.9998827766288321,bare powers only; phase and profile prefactors uncomputed
4.5399929762484854e-05,0.1,14.010248586243549,7.13934298370097e-05,7.138487489232754e-06,0.0999880171821109,0.9998801718211089,bare powers only; phase and profile prefactors uncomputed
4.5399929762484854e-05,0.1,14.837768017928529,6.74120871635076e-05,6.740383370079968e-06,0.09998775670201711,0.9998775670201709,bare powers only; phase and profile prefactors uncomputed
4.5399929762484854e-05,0.1,15.714165126950993,6.365276897489208e-05,6.3644809974351736e-06,0.0999874962226019,0.999874962226019,bare powers only; phase and profile prefactors uncomputed
4.5399929762484854e-05,0.1,16.642326887622865,6.010309380191233e-05,6.009542208907454e-06,0.09998723574386524,0.9998723574386523,bare powers only; phase and profile prefactors uncomputed
4.5399929762484854e-05,0.1,17.625310794238462,5.6751370643221795e-05,5.674397892804476e-06,0.09998697526580723,0.9998697526580722,bare powers only; phase and profile prefactors uncomputed
4.5399929762484854e-05,0.1,18.66635493288712,5.358656046058415e-05,5.3579441372652665e-06,0.09998671478842774,0.9998671478842773,bare powers only; phase and profile prefactors uncomputed
4.5399929762484854e-05,0.1,19.768888648160367,5.05982398213462e-05,5.0591385941508324e-06,0.0999864543117269,0.999864543117269,bare powers only; phase and profile prefactors uncomputed
4.5399929762484854e-05,0.1,20.93654383989139,4.777656656843307e-05,4.776997045715793e-06,0.0999861938357046,0.999861938357046,bare powers only; phase and profile prefactors uncomputed
4.5399929762484854e-05,0.1,22.173166927139544,4.51122474047989e-05,4.510590162752334e-06,0.09998593336036084,0.9998593336036083,bare powers only; phase and profile prefactors uncomputed
4.5399929762484854e-05,0.1,23.482831518831304,4.259650728557013e-05,4.259040443528167e-06,0.09998567288569567,0.9998567288569565,bare powers only; phase and profile prefactors uncomputed
4.5399929762484854e-05,0.1,24.869851832796186,4.022106051707393e-05,4.0215193234359436e-06,0.09998541241170902,0.9998541241170903,bare powers only; phase and profile prefactors uncomputed
4.5399929762484854e-05,0.1,26.338796907401974,3.797808346756505e-05,3.7972444458337667e-06,0.099985151938401,0.9998515193840101,bare powers only; phase and profile prefactors uncomputed
4.5399929762484854e-05,0.1,27.89450565260444,3.586018879977224e-05,3.585477085087303e-06,0.09998489146577151,0.9998489146577151,bare powers only; phase and profile prefactors uncomputed
4.5399929762484854e-05,0.1,29.542102789991553,3.386040114039909e-05,3.3855197133255455e-06,0.09998463099382061,0.9998463099382062,bare powers only; phase and profile prefactors uncomputed
4.5399929762484854e-05,0.1,31.287015734331234,3.1972134106444575e-05,3.1967137028953555e-06,0.09998437052254822,0.9998437052254822,bare powers only; phase and profile prefactors uncomputed
4.5399929762484854e-05,0.1,33.13499247223256,3.018916861267958e-05,3.0184371569471635e-06,0.09998411005195443,0.9998411005195442,bare powers only; phase and profile prefactors uncomputed
4.5399929762484854e-05,0.1,35.092120496815305,2.8505632388833627e-05,2.8501028610060446e-06,0.09998384958203915,0.9998384958203914,bare powers only; phase and profile prefactors uncomputed
4.5399929762484854e-05,0.1,37.164846860761415,2.69159806390308e-05,2.6911563487810023e-06,0.09998358911280249,0.9998358911280247,bare powers only; phase and profile prefactors uncomputed
4.5399929762484854e-05,0.1,39.359999413805625,2.5414977779776407e-05,2.5410740758415507e-06,0.0999833286442443,0.999833286442443,bare powers only; phase and profile prefactors uncomputed
4.5399929762484854e-05,0.1,41.68480929462492,2.3997680196347e-05,2.3993616951459598e-06,0.09998306817636474,0.9998306817636473,bare powers only; phase and profile prefactors uncomputed
4.5399929762484854e-05,0.1,44.146934751217835,2.265941996079176e-05,2.265552428741027e-06,0.09998280770916365,0.9998280770916365,bare powers only; phase and profile prefactors uncomputed
4.5399929762484854e-05,0.1,46.75448636824141,2.1395789457919655e-05,2.139205530270055e-06,0.09998254724264113,0.9998254724264113,bare powers only; phase and profile prefactors uncomputed
4.5399929762484854e-05,0.1,49.51605378440846,2.0202626868637193e-05,2.019904833224711e-06,0.09998228677679714,0.9998228677679714,bare powers only; phase and profile prefactors uncomputed
4.5399929762484854e-05,0.1,52.4407339879553,1.9076002462825982e-05,1.9072573801590193e-06,0.09998202631163175,0.9998202631163176,bare powers only; phase and profile prefactors uncomputed
4.5399929762484854e-05,0.1,55.53816128338998,1.80122056566147e-05,1.800892128350269e-06,0.09998176584714487,0.9998176584714487,bare powers only; phase and profile prefactors uncomputed
4.5399929762484854e-05,0.1,58.81853902823503,1.700773279141834e-05,1.7004587276435421e-06,0.09998150538333654,0.9998150538333653,bare powers only; phase and profile prefactors uncomputed
4.5399929762484854e-05,0.1,62.29267324431008,1.6059275594494423e-05,1.6056263664542465e-06,0.0999812449202068,0.9998124492020679,bare powers only; phase and profile prefactors uncomputed
4.5399929762484854e-05,0.1,65.97200821427519,1.5163710283010436e-05,1.5160826821275742e-06,0.09998098445775554,0.9998098445775553,bare powers only; phase and profile prefactors uncomputed
4.5399929762484854e-05,0.1,69.8686641806938,1.431808727573652e-05,1.4315327320658055e-06,0.09998072399598275,0.9998072399598275,bare powers only; phase and profile prefactors uncomputed
4.5399929762484854e-05,0.1,73.99547727180246,1.3519621478478147e-05,1.3516980222344807e-06,0.09998046353488857,0.9998046353488858,bare powers only; phase and profile prefactors uncomputed
4.5399929762484854e-05,0.1,78.36604178550743,1.2765683111253812e-05,1.2763155898475256e-06,0.09998020307447293,0.9998020307447293,bare powers only; phase and profile prefactors uncomputed
4.5399929762484854e-05,0.1,82.99475497089797,1.2053789047006284e-05,1.2051371372098184e-06,0.09997994261473572,0.9997994261473573,bare powers only; phase and profile prefactors uncomputed
4.5399929762484854e-05,0.1,87.89686445479306,1.1381594633321434e-05,1.1379282138642376e-06,0.09997968215567714,0.9997968215567713,bare powers only; phase and profile prefactors uncomputed
4.5399929762484854e-05,0.1,93.08851846955056,1.0746885970219015e-05,1.0744674443492926e-06,0.09997942169729708,0.9997942169729707,bare powers only; phase and profile prefactors uncomputed
4.5399929762484854e-05,0.1,98.58681904759716,1.0147572618581813e-05,1.014545799023696e-06,0.09997916123959555,0.9997916123959556,bare powers only; phase and profile prefactors uncomputed
4.5399929762484854e-05,0.1,104.40987835790825,9.581680715208404e-06,9.579659055561088e-07,0.09997890078257245,0.9997890078257243,bare powers only; phase and profile prefactors uncomputed
4.5399929762484854e-05,0.1,110.57687837001873,9.047346471813416e-06,9.045413988122008e-07,0.09997864032622794,0.9997864032622793,bare powers only; phase and profile prefactors uncomputed
4.5399929762484854e-05,0.1,117.10813404210603,8.54281003656407e-06,8.54096306997652e-07,0.09997837987056196,0.9997837987056195,bare powers only; phase and profile prefactors uncomputed
4.5399929762484854e-05,0.1,124.02516024129615,8.066409697935664e-06,8.064644720351601e-07,0.09997811941557451,0.9997811941557451,bare powers only; phase and profile prefactors uncomputed
4.5399929762484854e-05,0.1,131.3507426166361,7.616576411796294e-06,7.614890022662713e-07,0.09997785896126547,0.9997785896126546,bare powers only; phase and profile prefactors uncomputed
4.5399929762484854e-05,0.1,139.1090126582001,7.191828633695373e-06,7.190217556753095e-07,0.09997759850763505,0.9997759850763503,bare powers only; phase and profile prefactors uncomputed
4.5399929762484854e-05,0.1,147.32552718958416,6.790767439335969e-06,6.78922851933227e-07,0.0999773380546831,0.9997733805468311,bare powers only; phase and profile prefactors uncomputed
4.5399929762484854e-05,0.1,156.0273525556467,6.412071917160038e-06,6.410602116541411e-07,0.0999770776024097,0.9997707760240969,bare powers only; phase and profile prefactors uncomputed
4.5399929762484854e-05,0.1,165.24315378282398,6.0544948178718344e-06,6.053091213469275e-07,0.0999768171508147,0.9997681715081469,bare powers only; phase and profile prefactors uncomputed
4.5399929762484854e-05,0.1,175.003289005725,5.716858446570977e-06,5.715518226288958e-07,0.0999765566998983,0.999765566998983,bare powers only; phase and profile prefactors uncomputed
4.5399929762484854e-05,0.1,185.33990947106184,5.398050783965795e-06,5.39677124348476e-07,0.09997629624966042,0.9997629624966042,bare powers only; phase and profile prefactors uncomputed
4.5399929762484854e-05,0.1,196.28706544833935,5.097021823892026e-06,5.095800363393254e-07,0.09997603580010102,0.99976035800101,bare powers only; phase and profile prefactors uncomputed
4.5399929762484854e-05,0.1,207.8808183961928,4.812780115074268e-06,4.811614235994839e-07,0.09997577535122004,0.9997577535122005,bare powers only; phase and profile prefactors uncomputed
4.5399929762484854e-05,0.1,220.1593597538627,4.5443894957403455e-06,4.5432767975650584e-07,0.09997551490301766,0.9997551490301766,bare powers only; phase and profile prefactors uncomputed
4.5399929762484854e-05,0.1,233.16313674912124,4.2909660103340395e-06,4.2899041874302044e-07,0.09997525445549375,0.9997525445549375,bare powers only; phase and profile prefactors uncomputed
4.5399929762484854e-05,0.1,246.9349856370827,4.051674998170985e-06,4.0506618366713415e-07,0.09997499400864825,0.9997499400864824,bare powers only; phase and profile prefactors uncomputed
4.5399929762484854e-05,0.1,261.5202728088019,3.825728344449393e-06,3.82476171918761e-07,0.09997473356248136,0.9997473356248137,bare powers only; phase and profile prefactors uncomputed
4.5399929762484854e-05,0.1,276.96704423449495,3.6123818845614713e-06,3.6114597560640273e-07,0.09997447311699284,0.9997447311699282,bare powers only; phase and profile prefactors uncomputed
4.5399929762484854e-05,0.1,293.32618373366444,3.410932953156648e-06,3.4100533646943993e-07,0.099974212672183,0.9997421267218299,bare powers only; phase and profile prefactors uncomputed
4.5399929762484854e-05,0.1,310.65158059349886,3.2207180698843364e-06,3.219879144586388e-07,0.09997395222805147,0.9997395222805147,bare powers only; phase and profile prefactors uncomputed
4.5399929762484854e-05,0.1,329.0003070877017,3.0411107541940246e-06,3.040310692226214e-07,0.09997369178459853,0.9997369178459853,bare powers only; phase and profile prefactors uncomputed
4.5399929762484854e-05,0.1,348.43280648051933,2.87151946199584e-06,2.870756537805524e-07,0.09997343134182397,0.9997343134182397,bare powers only; phase and profile prefactors uncomputed
4.5399929762484854e-05,0.1,369.0130921352843,2.7113856373857044e-06,2.710658197014292e-07,0.09997317089972808,0.9997317089972808,bare powers only; phase and profile prefactors uncomputed
4.5399929762484854e-05,0.1,390.80895838336386,2.5601818730184618e-06,2.559488331482643e-07,0.09997291045831048,0.9997291045831047,bare powers only; phase and profile prefactors uncomputed
4.5399929762484854e-05,0.1,413.89220384814075,2.417410173070085e-06,2.416749011812525e-07,0.09997265001757148,0.9997265001757148,bare powers only; phase and profile prefactors uncomputed
4.5399929762484854e-05,0.1,438.338867959694,2.2826003130679165e-06,2.2819700774777412e-07,0.09997238957751091,0.999723895775109,bare powers only; phase and profile prefactors uncomputed
4.5399929762484854e-05,0.1,464.22948143928664,2.1553082911869957e-06,2.1547075881902618e-07,0.09997212913812886,0.9997212913812885,bare powers only; phase and profile prefactors uncomputed
4.5399929762484854e-05,0.1,491.64933157879483,2.035114865911785e-06,2.0345423616318127e-07,0.09997186869942519,0.9997186869942518,bare powers only; phase and profile prefactors uncomputed
4.5399929762484854e-05,0.1,520.6887431889405,1.921624175246956e-06,1.9210785927342462e-07,0.09997160826140004,0.9997160826140005,bare powers only; phase and profile prefactors uncomputed
4.5399929762484854e-05,0.1,551.4433761418169,1.8144624329296289e-06,1.8139425499608606e-07,0.09997134782405338,0.9997134782405338,bare powers only; phase and profile prefactors uncomputed
4.5399929762484854e-05,0.1,584.0145404878507,1.7132766973488967e-06,1.7127813442943725e-07,0.0999710873873852,0.9997108738738519,bare powers only; phase and profile prefactors uncomputed
4.5399929762484854e-05,0.1,618.5095301852358,1.6177337091181234e-06,1.6172617668768694e-07,0.0999708269513954,0.999708269513954,bare powers only; phase and profile prefactors uncomputed
4.5399929762484854e-05,0.1,655.0419765411972,1.5275187934714186e-06,1.5270691914730307e-07,0.09997056651608416,0.9997056651608415,bare powers only; phase and profile prefactors uncomputed
4.5399929762484854e-05,0.1,693.7322225293678,1.4423348238693374e-06,1.441906538141539e-07,0.09997030608145135,0.9997030608145135,bare powers only; phase and profile prefactors uncomputed
4.5399929762484854e-05,0.1,734.7077192163248,1.3619012434003914e-06,1.3614932947011997e-07,0.09997004564749694,0.9997004564749693,bare powers only; phase and profile prefactors uncomputed
4.5399929762484854e-05,0.1,778.1034456031812,1.2859531407553106e-06,1.285564592768614e-07,0.09996978521422108,0.9996978521422107,bare powers only; phase and profile prefactors uncomputed
4.5399929762484854e-05,0.1,824.0623532652404,1.2142403777307353e-06,1.213870335324007e-07,0.09996952478162356,0.9996952478162355,bare powers only; phase and profile prefactors uncomputed
4.5399929762484854e-05,0.1,872.7358372544267,1.14652676538874e-06,1.1461743729315883e-07,0.09996926434970471,0.9996926434970471,bare powers only; phase and profile prefactors uncomputed
4.5399929762484854e-05,0.1,924.2842348156968,1.0825892861588489e-06,1.0822537259010126e-07,0.09996900391846414,0.9996900391846414,bare powers only; phase and profile prefactors uncomputed
4.5399929762484854e-05,0.1,978.8773535602901,1.0222173593204763e-06,1.0218978498278934e-07,0.09996874348790209,0.9996874348790209,bare powers only; phase and profile prefactors uncomputed
4.5399929762484854e-05,0.1,1036.695030835687,9.652121474466595e-07,9.649079420941495e-08,0.0999684830580184,0.9996848305801841,bare powers only; phase and profile prefactors uncomputed
4.5399929762484854e-05,0.1,1097.9277261349084,9.113859015247986e-07,9.110962870439282e-08,0.09996822262881334,0.9996822262881334,bare powers only; phase and profile prefactors uncomputed
4.5399929762484854e-05,0.1,1162.7771484966524,8.605613425975592e-07,8.602856376782065e-08,0.09996796220028656,0.9996796220028655,bare powers only; phase and profile prefactors uncomputed
4.5399929762484854e-05,0.1,1231.4569209630047,8.125710778873206e-07,8.12308631831484e-08,0.09996770177243831,0.9996770177243831,bare powers only; phase and profile prefactors uncomputed
4.5399929762484854e-05,0.1,1304.1932842835274,7.672570494811751e-07,7.670072409075307e-08,0.0999674413452684,0.999674413452684,bare powers only; phase and profile prefactors uncomputed
4.5399929762484854e-05,0.1,1381.2258421838474,7.244700137606809e-07,7.242322493584294e-08,0.09996718091877713,0.9996718091877713,bare powers only; phase and profile prefactors uncomputed
4.5399929762484854e-05,0.1,1462.8083506537441,6.840690498618606e-07,6.838427631923812e-08,0.09996692049296411,0.9996692049296412,bare powers only; phase and profile prefactors uncomputed
4.5399929762484854e-05,0.1,1549.2095538547792,6.459210955465284e-07,6.457057458913992e-08,0.09996666006782964,0.9996666006782964,bare powers only; phase and profile prefactors uncomputed
4.5399929762484854e-05,0.1,1640.714069401037,6.099005089563393e-07,6.09695580210263e-08,0.09996639964337349,0.9996639964337349,bare powers only; phase and profile prefactors uncomputed
4.5399929762484854e-05,0.1,1737.6233259292483,5.758886548061444e-07,5.756936544133689e-08,0.09996613921959598,0.9996613921959597,bare powers only; phase and profile prefactors uncomputed
4.5399929762484854e-05,0.1,1840.2565560467651,5.437735136538022e-07,5.4358797158661145e-08,0.09996587879649671,0.9996587879649671,bare powers only; phase and profile prefactors uncomputed
4.5399929762484854e-05,0.1,1948.9518479282847,5.134493129595279e-07,5.132727807374366e-08,0.09996561837407596,0.9996561837407595,bare powers only; phase and profile prefactors uncomputed
4.5399929762484854e-05,0.1,2064.0672590254585,4.848161787196821e-07,4.846482284679557e-08,0.09996535795233362,0.9996535795233362,bare powers only; phase and profile prefactors uncomputed
4.5399929762484854e-05,0.1,2185.981995558072,4.577798065276258e-07,4.5762003007379875e-08,0.09996509753126967,0.9996509753126965,bare powers only; phase and profile prefactors uncomputed
4.5399929762484854e-05,0.1,2315.097661672234,4.322511509782716e-07,4.320991589853513e-08,0.09996483711088419,0.9996483711088419,bare powers only; phase and profile prefactors uncomputed
4.5399929762484854e-05,0.1,2451.8395823804312,4.0814613239338133e-07,4.080015535284547e-08,0.09996457669117706,0.9996457669117704,bare powers only; phase and profile prefactors uncomputed
4.5399929762484854e-05,0.1,2596.65820464145,3.8538535990167757e-07,3.852478400386708e-08,0.09996431627214852,0.9996431627214852,bare powers only; phase and profile prefactors uncomputed
4.5399929762484854e-05,0.1,2750.03058119549,3.6389386996174293e-07,3.637630714171046e-08,0.09996405585379824,0.9996405585379823,bare powers only; phase and profile prefactors uncomputed
4.5399929762484854e-05,0.1,2912.4619420424137,3.436008794665099e-07,3.4347648026663344e-08,0.09996379543612648,0.9996379543612647,bare powers only; phase and profile prefactors uncomputed
4.5399929762484854e-05,0.1,3084.4873587398383,3.2443955261618256e-07,3.243212457953962e-08,0.09996353501913303,0.9996353501913302,bare powers only; phase and profile prefactors uncomputed
4.5399929762484854e-05,0.1,3266.6735070034856,3.0634678079177697e-07,3.0623427371977744e-08,0.09996327460281818,0.9996327460281815,bare powers only; phase and profile prefactors uncomputed
4.5399929762484854e-05,0.1,3459.620533416007,2.8926297470428664e-07,2.8915598844190937e-08,0.09996301418718152,0.9996301418718152,bare powers only; phase and profile prefactors uncomputed
4.5399929762484854e-05,0.1,3663.9640323935464,2.7313186813490705e-07,2.730301368171709e-08,0.09996275377222336,0.9996275377222335,bare powers only; phase and profile prefactors uncomputed
4.5399929762484854e-05,0.1,3880.377139922385,2.579003326199243e-07,2.5780360286530655e-08,0.0999624933579437,0.999624933579437,bare powers only; phase and profile prefactors uncomputed
4.5399929762484854e-05,0.1,4109.572750962785,2.4351820246993344e-07,2.434262328148701e-08,0.09996223294434234,0.9996223294434233,bare powers only; phase and profile prefactors uncomputed
4.5399929762484854e-05,0.1,4352.305867824393,2.2993810954707645e-07,2.298506699047139e-08,0.09996197253141953,0.9996197253141953,bare powers only; phase and profile prefactors uncomputed
4.5399929762484854e-05,0.1,4609.376087249164,2.171153272561271e-07,2.1703219839837438e-08,0.09996171211917496,0.9996171211917495,bare powers only; phase and profile prefactors uncomputed
4.5399929762484854e-05,0.1,4881.630234394565,2.05007623235608e-07,2.0492859629757887e-08,0.0999614517076088,0.9996145170760878,bare powers only; phase and profile prefactors uncomputed
4.5399929762484854e-05,0.1,5169.96515239373,1.935751202637719e-07,1.9349999626972716e-08,0.09996119129672121,0.999611912967212,bare powers only; phase and profile prefactors uncomputed
4.5399929762484854e-05,0.1,5475.330656681835,1.8278016492132762e-07,1.827087543312606e-08,0.09996093088651181,0.999609308865118,bare powers only; phase and profile prefactors uncomputed
4.5399929762484854e-05,0.1,5798.732663820638,1.7258720357835275e-07,1.725193258543933e-08,0.09996067047698086,0.9996067047698086,bare powers only; phase and profile prefactors uncomputed
4.5399929762484854e-05,0.1,6141.236505127898,1.629626652969505e-07,1.628981484887834e-08,0.09996041006812846,0.9996041006812845,bare powers only; phase and profile prefactors uncomputed
4.5399929762484854e-05,0.1,6503.9704360273445,1.5387485126398405e-07,1.538135316125105e-08,0.09996014965995427,0.9996014965995427,bare powers only; phase and profile prefactors uncomputed
4.5399929762484854e-05,0.1,6888.1293526793925,1.452938303897287e-07,1.4523555194822768e-08,0.0999598892524585,0.9995988925245849,bare powers only; phase and profile prefactors uncomputed
4.5399929762484854e-05,0.1,7294.978728135781,1.371913407285954e-07,1.3713595500066303e-08,0.09995962884564126,0.9995962884564127,bare powers only; phase and profile prefactors uncomputed
4.5399929762484854e-05,0.1,7725.858780984264,1.2954069639725124e-07,1.2948806199082541e-08,0.09995936843950226,0.9995936843950227,bare powers only; phase and profile prefactors uncomputed
4.5399929762484854e-05,0.1,8182.188890215582,1.2231669968356214e-07,1.2226668198036637e-08,0.09995910803404182,0.9995910803404181,bare powers only; phase and profile prefactors uncomputed
4.5399929762484854e-05,0.1,8665.472270855858,1.154955580568903e-07,1.1544802889664999e-08,0.09995884762925956,0.9995884762925955,bare powers only; phase and profile prefactors uncomputed
4.5399929762484854e-05,0.1,9177.300925766493,1.0905480580641552e-07,1.0900964318523004e-08,0.09995858722515572,0.999585872251557,bare powers only; phase and profile prefactors uncomputed
4.5399929762484854e-05,0.1,9719.360889923666,1.0297323004939137e-07,1.0293031783166296e-08,0.09995832682173043,0.9995832682173043,bare powers only; phase and profile prefactors uncomputed
4.5399929762484854e-05,0.1,10293.437784452732,9.723080086564211e-08,9.719002850898796e-09,0.09995806641898333,0.9995806641898332,bare powers only; phase and profile prefactors uncomputed
4.5399929762484854e-05,0.1,10901.422698713197,9.18086053281966e-08,9.176986762079352e-09,0.09995780601691465,0.9995780601691464,bare powers only; phase and profile prefactors uncomputed
4.5399929762484854e-05,0.1,11545.318419810872,8.668878521278331e-08,8.665198202261193e-09,0.0999575456155245,0.9995754561552448,bare powers only; phase and profile prefactors uncomputed
4.5399929762484854e-05,0.1,12227.246030057917,8.185447818103468e-08,8.181951421651331e-09,0.09995728521481251,0.9995728521481251,bare powers only; phase and profile prefactors uncomputed
4.5399929762484854e-05,0.1,12949.451894113823,7.728976224368006e-08,7.725654682519905e-09,0.09995702481477911,0.999570248147791,bare powers only; phase and profile prefactors uncomputed
4.5399929762484854e-05,0.1,13714.315058823875,7.297960332081983e-08,7.294805016270275e-09,0.09995676441542391,0.9995676441542389,bare powers only; phase and profile prefactors uncomputed
4.5399929762484854e-05,0.1,14524.35509013139,6.890980572656262e-08,6.887983272900415e-09,0.09995650401674704,0.9995650401674703,bare powers only; phase and profile prefactors uncomputed
4.5399929762484854e-05,0.1,15382.240372879189,6.506696541495054e-08,6.503849446549495e-09,0.09995624361874875,0.9995624361874875,bare powers only; phase and profile prefactors uncomputed
4.5399929762484854e-05,0.1,16290.796900841538,6.14384258331816e-08,6.141138261732488e-09,0.09995598322142862,0.9995598322142862,bare powers only; phase and profile prefactors uncomputed
4.5399929762484854e-05,0.1,17253.01758594178,5.801223623673181e-08,5.798655005724824e-09,0.0999557228247869,0.999557228247869,bare powers only; phase and profile prefactors uncomputed
4.5399929762484854e-05,0.1,18272.07211732163,5.4777112329085354e-08,5.475271593369346e-09,0.09995546242882368,0.9995546242882368,bare powers only; phase and profile prefactors uncomputed
4.5399929762484854e-05,0.1,19351.317402739274,5.172239909644066e-08,5.169922851344044e-09,0.09995520203353866,0.9995520203353867,bare powers only; phase and profile prefactors uncomputed
4.5399929762484854e-05,0.1,20494.308626691865,4.883803571498272e-08,4.881603009651175e-09,0.09995494163893201,0.99954941638932,bare powers only; phase and profile prefactors uncomputed
4.5399929762484854e-05,0.1,21704.810961688905,4.61145224151456e-08,4.609362388771464e-09,0.09995468124500387,0.9995468124500386,bare powers only; phase and profile prefactors uncomputed
4.5399929762484854e-05,0.1,22986.811971255767,4.354288919373091e-08,4.3523042715714675e-09,0.09995442085175392,0.9995442085175392,bare powers only; phase and profile prefactors uncomputed
4.5399929762484854e-05,0.1,24344.534745524074,4.1114666270832334e-08,4.1095819496605135e-09,0.0999541604591825,0.999541604591825,bare powers only; phase and profile prefactors uncomputed
4.5399929762484854e-05,0.1,25782.451812679625,3.8821856194267e-08,3.880395934468432e-09,0.09995390006728909,0.9995390006728908,bare powers only; phase and profile prefactors uncomputed
4.5399929762484854e-05,0.1,27305.299872094016,3.665690749963689e-08,3.6639913238578942e-09,0.09995363967607437,0.9995363967607437,bare powers only; phase and profile prefactors uncomputed
4.5399929762484854e-05,0.1,28918.09539767298,3.46126898392708e-08,3.4596553155973224e-09,0.09995337928553802,0.9995337928553802,bare powers only; phase and profile prefactors uncomputed
4.5399929762484854e-05,0.1,30626.151162821316,3.268247049812993e-08,3.2667148595041287e-09,0.09995311889567982,0.999531188956798,bare powers only; phase and profile prefactors uncomputed
4.5399929762484854e-05,0.1,32435.093741459146,3.0859892219333966e-08,3.0845344405249274e-09,0.09995285850649997,0.9995285850649996,bare powers only; phase and profile prefactors uncomputed
4.5399929762484854e-05,0.1,34350.882042741396,2.913895226627374e-08,2.912513985450404e-09,0.09995259811799861,0.9995259811799861,bare powers only; phase and profile prefactors uncomputed
4.5399929762484854e-05,0.1,36379.826940535604,2.7513982652351144e-08,2.7500868863699902e-09,0.09995233773017545,0.9995233773017544,bare powers only; phase and profile prefactors uncomputed
4.5399929762484854e-05,0.1,38528.61206232066,2.59796314732316e-08,2.596718134355882e-09,0.0999520773430308,0.999520773430308,bare powers only; phase and profile prefactors uncomputed
4.5399929762484854e-05,0.1,40804.31580598789,2.45308452801271e-08,2.4519025572290632e-09,0.0999518169565643,0.9995181695656429,bare powers only; phase and profile prefactors uncomputed
4.5399929762484854e-05,0.1,43214.434657070895,2.3162852436054288e-08,2.31516315560282e-09,0.09995155657077615,0.9995155657077613,bare powers only; phase and profile prefactors uncomputed
4.5399929762484854e-05,0.1,45766.907883214815,2.1871147400251518e-08,2.1860495317229098e-09,0.09995129618566652,0.999512961856665,bare powers only; phase and profile prefactors uncomputed
4.5399929762484854e-05,0.1,48470.143687230746,2.0651475888995194e-08,2.064136405929301e-09,0.09995103580123504,0.9995103580123503,bare powers only; phase and profile prefactors uncomputed
4.5399929762484854e-05,0.1,51333.04690488887,1.949982086394087e-08,1.949022215852881e-09,0.09995077541748186,0.9995077541748185,bare powers only; phase and profile prefactors uncomputed
4.5399929762484854e-05,0.1,54365.04833868941,1.8412389301842025e-08,1.8403277937331202e-09,0.09995051503440723,0.9995051503440723,bare powers only; phase and profile prefactors uncomputed
4.5399929762484854e-05,0.1,57576.1358242414,1.7385599702071913e-08,1.7376951175000094e-09,0.09995025465201073,0.9995025465201072,bare powers only; phase and profile prefactors uncomputed
4.5399929762484854e-05,0.1,60976.88713158624,1.641607029080385e-08,1.6407861315065647e-09,0.09994999427029257,0.9994999427029255,bare powers only; phase and profile prefactors uncomputed
4.5399929762484854e-05,0.1,64578.504809847385,1.5500607882999708e-08,1.5492816330274764e-09,0.09994973388925289,0.9994973388925288,bare powers only; phase and profile prefactors uncomputed
4.5399929762484854e-05,0.1,68392.85308999018,1.4636197365523499e-08,1.4628802208562963e-09,0.09994947350889136,0.9994947350889135,bare powers only; phase and profile prefactors uncomputed
4.5399929762484854e-05,0.1,72432.49696725263,1.3819991766742313e-08,1.3812973025380318e-09,0.09994921312920833,0.9994921312920831,bare powers only; phase and profile prefactors uncomputed
4.5399929762484854e-05,0.1,76710.74359199268,1.3049302879907886e-08,1.3042641569670045e-09,0.09994895275020325,0.9994895275020325,bare powers only; phase and profile prefactors uncomputed
4.5399929762484854e-05,0.1,81241.68610529743,1.2321592409436837e-08,1.2315270492624552e-09,0.09994869237187684,0.9994869237187685,bare powers only; phase and profile prefactors uncomputed
4.5399929762484854e-05,0.1,86040.25006375545,1.163446361092993e-08,1.1628463950063595e-09,0.09994843199422877,0.9994843199422877,bare powers only; phase and profile prefactors uncomputed
4.5399929762484854e-05,0.1,91122.2426063218,1.0985653397395568e-08,1.0979959710906147e-09,0.09994817161725883,0.9994817161725882,bare powers only; phase and profile prefactors uncomputed
4.5399929762484854e-05,0.1,96504.40452523911,1.0373024885679483e-08,1.036762170574237e-09,0.09994791124096722,0.999479112409672,bare powers only; phase and profile prefactors uncomputed
4.5399929762484854e-05,0.1,102204.46541254103,9.794560358552267e-09,9.789432990962189e-10,0.09994765086535404,0.9994765086535403,bare powers only; phase and profile prefactors uncomputed
4.5399929762484854e-05,0.1,108241.20206380203,9.248354619274531e-09,9.243489105265023e-10,0.09994739049041905,0.9994739049041904,bare powers only; phase and profile prefactors uncomputed
4.5399929762484854e-05,0.1,114634.5003315206,8.73260871675298e-09,8.72799179666845e-10,0.0999471301161625,0.9994713011616251,bare powers only; phase and profile prefactors uncomputed
4.5399929762484854e-05,0.1,121405.42063189101,8.245624020620877e-09,8.241243099353159e-10,0.09994686974258392,0.9994686974258391,bare powers only; phase and profile prefactors uncomputed
4.5399929762484854e-05,0.1,128576.26732075168,7.78579662672903e-09,7.781639740834897e-10,0.099946609369684,0.9994660936968398,bare powers only; phase and profile prefactors uncomputed
4.5399929762484854e-05,0.1,136170.6621672438,7.3516120746214816e-09,7.34766786104077e-10,0.09994634899746238,0.9994634899746236,bare powers only; phase and profile prefactors uncomputed
4.5399929762484854e-05,0.1,144213.62216721472,6.941640359597481e-09,6.937898025895853e-10,0.09994608862591887,0.9994608862591887,bare powers only; phase and profile prefactors uncomputed
4.5399929762484854e-05,0.1,152731.64195268982,6.554531222932319e-09,6.550980518995804e-10,0.09994582825505367,0.9994582825505367,bare powers only; phase and profile prefactors uncomputed
4.5399929762484854e-05,0.1,161752.7810688868,6.1890097047444605e-09,6.185640895856377e-10,0.09994556788486693,0.9994556788486693,bare powers only; phase and profile prefactors uncomputed
4.5399929762484854e-05,0.1,171306.7564062709,5.84387194486274e-09,5.840675786096817e-10,0.09994530751535832,0.9994530751535832,bare powers only; phase and profile prefactors uncomputed
4.5399929762484854e-05,0.1,181425.04009213694,5.517981217863343e-09,5.514948929730078e-10,0.099945047146528,0.9994504714652798,bare powers only; phase and profile prefactors uncomputed
4.5399929762484854e-05,0.1,192140.9631641861,5.21026418921775e-09,5.207387434503769e-10,0.09994478677837615,0.9994478677837615,bare powers only; phase and profile prefactors uncomputed
4.5399929762484854e-05,0.1,203489.8253676125,4.919707380221317e-09,4.916978241964409e-10,0.0999445264109024,0.9994452641090239,bare powers only; phase and profile prefactors uncomputed
4.5399929762484854e-05,0.1,215509.01143738898,4.6453538300594075e-09,4.642764790604694e-10,0.09994426604410712,0.9994426604410711,bare powers only; phase and profile prefactors uncomputed
4.5399929762484854e-05,0.1,228238.11424879584,4.38629994401759e-09,4.383843865102602e-10,0.09994400567798976,0.9994400567798976,bare powers only; phase and profile prefactors uncomputed
4.5399929762484854e-05,0.1,241719.06524187577,4.141692517455144e-09,4.139362621274353e-10,0.09994374531255104,0.9994374531255104,bare powers only; phase and profile prefactors uncomputed
4.5399929762484854e-05,0.1,255996.2725494454,3.9107259257405534e-09,3.9085157769418556e-10,0.09994348494779062,0.9994348494779062,bare powers only; phase and profile prefactors uncomputed
4.5399929762484854e-05,0.1,271116.7672836785,3.6926394708935433e-09,3.6905429594617916e-10,0.09994322458370829,0.9994322458370829,bare powers only; phase and profile prefactors uncomputed
4.5399929762484854e-05,0.1,287130.3584631485,3.4867148761949924e-09,3.484726201179586e-10,0.09994296422030423,0.9994296422030422,bare powers only; phase and profile prefactors uncomputed
4.5399929762484854e-05,0.1,304089.79709068534,3.2922739205129077e-09,3.290387574558509e-10,0.09994270385757864,0.9994270385757863,bare powers only; phase and profile prefactors uncomputed
4.5399929762484854e-05,0.1,322050.9499225322,3.1086762045533155e-09,3.1068869591947196e-10,0.09994244349553115,0.9994244349553114,bare powers only; phase and profile prefactors uncomputed
4.5399929762484854e-05,0.1,341072.98350123543,2.935317041678742e-09,2.9336199333628383e-10,0.09994218313416212,0.9994218313416211,bare powers only; phase and profile prefactors uncomputed
4.5399929762484854e-05,0.1,361218.55905848695,2.771625466347881e-09,2.7700157831472536e-10,0.09994192277347096,0.9994192277347095,bare powers only; phase and profile prefactors uncomputed
4.5399929762484854e-05,0.1,382554.03892996116,2.617062353617081e-09,2.615535622601693e-10,0.09994166241345845,0.9994166241345844,bare powers only; phase and profile prefactors uncomputed
4.5399929762484854e-05,0.1,405149.70516210457,2.4711186435101585e-09,2.469670618744908e-10,0.09994140205412422,0.9994140205412421,bare powers only; phase and profile prefactors uncomputed
4.5399929762484854e-05,0.1,429079.99103099835,2.3333136644083787e-09,2.331940315546095e-10,0.09994114169546803,0.9994114169546803,bare powers only; phase and profile prefactors uncomputed
4.5399929762484854e-05,0.1,454423.72623595473,2.203193549938701e-09,2.2018910513794745e-10,0.09994088133749017,0.9994088133749016,bare powers only; phase and profile prefactors uncomputed
4.5399929762484854e-05,0.1,481264.3965755363,2.0803297441461924e-09,2.0790944647353173e-10,0.09994062098019071,0.9994062098019071,bare powers only; phase and profile prefactors uncomputed
4.5399929762484854e-05,0.1,509690.4189614237,1.9643175900273333e-09,1.963146083265523e-10,0.09994036062356934,0.9994036062356932,bare powers only; phase and profile prefactors uncomputed
4.5399929762484854e-05,0.1,539795.4326760538,1.854774996775532e-09,1.853663991516328e-10,0.09994010026762623,0.9994010026762624,bare powers only; phase and profile prefactors uncomputed
4.5399929762484854e-05,0.1,571678.6078334769,1.7513411813492947e-09,1.7502875729597434e-10,0.09993983991236136,0.9993983991236136,bare powers only; phase and profile prefactors uncomputed
4.5399929762484854e-05,0.1,605444.9720595427,1.6536754802184478e-09,1.6526763221803325e-10,0.09993957955777494,0.9993957955777494,bare powers only; phase and profile prefactors uncomputed
4.5399929762484854e-05,0.1,641205.7564675488,1.5614562273747538e-09,1.560508723304711e-10,0.09993931920386677,0.9993931920386676,bare powers only; phase and profile prefactors uncomputed
4.5399929762484854e-05,0.1,679078.7620690458,1.4743796949116786e-09,1.4734811909796175e-10,0.0999390588506365,0.999390588506365,bare powers only; phase and profile prefactors uncomputed
4.5399929762484854e-05,0.1,719188.7478267926,1.3921590926840228e-09,1.3913070704102518e-10,0.09993879849808485,0.9993879849808484,bare powers only; phase and profile prefactors uncomputed
4.5399929762484854e-05,0.1,761667.8416281851,1.3145236237527666e-09,1.3137156931651193e-10,0.09993853814621141,0.9993853814621141,bare powers only; phase and profile prefactors uncomputed
4.5399929762484854e-05,0.1,806655.9755329442,1.2412175925042078e-09,1.2404514856374658e-10,0.09993827779501607,0.9993827779501607,bare powers only; phase and profile prefactors uncomputed
4.5399929762484854e-05,0.1,854301.3467288382,1.171999562505926e-09,1.171273127226624e-10,0.09993801744449897,0.9993801744449897,bare powers only; phase and profile prefactors uncomputed
4.5399929762484854e-05,0.1,904760.905713888,1.1066415613259372e-09,1.105952755466471e-10,0.09993775709466027,0.9993775709466026,bare powers only; phase and profile prefactors uncomputed
4.5399929762484854e-05,0.1,958200.8733131973,1.044928329696128e-09,1.0442752154828719e-10,0.09993749674549966,0.9993749674549965,bare powers only; phase and profile prefactors uncomputed
4.5399929762484854e-05,0.1,1014797.2882335407,9.86656612546971e-10,9.860373513078707e-11,0.09993723639701743,0.9993723639701741,bare powers only; phase and profile prefactors uncomputed
4.5399929762484854e-05,0.1,1074736.5869594063,9.316344895785924e-10,9.310473367163667e-11,0.09993697604921312,0.9993697604921311,bare powers only; phase and profile prefactors uncomputed
4.5399929762484854e-05,0.1,1138216.2179007847,8.7968074316336e-10,8.791240433811765e-11,0.09993671570208737,0.9993671570208736,bare powers only; phase and profile prefactors uncomputed
4.5399929762484854e-05,0.1,1205445.2918157706,8.3062426149817e-10,8.300964442652322e-11,0.09993645535563989,0.9993645535563989,bare powers only; phase and profile prefactors uncomputed
4.5399929762484854e-05,0.1,1276645.2706505638,7.843034750406662e-10,7.838030502858308e-11,0.09993619500987044,0.9993619500987043,bare powers only; phase and profile prefactors uncomputed
4.5399929762484854e-05,0.1,1352050.697066006,7.405658243733137e-10,7.400913783953984e-11,0.09993593466477922,0.9993593466477921,bare powers only; phase and profile prefactors uncomputed
4.5399929762484854e-05,0.1,1431909.96705383,6.992672577426591e-10,6.988174493266609e-11,0.0999356743203664,0.9993567432036641,bare powers only; phase and profile prefactors uncomputed
4.5399929762484854e-05,0.1,1516486.148187684,6.60271756618962e-10,6.598453133479374e-11,0.09993541397663164,0.9993541397663163,bare powers only; phase and profile prefactors uncomputed
4.5399929762484854e-05,0.1,1606057.8462044213,6.234508877135643e-10,6.230466024664383e-11,0.0999351536335751,0.9993515363357509,bare powers only; phase and profile prefactors uncomputed
4.5399929762484854e-05,0.1,1700920.1227702536,5.886833799785584e-10,5.88300107604583e-11,0.09993489329119681,0.999348932911968,bare powers only; phase and profile prefactors uncomputed
4.5399929762484854e-05,0.1,1801385.467455033,5.558547251956068e-10,5.554913793566642e-11,0.09993463294949688,0.9993463294949687,bare powers only; phase and profile prefactors uncomputed
4.5399929762484854e-05,0.1,1907784.8271164785,5.248568008384011e-10,5.245123510107703e-11,0.0999343726084752,0.9993437260847519,bare powers only; phase and profile prefactors uncomputed
4.5399929762484854e-05,0.1,2020468.6960852805,4.955875139666785e-10,4.952609825943016e-11,0.09993411226813136,0.9993411226813135,bare powers only; phase and profile prefactors uncomputed
4.5399929762484854e-05,0.1,2139808.2707423274,4.679504649789087e-10,4.676409247705912e-11,0.09993385192846609,0.9993385192846608,bare powers only; phase and profile prefactors uncomputed
4.5399929762484854e-05,0.1,2266196.6722913324,4.4185463011624574e-10,4.415612014795723e-11,0.09993359158947905,0.9993359158947903,bare powers only; phase and profile prefactors uncomputed
4.5399929762484854e-05,0.1,2400050.2417549235,4.1721406167202747e-10,4.1693591027716805e-11,0.09993333125117003,0.9993333125117002,bare powers only; phase and profile prefactors uncomputed
4.5399929762484854e-05,0.1,2541809.9114600397,3.939476049194639e-10,3.936839393863573e-11,0.09993307091353924,0.9993307091353923,bare powers only; phase and profile prefactors uncomputed
4.5399929762484854e-05,0.1,2691942.657530511,3.719786308252017e-10,3.7172870052792937e-11,0.09993281057658665,0.9993281057658665,bare powers only; phase and profile prefactors uncomputed
4.5399929762484854e-05,0.1,2850943.038171544,3.5123478366844875e-10,3.509978766509253e-11,0.09993255024031245,0.9993255024031245,bare powers only; phase and profile prefactors uncomputed
4.5399929762484854e-05,0.1,3019334.822813422,3.316477427344312e-10,3.314231837318199e-11,0.09993228990471643,0.9993228990471642,bare powers only; phase and profile prefactors uncomputed
4.5399929762484854e-05,0.1,3197672.7174810837,3.1315299729729935e-10,3.129401458578468e-11,0.09993202956979828,0.9993202956979829,bare powers only; phase and profile prefactors uncomputed
4.5399929762484854e-05,0.1,3386544.1920731002,2.956896341514019e-10,2.9548788285364667e-11,0.09993176923555869,0.9993176923555869,bare powers only; phase and profile prefactors uncomputed
4.5399929762484854e-05,0.1,3586571.415569484,2.7920013699113304e-10,2.7900890975168276e-11,0.0999315089019973,0.9993150890199729,bare powers only; phase and profile prefactors uncomputed
4.5399929762484854e-05,0.1,3798413.305543076,2.6363019697861126e-10,2.6344894744594067e-11,0.09993124856911392,0.9993124856911392,bare powers only; phase and profile prefactors uncomputed
4.5399929762484854e-05,0.1,4022767.6987259365,2.489285338752847e-10,2.487567439052201e-11,0.09993098823690871,0.9993098823690871,bare powers only; phase and profile prefactors uncomputed
4.5399929762484854e-05,0.1,4260373.649780869,2.350467271483547e-10,2.3488390535712782e-11,0.09993072790538193,0.9993072790538193,bare powers only; phase and profile prefactors uncomputed
4.5399929762484854e-05,0.1,4512013.865850546,2.2193905649575913e-10,2.2178473688671935e-11,0.09993046757453314,0.9993046757453312,bare powers only; phase and profile prefactors uncomputed
4.5399929762484854e-05,0.1,4778517.284904051,2.0956235126447055e-10,2.0941609192474442e-11,0.09993020724436254,0.9993020724436253,bare powers only; phase and profile prefactors uncomputed
4.5399929762484854e-05,0.1,5060761.806374096,1.9787584826617674e-10,1.977372301297394e-11,0.09992994691487014,0.9992994691487014,bare powers only; phase and profile prefactors uncomputed
4.5399929762484854e-05,0.1,5359677.183080246,1.8684105752204052e-10,1.8670968319584786e-11,0.09992968658605608,0.9992968658605608,bare powers only; phase and profile prefactors uncomputed
4.5399929762484854e-05,0.1,5676248.083964364,1.7642163549436908e-10,1.7629712814436238e-11,0.09992942625792023,0.9992942625792022,bare powers only; phase and profile prefactors uncomputed
4.5399929762484854e-05,0.1,6011517.337727448,1.6658326538767554e-10,1.664652676816325e-11,0.09992916593046221,0.9992916593046219,bare powers only; phase and profile prefactors uncomputed
4.5399929762484854e-05,0.1,6366589.368052807,1.5729354412490128e-10,1.571817172292596e-11,0.0999289056036827,0.9992890560368269,bare powers only; phase and profile prefactors uncomputed
4.5399929762484854e-05,0.1,6742633.831731758,1.4852187562654552e-10,1.484158982544613e-11,0.09992864527758141,0.9992864527758141,bare powers only; phase and profile prefactors uncomputed
4.5399929762484854e-05,0.1,7140889.471676164,1.4023937004122038e-10,1.401389375492722e-11,0.09992838495215811,0.999283849521581,bare powers only; phase and profile prefactors uncomputed
4.5399929762484854e-05,0.1,7562668.197510405,1.3241874859573384e-10,1.3232357212680554e-11,0.09992812462741295,0.9992812462741294,bare powers only; phase and profile prefactors uncomputed
4.5399929762484854e-05,0.1,8009359.407184645,1.2503425375132675e-10,1.249440594213271e-11,0.09992786430334599,0.9992786430334599,bare powers only; phase and profile prefactors uncomputed
4.5399929762484854e-05,0.1,8482434.563845469,1.1806156437015906e-10,1.1797609249635503e-11,0.0999276039799574,0.9992760397995739,bare powers only; phase and profile prefactors uncomputed
4.5399929762484854e-05,0.1,8983452.043040713,1.1147771561264114e-10,1.1139671998149236e-11,0.09992734365724697,0.9992734365724695,bare powers only; phase and profile prefactors uncomputed
4.5399929762484854e-05,0.1,9514062.266225863,1.0526102330178867e-10,1.0518427047427776e-11,0.09992708333521436,0.9992708333521435,bare powers only; phase and profile prefactors uncomputed
4.5399929762484854e-05,0.1,10076013.137482585,9.939101250549168e-11,9.931828115804638e-12,0.09992682301386024,0.9992682301386024,bare powers only; phase and profile prefactors uncomputed
4.5399929762484854e-05,0.1,10671155.80135845,9.384835010148504e-11,9.377943040067954e-12,0.0999265626931843,0.999265626931843,bare powers only; phase and profile prefactors uncomputed
4.5399929762484854e-05,0.1,11301450.740795337,8.86147811029114e-11,8.854947411223232e-12,0.0999263023731862,0.999263023731862,bare powers only; phase and profile prefactors uncomputed
4.5399929762484854e-05,0.1,11968974.235233659,8.367306853477275e-11,8.361118565181763e-12,0.09992604205386658,0.9992604205386658,bare powers only; phase and profile prefactors uncomputed
4.5399929762484854e-05,0.1,12675925.200166425,7.90069366632423e-11,7.894829908579908e-12,0.09992578173522515,0.9992578173522513,bare powers only; phase and profile prefactors uncomputed
4.5399929762484854e-05,0.1,13424632.430673577,7.460101739086425e-11,7.454545561040305e-12,0.09992552141726152,0.9992552141726153,bare powers only; phase and profile prefactors uncomputed
4.5399929762484854e-05,0.1,14217562.272797745,7.04407996410937e-11,7.038815296227412e-12,0.0999252610999764,0.9992526109997639,bare powers only; phase and profile prefactors uncomputed
4.5399929762484854e-05,0.1,15057326.74803223,6.651258156546758e-11,6.64626976503327e-12,0.09992500078336941,0.999250007833694,bare powers only; phase and profile prefactors uncomputed
4.5399929762484854e-05,0.1,15946692.15768394,6.280342541600212e-11,6.275615985160252e-12,0.09992474046744025,0.9992474046744023,bare powers only; phase and profile prefactors uncomputed
4.5399929762484854e-05,0.1,16888588.195455834,5.930111493418749e-11,5.925633082243932e-12,0.09992448015218959,0.9992448015218959,bare powers only; phase and profile prefactors uncomputed
4.5399929762484854e-05,0.1,17886117.598266564,5.599411511623879e-11,5.595168268487883e-12,0.0999242198376171,0.9992421983761708,bare powers only; phase and profile prefactors uncomputed
4.5399929762484854e-05,0.1,18942566.367098644,5.287153422208332e-11,5.283133045564575e-12,0.09992395952372274,0.9992395952372273,bare powers only; phase and profile prefactors uncomputed
4.5399929762484854e-05,0.1,20061414.591544,4.992308790296853e-11,4.988499619275886e-12,0.09992369921050616,0.9992369921050616,bare powers only; phase and profile prefactors uncomputed
4.5399929762484854e-05,0.1,21246347.913704414,4.7139065329535174e-11,4.710297514163134e-12,0.09992343889796809,0.9992343889796809,bare powers only; phase and profile prefactors uncomputed
4.5399929762484854e-05,0.1,22501269.66921084,4.4510297208799683e-11,4.447610376915643e-12,0.09992317858610818,0.9992317858610816,bare powers only; phase and profile prefactors uncomputed
4.5399929762484854e-05,0.1,23830313.745355137,4.2028125584713e-11,4.199572958049605e-12,0.09992291827492604,0.9992291827492603,bare powers only; phase and profile prefactors uncomputed
4.5399929762484854e-05,0.1,25237858.198691536,3.968437532282286e-11,3.965368261914193e-12,0.09992265796442239,0.9992265796442238,bare powers only; phase and profile prefactors uncomputed
4.5399929762484854e-05,0.1,26728539.67696552,3.747132718513375e-11,3.744224855638442e-12,0.0999223976545969,0.9992239765459688,bare powers only; phase and profile prefactors uncomputed
4.5399929762484854e-05,0.1,28307268.69287819,3.538169240647812e-11,3.5354143281545424e-12,0.09992213734544915,0.9992213734544915,bare powers only; phase and profile prefactors uncomputed
4.5399929762484854e-05,0.1,29979245.8,3.3408588688667607e-11,3.338248890928083e-12,0.09992187703697993,0.9992187703697991,bare powers only; phase and profile prefactors uncomputed
4.5399929762484854e-05,0.001,1.0,0.001,1e-06,0.001,1.0,bare powers only; phase and profile prefactors uncomputed
4.5399929762484854e-05,0.001,1.0590652925671507,0.0009442337665721977,9.442313067364395e-07,0.0009999973948868963,0.9999973948868963,bare powers only; phase and profile prefactors uncomputed
4.5399929762484854e-05,0.001,1.1216192939203442,0.0008915774059351198,8.915727606212043e-07,0.0009999947897805792,0.9999947897805792,bare powers only; phase and profile prefactors uncomputed
4.5399929762484854e-05,0.001,1.1878680656647103,0.0008418574921967876,8.418509128119745e-07,0.0009999921846810488,0.9999921846810487,bare powers only; phase and profile prefactors uncomputed
4.5399929762484854e-05,0.001,1.2580298404943717,0.0007949102707739972,7.949019874817151e-07,0.0009999895795883048,0.9999895795883049,bare powers only; phase and profile prefactors uncomputed
4.5399929762484854e-05,0.001,1.3323357410813774,0.0007505811190598572,7.505713423672528e-07,0.0009999869745023473,0.9999869745023473,bare powers only; phase and profile prefactors uncomputed
4.5399929762484854e-05,0.001,1.4110305414260205,0.0007087240371678641,7.087129594023547e-07,0.0009999843694231767,0.9999843694231767,bare powers only; phase and profile prefactors uncomputed
4.5399929762484854e-05,0.001,1.4943734731765332,0.0006692011670752667,6.691889637575347e-07,0.0009999817643507926,0.9999817643507926,bare powers only; phase and profile prefactors uncomputed
4.5399929762484854e-05,0.001,1.5826390795742942,0.0006318823385819897,6.318691697023808e-07,0.0009999791592851949,0.9999791592851947,bare powers only; phase and profile prefactors uncomputed
4.5399929762484854e-05,0.001,1.6761181198375557,0.0005966446405897209,5.966306517945482e-07,0.0009999765542263836,0.9999765542263835,bare powers only; phase and profile prefactors uncomputed
4.5399929762484854e-05,0.001,1.7751185269628633,0.0005633720162891474,5.633573399829798e-07,0.0009999739491743588,0.9999739491743587,bare powers only; phase and profile prefactors uncomputed
4.5399929762484854e-05,0.001,1.8799664220992942,0.0005319548809220753,5.319396372916937e-07,0.0009999713441291203,0.9999713441291203,bare powers only; phase and profile prefactors uncomputed
4.5399929762484854e-05,0.001,1.9910071888370084,0.0005022897608595161,5.022740588248437e-07,0.0009999687390906686,0.9999687390906685,bare powers only; phase and profile prefactors uncomputed
4.5399929762484854e-05,0.001,2.1086066109489665,0.0004742789528070293,4.7426289090399746e-07,0.0009999661340590032,0.999966134059003,bare powers only; phase and profile prefactors uncomputed
4.5399929762484854e-05,0.001,2.233152077333695,0.0004478302020148989,4.47813869214883e-07,0.000999963529034124,0.9999635290341239,bare powers only; phase and profile prefactors uncomputed
4.5399929762484854e-05,0.001,2.36505385812835,0.0004228563984333163,4.228398749034701e-07,0.0009999609240160315,0.9999609240160313,bare powers only; phase and profile prefactors uncomputed
4.5399929762484854e-05,0.001,2.504746456195769,0.0003992752898118442,3.9925864762037615e-07,0.000999958319004725,0.999958319004725,bare powers only; phase and profile prefactors uncomputed
4.5399929762484854e-05,0.001,2.652690038437506,0.0003770092107982436,3.769925145684114e-07,0.000999955714000205,0.9999557140002049,bare powers only; phase and profile prefactors uncomputed
4.5399929762484854e-05,0.001,2.809371951647783,0.00035598482714443725,3.559681346607874e-07,0.0009999531090024714,0.9999531090024714,bare powers only; phase and profile prefactors uncomputed
4.5399929762484854e-05,0.001,2.975308327901806,0.0003361328941771447,3.3611625694728813e-07,0.000999950504011524,0.9999505040115241,bare powers only; phase and profile prefactors uncomputed
4.5399929762484854e-05,0.001,3.1510457847668056,0.0003173880287376994,3.1737149251269883e-07,0.0009999478990273631,0.9999478990273631,bare powers only; phase and profile prefactors uncomputed
4.5399929762484854e-05,0.001,3.337163225936544,0.0002996884938399228,2.9967209909615976e-07,0.0009999452940499885,0.9999452940499886,bare powers only; phase and profile prefactors uncomputed
4.5399929762484854e-05,0.001,3.534273748220822,0.00028297599533681924,2.829597777220188e-07,0.0009999426890794,0.9999426890794,bare powers only; phase and profile prefactors uncomputed
4.5399929762484854e-05,0.001,3.7430266611718848,0.0002671954899264015,2.671794806723142e-07,0.0009999400841155975,0.9999400841155974,bare powers only; phase and profile prefactors uncomputed
4.5399929762484854e-05,0.001,3.9641096260006474,0.0002522950038643098,2.522792301683825e-07,0.0009999374791585815,0.9999374791585814,bare powers only; phase and profile prefactors uncomputed
4.5399929762484854e-05,0.001,4.198250920828633,0.00023822546178614448,2.3820994716435492e-07,0.0009999348742083518,0.9999348742083518,bare powers only; phase and profile prefactors uncomputed
4.5399929762484854e-05,0.001,4.446221839737685,0.0002249405250757324,2.2492528968861706e-07,0.0009999322692649081,0.9999322692649081,bare powers only; phase and profile prefactors uncomputed
4.5399929762484854e-05,0.001,4.708839233520247,0.0002123964392469867,2.123815002007551e-07,0.0009999296643282507,0.9999296643282507,bare powers only; phase and profile prefactors uncomputed
4.5399929762484854e-05,0.001,4.986968200499797,0.0002005518898367052,2.0053726146120437e-07,0.0009999270593983795,0.9999270593983793,bare powers only; phase and profile prefactors uncomputed
4.5399929762484854e-05,0.001,5.281524936285394,0.0001893678663336846,1.8935356043886006e-07,0.0009999244544752945,0.9999244544752944,bare powers only; phase and profile prefactors uncomputed
4.5399929762484854e-05,0.001,5.5934797518477914,0.00017880753369599553,1.7879355980838222e-07,0.0009999218495589952,0.9999218495589952,bare powers only; phase and profile prefactors uncomputed
4.5399929762484854e-05,0.001,5.923860269859115,0.00016883611103325505,1.688224766139285e-07,0.0009999192446494823,0.9999192446494821,bare powers only; phase and profile prefactors uncomputed
4.5399929762484854e-05,0.001,6.273754809825263,0.0001594207570543322,1.5940746769965172e-07,0.0009999166397467556,0.9999166397467556,bare powers only; phase and profile prefactors uncomputed
4.5399929762484854e-05,0.001,6.644315973162161,0.00015053046190320333,1.505175215295889e-07,0.000999914034850815,0.9999140348508148,bare powers only; phase and profile prefactors uncomputed
4.5399929762484854e-05,0.001,7.036764440025576,0.00014213594502671446,1.421233560406139e-07,0.0009999114299616596,0.9999114299616598,bare powers only; phase and profile prefactors uncomputed
4.5399929762484854e-05,0.001,7.4523929904018065,0.00013420955873787345,1.3419732219199714e-07,0.000999908825079291,0.999908825079291,bare powers only; phase and profile prefactors uncomputed
4.5399929762484854e-05,0.001,7.892570762705272,0.00012672519715705485,1.2671331289388048e-07,0.0009999062202037086,0.9999062202037087,bare powers only; phase and profile prefactors uncomputed
4.5399929762484854e-05,0.001,8.3587477639114,0.00011965821023121029,1.1964667701469208e-07,0.0009999036153349116,0.9999036153349117,bare powers only; phase and profile prefactors uncomputed
4.5399929762484854e-05,0.001,8.852459646081842,0.00011298532254790354,1.1297413818425544e-07,0.0009999010104729013,0.9999010104729013,bare powers only; phase and profile prefactors uncomputed
4.5399929762484854e-05,0.001,9.37533276501656,0.00010668455667678163,1.0667371812514258e-07,0.0009998984056176763,0.9998984056176764,bare powers only; phase and profile prefactors uncomputed
4.5399929762484854e-05,0.001,9.929089537696655,0.00010073516078600264,1.0072466425973804e-07,0.000999895800769238,0.9998958007692379,bare powers only; phase and profile prefactors uncomputed
4.5399929762484854e-05,0.001,10.515554116166145,9.511754029522324e-05,9.510738135456158e-08,0.0009998931959275847,0.9998931959275847,bare powers only; phase and profile prefactors uncomputed
4.5399929762484854e-05,0.001,11.1366583965432,8.981319334004143e-05,8.980336697669861e-08,0.0009998905910927182,0.999890591092718,bare powers only; phase and profile prefactors uncomputed
4.5399929762484854e-05,0.001,11.794448382955435,8.480464983534437e-05,8.479515054974012e-08,0.0009998879862646365,0.9998879862646364,bare powers only; phase and profile prefactors uncomputed
4.5399929762484854e-05,0.001,12.491090927362858,8.007541393686349e-05,8.006623580849423e-08,0.0009998853814433418,0.9998853814433418,bare powers only; phase and profile prefactors uncomputed
4.5399929762484854e-05,0.001,13.228880867470423,7.560990971143251e-05,7.560104646292244e-08,0.000999882776628832,0.9998827766288321,bare powers only; phase and profile prefactors uncomputed
4.5399929762484854e-05,0.001,14.010248586243549,7.13934298370097e-05,7.138487489232752e-08,0.0009998801718211086,0.9998801718211088,bare powers only; phase and profile prefactors uncomputed
4.5399929762484854e-05,0.001,14.837768017928529,6.74120871635076e-05,6.740383370079967e-08,0.000999877567020171,0.9998775670201709,bare powers only; phase and profile prefactors uncomputed
4.5399929762484854e-05,0.001,15.714165126950993,6.365276897489208e-05,6.364480997435173e-08,0.000999874962226019,0.999874962226019,bare powers only; phase and profile prefactors uncomputed
4.5399929762484854e-05,0.001,16.642326887622865,6.010309380191233e-05,6.009542208907453e-08,0.0009998723574386524,0.9998723574386522,bare powers only; phase and profile prefactors uncomputed
4.5399929762484854e-05,0.001,17.625310794238462,5.6751370643221795e-05,5.6743978928044755e-08,0.0009998697526580722,0.9998697526580722,bare powers only; phase and profile prefactors uncomputed
4.5399929762484854e-05,0.001,18.66635493288712,5.358656046058415e-05,5.357944137265266e-08,0.0009998671478842773,0.9998671478842773,bare powers only; phase and profile prefactors uncomputed
4.5399929762484854e-05,0.001,19.768888648160367,5.05982398213462e-05,5.0591385941508315e-08,0.0009998645431172689,0.9998645431172689,bare powers only; phase and profile prefactors uncomputed
4.5399929762484854e-05,0.001,20.93654383989139,4.777656656843307e-05,4.776997045715793e-08,0.000999861938357046,0.999861938357046,bare powers only; phase and profile prefactors uncomputed
4.5399929762484854e-05,0.001,22.173166927139544,4.51122474047989e-05,4.510590162752333e-08,0.0009998593336036081,0.9998593336036081,bare powers only; phase and profile prefactors uncomputed
4.5399929762484854e-05,0.001,23.482831518831304,4.259650728557013e-05,4.259040443528167e-08,0.0009998567288569567,0.9998567288569566,bare powers only; phase and profile prefactors uncomputed
4.5399929762484854e-05,0.001,24.869851832796186,4.022106051707393e-05,4.021519323435944e-08,0.0009998541241170902,0.9998541241170903,bare powers only; phase and profile prefactors uncomputed
4.5399929762484854e-05,0.001,26.338796907401974,3.797808346756505e-05,3.797244445833767e-08,0.0009998515193840101,0.9998515193840101,bare powers only; phase and profile prefactors uncomputed
4.5399929762484854e-05,0.001,27.89450565260444,3.586018879977224e-05,3.585477085087302e-08,0.000999848914657715,0.9998489146577149,bare powers only; phase and profile prefactors uncomputed
4.5399929762484854e-05,0.001,29.542102789991553,3.386040114039909e-05,3.385519713325545e-08,0.000999846309938206,0.9998463099382061,bare powers only; phase and profile prefactors uncomputed
4.5399929762484854e-05,0.001,31.287015734331234,3.1972134106444575e-05,3.196713702895355e-08,0.000999843705225482,0.9998437052254819,bare powers only; phase and profile prefactors uncomputed
4.5399929762484854e-05,0.001,33.13499247223256,3.018916861267958e-05,3.0184371569471636e-08,0.0009998411005195443,0.9998411005195443,bare powers only; phase and profile prefactors uncomputed
4.5399929762484854e-05,0.001,35.092120496815305,2.8505632388833627e-05,2.8501028610060443e-08,0.0009998384958203913,0.9998384958203913,bare powers only; phase and profile prefactors uncomputed
4.5399929762484854e-05,0.001,37.164846860761415,2.69159806390308e-05,2.691156348781002e-08,0.0009998358911280246,0.9998358911280247,bare powers only; phase and profile prefactors uncomputed
4.5399929762484854e-05,0.001,39.359999413805625,2.5414977779776407e-05,2.5410740758415505e-08,0.0009998332864424428,0.9998332864424427,bare powers only; phase and profile prefactors uncomputed
4.5399929762484854e-05,0.001,41.68480929462492,2.3997680196347e-05,2.3993616951459596e-08,0.0009998306817636472,0.9998306817636472,bare powers only; phase and profile prefactors uncomputed
4.5399929762484854e-05,0.001,44.146934751217835,2.265941996079176e-05,2.2655524287410268e-08,0.0009998280770916364,0.9998280770916363,bare powers only; phase and profile prefactors uncomputed
4.5399929762484854e-05,0.001,46.75448636824141,2.1395789457919655e-05,2.1392055302700546e-08,0.0009998254724264111,0.9998254724264112,bare powers only; phase and profile prefactors uncomputed
4.5399929762484854e-05,0.001,49.51605378440846,2.0202626868637193e-05,2.019904833224711e-08,0.0009998228677679712,0.9998228677679712,bare powers only; phase and profile prefactors uncomputed
4.5399929762484854e-05,0.001,52.4407339879553,1.9076002462825982e-05,1.9072573801590193e-08,0.0009998202631163174,0.9998202631163176,bare powers only; phase and profile prefactors uncomputed
4.5399929762484854e-05,0.001,55.53816128338998,1.80122056566147e-05,1.800892128350269e-08,0.0009998176584714484,0.9998176584714484,bare powers only; phase and profile prefactors uncomputed
4.5399929762484854e-05,0.001,58.81853902823503,1.700773279141834e-05,1.700458727643542e-08,0.0009998150538333653,0.9998150538333651,bare powers only; phase and profile prefactors uncomputed
4.5399929762484854e-05,0.001,62.29267324431008,1.6059275594494423e-05,1.6056263664542464e-08,0.000999812449202068,0.9998124492020678,bare powers only; phase and profile prefactors uncomputed
4.5399929762484854e-05,0.001,65.97200821427519,1.5163710283010436e-05,1.516082682127574e-08,0.0009998098445775552,0.9998098445775553,bare powers only; phase and profile prefactors uncomputed
4.5399929762484854e-05,0.001,69.8686641806938,1.431808727573652e-05,1.4315327320658053e-08,0.0009998072399598273,0.9998072399598272,bare powers only; phase and profile prefactors uncomputed
4.5399929762484854e-05,0.001,73.99547727180246,1.3519621478478147e-05,1.3516980222344805e-08,0.0009998046353488857,0.9998046353488856,bare powers only; phase and profile prefactors uncomputed
4.5399929762484854e-05,0.001,78.36604178550743,1.2765683111253812e-05,1.2763155898475253e-08,0.0009998020307447292,0.9998020307447291,bare powers only; phase and profile prefactors uncomputed
4.5399929762484854e-05,0.001,82.99475497089797,1.2053789047006284e-05,1.2051371372098183e-08,0.0009997994261473572,0.9997994261473573,bare powers only; phase and profile prefactors uncomputed
4.5399929762484854e-05,0.001,87.89686445479306,1.1381594633321434e-05,1.1379282138642374e-08,0.0009997968215567712,0.9997968215567711,bare powers only; phase and profile prefactors uncomputed
4.5399929762484854e-05,0.001,93.08851846955056,1.0746885970219015e-05,1.0744674443492925e-08,0.0009997942169729707,0.9997942169729708,bare powers only; phase and profile prefactors uncomputed
4.5399929762484854e-05,0.001,98.58681904759716,1.0147572618581813e-05,1.0145457990236957e-08,0.0009997916123959552,0.9997916123959553,bare powers only; phase and profile prefactors uncomputed
4.5399929762484854e-05,0.001,104.40987835790825,9.581680715208404e-06,9.579659055561086e-09,0.0009997890078257243,0.9997890078257242,bare powers only; phase and profile prefactors uncomputed
4.5399929762484854e-05,0.001,110.57687837001873,9.047346471813416e-06,9.045413988122008e-09,0.0009997864032622794,0.9997864032622793,bare powers only; phase and profile prefactors uncomputed
4.5399929762484854e-05,0.001,117.10813404210603,8.54281003656407e-06,8.54096306997652e-09,0.0009997837987056196,0.9997837987056196,bare powers only; phase and profile prefactors uncomputed
4.5399929762484854e-05,0.001,124.02516024129615,8.066409697935664e-06,8.0646447203516e-09,0.000999781194155745,0.999781194155745,bare powers only; phase and profile prefactors uncomputed
4.5399929762484854e-05,0.001,131.3507426166361,7.616576411796294e-06,7.614890022662713e-09,0.0009997785896126547,0.9997785896126546,bare powers only; phase and profile prefactors uncomputed
4.5399929762484854e-05,0.001,139.1090126582001,7.191828633695373e-06,7.190217556753094e-09,0.0009997759850763504,0.9997759850763502,bare powers only; phase and profile prefactors uncomputed
4.5399929762484854e-05,0.001,147.32552718958416,6.790767439335969e-06,6.789228519332269e-09,0.000999773380546831,0.9997733805468311,bare powers only; phase and profile prefactors uncomputed
4.5399929762484854e-05,0.001,156.0273525556467,6.412071917160038e-06,6.41060211654141e-09,0.0009997707760240968,0.9997707760240969,bare powers only; phase and profile prefactors uncomputed
4.5399929762484854e-05,0.001,165.24315378282398,6.0544948178718344e-06,6.053091213469275e-09,0.000999768171508147,0.9997681715081469,bare powers only; phase and profile prefactors uncomputed
4.5399929762484854e-05,0.001,175.003289005725,5.716858446570977e-06,5.715518226288958e-09,0.000999765566998983,0.999765566998983,bare powers only; phase and profile prefactors uncomputed
4.5399929762484854e-05,0.001,185.33990947106184,5.398050783965795e-06,5.39677124348476e-09,0.000999762962496604,0.9997629624966041,bare powers only; phase and profile prefactors uncomputed
4.5399929762484854e-05,0.001,196.28706544833935,5.097021823892026e-06,5.095800363393254e-09,0.0009997603580010103,0.9997603580010102,bare powers only; phase and profile prefactors uncomputed
4.5399929762484854e-05,0.001,207.8808183961928,4.812780115074268e-06,4.811614235994839e-09,0.0009997577535122005,0.9997577535122003,bare powers only; phase and profile prefactors uncomputed
4.5399929762484854e-05,0.001,220.1593597538627,4.5443894957403455e-06,4.543276797565058e-09,0.0009997551490301764,0.9997551490301764,bare powers only; phase and profile prefactors uncomputed
4.5399929762484854e-05,0.001,233.16313674912124,4.2909660103340395e-06,4.289904187430204e-09,0.0009997525445549374,0.9997525445549375,bare powers only; phase and profile prefactors uncomputed
4.5399929762484854e-05,0.001,246.9349856370827,4.051674998170985e-06,4.050661836671341e-09,0.0009997499400864823,0.9997499400864822,bare powers only; phase and profile prefactors uncomputed
4.5399929762484854e-05,0.001,261.5202728088019,3.825728344449393e-06,3.8247617191876095e-09,0.0009997473356248134,0.9997473356248134,bare powers only; phase and profile prefactors uncomputed
4.5399929762484854e-05,0.001,276.96704423449495,3.6123818845614713e-06,3.6114597560640273e-09,0.0009997447311699283,0.9997447311699283,bare powers only; phase and profile prefactors uncomputed
4.5399929762484854e-05,0.001,293.32618373366444,3.410932953156648e-06,3.410053364694399e-09,0.00099974212672183,0.9997421267218298,bare powers only; phase and profile prefactors uncomputed
4.5399929762484854e-05,0.001,310.65158059349886,3.2207180698843364e-06,3.2198791445863874e-09,0.0009997395222805145,0.9997395222805145,bare powers only; phase and profile prefactors uncomputed
4.5399929762484854e-05,0.001,329.0003070877017,3.0411107541940246e-06,3.0403106922262137e-09,0.0009997369178459852,0.9997369178459852,bare powers only; phase and profile prefactors uncomputed
4.5399929762484854e-05,0.001,348.43280648051933,2.87151946199584e-06,2.8707565378055238e-09,0.0009997343134182397,0.9997343134182395,bare powers only; phase and profile prefactors uncomputed
4.5399929762484854e-05,0.001,369.0130921352843,2.7113856373857044e-06,2.7106581970142912e-09,0.0009997317089972806,0.9997317089972806,bare powers only; phase and profile prefactors uncomputed
4.5399929762484854e-05,0.001,390.80895838336386,2.5601818730184618e-06,2.5594883314826427e-09,0.0009997291045831047,0.9997291045831047,bare powers only; phase and profile prefactors uncomputed
4.5399929762484854e-05,0.001,413.89220384814075,2.417410173070085e-06,2.416749011812525e-09,0.0009997265001757147,0.9997265001757148,bare powers only; phase and profile prefactors uncomputed
4.5399929762484854e-05,0.001,438.338867959694,2.2826003130679165e-06,2.281970077477741e-09,0.0009997238957751091,0.9997238957751091,bare powers only; phase and profile prefactors uncomputed
4.5399929762484854e-05,0.001,464.22948143928664,2.1553082911869957e-06,2.1547075881902617e-09,0.0009997212913812885,0.9997212913812886,bare powers only; phase and profile prefactors uncomputed
4.5399929762484854e-05,0.001,491.64933157879483,2.035114865911785e-06,2.0345423616318123e-09,0.0009997186869942518,0.9997186869942516,bare powers only; phase and profile prefactors uncomputed
4.5399929762484854e-05,0.001,520.6887431889405,1.921624175246956e-06,1.9210785927342462e-09,0.0009997160826140004,0.9997160826140005,bare powers only; phase and profile prefactors uncomputed
4.5399929762484854e-05,0.001,551.4433761418169,1.8144624329296289e-06,1.8139425499608605e-09,0.0009997134782405337,0.9997134782405338,bare powers only; phase and profile prefactors uncomputed
4.5399929762484854e-05,0.001,584.0145404878507,1.7132766973488967e-06,1.7127813442943724e-09,0.000999710873873852,0.9997108738738518,bare powers only; phase and profile prefactors uncomputed
4.5399929762484854e-05,0.001,618.5095301852358,1.6177337091181234e-06,1.6172617668768693e-09,0.0009997082695139539,0.9997082695139539,bare powers only; phase and profile prefactors uncomputed
4.5399929762484854e-05,0.001,655.0419765411972,1.5275187934714186e-06,1.5270691914730305e-09,0.0009997056651608414,0.9997056651608414,bare powers only; phase and profile prefactors uncomputed
4.5399929762484854e-05,0.001,693.7322225293678,1.4423348238693374e-06,1.441906538141539e-09,0.0009997030608145136,0.9997030608145135,bare powers only; phase and profile prefactors uncomputed
4.5399929762484854e-05,0.001,734.7077192163248,1.3619012434003914e-06,1.3614932947011997e-09,0.0009997004564749694,0.9997004564749694,bare powers only; phase and profile prefactors uncomputed
4.5399929762484854e-05,0.001,778.1034456031812,1.2859531407553106e-06,1.285564592768614e-09,0.0009996978521422109,0.9996978521422107,bare powers only; phase and profile prefactors uncomputed
4.5399929762484854e-05,0.001,824.0623532652404,1.2142403777307353e-06,1.2138703353240069e-09,0.0009996952478162355,0.9996952478162354,bare powers only; phase and profile prefactors uncomputed
4.5399929762484854e-05,0.001,872.7358372544267,1.14652676538874e-06,1.146174372931588e-09,0.000999692643497047,0.9996926434970469,bare powers only; phase and profile prefactors uncomputed
4.5399929762484854e-05,0.001,924.2842348156968,1.0825892861588489e-06,1.0822537259010125e-09,0.0009996900391846413,0.9996900391846413,bare powers only; phase and profile prefactors uncomputed
4.5399929762484854e-05,0.001,978.8773535602901,1.0222173593204763e-06,1.0218978498278932e-09,0.0009996874348790208,0.9996874348790207,bare powers only; phase and profile prefactors uncomputed
4.5399929762484854e-05,0.001,1036.695030835687,9.652121474466595e-07,9.649079420941494e-10,0.000999684830580184,0.999684830580184,bare powers only; phase and profile prefactors uncomputed
4.5399929762484854e-05,0.001,1097.9277261349084,9.113859015247986e-07,9.110962870439282e-10,0.0009996822262881334,0.9996822262881334,bare powers only; phase and profile prefactors uncomputed
4.5399929762484854e-05,0.001,1162.7771484966524,8.605613425975592e-07,8.602856376782064e-10,0.0009996796220028655,0.9996796220028654,bare powers only; phase and profile prefactors uncomputed
4.5399929762484854e-05,0.001,1231.4569209630047,8.125710778873206e-07,8.12308631831484e-10,0.0009996770177243832,0.999677017724383,bare powers only; phase and profile prefactors uncomputed
4.5399929762484854e-05,0.001,1304.1932842835274,7.672570494811751e-07,7.670072409075307e-10,0.000999674413452684,0.9996744134526842,bare powers only; phase and profile prefactors uncomputed
4.5399929762484854e-05,0.001,1381.2258421838474,7.244700137606809e-07,7.242322493584294e-10,0.0009996718091877712,0.9996718091877712,bare powers only; phase and profile prefactors uncomputed
4.5399929762484854e-05,0.001,1462.8083506537441,6.840690498618606e-07,6.838427631923811e-10,0.000999669204929641,0.999669204929641,bare powers only; phase and profile prefactors uncomputed
4.5399929762484854e-05,0.001,1549.2095538547792,6.459210955465284e-07,6.457057458913991e-10,0.0009996666006782963,0.9996666006782963,bare powers only; phase and profile prefactors uncomputed
4.5399929762484854e-05,0.001,1640.714069401037,6.099005089563393e-07,6.09695580210263e-10,0.0009996639964337348,0.9996639964337348,bare powers only; phase and profile prefactors uncomputed
4.5399929762484854e-05,0.001,1737.6233259292483,5.758886548061444e-07,5.756936544133688e-10,0.0009996613921959597,0.9996613921959598,bare powers only; phase and profile prefactors uncomputed
4.5399929762484854e-05,0.001,1840.2565560467651,5.437735136538022e-07,5.435879715866113e-10,0.000999658787964967,0.9996587879649669,bare powers only; phase and profile prefactors uncomputed
4.5399929762484854e-05,0.001,1948.9518479282847,5.134493129595279e-07,5.132727807374366e-10,0.0009996561837407596,0.9996561837407596,bare powers only; phase and profile prefactors uncomputed
4.5399929762484854e-05,0.001,2064.0672590254585,4.848161787196821e-07,4.846482284679557e-10,0.000999653579523336,0.9996535795233361,bare powers only; phase and profile prefactors uncomputed
4.5399929762484854e-05,0.001,2185.981995558072,4.577798065276258e-07,4.5762003007379867e-10,0.0009996509753126964,0.9996509753126965,bare powers only; phase and profile prefactors uncomputed
4.5399929762484854e-05,0.001,2315.097661672234,4.322511509782716e-07,4.320991589853513e-10,0.000999648371108842,0.9996483711088419,bare powers only; phase and profile prefactors uncomputed
4.5399929762484854e-05,0.001,2451.8395823804312,4.0814613239338133e-07,4.0800155352845467e-10,0.0009996457669117704,0.9996457669117704,bare powers only; phase and profile prefactors uncomputed
4.5399929762484854e-05,0.001,2596.65820464145,3.8538535990167757e-07,3.852478400386708e-10,0.000999643162721485,0.999643162721485,bare powers only; phase and profile prefactors uncomputed
4.5399929762484854e-05,0.001,2750.03058119549,3.6389386996174293e-07,3.637630714171046e-10,0.0009996405585379823,0.9996405585379823,bare powers only; phase and profile prefactors uncomputed
4.5399929762484854e-05,0.001,2912.4619420424137,3.436008794665099e-07,3.434764802666334e-10,0.0009996379543612648,0.9996379543612647,bare powers only; phase and profile prefactors uncomputed
4.5399929762484854e-05,0.001,3084.4873587398383,3.2443955261618256e-07,3.2432124579539613e-10,0.0009996353501913302,0.9996353501913301,bare powers only; phase and profile prefactors uncomputed
4.5399929762484854e-05,0.001,3266.6735070034856,3.0634678079177697e-07,3.0623427371977743e-10,0.0009996327460281816,0.9996327460281816,bare powers only; phase and profile prefactors uncomputed
4.5399929762484854e-05,0.001,3459.620533416007,2.8926297470428664e-07,2.8915598844190935e-10,0.0009996301418718151,0.9996301418718151,bare powers only; phase and profile prefactors uncomputed
4.5399929762484854e-05,0.001,3663.9640323935464,2.7313186813490705e-07,2.7303013681717086e-10,0.0009996275377222334,0.9996275377222333,bare powers only; phase and profile prefactors uncomputed
4.5399929762484854e-05,0.001,3880.377139922385,2.579003326199243e-07,2.5780360286530653e-10,0.000999624933579437,0.999624933579437,bare powers only; phase and profile prefactors uncomputed
4.5399929762484854e-05,0.001,4109.572750962785,2.4351820246993344e-07,2.4342623281487005e-10,0.0009996223294434232,0.9996223294434232,bare powers only; phase and profile prefactors uncomputed
4.5399929762484854e-05,0.001,4352.305867824393,2.2993810954707645e-07,2.2985066990471388e-10,0.0009996197253141952,0.9996197253141951,bare powers only; phase and profile prefactors uncomputed
4.5399929762484854e-05,0.001,4609.376087249164,2.171153272561271e-07,2.1703219839837436e-10,0.0009996171211917495,0.9996171211917495,bare powers only; phase and profile prefactors uncomputed
4.5399929762484854e-05,0.001,4881.630234394565,2.05007623235608e-07,2.0492859629757885e-10,0.000999614517076088,0.9996145170760878,bare powers only; phase and profile prefactors uncomputed
4.5399929762484854e-05,0.001,5169.96515239373,1.935751202637719e-07,1.9349999626972713e-10,0.0009996119129672119,0.9996119129672119,bare powers only; phase and profile prefactors uncomputed
4.5399929762484854e-05,0.001,5475.330656681835,1.8278016492132762e-07,1.827087543312606e-10,0.000999609308865118,0.9996093088651181,bare powers only; phase and profile prefactors uncomputed
4.5399929762484854e-05,0.001,5798.732663820638,1.7258720357835275e-07,1.7251932585439328e-10,0.0009996067047698084,0.9996067047698084,bare powers only; phase and profile prefactors uncomputed
4.5399929762484854e-05,0.001,6141.236505127898,1.629626652969505e-07,1.6289814848878337e-10,0.0009996041006812843,0.9996041006812845,bare powers only; phase and profile prefactors uncomputed
4.5399929762484854e-05,0.001,6503.9704360273445,1.5387485126398405e-07,1.5381353161251048e-10,0.0009996014965995427,0.9996014965995427,bare powers only; phase and profile prefactors uncomputed
4.5399929762484854e-05,0.001,6888.1293526793925,1.452938303897287e-07,1.4523555194822767e-10,0.0009995988925245848,0.9995988925245848,bare powers only; phase and profile prefactors uncomputed
4.5399929762484854e-05,0.001,7294.978728135781,1.371913407285954e-07,1.3713595500066301e-10,0.0009995962884564126,0.9995962884564126,bare powers only; phase and profile prefactors uncomputed
4.5399929762484854e-05,0.001,7725.858780984264,1.2954069639725124e-07,1.294880619908254e-10,0.0009995936843950227,0.9995936843950225,bare powers only; phase and profile prefactors uncomputed
4.5399929762484854e-05,0.001,8182.188890215582,1.2231669968356214e-07,1.2226668198036634e-10,0.0009995910803404179,0.999591080340418,bare powers only; phase and profile prefactors uncomputed
4.5399929762484854e-05,0.001,8665.472270855858,1.154955580568903e-07,1.1544802889664998e-10,0.0009995884762925955,0.9995884762925955,bare powers only; phase and profile prefactors uncomputed
4.5399929762484854e-05,0.001,9177.300925766493,1.0905480580641552e-07,1.0900964318523004e-10,0.000999585872251557,0.9995858722515572,bare powers only; phase and profile prefactors uncomputed
4.5399929762484854e-05,0.001,9719.360889923666,1.0297323004939137e-07,1.0293031783166295e-10,0.0009995832682173041,0.9995832682173041,bare powers only; phase and profile prefactors uncomputed
4.5399929762484854e-05,0.001,10293.437784452732,9.723080086564211e-08,9.719002850898795e-11,0.0009995806641898333,0.9995806641898332,bare powers only; phase and profile prefactors uncomputed
4.5399929762484854e-05,0.001,10901.422698713197,9.18086053281966e-08,9.176986762079351e-11,0.0009995780601691465,0.9995780601691464,bare powers only; phase and profile prefactors uncomputed
4.5399929762484854e-05,0.001,11545.318419810872,8.668878521278331e-08,8.665198202261191e-11,0.0009995754561552448,0.9995754561552448,bare powers only; phase and profile prefactors uncomputed
4.5399929762484854e-05,0.001,12227.246030057917,8.185447818103468e-08,8.181951421651331e-11,0.000999572852148125,0.999572852148125,bare powers only; phase and profile prefactors uncomputed
4.5399929762484854e-05,0.001,12949.451894113823,7.728976224368006e-08,7.725654682519905e-11,0.000999570248147791,0.999570248147791,bare powers only; phase and profile prefactors uncomputed
4.5399929762484854e-05,0.001,13714.315058823875,7.297960332081983e-08,7.294805016270275e-11,0.0009995676441542389,0.9995676441542389,bare powers only; phase and profile prefactors uncomputed
4.5399929762484854e-05,0.001,14524.35509013139,6.890980572656262e-08,6.887983272900414e-11,0.0009995650401674703,0.9995650401674704,bare powers only; phase and profile prefactors uncomputed
4.5399929762484854e-05,0.001,15382.240372879189,6.506696541495054e-08,6.503849446549495e-11,0.0009995624361874875,0.9995624361874873,bare powers only; phase and profile prefactors uncomputed
4.5399929762484854e-05,0.001,16290.796900841538,6.14384258331816e-08,6.141138261732487e-11,0.000999559832214286,0.9995598322142861,bare powers only; phase and profile prefactors uncomputed
4.5399929762484854e-05,0.001,17253.01758594178,5.801223623673181e-08,5.798655005724823e-11,0.0009995572282478688,0.9995572282478689,bare powers only; phase and profile prefactors uncomputed
4.5399929762484854e-05,0.001,18272.07211732163,5.4777112329085354e-08,5.475271593369345e-11,0.0009995546242882367,0.9995546242882366,bare powers only; phase and profile prefactors uncomputed
4.5399929762484854e-05,0.001,19351.317402739274,5.172239909644066e-08,5.1699228513440435e-11,0.0009995520203353865,0.9995520203353865,bare powers only; phase and profile prefactors uncomputed
4.5399929762484854e-05,0.001,20494.308626691865,4.883803571498272e-08,4.881603009651174e-11,0.00099954941638932,0.9995494163893199,bare powers only; phase and profile prefactors uncomputed
4.5399929762484854e-05,0.001,21704.810961688905,4.61145224151456e-08,4.6093623887714637e-11,0.0009995468124500385,0.9995468124500386,bare powers only; phase and profile prefactors uncomputed
4.5399929762484854e-05,0.001,22986.811971255767,4.354288919373091e-08,4.352304271571467e-11,0.0009995442085175392,0.9995442085175391,bare powers only; phase and profile prefactors uncomputed
4.5399929762484854e-05,0.001,24344.534745524074,4.1114666270832334e-08,4.1095819496605134e-11,0.000999541604591825,0.999541604591825,bare powers only; phase and profile prefactors uncomputed
4.5399929762484854e-05,0.001,25782.451812679625,3.8821856194267e-08,3.8803959344684315e-11,0.0009995390006728908,0.9995390006728907,bare powers only; phase and profile prefactors uncomputed
4.5399929762484854e-05,0.001,27305.299872094016,3.665690749963689e-08,3.663991323857894e-11,0.0009995363967607437,0.9995363967607436,bare powers only; phase and profile prefactors uncomputed
4.5399929762484854e-05,0.001,28918.09539767298,3.46126898392708e-08,3.459655315597322e-11,0.00099953379285538,0.99953379285538,bare powers only; phase and profile prefactors uncomputed
4.5399929762484854e-05,0.001,30626.151162821316,3.268247049812993e-08,3.266714859504128e-11,0.000999531188956798,0.9995311889567979,bare powers only; phase and profile prefactors uncomputed
4.5399929762484854e-05,0.001,32435.093741459146,3.0859892219333966e-08,3.084534440524927e-11,0.0009995285850649997,0.9995285850649998,bare powers only; phase and profile prefactors uncomputed
4.5399929762484854e-05,0.001,34350.882042741396,2.913895226627374e-08,2.912513985450404e-11,0.0009995259811799862,0.9995259811799861,bare powers only; phase and profile prefactors uncomputed
4.5399929762484854e-05,0.001,36379.826940535604,2.7513982652351144e-08,2.75008688636999e-11,0.0009995233773017545,0.9995233773017544,bare powers only; phase and profile prefactors uncomputed
4.5399929762484854e-05,0.001,38528.61206232066,2.59796314732316e-08,2.5967181343558817e-11,0.000999520773430308,0.9995207734303079,bare powers only; phase and profile prefactors uncomputed
4.5399929762484854e-05,0.001,40804.31580598789,2.45308452801271e-08,2.451902557229063e-11,0.000999518169565643,0.999518169565643,bare powers only; phase and profile prefactors uncomputed
4.5399929762484854e-05,0.001,43214.434657070895,2.3162852436054288e-08,2.31516315560282e-11,0.0009995155657077613,0.9995155657077613,bare powers only; phase and profile prefactors uncomputed
4.5399929762484854e-05,0.001,45766.907883214815,2.1871147400251518e-08,2.1860495317229097e-11,0.0009995129618566652,0.9995129618566652,bare powers only; phase and profile prefactors uncomputed
4.5399929762484854e-05,0.001,48470.143687230746,2.0651475888995194e-08,2.0641364059293006e-11,0.0009995103580123503,0.9995103580123502,bare powers only; phase and profile prefactors uncomputed
4.5399929762484854e-05,0.001,51333.04690488887,1.949982086394087e-08,1.949022215852881e-11,0.0009995077541748185,0.9995077541748185,bare powers only; phase and profile prefactors uncomputed
4.5399929762484854e-05,0.001,54365.04833868941,1.8412389301842025e-08,1.84032779373312e-11,0.0009995051503440722,0.9995051503440722,bare powers only; phase and profile prefactors uncomputed
4.5399929762484854e-05,0.001,57576.1358242414,1.7385599702071913e-08,1.737695117500009e-11,0.0009995025465201072,0.9995025465201071,bare powers only; phase and profile prefactors uncomputed
4.5399929762484854e-05,0.001,60976.88713158624,1.641607029080385e-08,1.6407861315065645e-11,0.0009994999427029255,0.9994999427029254,bare powers only; phase and profile prefactors uncomputed
4.5399929762484854e-05,0.001,64578.504809847385,1.5500607882999708e-08,1.5492816330274762e-11,0.0009994973388925289,0.9994973388925287,bare powers only; phase and profile prefactors uncomputed
4.5399929762484854e-05,0.001,68392.85308999018,1.4636197365523499e-08,1.4628802208562963e-11,0.0009994947350889134,0.9994947350889134,bare powers only; phase and profile prefactors uncomputed
4.5399929762484854e-05,0.001,72432.49696725263,1.3819991766742313e-08,1.3812973025380316e-11,0.0009994921312920832,0.999492131292083,bare powers only; phase and profile prefactors uncomputed
4.5399929762484854e-05,0.001,76710.74359199268,1.3049302879907886e-08,1.3042641569670044e-11,0.0009994895275020324,0.9994895275020325,bare powers only; phase and profile prefactors uncomputed
4.5399929762484854e-05,0.001,81241.68610529743,1.2321592409436837e-08,1.2315270492624552e-11,0.0009994869237187683,0.9994869237187683,bare powers only; phase and profile prefactors uncomputed
4.5399929762484854e-05,0.001,86040.25006375545,1.163446361092993e-08,1.1628463950063594e-11,0.0009994843199422876,0.9994843199422876,bare powers only; phase and profile prefactors uncomputed
4.5399929762484854e-05,0.001,91122.2426063218,1.0985653397395568e-08,1.0979959710906145e-11,0.0009994817161725882,0.9994817161725882,bare powers only; phase and profile prefactors uncomputed
4.5399929762484854e-05,0.001,96504.40452523911,1.0373024885679483e-08,1.036762170574237e-11,0.000999479112409672,0.999479112409672,bare powers only; phase and profile prefactors uncomputed
4.5399929762484854e-05,0.001,102204.46541254103,9.794560358552267e-09,9.789432990962189e-12,0.0009994765086535403,0.9994765086535404,bare powers only; phase and profile prefactors uncomputed
4.5399929762484854e-05,0.001,108241.20206380203,9.248354619274531e-09,9.243489105265024e-12,0.0009994739049041905,0.9994739049041904,bare powers only; phase and profile prefactors uncomputed
4.5399929762484854e-05,0.001,114634.5003315206,8.73260871675298e-09,8.72799179666845e-12,0.000999471301161625,0.999471301161625,bare powers only; phase and profile prefactors uncomputed
4.5399929762484854e-05,0.001,121405.42063189101,8.245624020620877e-09,8.241243099353158e-12,0.0009994686974258392,0.9994686974258391,bare powers only; phase and profile prefactors uncomputed
4.5399929762484854e-05,0.001,128576.26732075168,7.78579662672903e-09,7.781639740834896e-12,0.0009994660936968399,0.9994660936968397,bare powers only; phase and profile prefactors uncomputed
4.5399929762484854e-05,0.001,136170.6621672438,7.3516120746214816e-09,7.34766786104077e-12,0.0009994634899746237,0.9994634899746235,bare powers only; phase and profile prefactors uncomputed
4.5399929762484854e-05,0.001,144213.62216721472,6.941640359597481e-09,6.9378980258958526e-12,0.0009994608862591888,0.9994608862591888,bare powers only; phase and profile prefactors uncomputed
4.5399929762484854e-05,0.001,152731.64195268982,6.554531222932319e-09,6.550980518995804e-12,0.0009994582825505365,0.9994582825505366,bare powers only; phase and profile prefactors uncomputed
4.5399929762484854e-05,0.001,161752.7810688868,6.1890097047444605e-09,6.185640895856377e-12,0.0009994556788486693,0.9994556788486693,bare powers only; phase and profile prefactors uncomputed
4.5399929762484854e-05,0.001,171306.7564062709,5.84387194486274e-09,5.840675786096816e-12,0.0009994530751535832,0.9994530751535832,bare powers only; phase and profile prefactors uncomputed
4.5399929762484854e-05,0.001,181425.04009213694,5.517981217863343e-09,5.5149489297300775e-12,0.0009994504714652798,0.9994504714652798,bare powers only; phase and profile prefactors uncomputed
4.5399929762484854e-05,0.001,192140.9631641861,5.21026418921775e-09,5.207387434503769e-12,0.0009994478677837614,0.9994478677837614,bare powers only; phase and profile prefactors uncomputed
4.5399929762484854e-05,0.001,203489.8253676125,4.919707380221317e-09,4.9169782419644086e-12,0.000999445264109024,0.9994452641090239,bare powers only; phase and profile prefactors uncomputed
4.5399929762484854e-05,0.001,215509.01143738898,4.6453538300594075e-09,4.642764790604694e-12,0.000999442660441071,0.9994426604410711,bare powers only; phase and profile prefactors uncomputed
4.5399929762484854e-05,0.001,228238.11424879584,4.38629994401759e-09,4.383843865102602e-12,0.0009994400567798975,0.9994400567798976,bare powers only; phase and profile prefactors uncomputed
4.5399929762484854e-05,0.001,241719.06524187577,4.141692517455144e-09,4.139362621274353e-12,0.0009994374531255104,0.9994374531255104,bare powers only; phase and profile prefactors uncomputed
4.5399929762484854e-05,0.001,255996.2725494454,3.9107259257405534e-09,3.908515776941855e-12,0.0009994348494779062,0.9994348494779062,bare powers only; phase and profile prefactors uncomputed
4.5399929762484854e-05,0.001,271116.7672836785,3.6926394708935433e-09,3.690542959461792e-12,0.0009994322458370829,0.9994322458370829,bare powers only; phase and profile prefactors uncomputed
4.5399929762484854e-05,0.001,287130.3584631485,3.4867148761949924e-09,3.484726201179586e-12,0.0009994296422030423,0.9994296422030421,bare powers only; phase and profile prefactors uncomputed
4.5399929762484854e-05,0.001,304089.79709068534,3.2922739205129077e-09,3.2903875745585092e-12,0.0009994270385757864,0.9994270385757863,bare powers only; phase and profile prefactors uncomputed
4.5399929762484854e-05,0.001,322050.9499225322,3.1086762045533155e-09,3.1068869591947193e-12,0.0009994244349553114,0.9994244349553113,bare powers only; phase and profile prefactors uncomputed
4.5399929762484854e-05,0.001,341072.98350123543,2.935317041678742e-09,2.9336199333628377e-12,0.000999421831341621,0.9994218313416209,bare powers only; phase and profile prefactors uncomputed
4.5399929762484854e-05,0.001,361218.55905848695,2.771625466347881e-09,2.7700157831472536e-12,0.0009994192277347097,0.9994192277347095,bare powers only; phase and profile prefactors uncomputed
4.5399929762484854e-05,0.001,382554.03892996116,2.617062353617081e-09,2.6155356226016927e-12,0.0009994166241345842,0.9994166241345843,bare powers only; phase and profile prefactors uncomputed
4.5399929762484854e-05,0.001,405149.70516210457,2.4711186435101585e-09,2.4696706187449073e-12,0.0009994140205412418,0.9994140205412418,bare powers only; phase and profile prefactors uncomputed
4.5399929762484854e-05,0.001,429079.99103099835,2.3333136644083787e-09,2.331940315546095e-12,0.0009994114169546804,0.9994114169546803,bare powers only; phase and profile prefactors uncomputed
4.5399929762484854e-05,0.001,454423.72623595473,2.203193549938701e-09,2.201891051379474e-12,0.0009994088133749015,0.9994088133749016,bare powers only; phase and profile prefactors uncomputed
4.5399929762484854e-05,0.001,481264.3965755363,2.0803297441461924e-09,2.0790944647353174e-12,0.0009994062098019072,0.9994062098019072,bare powers only; phase and profile prefactors uncomputed
4.5399929762484854e-05,0.001,509690.4189614237,1.9643175900273333e-09,1.963146083265523e-12,0.0009994036062356932,0.9994036062356932,bare powers only; phase and profile prefactors uncomputed
4.5399929762484854e-05,0.001,539795.4326760538,1.854774996775532e-09,1.8536639915163277e-12,0.0009994010026762622,0.9994010026762623,bare powers only; phase and profile prefactors uncomputed
4.5399929762484854e-05,0.001,571678.6078334769,1.7513411813492947e-09,1.7502875729597433e-12,0.0009993983991236136,0.9993983991236135,bare powers only; phase and profile prefactors uncomputed
4.5399929762484854e-05,0.001,605444.9720595427,1.6536754802184478e-09,1.6526763221803324e-12,0.0009993957955777494,0.9993957955777494,bare powers only; phase and profile prefactors uncomputed
4.5399929762484854e-05,0.001,641205.7564675488,1.5614562273747538e-09,1.5605087233047108e-12,0.0009993931920386676,0.9993931920386675,bare powers only; phase and profile prefactors uncomputed
4.5399929762484854e-05,0.001,679078.7620690458,1.4743796949116786e-09,1.4734811909796174e-12,0.000999390588506365,0.999390588506365,bare powers only; phase and profile prefactors uncomputed
4.5399929762484854e-05,0.001,719188.7478267926,1.3921590926840228e-09,1.3913070704102516e-12,0.0009993879849808484,0.9993879849808484,bare powers only; phase and profile prefactors uncomputed
4.5399929762484854e-05,0.001,761667.8416281851,1.3145236237527666e-09,1.3137156931651192e-12,0.000999385381462114,0.9993853814621142,bare powers only; phase and profile prefactors uncomputed
4.5399929762484854e-05,0.001,806655.9755329442,1.2412175925042078e-09,1.2404514856374656e-12,0.0009993827779501605,0.9993827779501605,bare powers only; phase and profile prefactors uncomputed
4.5399929762484854e-05,0.001,854301.3467288382,1.171999562505926e-09,1.1712731272266237e-12,0.0009993801744449895,0.9993801744449894,bare powers only; phase and profile prefactors uncomputed
4.5399929762484854e-05,0.001,904760.905713888,1.1066415613259372e-09,1.1059527554664709e-12,0.0009993775709466026,0.9993775709466026,bare powers only; phase and profile prefactors uncomputed
4.5399929762484854e-05,0.001,958200.8733131973,1.044928329696128e-09,1.0442752154828718e-12,0.0009993749674549965,0.9993749674549965,bare powers only; phase and profile prefactors uncomputed
4.5399929762484854e-05,0.001,1014797.2882335407,9.86656612546971e-10,9.860373513078707e-13,0.0009993723639701742,0.9993723639701743,bare powers only; phase and profile prefactors uncomputed
4.5399929762484854e-05,0.001,1074736.5869594063,9.316344895785924e-10,9.310473367163666e-13,0.000999369760492131,0.9993697604921309,bare powers only; phase and profile prefactors uncomputed
4.5399929762484854e-05,0.001,1138216.2179007847,8.7968074316336e-10,8.791240433811765e-13,0.0009993671570208737,0.9993671570208736,bare powers only; phase and profile prefactors uncomputed
4.5399929762484854e-05,0.001,1205445.2918157706,8.3062426149817e-10,8.300964442652321e-13,0.0009993645535563988,0.9993645535563986,bare powers only; phase and profile prefactors uncomputed
4.5399929762484854e-05,0.001,1276645.2706505638,7.843034750406662e-10,7.838030502858307e-13,0.0009993619500987044,0.9993619500987043,bare powers only; phase and profile prefactors uncomputed
4.5399929762484854e-05,0.001,1352050.697066006,7.405658243733137e-10,7.400913783953983e-13,0.000999359346647792,0.999359346647792,bare powers only; phase and profile prefactors uncomputed
4.5399929762484854e-05,0.001,1431909.96705383,6.992672577426591e-10,6.988174493266608e-13,0.000999356743203664,0.999356743203664,bare powers only; phase and profile prefactors uncomputed
4.5399929762484854e-05,0.001,1516486.148187684,6.60271756618962e-10,6.598453133479374e-13,0.0009993541397663164,0.9993541397663164,bare powers only; phase and profile prefactors uncomputed
4.5399929762484854e-05,0.001,1606057.8462044213,6.234508877135643e-10,6.230466024664382e-13,0.0009993515363357509,0.9993515363357509,bare powers only; phase and profile prefactors uncomputed
4.5399929762484854e-05,0.001,1700920.1227702536,5.886833799785584e-10,5.883001076045829e-13,0.000999348932911968,0.9993489329119679,bare powers only; phase and profile prefactors uncomputed
4.5399929762484854e-05,0.001,1801385.467455033,5.558547251956068e-10,5.554913793566641e-13,0.0009993463294949688,0.9993463294949686,bare powers only; phase and profile prefactors uncomputed
4.5399929762484854e-05,0.001,1907784.8271164785,5.248568008384011e-10,5.245123510107703e-13,0.0009993437260847518,0.9993437260847519,bare powers only; phase and profile prefactors uncomputed
4.5399929762484854e-05,0.001,2020468.6960852805,4.955875139666785e-10,4.952609825943016e-13,0.0009993411226813134,0.9993411226813135,bare powers only; phase and profile prefactors uncomputed
4.5399929762484854e-05,0.001,2139808.2707423274,4.679504649789087e-10,4.676409247705911e-13,0.0009993385192846609,0.9993385192846607,bare powers only; phase and profile prefactors uncomputed
4.5399929762484854e-05,0.001,2266196.6722913324,4.4185463011624574e-10,4.4156120147957224e-13,0.0009993359158947904,0.9993359158947903,bare powers only; phase and profile prefactors uncomputed
4.5399929762484854e-05,0.001,2400050.2417549235,4.1721406167202747e-10,4.1693591027716804e-13,0.0009993333125117004,0.9993333125117003,bare powers only; phase and profile prefactors uncomputed
4.5399929762484854e-05,0.001,2541809.9114600397,3.939476049194639e-10,3.9368393938635726e-13,0.0009993307091353924,0.9993307091353923,bare powers only; phase and profile prefactors uncomputed
4.5399929762484854e-05,0.001,2691942.657530511,3.719786308252017e-10,3.717287005279293e-13,0.0009993281057658664,0.9993281057658664,bare powers only; phase and profile prefactors uncomputed
4.5399929762484854e-05,0.001,2850943.038171544,3.5123478366844875e-10,3.5099787665092523e-13,0.0009993255024031242,0.9993255024031242,bare powers only; phase and profile prefactors uncomputed
4.5399929762484854e-05,0.001,3019334.822813422,3.316477427344312e-10,3.3142318373181985e-13,0.0009993228990471642,0.999322899047164,bare powers only; phase and profile prefactors uncomputed
4.5399929762484854e-05,0.001,3197672.7174810837,3.1315299729729935e-10,3.129401458578468e-13,0.0009993202956979827,0.9993202956979828,bare powers only; phase and profile prefactors uncomputed
4.5399929762484854e-05,0.001,3386544.1920731002,2.956896341514019e-10,2.954878828536466e-13,0.0009993176923555867,0.9993176923555867,bare powers only; phase and profile prefactors uncomputed
4.5399929762484854e-05,0.001,3586571.415569484,2.7920013699113304e-10,2.7900890975168274e-13,0.000999315089019973,0.9993150890199728,bare powers only; phase and profile prefactors uncomputed
4.5399929762484854e-05,0.001,3798413.305543076,2.6363019697861126e-10,2.634489474459406e-13,0.000999312485691139,0.999312485691139,bare powers only; phase and profile prefactors uncomputed
4.5399929762484854e-05,0.001,4022767.6987259365,2.489285338752847e-10,2.487567439052201e-13,0.0009993098823690872,0.9993098823690871,bare powers only; phase and profile prefactors uncomputed
4.5399929762484854e-05,0.001,4260373.649780869,2.350467271483547e-10,2.348839053571278e-13,0.0009993072790538192,0.9993072790538192,bare powers only; phase and profile prefactors uncomputed
4.5399929762484854e-05,0.001,4512013.865850546,2.2193905649575913e-10,2.2178473688671934e-13,0.0009993046757453313,0.9993046757453313,bare powers only; phase and profile prefactors uncomputed
4.5399929762484854e-05,0.001,4778517.284904051,2.0956235126447055e-10,2.0941609192474441e-13,0.0009993020724436254,0.9993020724436253,bare powers only; phase and profile prefactors uncomputed
4.5399929762484854e-05,0.001,5060761.806374096,1.9787584826617674e-10,1.9773723012973938e-13,0.0009992994691487012,0.9992994691487013,bare powers only; phase and profile prefactors uncomputed
4.5399929762484854e-05,0.001,5359677.183080246,1.8684105752204052e-10,1.8670968319584784e-13,0.0009992968658605608,0.9992968658605608,bare powers only; phase and profile prefactors uncomputed
4.5399929762484854e-05,0.001,5676248.083964364,1.7642163549436908e-10,1.7629712814436236e-13,0.0009992942625792023,0.9992942625792022,bare powers only; phase and profile prefactors uncomputed
4.5399929762484854e-05,0.001,6011517.337727448,1.6658326538767554e-10,1.664652676816325e-13,0.000999291659304622,0.9992916593046219,bare powers only; phase and profile prefactors uncomputed
4.5399929762484854e-05,0.001,6366589.368052807,1.5729354412490128e-10,1.571817172292596e-13,0.0009992890560368269,0.9992890560368269,bare powers only; phase and profile prefactors uncomputed
4.5399929762484854e-05,0.001,6742633.831731758,1.4852187562654552e-10,1.484158982544613e-13,0.0009992864527758139,0.999286452775814,bare powers only; phase and profile prefactors uncomputed
4.5399929762484854e-05,0.001,7140889.471676164,1.4023937004122038e-10,1.401389375492722e-13,0.000999283849521581,0.999283849521581,bare powers only; phase and profile prefactors uncomputed
4.5399929762484854e-05,0.001,7562668.197510405,1.3241874859573384e-10,1.3232357212680554e-13,0.0009992812462741294,0.9992812462741294,bare powers only; phase and profile prefactors uncomputed
4.5399929762484854e-05,0.001,8009359.407184645,1.2503425375132675e-10,1.2494405942132708e-13,0.0009992786430334597,0.9992786430334597,bare powers only; phase and profile prefactors uncomputed
4.5399929762484854e-05,0.001,8482434.563845469,1.1806156437015906e-10,1.17976092496355e-13,0.0009992760397995737,0.9992760397995738,bare powers only; phase and profile prefactors uncomputed
4.5399929762484854e-05,0.001,8983452.043040713,1.1147771561264114e-10,1.1139671998149235e-13,0.0009992734365724695,0.9992734365724695,bare powers only; phase and profile prefactors uncomputed
4.5399929762484854e-05,0.001,9514062.266225863,1.0526102330178867e-10,1.0518427047427774e-13,0.0009992708333521434,0.9992708333521432,bare powers only; phase and profile prefactors uncomputed
4.5399929762484854e-05,0.001,10076013.137482585,9.939101250549168e-11,9.931828115804636e-14,0.0009992682301386024,0.9992682301386023,bare powers only; phase and profile prefactors uncomputed
4.5399929762484854e-05,0.001,10671155.80135845,9.384835010148504e-11,9.377943040067954e-14,0.000999265626931843,0.999265626931843,bare powers only; phase and profile prefactors uncomputed
4.5399929762484854e-05,0.001,11301450.740795337,8.86147811029114e-11,8.854947411223231e-14,0.000999263023731862,0.9992630237318619,bare powers only; phase and profile prefactors uncomputed
4.5399929762484854e-05,0.001,11968974.235233659,8.367306853477275e-11,8.361118565181762e-14,0.0009992604205386658,0.9992604205386658,bare powers only; phase and profile prefactors uncomputed
4.5399929762484854e-05,0.001,12675925.200166425,7.90069366632423e-11,7.894829908579908e-14,0.0009992578173522516,0.9992578173522514,bare powers only; phase and profile prefactors uncomputed
4.5399929762484854e-05,0.001,13424632.430673577,7.460101739086425e-11,7.454545561040305e-14,0.0009992552141726153,0.9992552141726152,bare powers only; phase and profile prefactors uncomputed
4.5399929762484854e-05,0.001,14217562.272797745,7.04407996410937e-11,7.038815296227411e-14,0.000999252610999764,0.9992526109997638,bare powers only; phase and profile prefactors uncomputed
4.5399929762484854e-05,0.001,15057326.74803223,6.651258156546758e-11,6.646269765033269e-14,0.0009992500078336941,0.999250007833694,bare powers only; phase and profile prefactors uncomputed
4.5399929762484854e-05,0.001,15946692.15768394,6.280342541600212e-11,6.275615985160252e-14,0.0009992474046744023,0.9992474046744024,bare powers only; phase and profile prefactors uncomputed
4.5399929762484854e-05,0.001,16888588.195455834,5.930111493418749e-11,5.925633082243931e-14,0.000999244801521896,0.999244801521896,bare powers only; phase and profile prefactors uncomputed
4.5399929762484854e-05,0.001,17886117.598266564,5.599411511623879e-11,5.5951682684878825e-14,0.0009992421983761708,0.9992421983761708,bare powers only; phase and profile prefactors uncomputed
4.5399929762484854e-05,0.001,18942566.367098644,5.287153422208332e-11,5.2831330455645744e-14,0.0009992395952372272,0.9992395952372272,bare powers only; phase and profile prefactors uncomputed
4.5399929762484854e-05,0.001,20061414.591544,4.992308790296853e-11,4.988499619275885e-14,0.0009992369921050614,0.9992369921050615,bare powers only; phase and profile prefactors uncomputed
4.5399929762484854e-05,0.001,21246347.913704414,4.7139065329535174e-11,4.710297514163133e-14,0.0009992343889796808,0.9992343889796808,bare powers only; phase and profile prefactors uncomputed
4.5399929762484854e-05,0.001,22501269.66921084,4.4510297208799683e-11,4.447610376915642e-14,0.0009992317858610815,0.9992317858610815,bare powers only; phase and profile prefactors uncomputed
4.5399929762484854e-05,0.001,23830313.745355137,4.2028125584713e-11,4.199572958049605e-14,0.0009992291827492603,0.9992291827492603,bare powers only; phase and profile prefactors uncomputed
4.5399929762484854e-05,0.001,25237858.198691536,3.968437532282286e-11,3.9653682619141924e-14,0.0009992265796442239,0.9992265796442239,bare powers only; phase and profile prefactors uncomputed
4.5399929762484854e-05,0.001,26728539.67696552,3.747132718513375e-11,3.744224855638441e-14,0.0009992239765459687,0.9992239765459687,bare powers only; phase and profile prefactors uncomputed
4.5399929762484854e-05,0.001,28307268.69287819,3.538169240647812e-11,3.5354143281545424e-14,0.0009992213734544915,0.9992213734544916,bare powers only; phase and profile prefactors uncomputed
4.5399929762484854e-05,0.001,29979245.8,3.3408588688667607e-11,3.3382488909280824e-14,0.000999218770369799,0.9992187703697991,bare powers only; phase and profile prefactors uncomputed
