speed_m_s,beta,core_radius_m,assumed_variation_length_m,air_mach,air_knudsen_proxy,air_reynolds_proxy,air_collision_rate_proxy,water_mach,water_length_over_mean_spacing,water_molecules_in_assumed_averaging_cube
0.1,1.0,0.009999999999999998,0.009999999999999998,0.000289868710191092,6.730000000000001e-06,65.02914198230619,1.4464731049362045e-09,6.681369153115481e-05,32181652.93424054,3.332921159582978e+19
0.10500066552328689,1.0,0.009523749159268156,0.009523749159268156,0.00030436407484441436,7.066544789717205e-06,65.02914198230623,1.5947568141484709e-09,7.015482076838852e-05,30648999.007633295,2.8790478652876755e+19
0.11025139760333166,1.0,0.009070179804866085,0.009070179804866085,0.00031958430420043,7.419919058704222e-06,65.02914198230619,1.7582416759730562e-09,7.366302870347702e-05,29189337.853135794,2.4869825038569546e+19
0.11576470123222342,1.0,0.008638211729100436,0.008638211729100436,0.0003355656463184172,7.790964392928635e-06,65.0291419823062,1.9384860210045365e-09,7.734667038326072e-05,27799193.18383961,2.1483081434884723e+19
0.12155370673487927,1.0,0.008226816169260059,0.008226816169260059,0.00035234616190185706,8.180564463257375e-06,65.0291419823062,2.137207930502715e-09,8.121451866252677e-05,26475254.271292552,1.8557540602804105e+19
0.12763220103984763,1.0,0.007835013357544413,0.007835013357544413,0.0003699658149427078,8.589647129981746e-06,65.0291419823062,2.3563016130684845e-09,8.527578509718714e-05,25214368.0607633,1.6030396489839999e+19
0.1340146605138595,1.0,0.007461870187676834,0.007461870187676834,0.0003884665678984952,9.019186652582745e-06,65.02914198230619,2.597855460157853e-09,8.95401418822544e-05,24013531.662017222,1.3847395898066629e+19
0.140716285438326,1.0,0.007106497992645537,0.007106497992645537,0.000407892481628891,9.470206009999338e-06,65.02914198230621,2.8641719525384947e-09,9.401774488686244e-05,22869885.197719578,1.1961673766417654e+19
0.14775303620989036,1.0,0.006768050428279874,0.006768050428279874,0.0004282898203297863,9.94377933692562e-06,65.0291419823062,3.1577896074363247e-09,9.871925784119161e-05,21780704.992434096,1.0332747062874194e+19
0.1551416713512479,1.0,0.006445721457621492,0.006445721457621492,0.00044970716171476515,1.0441034481938984e-05,65.0291419823062,3.481507175571307e-09,0.00010365587773290073,20743397.085996192,8.925645687234797e+18
0.16289978742276082,1.0,0.006138743431289936,0.006138743431289936,0.0004721955127063875,1.0963155693551804e-05,65.0291419823062,3.838410318727646e-09,0.00010883936147355032,19755491.055812165,7.710161726526628e+18
0.17104586092991844,1.0,0.005846385259271044,0.005846385259271044,0.0004958084309128035,1.151138644058351e-05,65.02914198230621,4.231901022147726e-09,0.00011428205389852375,18814634.133372065,6.660200945934364e+18
0.17959929232645008,1.0,0.005567950669774033,0.005567950669774033,0.0005206021521790097,1.208703237357009e-05,65.0291419823062,4.665730022107547e-09,0.00011999691716713134,17918585.60096401,5.7532225929336e+18
0.18858045221788608,1.0,0.0053027765510107,0.0053027765510107,0.0005466357245165149,1.2691464434263733e-05,65.0291419823062,5.144032557771804e-09,0.00012599756163291518,17065211.455245543,4.96975548824047e+18
0.19801072987560442,1.0,0.005050231371947502,0.005050231371947502,0.0005739711487303818,1.3326122120628179e-05,65.0291419823062,5.6713677881138254e-09,0.00013229827825767454,16252479.324962797,4.2929800149280046e+18
0.2079125841769025,1.0,0.004809713678269467,0.004809713678269467,0.0006026735260785557,1.399251691510554e-05,65.02914198230619,6.252762249620651e-09,0.00013891407264640822,15478453.630713746,3.708367031774484e+18
0.2183095970924117,1.0,0.004580650659973936,0.004580650659973936,0.0006328112133151435,1.4692235884319311e-05,65.02914198230619,6.893757769020292e-09,0.00014586070078423087,14741290.97522811,3.20336595896837e+18
0.2292265298482384,1.0,0.004362496787182791,0.004362496787182791,0.0006644559854868872,1.5426945458786444e-05,65.02914198230621,7.600464287733123e-09,0.0001531547065603725,14039235.7531856,2.7671353399361684e+18
0.24068938189658615,1.0,0.004154732510924212,0.004154732510924212,0.0006976832068705459,1.619839540164025e-05,65.0291419823062,8.379618101567875e-09,0.00016081346116862824,13370615.970116874,2.3903100949444925e+18
0.25272545283530107,1.0,0.003956863025789853,0.003956863025789853,0.0007325720104582838,1.700842297581576e-05,65.0291419823062,9.238646070800353e-09,0.00016885520447809218,12733839.260429792,2.06480046983367e+18
0.2653634074238066,1.0,0.003768417091520535,0.003768417091520535,0.0007692054864185206,1.7858957319622182e-05,65.0291419823062,1.0185736412682674e-08,0.00017729908847270368,12127389.095077405,1.78361836367693e+18
0.2786333438502683,1.0,0.0035889459107140424,0.0035889459107140424,0.000807670879981083,1.8752024041123055e-05,65.0291419823062,1.1229916751174113e-08,0.00018616522286306014,11549821.169836115,1.5407273069352975e+18
0.29256686541257,1.0,0.0034180220599821743,0.0034180220599821743,0.0008480597992179247,1.968975004226596e-05,65.0291419823062,1.2381140167860113e-08,0.00019547472297912335,10999759.965592423,1.3309128694113815e+18
0.30719715578381745,1.0,0.003255238472011524,0.003255238472011524,0.0008904684332142713,2.067436858425091e-05,65.0291419823062,1.3650380074293252e-08,0.00020524976005788088,10475895.472446237,1.1496707158960119e+18
0.3225590580416167,1.0,0.00310020746610371,0.00310020746610371,0.0009349977811497702,2.17082246062008e-05,65.0291419823062,1.5049734810075017e-08,0.0002155136140457244,9976980.06982909,9.931099062656224e+17
0.3386891576493428,1.0,0.0029525598248862053,0.0029525598248862053,0.0009817538928352243,2.279378030980077e-05,65.0291419823062,1.6592542963702823e-08,0.0002262907290412985,9501825.55520699,8.578693640589528e+17
0.3556258695870242,1.0,0.0028119439149948927,0.0028119439149948927,0.001030848121277762,2.393362102320673e-05,65.0291419823062,1.8293510515415625e-08,0.0002376067715108612,9049300.314291522,7.410457202649981e+17
0.3734095298393517,1.0,0.002678024849634181,0.002678024849634181,0.0010823973878759496,2.513046135818837e-05,65.0291419823062,2.016885101395817e-08,0.0002494886914147999,8618326.626019893,6.401309832592788e+17
0.3920824914586959,1.0,0.0025504836910202745,0.0025504836910202745,0.0011365244608764202,2.6387151675170236e-05,65.0291419823062,2.2236440123422623e-08,0.00026196478639087944,8207878.095885526,5.5295869677508915e+17
0.41168922543191505,1.0,0.002429016690808148,0.002429016690808148,0.0011933582477551892,2.7706684871567883e-05,65.0291419823062,2.451598601330144e-08,0.0002750647691470802,7816977.211506529,4.776574300190672e+17
0.43227642659117566,1.0,0.002313334566693241,0.002313334566693241,0.0012530341022199834,2.909220350958612e-05,65.0291419823062,2.702921721590215e-08,0.00028881983822452695,7444693.014610362,4.1261060144826765e+17
0.45389312482101707,1.0,0.0022031618134650717,0.0022031618134650717,0.0013156941465647255,3.054700730045445e-05,65.0291419823062,2.9800089741772445e-08,0.0003032627522990338,7090138.883890494,3.5642177369816134e+17
0.4765908018265112,1.0,0.002098236046871967,0.002098236046871967,0.0013814876101438914,3.207456096292421e-05,65.0291419823062,3.2855015427351204e-08,0.0003184279081982225,6752470.423454652,3.0788467460662374e+17
0.5004235137406061,1.0,0.001998307378734303,0.001998307378734303,0.001450571184772837,3.367850247474279e-05,65.0291419823062,3.622311369144494e-08,0.00033435142282001466,6430883.451835931,2.6595730073972074e+17
0.5254480198626533,1.0,0.0019031378218180167,0.0019031378218180167,0.001523109397900506,3.536265173675657e-05,65.0291419823062,3.9936489100261816e-08,0.0003510712191475942,6124612.086777393,2.2973954746897488e+17
0.5517239178347186,1.0,0.0018125007230510761,0.0018125007230510761,0.0015992750044432592,3.7131019670276564e-05,65.0291419823062,4.403053738674087e-08,0.0003686271165656909,5832926.921228977,1.984538853584725e+17
0.579313785577607,1.0,0.0017261802237330606,0.0017261802237330606,0.0016792493982129978,3.8987817769372955e-05,65.0291419823062,4.854428284113927e-08,0.00038706092569327794,5555133.286212705,1.7142866801891107e+17
0.6082833303246346,1.0,0.0016439707454523047,0.0016439707454523047,0.0017632230439194377,4.0937468130847906e-05,65.0291419823062,5.3520750288870376e-08,0.0004064165479585368,5290569.596419077,1.4808371307850227e+17
0.6387015451080799,1.0,0.0015656765004862824,0.0015656765004862824,0.0018513959307753668,4.298461398577378e-05,65.0291419823062,5.900737520126877e-08,0.00042674008015323203,5038605.774594584,1.2791784672034606e+17
0.6706408730710002,1.0,0.001491111025519214,0.001491111025519214,0.0019439780487851867,4.513413075767831e-05,65.0291419823062,6.505645584844054e-08,0.0004480799242155015,4798641.7509678835,1.1049814439009662e+17
0.7041773799957318,1.0,0.0014200967375664086,0.0014200967375664086,0.0020411898888510523,4.7391137673712756e-05,65.0291419823062,7.17256518041001e-08,0.0004704869025025161,4570106.034140944,9.545063669143654e+16
0.7393909354599632,1.0,0.0013524645110477534,0.0013524645110477534,0.0021432629678876445,4.9761009956455514e-05,65.0291419823062,7.907853355411961e-08,0.0004940143788275397,4352454.350041614,8.245228094180726e+16
0.776365403051818,1.0,0.0012880532750031053,0.0012880532750031053,0.0022504403801961777,5.224939162538735e-05,65.0291419823062,8.71851884476365e-08,0.0005187183855496483,4145168.3456961825,7.122402603226035e+16
0.8151888400969576,1.0,0.0012267096294903415,0.0012267096294903415,0.002362977376410774,5.4862208938525245e-05,65.0291419823062,9.612288876661771e-08,0.0005446577570187801,3947754.3547348976,6.1524821706562584e+16
0.8559537073733683,1.0,0.0011682874802524787,0.0011682874802524787,0.0024811419713960167,5.760568450622769e-05,65.0291419823062,1.0597682828189191e-07,0.0005718942696939257,3759742.221690367,5.3146443649644216e+16
0.8987570893132842,1.0,0.0011126476907838054,0.0011126476907838054,0.0026052155825434177,6.048635211078403e-05,65.0291419823062,1.168409343164687e-07,0.0006004927892681632,3580684.1822888614,4.590902328943321e+16
0.9437009252166703,1.0,0.0010596577509663918,0.0010596577509663918,0.0027354936999869637,6.351107226708191e-05,65.0291419823062,1.2881876305669747e-07,0.00063052142515092,3410153.7970678317,3.965718634503269e+16
0.9908922520269197,1.0,0.0010091914614878156,0.0010091914614878156,0.0028722865903338967,6.66870485614117e-05,65.0291419823062,1.4202448664533327e-07,0.0006620516926753792,3247744.9357799864,3.4256717222878316e+16
1.0404434592469507,1.0,0.0009611286332885184,0.0009611286332885184,0.003015920035586716,7.002184480731978e-05,65.0291419823062,1.56583981465437e-07,0.000695158683417334,3093070.810165205,2.959167765151446e+16
1.0924725566028064,1.0,0.0009153548013230077,0.0009153548013230077,0.003166736109016202,7.352340305936886e-05,65.0291419823062,1.726360279885861e-07,0.0007299212440311197,2945763.052786774,2.556191769730715e+16
1.147103455092214,1.0,0.0008717609519532059,0.0008717609519532059,0.0033250939898332526,7.7200062527706e-05,65.0291419823062,1.9033363362429513e-07,0.0007664221640285307,2805470.8397381217,2.208092572711785e+16
1.204466262087443,1.0,0.000830243263324715,0.000830243263324715,0.0034913708185997285,8.10605794384849e-05,65.0291419823062,2.0984549117999015e-07,0.0008047483729479347,2671860.0551307257,1.9073971160538492e+16
1.2646975911952714,1.0,0.0007907028581076805,0.0007907028581076805,0.0036659625954155424,8.511414788744177e-05,65.0291419823062,2.3135758683351508e-07,0.0008449911473831539,2544612.495373342,1.6476500139948718e+16
1.3279408876120131,1.0,0.0007530455680133947,0.0007530455680133947,0.003849285123021081,8.937042173628849e-05,65.0291419823062,2.5507497294529206e-07,0.0008872463283651695,2423425.11134751,1.4232749676342994e+16
1.394346769748457,1.0,0.0007171817095258177,0.0007171817095258177,0.004041774997061008,9.383953760407116e-05,65.0291419823062,2.812237226085047e-07,0.0009316145496143554,2308009.2866745177,1.2294550519153648e+16
1.4640733879383325,1.0,0.0006830258703139001,0.0006830258703139001,0.004243890645867867,9.853213900824979e-05,65.02914198230619,3.100530845679931e-07,0.000978201477206845,2198090.1503549526,1.0620293049857088e+16
1.5372868010845833,1.0,0.0006504967058160405,0.0006504967058160405,0.004456113422241779,0.00010345940171299245,65.0291419823062,3.418378590484523e-07,0.001027118061225811,2093405.9221438586,9174033998975930.0
1.614161372140459,1.0,0.0006195167455122221,0.0006195167455122221,0.004678948749826381,0.00010863306034505289,65.0291419823062,3.768810171382253e-07,0.001078480799996982,1993707.2891024554,7924724809312017.0
1.6948801833673017,1.0,0.0005900122084224566,0.0005900122084224566,0.004912927326811213,0.00011406543634061942,65.02914198230619,4.155165886965456e-07,0.0011324120175377,1898756.8118416292,6845545079769222.0
1.779635472357972,1.0,0.0005619128273921318,0.0005619128273921318,0.0051586063898272005,0.0001197694672896915,65.0291419823062,4.5811284631162863e-07,0.001189040154880265,1808328.35904314,5913326780014828.0
1.868629089864361,1.0,0.0005351516817457806,0.0005351516817457806,0.005416571041045364,0.00012575873774787149,65.0291419823062,5.050758156589735e-07,0.0012485000759633997,1722206.568911786,5108056874912782.0
1.9620729805193178,1.0,0.0005096650379107315,0.0005096650379107315,0.005687435641639262,0.0001320475115889501,65.0291419823062,5.568531457204456e-07,0.0013109333888203121,1640186.336275971,4412447680978366.5
2.0601896875978736,1.0,0.00048539219763107027,0.00048539219763107027,0.005971845274929844,0.0001386507659753369,65.0291419823062,6.139383757549077e-07,0.0013764887828283051,1562072.32411514,3811565731186939.5
2.1632128830198925,1.0,0.0004622753534104226,0.0004622753534104226,0.006270477282697298,0.00014558422702723876,65.0291419823062,6.7687563969298e-07,0.0014453223828231115,1487678.4983507611,3292511180537629.0
2.2713879238563686,1.0,0.0004402594508392901,0.0004402594508392901,0.006584042878318678,0.0001528644072755336,65.0291419823062,7.462648527980018e-07,0.0015175981209212955,1416827.684792937,2844140869791448.0
2.3849724366647562,1.0,0.00041929205747905465,0.00041929205747905465,0.0069132888405731875,0.00016050864498753809,65.0291419823062,8.227674300322434e-07,0.0015934881269362565,1349351.1471874574,2456829102064637.0
2.5042369310449457,1.0,0.0003993232379903961,0.0003993232379903961,0.00725899929214897,0.00016853514545932485,65.0291419823062,9.071125906355622e-07,0.001673173138317628,1285088.1853584065,2122260996585005.2
2.6294654438771268,1.0,0.0003803054352087273,0.0003803054352087273,0.0076219975670871,0.00017696302437293063,65.0291419823062,1.0001043090114951e-06,0.0017568429305903739,1223885.7524892564,1833253983291299.0
2.760956215775833,1.0,0.0003621933568834225,0.0003621933568834225,0.00800314817161019,0.00018581235332171356,65.0291419823062,1.1026289781763166e-06,0.00184469676931871,1165598.0906309825,1583603606088699.2
2.8990224013711816,1.0,0.00034494386781110055,0.00034494386781110055,0.008403358843005465,0.00019510420761228048,65.02914198230621,1.215663858818724e-06,0.0019369438846712178,1110086.3835691386,1367950324436114.5
3.043992815108914,1.0,0.0003285158871060673,0.0003285158871060673,0.008823582711465721,0.0002048607164568299,65.0291419823062,1.3402863945062365e-06,0.002033803969717385,1057218.4262231605,1181664453737078.5
3.1962127143453958,1.0,0.00031287029036326396,0.00031287029036326396,0.00926482057003669,0.00021510511567544513,65.0291419823062,1.4776844818304296e-06,0.002135507703642283,1006868.3097905624,1020746774413268.9
3.3560446216025763,1.0,0.00029796981648071196,0.00029796981648071196,0.009728123258076902,0.00022586180303385336,65.0291419823062,1.6291677933855969e-06,0.002242297301125457,958916.121886162,881742675917814.8
3.5238691879411803,1.0,0.00028377897891954665,0.00028377897891954665,0.010214594163906406,0.0002371563963484414,65.02914198230621,1.7961802615109791e-06,0.00235442708919243,913247.6609622013,761667992516167.2
3.700086099508285,1.0,0.00027026398119030064,0.00027026398119030064,0.01072539185260455,0.0002490157944969076,65.0291419823062,1.980313841791033e-06,0.002472164112912603,869754.164329237,657944938663353.2
3.8851150294183263,1.0,0.00025739263636415896,0.00025739263636415896,0.011261732825215167,0.00026146824147985336,65.0291419823062,2.1833236875068446e-06,0.0025957887713860947,828332.0491300545,568346768626404.8
4.0793966372344865,1.0,0.00024513429041749717,0.00024513429041749717,0.011824894415930386,0.00027454339368588096,65.0291419823062,2.4071448796808947e-06,0.002725595485534152,788882.6656497221,490949972294493.6
4.283393618430794,1.0,0.00023345974922714353,0.00023345974922714353,0.012416217834152888,0.0002882723905203924,65.0291419823062,2.6539108721852204e-06,0.0028618933992835206,751312.0623742765,424092980907583.4
4.497591806334333,1.0,0.00022234120904249618,0.00022234120904249618,0.01303711135868157,0.0003026879285663006,65.0291419823062,2.925973827730975e-06,0.003005007115814715,715530.7622385037,366340496190505.3
4.7225013291718705,1.0,0.00021175219026891374,0.00021175219026891374,0.013689053691627677,0.0003178243394532669,65.0291419823062,3.2259270385811005e-06,0.003155277470627579,681453.549529945,316452677103729.7
4.958657824976534,1.0,0.0002016674744046757,0.0002016674744046757,0.014373597480049134,0.00033371767162092075,65.0291419823062,3.556629645699433e-06,0.0033130623432652915,648999.2669416111,273358522706266.9
5.206623717247903,1.0,0.00019206304398132617,0.00019206304398132617,0.015092373013689986,0.00035040577617078387,65.0291419823062,3.921233891958049e-06,0.0034787375096299597,618090.6222900816,236132879709084.2
5.466989554403594,1.0,0.00018291602536436383,0.00018291602536436383,0.015847092107631425,0.0003679283970113619,65.0291419823062,4.323215169179261e-06,0.003652697536919672,588654.0044386697,203976581112927.6
5.740375416212351,1.0,0.0001742046342780532,0.0001742046342780532,0.01663955217910127,0.00038632726551109125,65.0291419823062,4.766405145419377e-06,0.003835356723318364,560619.3079872611,176199289543149.72
6.027432390558118,1.0,0.0001659081239246225,0.0001659081239246225,0.01747164052815092,0.0004056461998845614,65.0291419823062,5.255028288261977e-06,0.004027150084676411,533919.7663113171,152204676959079.94
6.328844124052185,1.0,0.000158006735574288,0.000158006735574288,0.01834533883239478,0.00042593120954871204,65.0291419823062,5.793742132259267e-06,0.004228534390531843,508491.7925524055,131477622573186.64
6.645328450186231,1.0,0.00015048165150843308,0.00015048165150843308,0.01926272786651651,0.00044723060469753327,65.0291419823062,6.387681674348911e-06,0.004439989251939498,484274.82818157284,113573154142594.16
6.9776390989038655,1.0,0.0001433149502038723,0.0001433149502038723,0.02022599245778197,0.0004695951113562302,65.0291419823062,7.042508320421566e-06,0.004662018263698878,461211.1987748984,98106895222548.97
7.3265674916621375,1.0,0.00013648956365146863,0.00013648956365146863,0.02123742668936088,0.0004930779921888617,65.02914198230621,7.764463849595697e-06,0.004895150203701007,439245.9766577497,84746813301704.98
7.692944626258031,1.0,0.00012998923670745513,0.00012998923670745513,0.022299439363849077,0.0005177351733471655,65.0291419823062,8.560429910584704e-06,0.005139940292250591,418326.85009061615,73206091666667.3
8.077643055908869,1.0,0.00012379848838065346,0.00012379848838065346,0.023414559740003345,0.0005436253776626667,65.02914198230621,9.437993617273274e-06,0.005396971514362698,398403.99868498003,63236971967660.69
8.481578967299882,1.0,0.00011790257496339165,0.00011790257496339165,0.02458544355635111,0.0005708102644992819,65.02914198230621,1.0405519868757026e-05,0.0056668560081830485,379429.9747525148,54625435296384.2
8.905714362547995,1.0,0.00011228745491831518,0.00011228745491831518,0.025814879356020705,0.00059935457659948,65.0291419823062,1.1472231083196977e-05,0.005950236522838567,361359.59030504,47186607588444.3
9.35105935027834,1.0,0.00010693975543746648,0.00010693975543746648,0.027105795127855332,0.0006293262942737324,65.0291419823062,1.2648295105508503e-05,0.006247787949190179,344149.8094361109,40760790712695.93
9.818674551269805,1.0,0.00010184674059399133,0.00010184674059399133,0.028461265279626773,0.0006607967973004579,65.0291419823062,1.3944922126816918e-05,0.006560218927133405,327759.6458279456,35210034042181.8
10.309673624398894,1.0,9.699628101062268e-05,9.699628101062268e-05,0.02988451795995628,0.0006938410349220456,65.02914198230619,1.5374471539511887e-05,0.006888273533274704,312150.06513959257,30415172904520.06
10.82522591889761,1.0,9.237682497270556e-05,9.237682497270556e-05,0.03137894274638029,0.000728537704341809,65.02914198230621,1.6950569746438313e-05,0.007232733053002868,297283.8920438695,26273270332644.336
11.366559259241841,1.0,8.797737091696654e-05,8.797737091696654e-05,0.032948098717870467,0.0007649694381469761,65.02914198230619,1.8688240047175765e-05,0.007594417841175758,283125.7216916765,22695407194927.434
11.934962869302721,1.0,8.378744123050827e-05,8.378744123050827e-05,0.034595722931033544,0.000803223001104073,65.0291419823062,2.0604045839476808e-05,0.007974189275853782,269641.8353928293,19604773262793.277
12.531790442725034,1.0,7.97970572976283e-05,7.97970572976283e-05,0.036325739320177595,0.0008433894967953947,65.02914198230621,2.2716248500854294e-05,0.008372951809733043,256800.12031259804,16935018234501.541
13.158463366844947,1.0,7.5996715735036e-05,7.5996715735036e-05,0.03814226804244079,0.0008855645845886648,65.02914198230621,2.5044981455237745e-05,0.00879165512416379,244569.99299270657,14628827314580.096
13.816474107825098,1.0,7.237736575886898e-05,7.237736575886898e-05,0.0400496352902388,0.000929848707456629,65.0291419823062,2.761244208389485e-05,0.009231296390884134,232922.3265146507,12636690769179.057
14.507389765068968,1.0,6.89303876296072e-05,6.89303876296072e-05,0.04205238359439991,0.0009763473311891415,65.0291419823062,3.0443103309904603e-05,0.009692922646855505,221829.38113186863,10915841041933.768
15.232855803379623,1.0,6.564757212354994e-05,6.564757212354994e-05,0.04415528264252542,0.0010251711955674486,65.0291419823062,3.356394687299595e-05,0.010177633287855675,211264.73820556086,9429334612142.818
15.994599971751219,1.0,6.252110098196546e-05,6.252110098196546e-05,0.04636334063834002,0.0010764365780988573,65.02914198230619,3.700472051831771e-05,0.010686582686768033,201203.2372868218,8145258884422.499
16.794436418126235,1.0,5.95435282913513e-05,5.95435282913513e-05,0.048681816229085545,0.0011302655709398955,65.0291419823062,4.07982215506521e-05,0.011220982942802786,191620.91619524005,7036047083197.803
17.634270009917813,1.0,5.670776275046164e-05,5.670776275046164e-05,0.051116231029363315,0.0011867863716674687,65.02914198230621,4.4980609456897614e-05,0.01178210676819743,182494.95395126104,6077886444058.215
18.516100870587096,1.0,5.400705078186868e-05,5.400705078186868e-05,0.05367238277125237,0.0012461335885905114,65.02914198230621,4.959175057672601e-05,0.012371290519271532,173803.61642640023,5250206996920.416
19.442029143079566,1.0,5.143496044783742e-05,5.143496044783742e-05,0.05635635911202095,0.0013084485613292548,65.0291419823062,5.467559810679872e-05,0.0129899373790544,165526.20458186933,4535239966100.311
20.414259991464938,1.0,4.898536613220824e-05,4.898536613220824e-05,0.059174552132315546,0.00137387969742559,65.02914198230621,6.028061106072635e-05,0.013639520699065332,157643.00517234264,3917636306945.278
21.435108852692274,1.0,4.6652433951806075e-05,4.6652433951806075e-05,0.06213367355935567,0.00144258282578619,65.0291419823062,6.646021617827935e-05,0.014321587508205072,150135.2437974603,3384137189700.438
22.507006950967874,1.0,4.443060786263261e-05,4.443060786263261e-05,0.06524077075139,0.0015147215678001378,65.0291419823062,7.327331718674855e-05,0.015037762197115246,142985.04018925817,2923289356495.53
23.63250708788871,1.0,4.231459642775202e-05,4.231459642775202e-05,0.06850324348148139,0.0015904677270149102,65.02914198230619,8.078485626871251e-05,0.015789750386780255,136175.36562903703,2525199240683.4146
24.81428972212109,1.0,4.029936021535745e-05,4.029936021535745e-05,0.07192886156059311,0.0016700016982987495,65.02914198230619,8.906643308809825e-05,0.016579342990585035,129690.00239225746,2181320569918.6975
26.055169353103697,1.0,3.838009979700554e-05,3.838009979700554e-05,0.07552578334194637,0.0017535128974638784,65.02914198230621,9.819698727506437e-05,0.01740842047950269,123513.50512487482,1884270893199.981
27.358101223978366,1.0,3.655224431743593e-05,3.655224431743593e-05,0.07930257515071944,0.0018412002123737437,65.02914198230621,0.00010826355087512423,0.018278957360569992,117631.16405912892,1627673093044.263
28.72618835971178,1.0,3.481144060875445e-05,3.481144060875445e-05,0.08326823168536014,0.0019332724766086028,65.0291419823062,0.00011936207793481852,0.019193026879316327,112028.9699811863,1406018480347.612
30.16268895717034,1.0,3.315354282305384e-05,3.315354282305384e-05,0.08743219743910059,0.0020299489668175637,65.0291419823062,0.00013159835913151538,0.020152805957345483,106693.58086720001,1214548532827.0715
31.671024144747822,1.0,3.157460255878196e-05,3.157460255878196e-05,0.09180438919268984,0.002131459924941529,65.0291419823062,0.00014508903016554743,0.021160580376829368,101612.29010833045,1049152738182.8525
33.25478613002609,1.0,3.007085945734258e-05,3.007085945734258e-05,0.09639521963191279,0.002238047106550756,65.0291419823062,0.00015996268352663553,0.022218750224260883,96772.99624905238,906280348858.8959
34.9177467548731,1.0,2.8638732247533715e-05,2.8638732247533715e-05,0.10121562214614253,0.00234996435660296,65.0291419823062,0.0001763610942319101,0.02332983560643073,92164.17416667726,782864153936.6141
36.663866478352666,1.0,2.727481021649549e-05,2.727481021649549e-05,0.10627707686698502,0.002467478213993135,65.02914198230619,0.00019444057121920967,0.02449648265224102,87774.8476234536,676254631682.7548
38.49730380883959,1.0,2.5975845086854734e-05,2.5975845086854734e-05,0.11159163800902945,0.0025908685463349045,65.02914198230619,0.0002143734472770802,0.025721469814649595,83594.56312587565,584163069126.0466
40.42242520780324,1.0,2.4738743280721252e-05,2.4738743280721252e-05,0.1171719625778181,0.0027204292164851587,65.02914198230619,0.00023634972171342232,0.02700771448775342,79613.36502894465,504612427543.19226
42.44381548884625,1.0,2.3560558552111997e-05,2.3560558552111997e-05,0.12303134051340554,0.0028564687823993524,65.0291419823062,0.0002605788714206326,0.028358279954770235,75821.77182609211,435894899025.3462
44.566288736764484,1.0,2.243848497025647e-05,2.243848497025647e-05,0.12918372634129713,0.0029993112319842497,65.0291419823062,0.0002872918476002361,0.02977638268346561,72210.75356829664,376535242941.5794
46.794899772632355,1.0,2.1369850237073114e-05,2.1369850237073114e-05,0.13564377240614364,0.003149296754698157,65.02914198230621,0.00031674327717969405,0.03126539998639964,68771.7103586185,325259115199.7633
49.134956192219036,1.0,2.0352109322901136e-05,2.0352109322901136e-05,0.1424268637673434,0.0033067825517363414,65.0291419823062,0.0003492138899052075,0.032828878064237274,65496.451870932564,280965710391.5424
51.59203100640545,1.0,1.9382838405331324e-05,1.9382838405331324e-05,0.14954915483965572,0.0034721436867310865,65.0291419823062,0.0003850131942454512,0.03447054045127748,62377.17784408411,242704129497.92587
54.171975913706255,1.0,1.845972909670046e-05,1.845972909670046e-05,0.15702760786608935,0.0036457739789924315,65.02914198230619,0.00042448242761284027,0.03619429688331518,59406.45950501159,209652965813.00912
56.88093523650624,1.0,1.758058294650189e-05,1.758058294650189e-05,0.164880033314691,0.00382808694141687,65.0291419823062,0.0004679978090237071,0.03800425260895522,56577.22187659518,181102670832.66296
59.72536055420135,1.0,1.6743306205619138e-05,1.6743306205619138e-05,0.17312513229544269,0.004019516765297751,65.0291419823062,0.0005159741252016082,0.0399047181665541,53882.7269280951,156440321535.8124
62.71202606809409,1.0,1.594590483991345e-05,1.594590483991345e-05,0.18178254109828573,0.004220519354382732,65.0291419823062,0.0005688686843063375,0.041900219650073775,51316.557528052115,135136462039.48975
65.84804473463589,1.0,1.5186479781289577e-05,1.5186479781289577e-05,0.19087287795834232,0.004431573410640997,65.02914198230617,0.0006271856749754209,0.04399550948829645,48872.60216143224,116733737141.8658
69.14088520543936,1.0,1.446322240492994e-05,1.446322240492994e-05,0.20041779215971062,0.00465318157432607,65.02914198230617,0.0006914809722282908,0.0461955777630721,46545.040374618715,100837073736.05922
72.59838961440313,1.0,1.3774410221925994e-05,1.3774410221925994e-05,0.21044001559477404,0.004885871621049329,65.02914198230623,0.0007623674360427959,0.04850566409355323,44328.32891358776,87105199307.49945
76.22879225431208,1.0,1.3118402777048232e-05,1.3118402777048232e-05,0.22096341690182147,0.0051301977187152015,65.02914198230623,0.0008405207531098683,0.0509312701147209,42217.18852225435,75243315432.36725
80.04073918739147,1.0,1.249363774188541e-05,1.249363774188541e-05,0.23201305830990757,0.005386741747311443,65.02914198230623,0.0009266858774496788,0.05347817257991988,40206.5913695485,64996768990.42784
84.04330883651933,1.0,1.1898627194048201e-05,1.1898627194048201e-05,0.24361525532633463,0.005656114684697748,65.02914198230623,0.0010216841312809684,0.0561524371186078,38291.74907527756,56145585224.674484
88.24603360613668,1.0,1.1331954073576174e-05,1.1331954073576174e-05,0.255797639408906,0.005938958061692996,65.02914198230623,0.0011264210338287257,0.05896043268208336,36468.10130625818,48499745282.49913
92.65892258434691,1.0,1.0792268808108638e-05,1.0792268808108638e-05,0.26858922377220884,0.006235945489926546,65.02914198230621,0.001241894932694068,0.061908846711597076,34731.304915558205,41895106855.766716
97.29248538027144,1.0,1.0278286098782052e-05,1.0278286098782052e-05,0.28202047248464956,0.006547784266092268,65.0291419823062,0.0013692065200601655,0.06500470106496845,33077.22359898332,36189880343.33999
102.15775715343162,1.0,9.788781859199312e-06,9.788781859199312e-06,0.2961233730208003,0.006875217056425947,65.02914198230621,0.0015095693244422744,0.06825536873964003,31501.91804417421,31261584885.658077
107.26632489476631,1.0,9.322590300180886e-06,9.322590300180886e-06,0.31093151244184536,0.007219023665417774,65.0291419823062,0.0016643212779887773,0.07166859143199548,30001.63654885386,27004418922.956104
112.6303550218758,1.0,8.878601153354915e-06,8.878601153354915e-06,0.3264801573855592,0.007580022892972242,65.0291419823062,0.001834937469592258,0.07525249797476062,28572.806085881566,23326988827.78212
118.26262235421038,1.0,8.455757026974112e-06,8.455757026974112e-06,0.34280633805631167,0.007959074484438357,65.0291419823062,0.0020230442053726736,0.07901562369639666,27212.02379383465,20150346849.67423
124.17654053721235,1.0,8.053050887662045e-06,8.053050887662045e-06,0.3599489364151359,0.008357081178154393,65.02914198230619,0.0022304345105565886,0.08296693074859246,25916.048872851767,17406296250.229786
130.3861939878671,1.0,7.669523662091505e-06,7.669523662091505e-06,0.37794877877988553,0.008774990855383457,65.0291419823062,0.0024590852205156697,0.08711582945026664,24681.794866437438,15035927242.893177
136.90637143774433,1.0,7.304261952883116e-06,7.304261952883116e-06,0.39684873305601504,0.009213798797760197,65.02914198230617,0.002711175823875497,0.09147220069891152,23506.322310846248,12988352306.746054
143.7526011534147,1.0,6.956395863284493e-06,6.956395863284493e-06,0.41669381082954804,0.009674550057624813,65.02914198230617,0.002989109237306378,0.09604641950265379,22386.831734540818,11219613723.78224
150.94118791812164,1.0,6.625096925449215e-06,6.625096925449215e-06,0.4375312745653716,0.010158341946889589,65.02914198230619,0.00329553471002057,0.1008493796890745,21320.65699105107,9691739886.475203
158.48925186278282,1.0,6.309576127381698e-06,6.309576127381698e-06,0.4594107501661598,0.010666326650365286,65.02914198230619,0.0036333730763005822,0.10589251984963474,20305.25890935673,8371930116.274058
166.41476923880035,1.0,6.009082033848985e-06,6.009082033848985e-06,0.4823843451599927,0.011199713969771265,65.02914198230619,0.004005844596764559,0.11118785058149516,19338.21924667083,7231850492.560772
174.7366152297823,1.0,5.722898996784267e-06,5.722898996784267e-06,0.5065067727981412,0.011759774204964353,65.02914198230617,0.004416499653750465,0.11674798309160761,18417.234929222464,6247025574.793934
183.4746089041365,1.0,5.4503454509200765e-06,5.4503454509200765e-06,0.5318354823585709,0.01234784117924838,65.02914198230623,0.004869252593406188,0.12258615923120245,17540.112567322667,5396312959.217551
192.6495604155911,1.0,5.190772290592107e-06,5.190772290592107e-06,0.5584307959654825,0.012965315415969278,65.02914198230623,0.005368419037066798,0.12871628303219876,16704.7632316508,4661449389.820969
202.28332056405733,1.0,4.9435613238479e-06,4.9435613238479e-06,0.5863560522507449,0.013613667473961052,65.02914198230623,0.005918757017569465,0.1351529538206463,15909.197478320784,4026658679.375956
212.39883283486404,1.0,4.708123800178698e-06,4.708123800178698e-06,0.615677757199354,0.014294441449786347,65.02914198230621,0.006525512332615608,0.1419115009860592,15151.520610878853,3478313023.326944
223.02018804030087,1.0,4.483899008368226e-06,4.483899008368226e-06,0.6464657425381681,0.015009258655112243,65.02914198230621,0.007194468547486479,0.14900802048944803,14429.928167949158,3004640435.5585594
234.1726816936018,1.0,4.270352941119018e-06,4.270352941119018e-06,0.6787933320451349,0.0157598214779794,65.0291419823062,0.007932002123735961,0.1564594131969961,13742.701625780559,2595472025.217137
245.88287425201008,1.0,4.0669770232760535e-06,4.0669770232760535e-06,0.7127375161750863,0.016547917437160276,65.02914198230621,0.008745143199344847,0.1642834251306753,13088.204305460067,2242023689.078274
258.1786543723972,1.0,3.87328690061882e-06,3.87328690061882e-06,0.7483791354179851,0.017375423439262332,65.0291419823062,0.009641642599690409,0.1724986897316598,12464.877475045512,1936707532.7916965
271.08930533008373,1.0,3.688821286337284e-06,3.688821286337284e-06,0.7858030728263049,0.018244310248714632,65.02914198230621,0.010630045718076879,0.18112477223719253,11871.236637334523,1672968972.559839
284.64557475904286,1.0,3.51314086244452e-06,3.51314086244452e-06,0.8250984561700581,0.019156647181283588,65.0291419823062,0.011719773970052853,0.19018221627658954,11305.867994428803,1445146020.118754
298.8797478795801,1.0,3.3458272335096587e-06,3.3458272335096587e-06,0.8663588702009265,0.020114607032295746,65.02914198230619,0.01292121459793474,0.19969259279735585,10767.425080673802,1248347730.1252625
313.82572438788105,1.0,3.18648193021941e-06,3.18648193021941e-06,0.9096825795310021,0.0211204712513044,65.02914198230619,0.014245819681548767,0.2096785514379309,10254.625555954995,1078349200.436395
329.5190991905512,1.0,3.034725460395026e-06,3.034725460395026e-06,0.9551727626569557,0.0221766353755241,65.02914198230617,0.015706215298958014,0.22016387446941488,9766.248151713608,931500871.1275737
345.9972471764186,1.0,2.8901964052046786e-06,2.8901964052046786e-06,1.0029377576869691,0.02328561473497298,65.02914198230619,0.01731632187768951,0.23117353343473956,9301.129762408662,804650175.0641478
363.29941222749153,1.0,2.7525505584187893e-06,2.7525505584187893e-06,1.053091320355648,0.024450050442910185,65.02914198230619,0.019091486883644176,0.2427337486201747,8858.162675498348,695073858.0061841
381.46680068105564,1.0,2.6214601066584027e-06,2.6214601066584027e-06,1.1057528949413997,0.02567271568583505,65.02914198230619,0.02104863111247446,0.25487205150080566,8436.291933343791,600419515.2820109
400.5426794654987,1.0,2.4966128486842963e-06,2.4966128486842963e-06,1.161047898731481,0.02695652232802807,65.02914198230617,0.02320640997787279,0.26761735030870043,8034.512820752362,518655089.9289864
420.5724791435794,1.0,2.377711451867513e-06,2.377711451867513e-06,1.2191080207121932,0.028304527846362906,65.02914198230617,0.025585391334163772,0.28099999887992155,7651.86847217695,448025248.1182208
441.60390210854536,1.0,2.2644727440705505e-06,2.2644727440705505e-06,1.280071535195573,0.02971994261190509,65.02914198230623,0.028208251528197247,0.2950518689443463,7287.447592872577,387013695.3227957
463.6870361907765,1.0,2.156627039252757e-06,2.156627039252757e-06,1.3440836311295057,0.03120613753563925,65.02914198230621,0.03109999154930057,0.30980642603045955,6940.382288583098,334310624.2259883
486.87447394551947,1.0,2.0539174951938405e-06,2.0539174951938405e-06,1.4112967578755415,0.032766652096533455,65.0291419823062,0.034288175337621934,0.32529880916589204,6609.845998589284,288784595.53518194
511.22143790579753,1.0,1.956099501805849e-06,1.956099501805849e-06,1.4818709882778895,0.03440520277106016,65.02914198230621,0.03780319252240908,0.34156591456351365,6295.0515271956665,249458248.03355342
536.7859120988043,1.0,1.8629400985768302e-06,1.8629400985768302e-06,1.5559743998882927,0.03612569188424952,65.02914198230621,0.041678548094634185,0.35864648349239087,5995.249168967942,215487316.40842846
563.6287801389902,1.0,1.7742174197588016e-06,1.7742174197588016e-06,1.6337834752546767,0.037932216903354035,65.02914198230621,0.045951181775110955,0.37658119454287564,5709.724923256153,186142506.40716633
591.8139702267232,1.0,1.6897201659786797e-06,1.6897201659786797e-06,1.7154835222268958,0.039829080196258464,65.02914198230621,0.050661820122307265,0.3954127605055632,5437.79879375132,160793838.21305367
621.4086073978463,1.0,1.6092471010137893e-06,1.6092471010137893e-06,1.8012691152805635,0.04182079927787505,65.0291419823062,0.05585536473612968,0.4151860300948418,5178.82316902585,138897121.92190775
652.4831733867276,1.0,1.5326065725334786e-06,1.5326065725334786e-06,1.8913445589100137,0.04391211756892677,65.0291419823062,0.06158132025802147,0.43594809475929813,4932.181280200836,119982274.77241163
685.1116744835259,1.0,1.459616055665456e-06,1.459616055665456e-06,1.9859243741939894,0.0461080156927413,65.0291419823062,0.06789426624705229,0.45774840083335244,4697.285732067083,103643229.32231973
719.3718177854372,1.0,1.3901017182998182e-06,1.3901017182998182e-06,2.0852338096928595,0.048413723336959924,65.0291419823062,0.07485437742990227,0.48063886729722305,4473.577104161616,89529215.91739081
755.3451962616749,1.0,1.3238980070955119e-06,1.3238980070955119e-06,2.1895093778940895,0.050834731708410734,65.02914198230619,0.08252799728373995,0.5046740094256713,4260.522618468049,77337232.30347723
793.1174830729362,1.0,1.2608472532032664e-06,1.2608472532032664e-06,2.2989994184835725,0.053376806610808625,65.02914198230619,0.0909882704193629,0.5299110686200106,4057.6148705678024,66805538.71800622
832.7786356081253,1.0,1.2007992967660168e-06,1.2007992967660168e-06,2.413964689784247,0.05604600217642684,65.02914198230619,0.10031583979244643,0.5564101487325726,3864.3706212204065,57708038.81227546
874.4231097242798,1.0,1.143611129302514e-06,1.143611129302514e-06,2.5346789897706072,0.05884867528444405,65.02914198230619,0.11059961538869134,0.5842343592083117,3680.329645494839,49849425.773158066
918.150084699915,1.0,1.0891465531224518e-06,1.0891465531224518e-06,2.6614298081380623,0.06179150070030431,65.02914198230617,0.12193762170994173,0.6134499653844379,3505.0536367111126,43060989.44026153
964.063699437533,1.0,1.0372758569619765e-06,1.0372758569619765e-06,2.794519010980103,0.06488148697214595,65.02914198230623,0.13443793213947425,0.6441265463060327,3338.1251625817263,37196994.4049538
1012.2733004778299,1.0,9.878755070670777e-07,9.878755070670777e-07,2.934263559703883,0.06812599312215792,65.02914198230623,0.14821969909278898,0.6763371604334971,3179.1466710669583,32131551.33561552
1062.8937024162622,1.0,9.408278529891688e-07,9.408278529891688e-07,3.0809962658963626,0.07153274617261442,65.02914198230623,0.1634142897732523,0.7101585196364719,3027.739543576411,27755914.36215073
1116.0454613421807,1.0,8.960208473921648e-07,8.960208473921648e-07,3.2350665839388015,0.07510985954832874,65.02914198230621,0.18016653835856933,0.7456711718886182,2883.543193261876,23976146.499503706
1171.8551619517261,1.0,8.533477792037874e-07,8.533477792037874e-07,3.396841443257201,0.07886585239935116,65.0291419823062,0.198636126553865,0.7829596930983409,2746.2142062541216,20711102.991064362
1230.4557190183052,1.0,8.127070194755407e-07,8.127070194755407e-07,3.5667061221908885,0.08280966988993192,65.02914198230621,0.21899910567075928,0.8221128885323433,2615.425523798292,17890689.278001882
1291.986693938564,1.0,7.740017793461514e-07,7.740017793461514e-07,3.7450651655602467,0.08695070450206535,65.0291419823062,0.24144957474080883,0.8632240043116773,2490.8656633402475,15454356.19629276
1356.5946271078055,1.0,7.371398795319956e-07,7.371398795319956e-07,3.93234334811905,0.09129881840435529,65.02914198230621,0.26620153065904323,0.906390949484029,2372.237976708657,13349800.09605117
1424.4333869163463,1.0,7.020335307955876e-07,7.020335307955876e-07,4.1289866861857,0.0958643669394701,65.0291419823062,0.29349090799305605,0.9517165292010684,2259.259943626307,11531839.97708556
1495.6645361980584,1.0,6.685991248692536e-07,6.685991248692536e-07,4.3354634998628905,0.10065822328612933,65.0291419823062,0.323577827901052,0.999308689556248,2151.6624988679273,9961447.534817003
1570.457717003745,1.0,6.367570353360969e-07,6.367570353360969e-07,4.552265528375226,0.10569180435435206,65.02914198230619,0.3567490775954139,1.0492807746660984,2049.1893914622215,8604909.293407459
1648.9910546157482,1.0,6.064314279940241e-07,6.064314279940241e-07,4.779909101181155,0.11097709797563986,65.0291419823062,0.3933208439859373,1.1017517966073025,1951.5965744119567,7433102.838615785
1731.4515817660047,1.0,5.775500802511866e-07,5.775500802511866e-07,5.0189363676483785,0.11652669145285212,65.0291419823062,0.4336417275597165,1.156846718852439,1858.6516234786461,6420871.612414041
1818.035684067781,1.0,5.500442091227497e-07,5.500442091227497e-07,5.269916588221073,0.1223538015377617,65.02914198230619,0.47809606522581855,1.2146967538793674,1770.1331836477154,5546484.84734031
1908.9495677220134,1.0,5.238483074193098e-07,5.238483074193098e-07,5.533447490154226,0.12847230590769154,65.02914198230619,0.5271075937980023,1.275439675663099,1685.8304419557571,4791171.046357276
2004.4097506120202,1.0,4.988999877368701e-07,4.988999877368701e-07,5.810156691043547,0.13489677621618898,65.02914198230619,0.5811434890355887,1.3392201477943044,1605.5426254244817,4138714.992876994
2104.6435779562785,1.0,4.7513983387679036e-07,4.7513983387679036e-07,6.100703193541515,0.14164251279645756,65.02914198230619,0.6407188187425026,1.4061900680059676,1529.0785229055575,3575109.6394873774
2209.8897637472073,1.0,4.5251125934188995e-07,4.5251125934188995e-07,6.405778954819,0.148725581100187,65.02914198230623,0.7064014523711646,1.4765089299286247,1456.2560296976817,3088255.402064006
2320.3989592655626,1.0,4.309603725716689e-07,4.309603725716689e-07,6.7261105345106085,0.1561628499585724,65.02914198230617,0.7788174739294446,1.5503442029358194,1386.9017138512445,2667700.4036566913
2436.434350024261,1.0,4.1043584859573287e-07,4.1043584859573287e-07,7.062460825068042,0.1639720317566327,65.02914198230623,0.8586571497861738,1.6278717309843065,1320.8504031278374,2304416.091659331
2558.272282563441,1.0,3.908888067997125e-07,3.908888067997125e-07,7.415630868642855,0.17217172461651953,65.02914198230621,0.946681508260188,1.7092761513989705,1257.9447916307752,1990603.4111699467
2686.202922589398,1.0,3.7227269451260895e-07,3.7227269451260895e-07,7.786461764825305,0.18078145669026643,65.02914198230621,1.043729593709159,1.7947513345997455,1198.0350651699334,1719525.3734355515
2820.530946024848,1.0,3.545431761382952e-07,3.545431761382952e-07,8.175836673782833,0.18982173266747226,65.02914198230621,1.1507264642639212,1.8845008458178045,1140.9785444685929,1485362.4249296824
2961.5762646163535,1.0,3.376580275671346e-07,3.376580275671346e-07,8.584682919568946,0.19931408260868053,65.02914198230621,1.268692009442379,1.9787384299006674,1086.639345362575,1283087.5120992605
3109.674787826868,1.0,3.215770356162641e-07,3.215770356162641e-07,9.013974198611319,0.20928111322074838,65.02914198230614,1.3987506716920142,2.077688520360736,1034.888055182452,1108358.159647813
3265.1792228280747,1.0,3.062619022590339e-07,3.062619022590339e-07,9.464732898639262,0.21974656169632942,65.0291419823062,1.5421421645264373,2.1815867738797077,985.6014245480528,957423.2454713901
3428.4599144975614,1.0,2.9167615341553446e-07,2.9167615341553446e-07,9.938032533572697,0.2307353522456857,65.02914198230626,1.7002332894206629,2.2906806315416945,938.6620738413029,827042.4708744411
3599.905727421556,1.0,2.77785052086976e-07,2.77785052086976e-07,10.435000300172113,0.2422736554554707,65.02914198230621,1.8745309641033856,2.405229908131813,893.9582136582993,714416.7972371763
3779.924972003552,1.0,2.645555156270602e-07,2.645555156270602e-07,10.956819762537691,0.2543889506158388,65.02914198230624,2.0666965864311844,2.525507410903543,851.3833785749101,617128.3557360576
3968.9463768846413,1.0,2.5195603695329673e-07,2.5195603695329673e-07,11.504733670851587,0.26711009116433637,65.02914198230619,2.2785618707607265,2.651799589288649,810.836173591768,533088.540087968
4167.42010999126,1.0,2.399566095106495e-07,2.399566095106495e-07,12.080046921075851,0.28046737340241157,65.02914198230624,2.512146307770324,2.7844072170968728,772.2200326548806,460493.1679636908
4375.818850642113,1.0,2.2852865580878842e-07,2.2852865580878842e-07,12.684129662654959,0.29449260864821436,65.02914198230617,2.769676414157274,2.923646108830145,735.4429886766943,397783.74846745684
4594.638915267667,1.0,2.1764495936276295e-07,2.1764495936276295e-07,13.318420561624364,0.30921919899751377,65.02914198230623,3.053606955698239,3.069847871817336,700.4174545099324,343614.0241657123
4824.401439422975,1.0,2.072795998750065e-07,2.072795998750065e-07,13.984430226895855,0.32468221687316634,65.02914198230617,3.3666443459698545,3.223360695960659,667.0600143525708,296821.0693831657
5065.653618909162,1.0,1.9740789150430319e-07,1.9740789150430319e-07,14.683744807880363,0.3409184885525864,65.02914198230624,3.711772443765314,3.3845501829747477,635.2912250871698,256400.32429897937
5318.970012959081,1.0,1.8800632407470058e-07,1.8800632407470058e-07,15.418029772015448,0.35796668187214636,65.02914198230616,4.092280995106593,3.553800217093105,605.0354270814366,221484.02887045973
5584.953912591101,1.0,1.7905250708435256e-07,1.7905250708435256e-07,16.189033871194752,0.37586739831738086,65.02914198230624,4.511796990960553,3.731513879315779,576.220563999428,191322.5935997225
5864.2387773895,1.0,1.7052511638094576e-07,1.7052511638094576e-07,16.998593306544805,0.3946632697183135,65.02914198230617,4.97431923955907,3.918114407375384,548.7780111942573,165268.50720750386
6157.489744133643,1.0,1.6240384337671358e-07,1.6240384337671358e-07,17.848636101468962,0.41439905978019403,65.02914198230623,5.484256482865301,4.114046203707946,522.6424122736156,142762.43574107788
6465.405210868455,1.0,1.5466934668208925e-07,1.5466934668208925e-07,18.74118669337204,0.4351217706914473,65.02914198230616,6.046469420510312,4.319775893828858,497.7515234488725,123321.21468935252
6788.71850018914,1.0,1.4730320604281043e-07,1.4730320604281043e-07,19.678370755002305,0.4568807550627292,65.0291419823062,6.666317041770671,4.535793437634811,474.04606529706496,106527.47631764835
7128.199605701106,1.0,1.402878784707717e-07,1.402878784707717e-07,20.6624202568923,0.4797278334636847,65.02914198230616,7.3497077072212615,4.76261329627813,451.46958158272906,92020.68953985743
7484.657025814465,1.0,1.3360665646415268e-07,1.3360665646415268e-07,21.695678782955337,0.5037174178373135,65.02914198230619,8.103155466971206,5.000775657392582,429.9683048033667,79489.41997031099
7858.939689240648,1.0,1.2724362821731006e-07,1.2724362821731006e-07,22.78060711189768,0.528906641085896,65.02914198230614,8.933842152306557,5.250847721588742,409.4910281383009,68664.64399269265
8251.938976776406,1.0,1.2118363972568383e-07,1.2118363972568383e-07,23.91978907773776,0.5553554931370521,65.0291419823062,9.849685832593519,5.51342505328252,389.9889834960002,59313.97331121868
8664.590844190747,1.0,1.1541225869545338e-07,1.1541225869545338e-07,25.115937723391166,0.5831269638140377,65.02914198230616,10.859416289971746,5.789132999074288,371.41572536938656,51236.66599565164
9097.878051270056,1.0,1.0991574017200646e-07,1.0991574017200646e-07,26.371901761974968,0.6122871928504748,65.0291419823062,11.972658231257682,6.078628177056213,353.72702022256726,44259.31691636418
9552.832502330613,1.0,1.0468099380534812e-07,1.0468099380534812e-07,27.690672361221168,0.6429056274068509,65.02914198230614,13.200023030231966,6.382600040595072,336.8807411455098,38232.13505089079
10030.537703771994,1.0,9.969555267450405e-08,9.969555267450405e-08,29.075390267155054,0.6750551874638554,65.02914198230617,14.553209874792358,6.701772520314398,320.8367675258186,33025.72774251584
10532.131344524802,1.0,9.494754359665834e-08,9.494754359665834e-08,30.529353284005758,0.7088124394865188,65.02914198230623,16.045117283104606,7.036905748186868,305.55688949863315,28528.32287474794
11058.808005537758,1.0,9.042565885032494e-08,9.042565885032494e-08,32.056024128161525,0.7442577787726914,65.02914198230617,17.689966051716603,7.3887978678426505,291.0047169471194,24643.369326821048
11611.822004757163,1.0,8.611912924520525e-08,8.611912924520525e-08,33.65903867487499,0.7814756209201568,65.02914198230623,19.50343480757241,7.758286935405207,277.14559283682,21287.46419635006
12192.490384374509,1.0,8.201769847459274e-08,8.201769847459274e-08,35.3422146173593,0.8205546028684046,65.02914198230619,21.50280945600331,8.146252915381694,263.9465106774533,18388.562290371563
12802.19604745598,1.0,7.811159868925127e-08,7.811159868925127e-08,37.10956055889561,0.8615877939937873,65.02914198230621,23.707147949224947,8.55361977636093,251.37603591561626,15884.42944579824
13442.391051424724,1.0,7.439152723458468e-08,7.439152723458468e-08,38.965285559607615,0.9046729177608842,65.02914198230617,26.13746194591016,8.981357691510471,239.40423107115072,13721.306474876195
14114.600066238707,1.0,7.08486244957051e-08,7.08486244957051e-08,40.91380916063716,0.9499125844578646,65.02914198230623,28.81691709340485,9.430485349112901,228.0025844389114,11852.755052985789
14820.42400550095,1.0,6.74744527976275e-08,6.74744527976275e-08,42.959771909596576,0.9974145355702146,65.02914198230616,31.771053841672334,9.902072378644622,217.1439421861044,10238.660772085565
15561.543839148955,1.0,6.426097631034847e-08,6.426097631034847e-08,45.10804641236241,1.0472919003747245,65.0291419823062,35.02803089375065,10.397241898174407,206.80244368350876,8844.371957171048
16339.72459680447,1.0,6.120054191094307e-08,6.120054191094307e-08,47.36374893753372,1.0996634653649415,65.02914198230616,38.618893613287,10.917173189149167,196.95345991654125,7639.955757696151
17156.819571316883,1.0,5.828586095711005e-08,5.828586095711005e-08,49.732251601189084,1.154653957149626,65.02914198230621,42.577869947592596,11.463104504936458,187.5735348295117,6599.555543593966
18014.774732512244,1.0,5.550999192874982e-08,5.550999192874982e-08,52.219195160963984,1.212394339498073,65.02914198230626,46.94269668694965,12.036336019813149,178.64032946335206,5700.835810352345
18915.6333616588,1.0,5.2866323896241206e-08,5.2866323896241206e-08,54.83050244991627,1.2730221252396372,65.0291419823062,51.754979170055016,12.638232925422919,170.13256875379818,4924.502676266114
19861.540917686605,1.0,5.034856077604259e-08,5.034856077604259e-08,57.57239248217414,1.3366817037603076,65.02914198230624,57.06058786429869,13.27022868207722,162.02999086331192,4253.889677810865
20854.750146750903,1.0,4.795070633611962e-08,4.795070633611962e-08,60.45139526396171,1.4035246848763356,65.0291419823062,62.91009560106657,13.933828432643201,154.31329892606905,3674.5999709164867
21897.626447307073,1.0,4.5667049915493406e-08,4.5667049915493406e-08,63.474367345272455,1.473710259903765,65.02914198230624,69.35925963376778,14.63061258714832,146.96411509110476,3174.1972568523083
22992.653503475736,1.0,4.349215282389363e-08,4.349215282389363e-08,66.64850814923204,1.547405580783917,65.0291419823062,76.46955311355268,15.362240586639537,139.96493675414945,2741.9387974619876
24142.439200112836,1.0,4.1420835389131966e-08,4.1420835389131966e-08,69.98137711803567,1.6247861581675929,65.02914198230624,84.30875104871363,16.130454855259988,133.29909487393533,2368.5447880711804
25349.721833673404,1.0,3.944816462134294e-08,3.944816462134294e-08,73.48091171629873,1.7060362794062203,65.02914198230619,92.9515763331206,16.937084949956347,126.9507142736845,2045.999136921606
26617.376633659016,1.0,3.7569442464718716e-08,3.7569442464718716e-08,77.1554463346925,1.7913494474452505,65.02914198230624,102.48041200159287,17.784051917698612,120.90467583324963,1767.3773742285682
27948.422610181795,1.0,3.57801946087538e-08,3.57801946087538e-08,81.0137321388895,1.8809288416652359,65.02914198230616,112.98608650140851,18.673372870590388,115.14658048184994,1526.6979963807935
29346.0297439517,1.0,3.407615983235699e-08,3.407615983235699e-08,85.06495791108702,1.9749878017679485,65.02914198230623,124.56873946511227,19.607165789764828,109.66271490566211,1318.7940539130702
30813.526535810983,1.0,3.24532798554497e-08,3.24532798554497e-08,89.31877193374517,2.0737503358600806,65.02914198230616,137.33877623713917,20.587654569507283,104.44001888858624,1139.202226477979
32354.407933796174,1.0,3.090768967388332e-08,3.090768967388332e-08,93.7853049676593,2.1774516539444813,65.02914198230623,151.41792025275848,21.61717431361805,99.46605420841232,984.0670034579407
33972.34365660508,1.0,2.943570835465672e-08,2.943570835465672e-08,98.4751943790864,2.286338728089523,65.02914198230616,166.94037330056426,22.698176896627956,94.72897501430873,850.0579131491102
35671.18693329351,1.0,2.803383026951244e-08,2.803383026951244e-08,103.39960947339124,2.4006708806106527,65.02914198230621,184.0540947280915,23.833236803112325,90.21749961508564,734.2980235779279
37454.9836800139,1.0,2.6698716746033518e-08,2.6698716746033518e-08,108.5702780955403,2.5207204016649376,65.02914198230616,202.92221178388073,25.02505725900886,85.92088361104467,634.3021799926123
39327.982135653125,1.0,2.5427188116357525e-08,2.5427188116357525e-08,113.99951456080079,2.6467731977294546,65.02914198230621,223.7245745393213,26.276476669542948,81.82889430542635,547.9236531006155
41294.64297931512,1.0,2.4216216144571315e-08,2.4216216144571315e-08,119.70024898215706,2.7791294725079094,65.02914198230616,246.65947021170908,27.590475379091277,77.93178633451467,473.3080526865297
43359.6499537461,1.0,2.306291681475173e-08,2.306291681475173e-08,125.68605806429623,2.9181044418871127,65.0291419823062,271.94551322938213,28.970182769084424,74.22027845836006,408.8535172194488
45527.921020001006,1.0,2.196454346247631e-08,2.196454346247631e-08,131.97119743749596,3.064029084646065,65.02914198230626,299.82372905494736,30.41888471085126,70.68553145684547,353.17632479290063
47804.62006991744,1.0,2.0918480233446754e-08,2.0918480233446754e-08,138.57063560842158,3.2172509307054438,65.02914198230619,330.55985162950566,31.940031391155156,67.31912707845545,305.0811871266618
50195.169224292134,1.0,1.9922235853645598e-08,1.9922235853645598e-08,145.50008960869158,3.378134888794858,65.02914198230626,364.44685633702994,33.537245529059696,64.1130479916106,263.53558889654136
52705.26174604677,1.0,1.897343769618991e-08,1.897343769618991e-08,152.7760624261048,3.5470641155089484,65.02914198230619,401.80775263298153,35.21433100369143,61.05965869082201,227.6476215041495
55340.8755991395,1.0,1.8069826130751533e-08,1.8069826130751533e-08,160.41588230768244,3.7244409278220854,65.02914198230626,442.9986629564003,36.97528191344919,58.15168731219165,196.646835417896
58108.2876855107,1.0,1.720924914208666e-08,1.720924914208666e-08,168.43774402811903,3.910687761234871,65.02914198230619,488.41221727350376,38.824292088233136,55.382208314950965,169.86770001973514
61014.08879397246,1.0,1.63896572048584e-08,1.63896572048584e-08,176.86075222193557,4.106248175834343,65.02914198230626,538.4812956094593,40.765765077349656,52.744625987792794,146.73531587057897
64065.199296640225,1.0,1.560909840254634e-08,1.560909840254634e-08,185.70496688252356,4.311587912663888,65.02914198230619,593.6831542419562,42.80432463687676,50.23265874071548,126.75307266264927
67268.88563029243,1.0,1.4865713778818451e-08,1.4865713778818451e-08,194.99145113644948,4.527196002918678,65.02914198230624,654.543974887301,44.944825741468904,47.84032414496929,109.49198789740156
70632.77760190568,1.0,1.415773291029432e-08,1.415773291029432e-08,204.74232140678652,4.753585932608255,65.02914198230617,721.6438802416491,47.19236614682386,45.56192468547671,94.58149740978565
74164.886559584,1.0,1.3483469690155882e-08,1.3483469690155882e-08,214.9808000849527,4.9912968654600025,65.02914198230621,795.6224636853291,49.552298530351344,43.39203419179485,81.70150002810969
77873.62447215403,1.0,1.2841318312563947e-08,1.2841318312563947e-08,225.73127083648745,5.240894926975969,65.02914198230616,877.1848858591378,52.030243238954874,41.32548491530403,70.5754855827913
81767.82396286687,1.0,1.2229749448317584e-08,1.2229749448317584e-08,237.01933667248483,5.502974552700938,65.02914198230623,967.1085962248866,54.63210167428755,39.35735522184762,60.964598734822964
85856.75934491995,1.0,1.1647306602647451e-08,1.1647306602647451e-08,248.8718809249893,5.778159903913116,65.02914198230616,1066.2507436799024,57.364070347360745,37.48295787050886,52.66251118510461
90150.16870889267,1.0,1.1092602646470225e-08,1.1092602646470225e-08,261.3171312715606,6.067106354108476,65.02914198230621,1175.5563468630069,60.23265563597519,35.69782885061429,45.49099218030558
94658.27711470333,1.0,1.056431651284163e-08,1.056431651284163e-08,274.3847269615002,6.370502049819539,65.02914198230616,1296.0673020311385,63.24468928012359,33.99771675037356,39.29608222203295
99391.82094331557,1.0,1.006119005074183e-08,1.006119005074183e-08,288.1057894038285,6.689069549485137,65.02914198230621,1428.9323143691204,66.40734465226458,32.37857263184076,33.944787835806196
104362.0734661951,1.0,9.582025028698943e-09,9.582025028698943e-09,302.5129962851396,7.023567544274935,65.02914198230616,1575.417847397593,69.72815384122075,30.836540388079566,29.32222644250852
109580.87169340634,1.0,9.12568028111581e-09,9.12568028111581e-09,317.6406593938324,7.374792664966248,65.02914198230619,1736.9201948481648,73.21502559038305,29.367947559571167,25.329160037901726
115060.64456429564,1.0,8.691068990502681e-09,8.691068990502681e-09,333.5248063360806,7.74358137917709,65.02914198230624,1914.9787900746082,76.87626413294693,27.96929658798976,21.879864732766592
120814.44254789417,1.0,8.277156099144127e-09,8.277156099144127e-09,350.2032663381387,8.13081198347328,65.02914198230619,2111.2908798646326,80.72058896903425,26.637256486518858,18.900290416571423
126855.96872353784,1.0,7.882955844035527e-09,7.882955844035527e-09,367.7157603393342,8.537406695094091,65.02914198230624,2327.72770252243,84.75715563180279,25.368654906869455,16.32647103598326
133199.61141572753,1.0,7.507529409218118e-09,7.507529409218118e-09,386.10399559031595,8.964333848278464,65.02914198230619,2566.352324430909,88.99557749200105,24.16047058410614,14.10315135978483
139860.4784609458,1.0,7.14998268992221e-09,7.14998268992221e-09,405.41176498183364,9.412610200421646,65.02914198230624,2829.439305110659,93.44594865289353,23.009826141290418,12.182600749337276
146854.43318804653,1.0,6.809464163192837e-09,6.809464163192837e-09,425.6850513406294,9.883303353555535,65.02914198230617,3119.496378222506,98.11886799008724,21.91398123680206,10.523588468387235
154198.13219789942,1.0,6.485162859927451e-09,6.485162859927451e-09,446.97213694080597,10.377534296918626,65.02914198230623,3439.288355175617,103.02546439350682,20.870326038021204,9.090498533984922
161909.06503227228,1.0,6.176306433495099e-09,6.176306433495099e-09,469.323718491504,10.896480076671928,65.02914198230617,3791.863479189767,108.17742327163923,19.87637500582563,7.852565105963841
170005.5958264171,1.0,5.882159320338153e-09,5.882159320338153e-09,492.79302787471613,11.441376599117866,65.02914198230621,4180.582481017025,113.5870143811641,18.92976097510307,6.783212000186199
178507.00704456738,1.0,5.602020988175171e-09,5.602020988175171e-09,517.4359589208092,12.013521574099391,65.02914198230617,4609.150613281322,119.26712104825403,18.02822951717846,5.8594821460982915
187433.54540249618,1.0,5.335224267633592e-09,5.335224267633592e-09,543.3112005236505,12.614277605587988,65.02914198230621,5081.652968785177,125.23127085113079,17.169633570732195,5.061544740088111
196806.47008651288,1.0,5.081133763338247e-09,5.081133763338247e-09,570.4803764123922,13.245075436822328,65.02914198230616,5602.593419436848,131.49366783695717,16.351928328420296,4.372269514119572
206648.10338372728,1.0,4.839144340672164e-09,4.839144340672164e-09,599.0081919127646,13.907417357724844,65.0291419823062,6176.937546961424,138.06922634978542,15.573166367020585,3.7768589799655916
216981.88384416339,1.0,4.608679684605376e-09,4.608679684605376e-09,628.9625880474098,14.602880782712207,65.02914198230616,6810.1599746099155,144.97360655012795,14.831493009505538,3.262530753989709
227832.42210133708,1.0,4.389190927159666e-09,4.389190927159666e-09,660.4149033422702,15.333122007419986,65.0291419823062,7508.296551030138,152.22325171074593,14.125141907996982,2.818243142566477
239225.55948422788,1.0,4.180155340240434e-09,4.180155340240434e-09,693.440043724355,16.099880153288524,65.02914198230626,8278.001883713456,159.83542737747126,13.452430837082984,2.434458096957474
251188.4295602461,1.0,3.981075090722504e-09,3.981075090722504e-09,728.116660915545,16.904981309404562,65.0291419823062,9126.612770424234,167.8282624883349,12.81175768747818,2.102936448714145
263749.52275575086,1.0,3.7914760548251896e-09,3.7914760548251896e-09,764.5273397472557,17.750342881462018,65.02914198230626,10062.21813323684,176.22079254892031,12.201596650486781,1.8165610296835435
276938.7542080317,1.0,3.6109066889526667e-09,3.6109066889526667e-09,802.7587948421,18.637978158200532,65.0291419823062,11093.736121789518,185.0330049667773,11.62049458418024,1.5691838793239075
290787.53501033265,1.0,3.4389369543108766e-09,3.4389369543108766e-09,842.9020771309213,19.570001106195374,65.02914198230624,12230.999120698556,194.28588665285244,11.067067552636685,1.3554942591491166
305328.8470196098,1.0,3.2751572927394388e-09,3.2751572927394388e-09,885.0527906970755,20.54863140441975,65.02914198230617,13484.847471421353,204.00147400331366,10.539997529998747,1.1709046408110197
320597.3214051692,1.0,3.1191776513198184e-09,3.1191776513198184e-09,929.3113204643537,21.576199730567875,65.02914198230624,14867.232801919596,214.20290538079468,10.038029261501396,1.0114522201911873
336629.3211252584,1.0,2.970626553436513e-09,2.970626553436513e-09,975.7830712708158,22.6551533117299,65.02914198230617,16391.331949057305,224.9144762200507,9.559967273993303,0.8737138431880189
353463.0275280443,1.0,2.8291502140790644e-09,2.8291502140790644e-09,1024.5787188979264,23.788061752637365,65.02914198230624,18071.672559637125,236.1616968892683,9.104673028832478,0.754732516810417
371138.53128320485,1.0,2.69441169727788e-09,2.69441169727788e-09,1075.8144736527884,24.977623155359698,65.02914198230617,19924.271567297696,247.97135344481896,8.671062210375473,0.6519539279045228
389697.9278607178,1.0,2.5660901136672482e-09,2.5660901136672482e-09,1129.6123571312748,26.2266705450263,65.02914198230623,21966.78786522897,260.3715714241622,8.258102143602525,0.5631716066857947
409185.41778421175,1.0,2.443879856264477e-09,2.443879856264477e-09,1186.1004928211257,27.538178616877467,65.02914198230616,24218.690629973986,273.3918828288103,7.864809334728506,0.4864795578369567
429647.4118976647,1.0,2.3274898726451183e-09,2.3274898726451183e-09,1245.4134112371692,28.915270820712827,65.02914198230621,26701.444900773487,287.0632964568958,7.4902471289424915,0.4202313422474791
451132.6418961252,1.0,2.216642971780909e-09,2.216642971780909e-09,1307.692370315296,30.36122679960924,65.02914198230617,29438.716183386277,301.4183717528264,7.133523479697676,0.36300473095377933
473692.27638371853,1.0,2.1110751638896084e-09,2.1110751638896084e-09,1373.0856918283075,31.879490200624247,65.02914198230621,32456.596028661595,316.49129634992295,6.793788824239035,0.31357117246438826
497380.0427353115,1.0,2.0105350317245537e-09,2.0105350317245537e-09,1441.7491146247496,33.473676876086486,65.02914198230616,35783.850736066815,332.31796749069696,6.470234060309188,0.27086941798896547
522252.3550520853,1.0,1.9147831318065918e-09,1.9147831318065918e-09,1513.8461655320818,35.14758349500534,65.0291419823062,39452.195552803656,348.93607751869166,6.16208861921379,0.23398273835269012
548368.4485157294,1.0,1.8235914241723836e-09,1.8235914241723836e-09,1589.548548807447,36.90519658510861,65.02914198230616,43496.596982165625,366.3852036454789,5.868618630657308,0.20211924348452354
575790.5204612381,1.0,1.7367427292810379e-09,1.7367427292810379e-09,1669.0365550635665,38.75070202704133,65.0291419823062,47955.60608272606,384.7069022066024,5.589125174978804,0.17459488197449255
604583.878504298,1.0,1.6540302107855331e-09,1.6540302107855331e-09,1752.4994906436875,40.688495023339286,65.02914198230614,52871.725935353985,403.94480763095345,5.322942618624875,0.15081875573129602
634817.0960760125,1.0,1.5752568829372873e-09,1.5752568829372873e-09,1840.1361284680827,42.723190565915644,65.02914198230619,58291.81678073079,424.14473635926163,5.069437028896136,0.1302804344726421
666562.1757354174,1.0,1.5002351414505332e-09,1.5002351414505332e-09,1932.1551814259344,44.85963442699363,65.02914198230614,64267.54268912932,445.3547959592158,4.828004664191233,0.11253899771338709
699894.7206486886,1.0,1.4287863167094078e-09,1.4287863167094078e-09,2028.7757994399,47.10291469965676,65.02914198230619,70855.86402008268,467.6254996970524,4.598070536153405,0.09721356900289925
734894.1146434735,1.0,1.3607402482535062e-09,1.3607402482535062e-09,2130.2280913872814,49.458373915505724,65.02914198230626,78119.58036605749,491.00988683850153,4.379087040294666,0.08397513919885584
771643.7112671133,1.0,1.2959348795286666e-09,1.2959348795286666e-09,2236.7536731206555,51.93162176827674,65.02914198230619,86127.92915543618,515.563648965564,4.1705326518368375,0.07253950323803982
810231.0322990585,1.0,1.2342158719377435e-09,1.2342158719377435e-09,2348.606242893251,54.52854847372661,65.02914198230623,94957.24562067552,541.3452626099842,3.971910683663153,0.06266115876939579
850747.9761902099,1.0,1.1754362372722473e-09,1.1754362372722473e-09,2466.0521855593797,57.25533879760114,65.02914198230617,104691.69042242352,568.4161285192691,3.7827481034225077,0.05412803566408159
893291.0369256138,1.0,1.1194559876494905e-09,1.1194559876494905e-09,2589.371206988908,60.11848678509378,65.02914198230623,115424.05186527496,596.8407178869337,3.602594406969337,0.04675694325466389
937961.5338317659,1.0,1.0661418021214513e-09,1.0661418021214513e-09,2718.8570002067227,63.12481122687788,65.02914198230616,127256.63035186047,626.6867258952443,3.43102054545583,0.04038963756393185
984865.852875783,1.0,1.0153667091614823e-09,1.0153667091614823e-09,2854.81794484353,66.28147189854018,65.02914198230621,140302.21350583137,658.0252329361026,3.267617903521678,0.03488942409388735
1034115.7000311688,1.0,9.67009784272552e-10,9.67009784272552e-10,2997.5778415639306,69.59598661209768,65.02914198230617,154685.1512585899,690.9308738940672,3.1119973261474088,0.03013822324293754
1085828.367313523,1.0,9.20955861996981e-10,9.20955861996981e-10,3147.476683220702,73.07624912020009,65.02914198230621,170542.54114742248,725.4820158946319,2.963788191854117,0.026034035351139177
1140127.0121198406,1.0,8.770952616416808e-10,8.770952616416808e-10,3304.871464572017,76.73054791566531,65.02914198230616,188025.53512327085,761.7609449411223,2.8226375300419475,0.02248875095260245
1197140.9505365973,1.0,8.353235260658052e-10,8.353235260658052e-10,3470.137032489813,80.56758597111299,65.02914198230621,207300.78032454886,799.8540618846566,2.6882091803655777,0.019426259225159004
1257005.9653152286,1.0,7.955411729086135e-10,7.955411729086135e-10,3643.666978684338,84.59650146571481,65.02914198230626,228552.00755042693,839.8520881939315,2.5601829921443646,0.016780814029131494
1319864.6292484081,1.0,7.576534576651593e-10,7.576534576651593e-10,3825.874577070799,88.82688954841787,65.0291419823062,251981.78257481856,881.8502820148515,2.438254061900747,0.014495622457029594
1385866.6447172903,1.0,7.215701480455182e-10,7.215701480455182e-10,4017.193768010573,93.26882518947357,65.02914198230624,277813.43699452525,925.9486650345755,2.3221320072109433,0.012521625592892533
1455169.200218402,1.0,6.872053090801487e-10,6.872053090801487e-10,4218.0801917711115,97.93288717469848,65.02914198230619,306293.19701631623,972.2522606902957,2.2115402751384847,0.010816445306392785
1527937.3447192118,1.0,6.544770984596689e-10,6.544770984596689e-10,4429.0122736655985,102.83018329960288,65.02914198230624,337692.5304744139,1020.8713442900116,2.1062154836037843,0.009343474471285602
1604344.3807340122,1.0,6.233075716215521e-10,6.233075716215521e-10,4650.492363456943,107.97237682339903,65.0291419823062,372310.7344500992,1071.9217056410387,2.0059067941209068,0.00807109107684093
1684572.277056167,1.0,5.93622496119624e-10,5.93622496119624e-10,4883.04793173942,113.37171424587996,65.02914198230624,410477.78815846215,1125.524924811658,1.9103753144079294,0.006971979360660557
1768812.1021297656,1.0,5.65351174834192e-10,5.65351174834192e-10,5127.232826147492,119.04105447333325,65.02914198230619,452557.498295949,1181.8086616827165,1.8193935294479113,0.006022543388830378
1857264.479092693,1.0,5.384262776018408e-10,5.384262776018408e-10,5383.628590383292,124.99389944293817,65.02914198230623,498950.96682995633,1240.906959978701,1.7327447596457493,0.005202400494041112
1950140.0635749372,1.0,5.127836808638402e-10,5.127836808638402e-10,5652.845849204412,131.24442627859332,65.02914198230619,550100.4142853644,1302.9605665024246,1.650222644790247,0.004493943696710358
2047660.045389932,1.0,4.883623149513436e-10,4.883623149513436e-10,5935.525762670125,137.80752105474235,65.02914198230624,606493.3949713301,1368.1172663335337,1.5716306525926411,0.00388196371508406
2150056.675313865,1.0,4.651040186436107e-10,4.651040186436107e-10,6232.341553109774,144.6988142486232,65.02914198230616,668667.4443277855,1436.5322347892084,1.4967816106309222,0.003353322449558141
2257573.818207416,1.0,4.4295340065293264e-10,4.4295340065293264e-10,6544.000108449625,151.93471796535903,65.02914198230623,737215.2026898641,1508.3684069852166,1.4254972605854277,0.002896670931522893
2370467.533797263,1.0,4.218577077063336e-10,4.218577077063336e-10,6871.2436657167145,159.53246502455593,65.02914198230616,812790.0643098088,1583.7968658774762,1.3576078337039519,0.0025022056816025335
2489006.686500575,1.0,4.017666989098984e-10,4.017666989098984e-10,7214.851578729254,167.51015000148863,65.02914198230623,896112.4054825836,1662.9972497083115,1.292951646485387,0.0021614582467440733
2613473.585744712,1.0,3.826325260965086e-10,3.826325260965086e-10,7575.642174183079,175.88677232061923,65.02914198230616,987976.4511413821,1746.1581798276825,1.2313747156189576,0.0018671133978985523
2744164.6583072604,1.0,3.6440961987202725e-10,3.6440961987202725e-10,7954.474700555043,184.68228150407856,65.02914198230621,1089257.8453751726,1833.4777099083813,1.1727303912620106,0.001612852085328783
2881391.154277452,1.0,3.4705458108854465e-10,3.4705458108854465e-10,8352.251374464267,193.91762468287266,65.02914198230614,1200921.998030064,1925.1637976249174,1.1168790077829784,0.0013932157800791184
3025479.888320446,1.0,3.3052607748621875e-10,3.3052607748621875e-10,8769.919529365367,203.614796483966,65.02914198230621,1324033.2869540027,2021.4347999195497,1.0636875511377388,0.0012034892892647249
3176774.0180096617,1.0,3.147847452575582e-10,3.147847452575582e-10,9208.473871690336,213.79689141205003,65.02914198230626,1459765.2036001144,2122.5199930348476,1.013029342087206,0.0010395995294373353
3335633.861081003,1.0,2.997930952997109e-10,2.997930952997109e-10,9668.958849812825,224.48815885075157,65.02914198230619,1609411.5386962453,2228.66011855141,0.9647837345016995,0.0008980280848752873
3502437.753555168,1.0,2.8551542393150185e-10,2.8551542393150185e-10,10152.471141476222,235.7140608142626,65.02914198230626,1774398.7146018974,2340.107956731058,0.9188358280336149,0.0007757356735831308
3677582.9507717816,1.0,2.7191772786257305e-10,2.7191772786257305e-10,10660.162265609664,247.50133258694098,65.02914198230617,1956299.3819041431,2457.128928530999,0.8750761944740595,0.0006700968994227422
3861486.573481307,1.0,2.589676232121287e-10,2.589676232121287e-10,11193.241324752458,259.87804639529173,65.02914198230626,2156847.409854659,2580.00172772276,0.83340061714179,0.0005788438896227372
4054586.601247735,1.0,2.466342683844182e-10,2.466342683844182e-10,11752.977884617643,272.8736782639726,65.02914198230619,2377954.4135360187,2709.018984621195,0.7937098426837681,0.0005000176076657242
4257342.915528145,1.0,2.348882906172818e-10,2.348882906172818e-10,12340.704997653263,286.51917821504395,65.02914198230624,2621727.9752935735,2844.487963004447,0.7559093446962393,0.0004319257963294794
4470238.394913053,1.0,2.237017160288271e-10,2.237017160288271e-10,12957.82237780144,300.8470439776486,65.02914198230619,2890491.734118692,2986.731291884453,0.7199090986033748,0.0003731066479954355
4693780.065136208,1.0,2.130479029956385e-10,2.130479029956385e-10,13605.799734016924,315.8913983836666,65.02914198230624,3186807.5344746397,3136.0877338709433,0.6856233672573384,0.0003222974222919518
4928500.3065923825,1.0,2.0290147870385548e-10,2.0290147870385548e-10,14286.180270483354,331.6880706336675,65.02914198230617,3513499.8456865633,3292.912991958653,0.6529704967491676,0.0002784073373501174
5174958.122239242,1.0,1.9323827872201088e-10,1.9323827872201088e-10,15000.584361864045,348.2746816267007,65.02914198230624,3873682.684660342,3457.5805566593685,0.6218727219441793,0.00024049415269654058
5433740.468902589,1.0,1.8403528945171757e-10,1.8403528945171757e-10,15750.713412339328,365.6907335571444,65.02914198230617,4270789.298556282,3630.4825954961,0.5922559812787674,0.0002077439410603326
5705463.655155882,1.0,1.7527059331914691e-10,1.7527059331914691e-10,16538.353907621888,383.97770399199084,65.0291419823062,4708604.890351815,3812.030886978001,0.5640497403775205,0.00017945361483169225
5990774.809102933,1.0,1.6692331657676528e-10,1.6692331657676528e-10,17365.381669599527,403.1791446526276,65.02914198230617,5191302.699231714,4002.657801280162,0.5371868240705822,0.0001550158320468588
6290353.419559493,1.0,1.5897357959102225e-10,1.5897357959102225e-10,18233.76632373835,423.3407851363539,65.0291419823062,5723483.779722432,4202.8173299639275,0.5116032564112144,0.00013390595785834453
6604912.95430431,1.0,1.5140244949758442e-10,1.5140244949758442e-10,19145.575989886253,444.5106418246803,65.02914198230616,6310220.858743993,4412.986167190165,0.48723810831251435,0.0001156708015768374
6935202.559253308,1.0,1.441918951113761e-10,1.441918951113761e-10,20102.98220764717,466.7391322377476,65.0291419823062,6957106.688622191,4633.6648450002585,0.4640333524404721,9.991888748954911e-05
7282008.842604006,1.0,1.373247439840247e-10,1.373247439840247e-10,21108.265108057498,490.07919510725,65.02914198230614,7670307.356960857,4865.3789253688565,0.441933725017732,8.631205058708844e-05
7646157.748198799,1.0,1.307846415064572e-10,1.307846415064572e-10,22163.8188438801,514.5864164537792,65.0291419823062,8456621.061520493,5108.680251867037,0.42088659420898755,7.455817677441013e-05
8028516.522569114,1.0,1.2455601195923063e-10,1.2455601195923063e-10,23272.157291449803,540.3191619689018,65.02914198230616,9323542.910344074,5364.1482639171245,0.4008418347745074,6.440493171130498e-05
8429995.780344611,1.0,1.1862402141785185e-10,1.1862402141785185e-10,24435.920037648404,567.3387160171924,65.02914198230619,10279336.36480066,5632.391376768815,0.3817517086933225,5.563434365205101e-05
8851551.672946835,1.0,1.1297454242472758e-10,1.1297454242472758e-10,25657.878666269015,595.7094275893216,65.02914198230624,11333112.006540207,5914.048430483471,0.3635707514717217,4.805812398759535e-05
9294188.165731821,1.0,1.0759412034362035e-10,1.0759412034362035e-10,26940.943358739944,625.4988635537505,65.02914198230631,12494914.379161578,6209.790211377154,0.34625566386633,4.1513625030820924e-05
9758959.429004973,1.0,1.0246994131647507e-10,1.0246994131647507e-10,28288.16982492867,656.7779695720343,65.02914198230624,13775817.73236528,6520.321049545929,0.3297652087638796,3.5860348265871476e-05
10246972.34860279,1.0,9.758980174630363e-11,9.758980174630363e-11,29702.766580532756,689.6212390609667,65.0291419823063,15188031.581220333,6846.380496278197,0.31406011297208847,3.097692809998773e-05
10759389.1620201,1.0,9.294207923345049e-11,9.294207923345049e-11,31188.102588387806,724.1068906039523,65.02914198230624,16745017.086730797,7188.745085348612,0.2991029736877589,2.6758526364481495e-05
11297430.226361495,1.0,8.851570489602079e-11,8.851570489602079e-11,32747.71528189263,760.317054234129,65.02914198230616,18461615.367037382,7548.230182388613,0.2848581694193397,2.311458162951071e-05
11862376.924708582,1.0,8.430013700855029e-11,8.430013700855029e-11,34385.318989658495,798.3379670328885,65.02914198230613,20354188.962310303,7925.69192673768,0.2712917751518092,1.9966865014528656e-05
12455574.717824811,1.0,8.028533589613736e-11,8.028533589613736e-11,36104.81378144653,838.2601785096086,65.02914198230629,22440777.80177008,8322.029270399975,0.25837148155184164,1.7247800756186835e-05
13078436.348466303,1.0,7.646174002423994e-11,7.646174002423994e-11,37910.29475646222,880.1787662517819,65.02914198230623,24741271.159509704,8738.186118962702,0.24606651802082188,1.4899015479328052e-05
13732445.205929063,1.0,7.282024322720351e-11,7.282024322720351e-11,39806.061796125025,924.1935623590267,65.02914198230614,27277597.238189448,9175.1535795743,0.23434757941248438,1.287008502655804e-05
14419158.858846208,1.0,6.935217302127843e-11,6.935217302127843e-11,41796.629804542084,970.4093912003481,65.02914198230631,30073932.187711537,9633.972321336687,0.22318675624061826,1.1117451943093472e-05
15140212.764648544,1.0,6.604926995048174e-11,6.604926995048174e-11,43886.739461073805,1018.9363190608459,65.02914198230627,33156930.55123042,10115.735053732802,0.21255746821063662,9.603490377253938e-06
15897324.16452259,1.0,6.290366791611756e-11,6.290366791611756e-11,46081.368510598426,1069.8899162723703,65.0291419823062,36555979.33509757,10621.589128991856,0.20243440091672174,8.295698321709809e-06
16692296.173143009,1.0,5.990787544310077e-11,5.990787544310077e-11,48385.74361836665,1123.3915324525256,65.02914198230614,40303478.124530144,11152.739274590527,0.1927934455537581,7.165999854367246e-06
17527022.072918292,1.0,5.7054757838477424e-11,5.7054757838477424e-11,50805.35281767625,1179.568585507399,65.02914198230631,44435147.91504733,11710.450462397042,0.18361164150050205,6.190142399272781e-06
18403489.82297766,1.0,5.433752019964454e-11,5.433752019964454e-11,53345.958580014216,1238.554865086395,65.02914198230627,48990371.60344773,12296.05092129176,0.17486712163722454,5.347176067819949e-06
19323786.793636892,1.0,5.174969123180809e-11,5.174969123180809e-11,56013.61153879183,1300.4908512117627,65.0291419823062,54012569.38386679,12910.935300438583,0.1665390602676159,4.619003902660739e-06
20290104.73761974,1.0,4.928510783613187e-11,4.928510783613187e-11,58814.66489935999,1365.5240488418099,65.02914198230613,59549612.627182335,13556.56799074148,0.15860762352090146,3.989993368872465e-06
21304745.009872667,1.0,4.6937900431880275e-11,4.6937900431880275e-11,61755.78956961894,1433.8093391644286,65.02914198230629,65654280.188838296,14234.48661239542,0.15105392211607102,3.4466407518027453e-06
22370124.04840553,1.0,4.4702478977593203e-11,4.4702478977593203e-11,64843.990047260406,1505.5093484576917,65.02914198230623,72384761.49460146,14946.30567683835,0.14385996637570886,2.977281256821802e-06
23488779.12921073,1.0,4.25735196580054e-11,4.25735196580054e-11,68086.62110147755,1580.7948353958823,65.02914198230619,79805211.19963692,15693.720431825126,0.1370086233822997,2.571838587350868e-06
24663374.40896615,1.0,4.0545952205001503e-11,4.0545952205001503e-11,71491.40528887004,1659.845097723424,65.02914198230611,87986360.70789021,16478.51089878042,0.13048357617496634,2.2216086250607355e-06
25896707.26991446,1.0,3.861494782241112e-11,3.861494782241112e-11,75066.45134526379,1742.8483992652405,65.0291419823063,97006192.3807572,17302.546112046788,0.12426928488946422,1.9190725682470545e-06
27191714.98202757,1.0,3.6775907685887136e-11,3.6775907685887136e-11,78820.27349724124,1830.0024182904554,65.02914198230621,106950682.86156137,18167.78857012271,0.1183509497488889,1.6577355168026591e-06
28551481.69832435,1.0,3.5024451990478954e-11,3.5024451990478954e-11,82761.81173937848,1921.5147182972294,65.02914198230617,117914622.60117912,19076.29890949255,0.1127144758169564,1.431987038499095e-06
29979245.8,1.0,3.335640951981517e-11,3.335640951981517e-11,86900.45312547713,2017.6032423400022,65.02914198230613,130002519.39649393,20030.240812178683,0.1073464394299089,1.2369807231882673e-06
0.1,0.1,0.009999999999999998,0.0009999999999999998,0.000289868710191092,6.730000000000001e-05,6.502914198230619,1.4464731049362046e-08,6.681369153115481e-05,3218165.2934240536,3.3329211595829788e+16
0.10500066552328689,0.1,0.009523749159268156,0.0009523749159268156,0.00030436407484441436,7.066544789717206e-05,6.502914198230623,1.594756814148471e-08,7.015482076838852e-05,3064899.9007633296,2.8790478652876764e+16
0.11025139760333166,0.1,0.009070179804866085,0.0009070179804866086,0.00031958430420043,7.419919058704221e-05,6.50291419823062,1.758241675973056e-08,7.366302870347702e-05,2918933.7853135797,2.4869825038569548e+16
0.11576470123222342,0.1,0.008638211729100436,0.0008638211729100437,0.0003355656463184172,7.790964392928635e-05,6.502914198230621,1.9384860210045364e-08,7.734667038326072e-05,2779919.3183839615,2.1483081434884716e+16
0.12155370673487927,0.1,0.008226816169260059,0.000822681616926006,0.00035234616190185706,8.180564463257373e-05,6.502914198230621,2.1372079305027145e-08,8.121451866252677e-05,2647525.427129255,1.8557540602804108e+16
0.12763220103984763,0.1,0.007835013357544413,0.0007835013357544413,0.0003699658149427078,8.589647129981744e-05,6.50291419823062,2.3563016130684845e-08,8.527578509718714e-05,2521436.80607633,1.6030396489840008e+16
0.1340146605138595,0.1,0.007461870187676834,0.0007461870187676834,0.0003884665678984952,9.019186652582744e-05,6.502914198230619,2.5978554601578526e-08,8.95401418822544e-05,2401353.1662017223,1.384739589806663e+16
0.140716285438326,0.1,0.007106497992645537,0.0007106497992645537,0.000407892481628891,9.470206009999338e-05,6.502914198230621,2.8641719525384946e-08,9.401774488686244e-05,2286988.519771958,1.1961673766417652e+16
0.14775303620989036,0.1,0.006768050428279874,0.0006768050428279874,0.0004282898203297863,9.94377933692562e-05,6.502914198230621,3.1577896074363246e-08,9.871925784119161e-05,2178070.49924341,1.0332747062874196e+16
0.1551416713512479,0.1,0.006445721457621492,0.0006445721457621493,0.00044970716171476515,0.00010441034481938982,6.502914198230621,3.4815071755713065e-08,0.00010365587773290073,2074339.7085996193,8925645687234800.0
0.16289978742276082,0.1,0.006138743431289936,0.0006138743431289937,0.0004721955127063875,0.00010963155693551803,6.50291419823062,3.8384103187276455e-08,0.00010883936147355032,1975549.1055812165,7710161726526625.0
0.17104586092991844,0.1,0.005846385259271044,0.0005846385259271044,0.0004958084309128035,0.00011511386440583509,6.502914198230621,4.231901022147726e-08,0.00011428205389852375,1881463.4133372067,6660200945934362.0
0.17959929232645008,0.1,0.005567950669774033,0.0005567950669774032,0.0005206021521790097,0.00012087032373570091,6.502914198230619,4.665730022107547e-08,0.00011999691716713134,1791858.5600964008,5753222592933601.0
0.18858045221788608,0.1,0.0053027765510107,0.0005302776551010701,0.0005466357245165149,0.0001269146443426373,6.502914198230621,5.144032557771803e-08,0.00012599756163291518,1706521.1455245547,4969755488240469.0
0.19801072987560442,0.1,0.005050231371947502,0.0005050231371947502,0.0005739711487303818,0.00013326122120628178,6.502914198230619,5.671367788113825e-08,0.00013229827825767454,1625247.9324962797,4292980014928005.5
0.2079125841769025,0.1,0.004809713678269467,0.0004809713678269467,0.0006026735260785557,0.00013992516915105539,6.502914198230619,6.25276224962065e-08,0.00013891407264640822,1547845.3630713746,3708367031774484.0
0.2183095970924117,0.1,0.004580650659973936,0.00045806506599739365,0.0006328112133151435,0.0001469223588431931,6.502914198230619,6.893757769020291e-08,0.00014586070078423087,1474129.097522811,3203365958968371.0
0.2292265298482384,0.1,0.004362496787182791,0.0004362496787182791,0.0006644559854868872,0.0001542694545878644,6.502914198230621,7.600464287733122e-08,0.0001531547065603725,1403923.57531856,2767135339936169.5
0.24068938189658615,0.1,0.004154732510924212,0.00041547325109242124,0.0006976832068705459,0.00016198395401640248,6.50291419823062,8.379618101567874e-08,0.00016081346116862824,1337061.5970116875,2390310094944494.0
0.25272545283530107,0.1,0.003956863025789853,0.00039568630257898527,0.0007325720104582838,0.0001700842297581576,6.50291419823062,9.238646070800352e-08,0.00016885520447809218,1273383.9260429794,2064800469833669.5
0.2653634074238066,0.1,0.003768417091520535,0.00037684170915205353,0.0007692054864185206,0.00017858957319622182,6.50291419823062,1.0185736412682673e-07,0.00017729908847270368,1212738.9095077405,1783618363676930.5
0.2786333438502683,0.1,0.0035889459107140424,0.0003588945910714043,0.000807670879981083,0.00018752024041123052,6.502914198230621,1.1229916751174111e-07,0.00018616522286306014,1154982.1169836118,1540727306935297.2
0.29256686541257,0.1,0.0034180220599821743,0.00034180220599821744,0.0008480597992179247,0.0001968975004226596,6.50291419823062,1.2381140167860113e-07,0.00019547472297912335,1099975.9965592425,1330912869411381.5
0.30719715578381745,0.1,0.003255238472011524,0.0003255238472011524,0.0008904684332142713,0.00020674368584250912,6.50291419823062,1.3650380074293252e-07,0.00020524976005788088,1047589.5472446237,1149670715896012.5
0.3225590580416167,0.1,0.00310020746610371,0.000310020746610371,0.0009349977811497702,0.00021708224606200802,6.502914198230621,1.5049734810075017e-07,0.0002155136140457244,997698.0069829089,993109906265623.0
0.3386891576493428,0.1,0.0029525598248862053,0.00029525598248862053,0.0009817538928352243,0.00022793780309800772,6.50291419823062,1.6592542963702822e-07,0.0002262907290412985,950182.5555206989,857869364058953.0
0.3556258695870242,0.1,0.0028119439149948927,0.00028119439149948926,0.001030848121277762,0.0002393362102320673,6.502914198230619,1.8293510515415624e-07,0.0002376067715108612,904930.0314291522,741045720264998.2
0.3734095298393517,0.1,0.002678024849634181,0.0002678024849634181,0.0010823973878759496,0.0002513046135818837,6.50291419823062,2.0168851013958168e-07,0.0002494886914147999,861832.6626019892,640130983259279.0
0.3920824914586959,0.1,0.0025504836910202745,0.00025504836910202744,0.0011365244608764202,0.00026387151675170235,6.502914198230619,2.2236440123422623e-07,0.00026196478639087944,820787.8095885526,552958696775089.25
0.41168922543191505,0.1,0.002429016690808148,0.00024290166908081482,0.0011933582477551892,0.0002770668487156788,6.50291419823062,2.451598601330144e-07,0.0002750647691470802,781697.721150653,477657430019067.44
0.43227642659117566,0.1,0.002313334566693241,0.00023133345666932412,0.0012530341022199834,0.0002909220350958612,6.50291419823062,2.702921721590215e-07,0.00028881983822452695,744469.3014610362,412610601448267.7
0.45389312482101707,0.1,0.0022031618134650717,0.00022031618134650717,0.0013156941465647255,0.0003054700730045445,6.50291419823062,2.9800089741772443e-07,0.0003032627522990338,709013.8883890494,356421773698161.25
0.4765908018265112,0.1,0.002098236046871967,0.00020982360468719673,0.0013814876101438914,0.00032074560962924205,6.50291419823062,3.2855015427351196e-07,0.0003184279081982225,675247.0423454653,307884674606623.8
0.5004235137406061,0.1,0.001998307378734303,0.00019983073787343031,0.001450571184772837,0.0003367850247474279,6.502914198230621,3.6223113691444933e-07,0.00033435142282001466,643088.3451835931,265957300739720.75
0.5254480198626533,0.1,0.0019031378218180167,0.00019031378218180167,0.001523109397900506,0.0003536265173675657,6.50291419823062,3.993648910026182e-07,0.0003510712191475942,612461.2086777394,229739547468974.84
0.5517239178347186,0.1,0.0018125007230510761,0.00018125007230510764,0.0015992750044432592,0.0003713101967027656,6.502914198230621,4.4030537386740864e-07,0.0003686271165656909,583292.6921228977,198453885358472.53
0.579313785577607,0.1,0.0017261802237330606,0.00017261802237330607,0.0016792493982129978,0.0003898781776937295,6.50291419823062,4.854428284113928e-07,0.00038706092569327794,555513.3286212705,171428668018911.12
0.6082833303246346,0.1,0.0016439707454523047,0.0001643970745452305,0.0017632230439194377,0.00040937468130847904,6.50291419823062,5.352075028887037e-07,0.0004064165479585368,529056.9596419078,148083713078502.25
0.6387015451080799,0.1,0.0015656765004862824,0.00015656765004862824,0.0018513959307753668,0.00042984613985773775,6.502914198230619,5.900737520126878e-07,0.00042674008015323203,503860.5774594583,127917846720346.16
0.6706408730710002,0.1,0.001491111025519214,0.0001491111025519214,0.0019439780487851867,0.00045134130757678307,6.502914198230621,6.505645584844054e-07,0.0004480799242155015,479864.1750967884,110498144390096.67
0.7041773799957318,0.1,0.0014200967375664086,0.00014200967375664085,0.0020411898888510523,0.0004739113767371276,6.502914198230619,7.172565180410011e-07,0.0004704869025025161,457010.6034140943,95450636691436.58
0.7393909354599632,0.1,0.0013524645110477534,0.00013524645110477536,0.0021432629678876445,0.0004976100995645551,6.502914198230621,7.90785335541196e-07,0.0004940143788275397,435245.4350041614,82452280941807.28
0.776365403051818,0.1,0.0012880532750031053,0.00012880532750031055,0.0022504403801961777,0.0005224939162538734,6.502914198230621,8.718518844763648e-07,0.0005187183855496483,414516.8345696183,71224026032260.36
0.8151888400969576,0.1,0.0012267096294903415,0.00012267096294903414,0.002362977376410774,0.0005486220893852525,6.50291419823062,9.61228887666177e-07,0.0005446577570187801,394775.43547348975,61524821706562.59
0.8559537073733683,0.1,0.0011682874802524787,0.00011682874802524788,0.0024811419713960167,0.0005760568450622769,6.50291419823062,1.059768282818919e-06,0.0005718942696939257,375974.22216903674,53146443649644.21
0.8987570893132842,0.1,0.0011126476907838054,0.00011126476907838054,0.0026052155825434177,0.0006048635211078402,6.50291419823062,1.168409343164687e-06,0.0006004927892681632,358068.41822888615,45909023289433.2
0.9437009252166703,0.1,0.0010596577509663918,0.00010596577509663918,0.0027354936999869637,0.0006351107226708192,6.502914198230619,1.2881876305669747e-06,0.00063052142515092,341015.37970678316,39657186345032.7
0.9908922520269197,0.1,0.0010091914614878156,0.00010091914614878157,0.0028722865903338967,0.0006668704856141169,6.50291419823062,1.4202448664533325e-06,0.0006620516926753792,324774.49357799866,34256717222878.33
1.0404434592469507,0.1,0.0009611286332885184,9.611286332885185e-05,0.003015920035586716,0.0007002184480731978,6.502914198230621,1.56583981465437e-06,0.000695158683417334,309307.08101652056,29591677651514.465
1.0924725566028064,0.1,0.0009153548013230077,9.153548013230078e-05,0.003166736109016202,0.0007352340305936886,6.502914198230621,1.726360279885861e-06,0.0007299212440311197,294576.30527867744,25561917697307.15
1.147103455092214,0.1,0.0008717609519532059,8.71760951953206e-05,0.0033250939898332526,0.0007720006252770598,6.50291419823062,1.903336336242951e-06,0.0007664221640285307,280547.08397381223,22080925727117.836
1.204466262087443,0.1,0.000830243263324715,8.302432633247151e-05,0.0034913708185997285,0.000810605794384849,6.502914198230621,2.0984549117999014e-06,0.0008047483729479347,267186.0055130726,19073971160538.5
1.2646975911952714,0.1,0.0007907028581076805,7.907028581076805e-05,0.0036659625954155424,0.0008511414788744177,6.50291419823062,2.313575868335151e-06,0.0008449911473831539,254461.2495373342,16476500139948.717
1.3279408876120131,0.1,0.0007530455680133947,7.530455680133947e-05,0.003849285123021081,0.0008937042173628848,6.50291419823062,2.5507497294529202e-06,0.0008872463283651695,242342.511134751,14232749676342.996
1.394346769748457,0.1,0.0007171817095258177,7.171817095258177e-05,0.004041774997061008,0.0009383953760407114,6.502914198230621,2.812237226085047e-06,0.0009316145496143554,230800.92866745178,12294550519153.652
1.4640733879383325,0.1,0.0006830258703139001,6.830258703139002e-05,0.004243890645867867,0.0009853213900824977,6.50291419823062,3.100530845679931e-06,0.000978201477206845,219809.01503549528,10620293049857.09
1.5372868010845833,0.1,0.0006504967058160405,6.504967058160405e-05,0.004456113422241779,0.0010345940171299244,6.50291419823062,3.418378590484523e-06,0.001027118061225811,209340.59221438586,9174033998975.932
1.614161372140459,0.1,0.0006195167455122221,6.195167455122222e-05,0.004678948749826381,0.0010863306034505288,6.50291419823062,3.768810171382253e-06,0.001078480799996982,199370.72891024555,7924724809312.018
1.6948801833673017,0.1,0.0005900122084224566,5.900122084224566e-05,0.004912927326811213,0.001140654363406194,6.502914198230619,4.1551658869654555e-06,0.0011324120175377,189875.68118416294,6845545079769.225
1.779635472357972,0.1,0.0005619128273921318,5.6191282739213184e-05,0.0051586063898272005,0.001197694672896915,6.50291419823062,4.581128463116286e-06,0.001189040154880265,180832.83590431398,5913326780014.832
1.868629089864361,0.1,0.0005351516817457806,5.351516817457806e-05,0.005416571041045364,0.0012575873774787146,6.502914198230621,5.050758156589735e-06,0.0012485000759633997,172220.65689117863,5108056874912.781
1.9620729805193178,0.1,0.0005096650379107315,5.096650379107315e-05,0.005687435641639262,0.001320475115889501,6.50291419823062,5.568531457204456e-06,0.0013109333888203121,164018.6336275971,4412447680978.368
2.0601896875978736,0.1,0.00048539219763107027,4.853921976310703e-05,0.005971845274929844,0.0013865076597533688,6.50291419823062,6.139383757549077e-06,0.0013764887828283051,156207.23241151398,3811565731186.941
2.1632128830198925,0.1,0.0004622753534104226,4.6227535341042265e-05,0.006270477282697298,0.0014558422702723875,6.50291419823062,6.768756396929799e-06,0.0014453223828231115,148767.8498350761,3292511180537.63
2.2713879238563686,0.1,0.0004402594508392901,4.402594508392901e-05,0.006584042878318678,0.0015286440727553358,6.50291419823062,7.462648527980019e-06,0.0015175981209212955,141682.7684792937,2844140869791.4487
2.3849724366647562,0.1,0.00041929205747905465,4.1929205747905466e-05,0.0069132888405731875,0.001605086449875381,6.50291419823062,8.227674300322433e-06,0.0015934881269362565,134935.11471874572,2456829102064.6377
2.5042369310449457,0.1,0.0003993232379903961,3.993232379903961e-05,0.00725899929214897,0.0016853514545932483,6.50291419823062,9.07112590635562e-06,0.001673173138317628,128508.81853584066,2122260996585.005
2.6294654438771268,0.1,0.0003803054352087273,3.803054352087273e-05,0.0076219975670871,0.0017696302437293062,6.50291419823062,1.0001043090114952e-05,0.0017568429305903739,122388.57524892566,1833253983291.2993
2.760956215775833,0.1,0.0003621933568834225,3.6219335688342256e-05,0.00800314817161019,0.0018581235332171355,6.50291419823062,1.1026289781763165e-05,0.00184469676931871,116559.80906309828,1583603606088.699
2.8990224013711816,0.1,0.00034494386781110055,3.4494386781110055e-05,0.008403358843005465,0.001951042076122805,6.502914198230621,1.2156638588187241e-05,0.0019369438846712178,111008.63835691386,1367950324436.115
3.043992815108914,0.1,0.0003285158871060673,3.2851588710606734e-05,0.008823582711465721,0.002048607164568299,6.50291419823062,1.3402863945062363e-05,0.002033803969717385,105721.84262231606,1181664453737.0789
3.1962127143453958,0.1,0.00031287029036326396,3.12870290363264e-05,0.00926482057003669,0.002151051156754451,6.50291419823062,1.4776844818304296e-05,0.002135507703642283,100686.83097905625,1020746774413.2688
3.3560446216025763,0.1,0.00029796981648071196,2.9796981648071197e-05,0.009728123258076902,0.0022586180303385338,6.502914198230621,1.6291677933855968e-05,0.002242297301125457,95891.6121886162,881742675917.8152
3.5238691879411803,0.1,0.00028377897891954665,2.8377897891954665e-05,0.010214594163906406,0.002371563963484414,6.502914198230621,1.796180261510979e-05,0.00235442708919243,91324.76609622013,761667992516.1672
3.700086099508285,0.1,0.00027026398119030064,2.7026398119030064e-05,0.01072539185260455,0.002490157944969076,6.50291419823062,1.9803138417910333e-05,0.002472164112912603,86975.4164329237,657944938663.3534
3.8851150294183263,0.1,0.00025739263636415896,2.57392636364159e-05,0.011261732825215167,0.0026146824147985333,6.502914198230621,2.1833236875068445e-05,0.0025957887713860947,82833.20491300547,568346768626.4047
4.0793966372344865,0.1,0.00024513429041749717,2.451342904174972e-05,0.011824894415930386,0.002745433936858809,6.50291419823062,2.4071448796808948e-05,0.002725595485534152,78888.26656497222,490949972294.4936
4.283393618430794,0.1,0.00023345974922714353,2.3345974922714354e-05,0.012416217834152888,0.002882723905203924,6.50291419823062,2.65391087218522e-05,0.0028618933992835206,75131.20623742764,424092980907.5835
4.497591806334333,0.1,0.00022234120904249618,2.223412090424962e-05,0.01303711135868157,0.0030268792856630064,6.50291419823062,2.9259738277309752e-05,0.003005007115814715,71553.07622385037,366340496190.5056
4.7225013291718705,0.1,0.00021175219026891374,2.1175219026891377e-05,0.013689053691627677,0.0031782433945326686,6.50291419823062,3.2259270385811e-05,0.003155277470627579,68145.3549529945,316452677103.7297
4.958657824976534,0.1,0.0002016674744046757,2.016674744046757e-05,0.014373597480049134,0.0033371767162092073,6.50291419823062,3.556629645699433e-05,0.0033130623432652915,64899.92669416111,273358522706.2669
5.206623717247903,0.1,0.00019206304398132617,1.9206304398132618e-05,0.015092373013689986,0.003504057761707839,6.50291419823062,3.921233891958049e-05,0.0034787375096299597,61809.06222900816,236132879709.0843
5.466989554403594,0.1,0.00018291602536436383,1.8291602536436382e-05,0.015847092107631425,0.0036792839701136194,6.502914198230619,4.323215169179261e-05,0.003652697536919672,58865.400443866965,203976581112.92758
5.740375416212351,0.1,0.0001742046342780532,1.742046342780532e-05,0.01663955217910127,0.003863272655110912,6.502914198230619,4.766405145419377e-05,0.003835356723318364,56061.93079872611,176199289543.14966
6.027432390558118,0.1,0.0001659081239246225,1.659081239246225e-05,0.01747164052815092,0.004056461998845614,6.502914198230619,5.255028288261977e-05,0.004027150084676411,53391.976631131714,152204676959.0799
6.328844124052185,0.1,0.000158006735574288,1.58006735574288e-05,0.01834533883239478,0.00425931209548712,6.502914198230619,5.793742132259266e-05,0.004228534390531843,50849.179255240546,131477622573.18669
6.645328450186231,0.1,0.00015048165150843308,1.5048165150843309e-05,0.01926272786651651,0.004472306046975333,6.50291419823062,6.387681674348911e-05,0.004439989251939498,48427.48281815728,113573154142.5942
6.9776390989038655,0.1,0.0001433149502038723,1.4331495020387232e-05,0.02022599245778197,0.004695951113562301,6.50291419823062,7.042508320421566e-05,0.004662018263698878,46121.11987748985,98106895222.549
7.3265674916621375,0.1,0.00013648956365146863,1.3648956365146863e-05,0.02123742668936088,0.004930779921888618,6.502914198230621,7.764463849595697e-05,0.004895150203701007,43924.59766577496,84746813301.70503
7.692944626258031,0.1,0.00012998923670745513,1.2998923670745514e-05,0.022299439363849077,0.005177351733471653,6.502914198230621,8.560429910584704e-05,0.005139940292250591,41832.68500906162,73206091666.66731
8.077643055908869,0.1,0.00012379848838065346,1.2379848838065346e-05,0.023414559740003345,0.005436253776626668,6.502914198230621,9.437993617273274e-05,0.005396971514362698,39840.399868498,63236971967.660706
8.481578967299882,0.1,0.00011790257496339165,1.1790257496339166e-05,0.02458544355635111,0.005708102644992818,6.502914198230622,0.00010405519868757024,0.0056668560081830485,37942.99747525149,54625435296.38421
8.905714362547995,0.1,0.00011228745491831518,1.1228745491831518e-05,0.025814879356020705,0.005993545765994801,6.50291419823062,0.00011472231083196977,0.005950236522838567,36135.959030504004,47186607588.444305
9.35105935027834,0.1,0.00010693975543746648,1.0693975543746649e-05,0.027105795127855332,0.006293262942737323,6.50291419823062,0.00012648295105508503,0.006247787949190179,34414.980943611095,40760790712.69594
9.818674551269805,0.1,0.00010184674059399133,1.0184674059399134e-05,0.028461265279626773,0.006607967973004578,6.50291419823062,0.00013944922126816916,0.006560218927133405,32775.964582794564,35210034042.18181
10.309673624398894,0.1,9.699628101062268e-05,9.699628101062268e-06,0.02988451795995628,0.006938410349220455,6.502914198230619,0.00015374471539511886,0.006888273533274704,31215.006513959255,30415172904.52006
10.82522591889761,0.1,9.237682497270556e-05,9.237682497270557e-06,0.03137894274638029,0.0072853770434180894,6.502914198230622,0.0001695056974643831,0.007232733053002868,29728.389204386953,26273270332.644325
11.366559259241841,0.1,8.797737091696654e-05,8.797737091696655e-06,0.032948098717870467,0.00764969438146976,6.502914198230619,0.00018688240047175765,0.007594417841175758,28312.572169167648,22695407194.92744
11.934962869302721,0.1,8.378744123050827e-05,8.378744123050828e-06,0.034595722931033544,0.00803223001104073,6.502914198230621,0.00020604045839476805,0.007974189275853782,26964.183539282938,19604773262.79328
12.531790442725034,0.1,7.97970572976283e-05,7.97970572976283e-06,0.036325739320177595,0.008433894967953947,6.502914198230621,0.00022716248500854295,0.008372951809733043,25680.0120312598,16935018234.501545
13.158463366844947,0.1,7.5996715735036e-05,7.5996715735036004e-06,0.03814226804244079,0.008855645845886648,6.502914198230621,0.0002504498145523774,0.00879165512416379,24456.999299270658,14628827314.580101
13.816474107825098,0.1,7.237736575886898e-05,7.237736575886898e-06,0.0400496352902388,0.00929848707456629,6.50291419823062,0.00027612442083894853,0.009231296390884134,23292.23265146507,12636690769.179056
14.507389765068968,0.1,6.89303876296072e-05,6.89303876296072e-06,0.04205238359439991,0.009763473311891415,6.50291419823062,0.000304431033099046,0.009692922646855505,22182.938113186865,10915841041.93377
15.232855803379623,0.1,6.564757212354994e-05,6.5647572123549945e-06,0.04415528264252542,0.010251711955674484,6.502914198230621,0.00033563946872995946,0.010177633287855675,21126.473820556086,9429334612.142822
15.994599971751219,0.1,6.252110098196546e-05,6.252110098196546e-06,0.04636334063834002,0.010764365780988572,6.502914198230619,0.00037004720518317707,0.010686582686768033,20120.323728682182,8145258884.4225
16.794436418126235,0.1,5.95435282913513e-05,5.9543528291351306e-06,0.048681816229085545,0.011302655709398955,6.502914198230621,0.000407982215506521,0.011220982942802786,19162.091619524006,7036047083.197802
17.634270009917813,0.1,5.670776275046164e-05,5.6707762750461646e-06,0.051116231029363315,0.011867863716674684,6.502914198230622,0.00044980609456897605,0.01178210676819743,18249.495395126105,6077886444.058217
18.516100870587096,0.1,5.400705078186868e-05,5.400705078186868e-06,0.05367238277125237,0.012461335885905114,6.502914198230621,0.0004959175057672601,0.012371290519271532,17380.361642640022,5250206996.920417
19.442029143079566,0.1,5.143496044783742e-05,5.143496044783742e-06,0.05635635911202095,0.013084485613292549,6.502914198230619,0.0005467559810679872,0.0129899373790544,16552.620458186935,4535239966.100311
20.414259991464938,0.1,4.898536613220824e-05,4.898536613220824e-06,0.059174552132315546,0.0137387969742559,6.502914198230622,0.0006028061106072634,0.013639520699065332,15764.300517234267,3917636306.945279
21.435108852692274,0.1,4.6652433951806075e-05,4.6652433951806075e-06,0.06213367355935567,0.0144258282578619,6.50291419823062,0.0006646021617827936,0.014321587508205072,15013.524379746032,3384137189.700438
22.507006950967874,0.1,4.443060786263261e-05,4.443060786263261e-06,0.06524077075139,0.01514721567800138,6.50291419823062,0.0007327331718674855,0.015037762197115246,14298.504018925816,2923289356.49553
23.63250708788871,0.1,4.231459642775202e-05,4.231459642775203e-06,0.06850324348148139,0.0159046772701491,6.50291419823062,0.0008078485626871251,0.015789750386780255,13617.536562903704,2525199240.6834145
24.81428972212109,0.1,4.029936021535745e-05,4.029936021535745e-06,0.07192886156059311,0.016700016982987495,6.502914198230619,0.0008906643308809824,0.016579342990585035,12969.000239225747,2181320569.9186993
26.055169353103697,0.1,3.838009979700554e-05,3.838009979700554e-06,0.07552578334194637,0.017535128974638783,6.502914198230621,0.0009819698727506437,0.01740842047950269,12351.350512487483,1884270893.1999812
27.358101223978366,0.1,3.655224431743593e-05,3.6552244317435932e-06,0.07930257515071944,0.018412002123737437,6.502914198230622,0.0010826355087512423,0.018278957360569992,11763.116405912893,1627673093.0442624
28.72618835971178,0.1,3.481144060875445e-05,3.4811440608754447e-06,0.08326823168536014,0.01933272476608603,6.50291419823062,0.0011936207793481852,0.019193026879316327,11202.89699811863,1406018480.3476126
30.16268895717034,0.1,3.315354282305384e-05,3.315354282305384e-06,0.08743219743910059,0.020299489668175637,6.50291419823062,0.0013159835913151537,0.020152805957345483,10669.358086720002,1214548532.8270714
31.671024144747822,0.1,3.157460255878196e-05,3.1574602558781963e-06,0.09180438919268984,0.021314599249415287,6.502914198230619,0.0014508903016554743,0.021160580376829368,10161.229010833045,1049152738.1828529
33.25478613002609,0.1,3.007085945734258e-05,3.0070859457342583e-06,0.09639521963191279,0.02238047106550756,6.50291419823062,0.001599626835266355,0.022218750224260883,9677.29962490524,906280348.8588958
34.9177467548731,0.1,2.8638732247533715e-05,2.8638732247533715e-06,0.10121562214614253,0.023499643566029595,6.50291419823062,0.0017636109423191009,0.02332983560643073,9216.417416667726,782864153.9366146
36.663866478352666,0.1,2.727481021649549e-05,2.727481021649549e-06,0.10627707686698502,0.024674782139931347,6.502914198230619,0.0019444057121920967,0.02449648265224102,8777.48476234536,676254631.6827546
38.49730380883959,0.1,2.5975845086854734e-05,2.5975845086854737e-06,0.11159163800902945,0.025908685463349044,6.50291419823062,0.0021437344727708017,0.025721469814649595,8359.456312587565,584163069.126047
40.42242520780324,0.1,2.4738743280721252e-05,2.4738743280721255e-06,0.1171719625778181,0.027204292164851585,6.502914198230619,0.002363497217134223,0.02700771448775342,7961.336502894466,504612427.5431923
42.44381548884625,0.1,2.3560558552111997e-05,2.3560558552112e-06,0.12303134051340554,0.02856468782399352,6.502914198230621,0.0026057887142063264,0.028358279954770235,7582.177182609212,435894899.0253464
44.566288736764484,0.1,2.243848497025647e-05,2.243848497025647e-06,0.12918372634129713,0.029993112319842495,6.50291419823062,0.002872918476002361,0.02977638268346561,7221.075356829664,376535242.9415795
46.794899772632355,0.1,2.1369850237073114e-05,2.1369850237073115e-06,0.13564377240614364,0.03149296754698157,6.502914198230621,0.00316743277179694,0.03126539998639964,6877.171035861849,325259115.1997634
49.134956192219036,0.1,2.0352109322901136e-05,2.0352109322901137e-06,0.1424268637673434,0.03306782551736341,6.50291419823062,0.0034921388990520746,0.032828878064237274,6549.645187093257,280965710.39154243
51.59203100640545,0.1,1.9382838405331324e-05,1.9382838405331327e-06,0.14954915483965572,0.03472143686731086,6.502914198230621,0.0038501319424545113,0.03447054045127748,6237.717784408412,242704129.4979259
54.171975913706255,0.1,1.845972909670046e-05,1.8459729096700461e-06,0.15702760786608935,0.036457739789924316,6.502914198230619,0.004244824276128403,0.03619429688331518,5940.645950501159,209652965.81300917
56.88093523650624,0.1,1.758058294650189e-05,1.7580582946501891e-06,0.164880033314691,0.038280869414168694,6.50291419823062,0.004679978090237071,0.03800425260895522,5657.722187659519,181102670.83266294
59.72536055420135,0.1,1.6743306205619138e-05,1.674330620561914e-06,0.17312513229544269,0.04019516765297751,6.50291419823062,0.0051597412520160806,0.0399047181665541,5388.272692809511,156440321.5358124
62.71202606809409,0.1,1.594590483991345e-05,1.594590483991345e-06,0.18178254109828573,0.042205193543827325,6.502914198230619,0.005688686843063375,0.041900219650073775,5131.655752805212,135136462.03948972
65.84804473463589,0.1,1.5186479781289577e-05,1.5186479781289577e-06,0.19087287795834232,0.044315734106409974,6.502914198230617,0.0062718567497542085,0.04399550948829645,4887.260216143224,116733737.14186583
69.14088520543936,0.1,1.446322240492994e-05,1.4463222404929942e-06,0.20041779215971062,0.04653181574326071,6.502914198230617,0.006914809722282908,0.0461955777630721,4654.504037461872,100837073.73605925
72.59838961440313,0.1,1.3774410221925994e-05,1.3774410221925995e-06,0.21044001559477404,0.048858716210493286,6.502914198230623,0.007623674360427958,0.04850566409355323,4432.832891358777,87105199.30749942
76.22879225431208,0.1,1.3118402777048232e-05,1.3118402777048233e-06,0.22096341690182147,0.05130197718715201,6.502914198230623,0.008405207531098682,0.0509312701147209,4221.7188522254355,75243315.43236724
80.04073918739147,0.1,1.249363774188541e-05,1.249363774188541e-06,0.23201305830990757,0.05386741747311442,6.5029141982306236,0.009266858774496787,0.05347817257991988,4020.65913695485,64996768.99042784
84.04330883651933,0.1,1.1898627194048201e-05,1.1898627194048201e-06,0.24361525532633463,0.05656114684697749,6.502914198230623,0.010216841312809685,0.0561524371186078,3829.174907527756,56145585.224674486
88.24603360613668,0.1,1.1331954073576174e-05,1.1331954073576175e-06,0.255797639408906,0.05938958061692995,6.5029141982306236,0.011264210338287256,0.05896043268208336,3646.8101306258177,48499745.28249916
92.65892258434691,0.1,1.0792268808108638e-05,1.0792268808108639e-06,0.26858922377220884,0.062359454899265455,6.502914198230622,0.012418949326940678,0.061908846711597076,3473.1304915558203,41895106.85576673
97.29248538027144,0.1,1.0278286098782052e-05,1.0278286098782053e-06,0.28202047248464956,0.06547784266092267,6.50291419823062,0.013692065200601653,0.06500470106496845,3307.7223598983323,36189880.34334
102.15775715343162,0.1,9.788781859199312e-06,9.788781859199312e-07,0.2961233730208003,0.06875217056425947,6.502914198230621,0.015095693244422743,0.06825536873964003,3150.1918044174213,31261584.88565808
107.26632489476631,0.1,9.322590300180886e-06,9.322590300180886e-07,0.31093151244184536,0.07219023665417773,6.502914198230619,0.016643212779887773,0.07166859143199548,3000.163654885386,27004418.9229561
112.6303550218758,0.1,8.878601153354915e-06,8.878601153354915e-07,0.3264801573855592,0.07580022892972241,6.50291419823062,0.018349374695922578,0.07525249797476062,2857.2806085881566,23326988.827782113
118.26262235421038,0.1,8.455757026974112e-06,8.455757026974112e-07,0.34280633805631167,0.07959074484438358,6.50291419823062,0.020230442053726736,0.07901562369639666,2721.202379383465,20150346.84967423
124.17654053721235,0.1,8.053050887662045e-06,8.053050887662046e-07,0.3599489364151359,0.08357081178154392,6.502914198230619,0.022304345105565886,0.08296693074859246,2591.604887285177,17406296.250229783
130.3861939878671,0.1,7.669523662091505e-06,7.669523662091506e-07,0.37794877877988553,0.08774990855383456,6.502914198230619,0.024590852205156694,0.08711582945026664,2468.1794866437435,15035927.242893185
136.90637143774433,0.1,7.304261952883116e-06,7.304261952883117e-07,0.39684873305601504,0.09213798797760196,6.502914198230618,0.027111758238754967,0.09147220069891152,2350.632231084625,12988352.30674606
143.7526011534147,0.1,6.956395863284493e-06,6.956395863284493e-07,0.41669381082954804,0.09674550057624813,6.502914198230617,0.02989109237306378,0.09604641950265379,2238.6831734540815,11219613.723782247
150.94118791812164,0.1,6.625096925449215e-06,6.625096925449215e-07,0.4375312745653716,0.10158341946889587,6.502914198230619,0.0329553471002057,0.1008493796890745,2132.0656991051073,9691739.886475204
158.48925186278282,0.1,6.309576127381698e-06,6.309576127381698e-07,0.4594107501661598,0.10666326650365286,6.502914198230618,0.03633373076300582,0.10589251984963474,2030.525890935673,8371930.116274061
166.41476923880035,0.1,6.009082033848985e-06,6.009082033848985e-07,0.4823843451599927,0.11199713969771265,6.502914198230619,0.040058445967645594,0.11118785058149516,1933.821924667083,7231850.492560773
174.7366152297823,0.1,5.722898996784267e-06,5.722898996784267e-07,0.5065067727981412,0.11759774204964353,6.502914198230617,0.04416499653750466,0.11674798309160761,1841.7234929222466,6247025.574793937
183.4746089041365,0.1,5.4503454509200765e-06,5.450345450920077e-07,0.5318354823585709,0.12347841179248378,6.5029141982306236,0.04869252593406188,0.12258615923120245,1754.011256732267,5396312.959217551
192.6495604155911,0.1,5.190772290592107e-06,5.190772290592107e-07,0.5584307959654825,0.12965315415969278,6.502914198230622,0.053684190370667975,0.12871628303219876,1670.4763231650797,4661449.38982097
202.28332056405733,0.1,4.9435613238479e-06,4.9435613238479e-07,0.5863560522507449,0.13613667473961052,6.502914198230623,0.05918757017569465,0.1351529538206463,1590.9197478320784,4026658.6793759554
212.39883283486404,0.1,4.708123800178698e-06,4.708123800178699e-07,0.615677757199354,0.14294441449786346,6.502914198230622,0.06525512332615607,0.1419115009860592,1515.1520610878856,3478313.0233269436
223.02018804030087,0.1,4.483899008368226e-06,4.483899008368226e-07,0.6464657425381681,0.15009258655112243,6.502914198230622,0.07194468547486478,0.14900802048944803,1442.9928167949158,3004640.4355585584
234.1726816936018,0.1,4.270352941119018e-06,4.2703529411190186e-07,0.6787933320451349,0.15759821477979397,6.502914198230621,0.0793200212373596,0.1564594131969961,1374.270162578056,2595472.0252171373
245.88287425201008,0.1,4.0669770232760535e-06,4.066977023276054e-07,0.7127375161750863,0.16547917437160276,6.502914198230621,0.08745143199344847,0.1642834251306753,1308.820430546007,2242023.689078274
258.1786543723972,0.1,3.87328690061882e-06,3.873286900618821e-07,0.7483791354179851,0.1737542343926233,6.502914198230621,0.09641642599690407,0.1724986897316598,1246.4877475045514,1936707.5327916967
271.08930533008373,0.1,3.688821286337284e-06,3.688821286337284e-07,0.7858030728263049,0.18244310248714632,6.502914198230621,0.10630045718076879,0.18112477223719253,1187.1236637334523,1672968.9725598393
284.64557475904286,0.1,3.51314086244452e-06,3.51314086244452e-07,0.8250984561700581,0.19156647181283587,6.502914198230619,0.11719773970052853,0.19018221627658954,1130.5867994428804,1445146.0201187534
298.8797478795801,0.1,3.3458272335096587e-06,3.345827233509659e-07,0.8663588702009265,0.20114607032295745,6.502914198230619,0.1292121459793474,0.19969259279735585,1076.7425080673802,1248347.7301252636
313.82572438788105,0.1,3.18648193021941e-06,3.1864819302194103e-07,0.9096825795310021,0.21120471251304399,6.502914198230619,0.14245819681548766,0.2096785514379309,1025.4625555954995,1078349.2004363954
329.5190991905512,0.1,3.034725460395026e-06,3.0347254603950263e-07,0.9551727626569557,0.221766353755241,6.502914198230618,0.15706215298958012,0.22016387446941488,976.6248151713608,931500.8711275737
345.9972471764186,0.1,2.8901964052046786e-06,2.8901964052046786e-07,1.0029377576869691,0.2328561473497298,6.502914198230618,0.1731632187768951,0.23117353343473956,930.1129762408661,804650.175064148
363.29941222749153,0.1,2.7525505584187893e-06,2.7525505584187896e-07,1.053091320355648,0.24450050442910184,6.502914198230619,0.19091486883644174,0.2427337486201747,885.8162675498348,695073.8580061842
381.46680068105564,0.1,2.6214601066584027e-06,2.621460106658403e-07,1.1057528949413997,0.25672715685835046,6.502914198230619,0.21048631112474456,0.25487205150080566,843.6291933343792,600419.515282011
400.5426794654987,0.1,2.4966128486842963e-06,2.4966128486842966e-07,1.161047898731481,0.26956522328028065,6.502914198230618,0.23206409977872788,0.26761735030870043,803.4512820752363,518655.0899289865
420.5724791435794,0.1,2.377711451867513e-06,2.3777114518675132e-07,1.2191080207121932,0.28304527846362904,6.502914198230617,0.2558539133416377,0.28099999887992155,765.186847217695,448025.2481182208
441.60390210854536,0.1,2.2644727440705505e-06,2.2644727440705505e-07,1.280071535195573,0.29719942611905087,6.502914198230623,0.2820825152819724,0.2950518689443463,728.7447592872577,387013.6953227957
463.6870361907765,0.1,2.156627039252757e-06,2.156627039252757e-07,1.3440836311295057,0.3120613753563925,6.502914198230622,0.3109999154930057,0.30980642603045955,694.0382288583098,334310.6242259883
486.87447394551947,0.1,2.0539174951938405e-06,2.0539174951938407e-07,1.4112967578755415,0.32766652096533455,6.502914198230621,0.3428817533762193,0.32529880916589204,660.9845998589285,288784.59553518187
511.22143790579753,0.1,1.956099501805849e-06,1.956099501805849e-07,1.4818709882778895,0.3440520277106016,6.502914198230622,0.37803192522409074,0.34156591456351365,629.5051527195667,249458.2480335534
536.7859120988043,0.1,1.8629400985768302e-06,1.8629400985768303e-07,1.5559743998882927,0.3612569188424952,6.502914198230621,0.4167854809463418,0.35864648349239087,599.5249168967941,215487.3164084285
563.6287801389902,0.1,1.7742174197588016e-06,1.7742174197588018e-07,1.6337834752546767,0.3793221690335403,6.502914198230622,0.4595118177511095,0.37658119454287564,570.9724923256152,186142.50640716634
591.8139702267232,0.1,1.6897201659786797e-06,1.6897201659786798e-07,1.7154835222268958,0.39829080196258465,6.502914198230621,0.5066182012230727,0.3954127605055632,543.7798793751319,160793.83821305368
621.4086073978463,0.1,1.6092471010137893e-06,1.6092471010137894e-07,1.8012691152805635,0.4182079927787505,6.50291419823062,0.5585536473612969,0.4151860300948418,517.882316902585,138897.12192190776
652.4831733867276,0.1,1.5326065725334786e-06,1.5326065725334786e-07,1.8913445589100137,0.4391211756892677,6.502914198230619,0.6158132025802147,0.43594809475929813,493.2181280200836,119982.2747724116
685.1116744835259,0.1,1.459616055665456e-06,1.4596160556654563e-07,1.9859243741939894,0.4610801569274129,6.502914198230621,0.6789426624705228,0.45774840083335244,469.72857320670835,103643.22932231978
719.3718177854372,0.1,1.3901017182998182e-06,1.3901017182998184e-07,2.0852338096928595,0.4841372333695992,6.502914198230621,0.7485437742990225,0.48063886729722305,447.3577104161617,89529.21591739084
755.3451962616749,0.1,1.3238980070955119e-06,1.323898007095512e-07,2.1895093778940895,0.5083473170841074,6.502914198230617,0.8252799728373995,0.5046740094256713,426.05226184680487,77337.23230347724
793.1174830729362,0.1,1.2608472532032664e-06,1.2608472532032665e-07,2.2989994184835725,0.5337680661080861,6.502914198230619,0.909882704193629,0.5299110686200106,405.7614870567803,66805.53871800622
832.7786356081253,0.1,1.2007992967660168e-06,1.200799296766017e-07,2.413964689784247,0.5604600217642683,6.50291419823062,1.0031583979244643,0.5564101487325726,386.4370621220407,57708.03881227548
874.4231097242798,0.1,1.143611129302514e-06,1.143611129302514e-07,2.5346789897706072,0.5884867528444404,6.502914198230618,1.1059961538869134,0.5842343592083117,368.0329645494839,49849.42577315809
918.150084699915,0.1,1.0891465531224518e-06,1.0891465531224518e-07,2.6614298081380623,0.617915007003043,6.502914198230617,1.2193762170994173,0.6134499653844379,350.50536367111124,43060.98944026154
964.063699437533,0.1,1.0372758569619765e-06,1.0372758569619765e-07,2.794519010980103,0.6488148697214594,6.502914198230623,1.3443793213947426,0.6441265463060327,333.81251625817265,37196.994404953795
1012.2733004778299,0.1,9.878755070670777e-07,9.878755070670777e-08,2.934263559703883,0.6812599312215791,6.5029141982306236,1.4821969909278896,0.6763371604334971,317.91466710669584,32131.55133561553
1062.8937024162622,0.1,9.408278529891688e-07,9.408278529891688e-08,3.0809962658963626,0.7153274617261441,6.502914198230623,1.634142897732523,0.7101585196364719,302.7739543576411,27755.91436215074
1116.0454613421807,0.1,8.960208473921648e-07,8.960208473921649e-08,3.2350665839388015,0.7510985954832874,6.502914198230622,1.801665383585693,0.7456711718886182,288.35431932618764,23976.14649950371
1171.8551619517261,0.1,8.533477792037874e-07,8.533477792037875e-08,3.396841443257201,0.7886585239935116,6.502914198230621,1.9863612655386498,0.7829596930983409,274.62142062541216,20711.10299106437
1230.4557190183052,0.1,8.127070194755407e-07,8.127070194755408e-08,3.5667061221908885,0.8280966988993191,6.502914198230622,2.1899910567075924,0.8221128885323433,261.54255237982926,17890.68927800188
1291.986693938564,0.1,7.740017793461514e-07,7.740017793461515e-08,3.7450651655602467,0.8695070450206535,6.502914198230621,2.414495747408088,0.8632240043116773,249.08656633402475,15454.356196292769
1356.5946271078055,0.1,7.371398795319956e-07,7.371398795319957e-08,3.93234334811905,0.9129881840435528,6.502914198230622,2.662015306590432,0.906390949484029,237.22379767086568,13349.80009605117
1424.4333869163463,0.1,7.020335307955876e-07,7.020335307955877e-08,4.1289866861857,0.958643669394701,6.50291419823062,2.9349090799305606,0.9517165292010684,225.92599436263072,11531.839977085567
1495.6645361980584,0.1,6.685991248692536e-07,6.685991248692536e-08,4.3354634998628905,1.0065822328612934,6.502914198230619,3.2357782790105203,0.999308689556248,215.16624988679274,9961.447534817004
1570.457717003745,0.1,6.367570353360969e-07,6.36757035336097e-08,4.552265528375226,1.0569180435435206,6.502914198230619,3.567490775954139,1.0492807746660984,204.91893914622216,8604.90929340746
1648.9910546157482,0.1,6.064314279940241e-07,6.064314279940241e-08,4.779909101181155,1.1097709797563986,6.50291419823062,3.933208439859373,1.1017517966073025,195.1596574411957,7433.102838615786
1731.4515817660047,0.1,5.775500802511866e-07,5.775500802511866e-08,5.0189363676483785,1.165266914528521,6.50291419823062,4.3364172755971655,1.156846718852439,185.8651623478646,6420.871612414042
1818.035684067781,0.1,5.500442091227497e-07,5.500442091227497e-08,5.269916588221073,1.223538015377617,6.502914198230618,4.780960652258186,1.2146967538793674,177.01331836477155,5546.484847340311
1908.9495677220134,0.1,5.238483074193098e-07,5.2384830741930976e-08,5.533447490154226,1.2847230590769154,6.502914198230618,5.271075937980023,1.275439675663099,168.58304419557572,4791.171046357276
2004.4097506120202,0.1,4.988999877368701e-07,4.988999877368701e-08,5.810156691043547,1.3489677621618898,6.502914198230618,5.811434890355887,1.3392201477943044,160.55426254244816,4138.714992876996
2104.6435779562785,0.1,4.7513983387679036e-07,4.751398338767904e-08,6.100703193541515,1.4164251279645754,6.502914198230619,6.4071881874250245,1.4061900680059676,152.90785229055575,3575.109639487378
2209.8897637472073,0.1,4.5251125934188995e-07,4.5251125934189e-08,6.405778954819,1.4872558110018697,6.5029141982306236,7.064014523711645,1.4765089299286247,145.62560296976818,3088.2554020640055
2320.3989592655626,0.1,4.309603725716689e-07,4.309603725716689e-08,6.7261105345106085,1.5616284995857241,6.502914198230617,7.788174739294446,1.5503442029358194,138.69017138512447,2667.7004036566914
2436.434350024261,0.1,4.1043584859573287e-07,4.104358485957329e-08,7.062460825068042,1.6397203175663269,6.5029141982306236,8.586571497861737,1.6278717309843065,132.08504031278375,2304.4160916593323
2558.272282563441,0.1,3.908888067997125e-07,3.908888067997125e-08,7.415630868642855,1.721717246165195,6.502914198230623,9.46681508260188,1.7092761513989705,125.79447916307753,1990.6034111699469
2686.202922589398,0.1,3.7227269451260895e-07,3.7227269451260895e-08,7.786461764825305,1.8078145669026644,6.502914198230622,10.43729593709159,1.7947513345997455,119.80350651699335,1719.525373435552
2820.530946024848,0.1,3.545431761382952e-07,3.545431761382952e-08,8.175836673782833,1.8982173266747224,6.502914198230621,11.507264642639212,1.8845008458178045,114.0978544468593,1485.3624249296824
2961.5762646163535,0.1,3.376580275671346e-07,3.376580275671346e-08,8.584682919568946,1.9931408260868053,6.502914198230622,12.68692009442379,1.9787384299006674,108.66393453625751,1283.087512099261
3109.674787826868,0.1,3.215770356162641e-07,3.215770356162641e-08,9.013974198611319,2.092811132207484,6.502914198230615,13.98750671692014,2.077688520360736,103.48880551824521,1108.358159647813
3265.1792228280747,0.1,3.062619022590339e-07,3.062619022590339e-08,9.464732898639262,2.197465616963294,6.50291419823062,15.421421645264372,2.1815867738797077,98.56014245480529,957.4232454713899
3428.4599144975614,0.1,2.9167615341553446e-07,2.9167615341553446e-08,9.938032533572697,2.307353522456857,6.502914198230625,17.002332894206628,2.2906806315416945,93.86620738413029,827.0424708744412
3599.905727421556,0.1,2.77785052086976e-07,2.77785052086976e-08,10.435000300172113,2.4227365545547066,6.502914198230621,18.745309641033856,2.405229908131813,89.39582136582993,714.4167972371764
3779.924972003552,0.1,2.645555156270602e-07,2.645555156270602e-08,10.956819762537691,2.5438895061583886,6.502914198230624,20.666965864311845,2.525507410903543,85.13833785749102,617.1283557360574
3968.9463768846413,0.1,2.5195603695329673e-07,2.5195603695329676e-08,11.504733670851587,2.6711009116433635,6.502914198230619,22.785618707607263,2.651799589288649,81.08361735917681,533.0885400879679
4167.42010999126,0.1,2.399566095106495e-07,2.399566095106495e-08,12.080046921075851,2.804673734024116,6.502914198230624,25.12146307770324,2.7844072170968728,77.22200326548806,460.493167963691
4375.818850642113,0.1,2.2852865580878842e-07,2.2852865580878843e-08,12.684129662654959,2.944926086482143,6.502914198230617,27.696764141572736,2.923646108830145,73.54429886766943,397.7837484674569
4594.638915267667,0.1,2.1764495936276295e-07,2.1764495936276297e-08,13.318420561624364,3.0921919899751376,6.5029141982306236,30.536069556982387,3.069847871817336,70.04174545099325,343.6140241657123
4824.401439422975,0.1,2.072795998750065e-07,2.072795998750065e-08,13.984430226895855,3.246822168731663,6.502914198230618,33.66644345969854,3.223360695960659,66.7060014352571,296.82106938316565
5065.653618909162,0.1,1.9740789150430319e-07,1.974078915043032e-08,14.683744807880363,3.409184885525864,6.502914198230624,37.117724437653145,3.3845501829747477,63.52912250871697,256.4003242989795
5318.970012959081,0.1,1.8800632407470058e-07,1.880063240747006e-08,15.418029772015448,3.579666818721464,6.502914198230616,40.92280995106593,3.553800217093105,60.50354270814366,221.4840288704598
5584.953912591101,0.1,1.7905250708435256e-07,1.7905250708435256e-08,16.189033871194752,3.7586739831738085,6.5029141982306236,45.117969909605534,3.731513879315779,57.6220563999428,191.32259359972252
5864.2387773895,0.1,1.7052511638094576e-07,1.7052511638094576e-08,16.998593306544805,3.9466326971831354,6.5029141982306164,49.7431923955907,3.918114407375384,54.87780111942573,165.26850720750386
6157.489744133643,0.1,1.6240384337671358e-07,1.6240384337671357e-08,17.848636101468962,4.143990597801941,6.502914198230622,54.84256482865301,4.114046203707946,52.26424122736156,142.7624357410779
6465.405210868455,0.1,1.5466934668208925e-07,1.5466934668208924e-08,18.74118669337204,4.351217706914473,6.502914198230615,60.46469420510312,4.319775893828858,49.775152344887246,123.3212146893526
6788.71850018914,0.1,1.4730320604281043e-07,1.4730320604281043e-08,19.678370755002305,4.568807550627292,6.502914198230619,66.66317041770671,4.535793437634811,47.4046065297065,106.52747631764834
7128.199605701106,0.1,1.402878784707717e-07,1.4028787847077171e-08,20.6624202568923,4.797278334636847,6.5029141982306164,73.4970770722126,4.76261329627813,45.14695815827291,92.02068953985747
7484.657025814465,0.1,1.3360665646415268e-07,1.3360665646415269e-08,21.695678782955337,5.037174178373135,6.50291419823062,81.03155466971205,5.000775657392582,42.996830480336676,79.48941997031099
7858.939689240648,0.1,1.2724362821731006e-07,1.2724362821731006e-08,22.78060711189768,5.28906641085896,6.502914198230615,89.33842152306556,5.250847721588742,40.94910281383009,68.66464399269266
8251.938976776406,0.1,1.2118363972568383e-07,1.2118363972568383e-08,23.91978907773776,5.553554931370521,6.50291419823062,98.4968583259352,5.51342505328252,38.99889834960002,59.31397331121868
8664.590844190747,0.1,1.1541225869545338e-07,1.1541225869545339e-08,25.115937723391166,5.831269638140377,6.502914198230616,108.59416289971745,5.789132999074288,37.14157253693866,51.23666599565164
9097.878051270056,0.1,1.0991574017200646e-07,1.0991574017200647e-08,26.371901761974968,6.122871928504748,6.50291419823062,119.72658231257682,6.078628177056213,35.37270202225673,44.25931691636419
9552.832502330613,0.1,1.0468099380534812e-07,1.0468099380534812e-08,27.690672361221168,6.429056274068508,6.502914198230614,132.00023030231966,6.382600040595072,33.68807411455097,38.232135050890804
10030.537703771994,0.1,9.969555267450405e-08,9.969555267450405e-09,29.075390267155054,6.750551874638554,6.502914198230617,145.53209874792358,6.701772520314398,32.08367675258186,33.02572774251584
10532.131344524802,0.1,9.494754359665834e-08,9.494754359665834e-09,30.529353284005758,7.088124394865188,6.502914198230623,160.45117283104605,7.036905748186868,30.555688949863317,28.528322874747943
11058.808005537758,0.1,9.042565885032494e-08,9.042565885032494e-09,32.056024128161525,7.442577787726914,6.502914198230617,176.89966051716604,7.3887978678426505,29.10047169471194,24.643369326821052
11611.822004757163,0.1,8.611912924520525e-08,8.611912924520525e-09,33.65903867487499,7.814756209201567,6.502914198230623,195.0343480757241,7.758286935405207,27.714559283682,21.287464196350072
12192.490384374509,0.1,8.201769847459274e-08,8.201769847459273e-09,35.3422146173593,8.205546028684047,6.502914198230617,215.0280945600331,8.146252915381694,26.394651067745333,18.38856229037157
12802.19604745598,0.1,7.811159868925127e-08,7.811159868925127e-09,37.10956055889561,8.615877939937873,6.502914198230622,237.0714794922495,8.55361977636093,25.13760359156163,15.884429445798244
13442.391051424724,0.1,7.439152723458468e-08,7.439152723458468e-09,38.965285559607615,9.046729177608842,6.502914198230617,261.3746194591016,8.981357691510471,23.940423107115073,13.721306474876195
14114.600066238707,0.1,7.08486244957051e-08,7.08486244957051e-09,40.91380916063716,9.499125844578645,6.502914198230623,288.16917093404845,9.430485349112901,22.800258443891142,11.852755052985792
14820.42400550095,0.1,6.74744527976275e-08,6.7474452797627505e-09,42.959771909596576,9.974145355702145,6.5029141982306164,317.7105384167233,9.902072378644622,21.71439421861044,10.238660772085566
15561.543839148955,0.1,6.426097631034847e-08,6.426097631034847e-09,45.10804641236241,10.472919003747245,6.502914198230621,350.2803089375065,10.397241898174407,20.680244368350877,8.844371957171052
16339.72459680447,0.1,6.120054191094307e-08,6.1200541910943075e-09,47.36374893753372,10.996634653649416,6.502914198230616,386.18893613286997,10.917173189149167,19.695345991654126,7.63995575769615
17156.819571316883,0.1,5.828586095711005e-08,5.828586095711006e-09,49.732251601189084,11.546539571496258,6.502914198230622,425.7786994759259,11.463104504936458,18.75735348295117,6.599555543593969
18014.774732512244,0.1,5.550999192874982e-08,5.550999192874982e-09,52.219195160963984,12.12394339498073,6.502914198230625,469.42696686949654,12.036336019813149,17.864032946335204,5.7008358103523475
18915.6333616588,0.1,5.2866323896241206e-08,5.286632389624121e-09,54.83050244991627,12.730221252396372,6.502914198230621,517.5497917005501,12.638232925422919,17.013256875379817,4.9245026762661155
19861.540917686605,0.1,5.034856077604259e-08,5.034856077604259e-09,57.57239248217414,13.366817037603075,6.502914198230624,570.6058786429869,13.27022868207722,16.202999086331193,4.253889677810865
20854.750146750903,0.1,4.795070633611962e-08,4.795070633611962e-09,60.45139526396171,14.035246848763357,6.50291419823062,629.1009560106658,13.933828432643201,15.431329892606904,3.674599970916487
21897.626447307073,0.1,4.5667049915493406e-08,4.566704991549341e-09,63.474367345272455,14.73710259903765,6.502914198230624,693.5925963376778,14.63061258714832,14.696411509110478,3.1741972568523074
22992.653503475736,0.1,4.349215282389363e-08,4.3492152823893626e-09,66.64850814923204,15.474055807839171,6.502914198230619,764.6955311355268,15.362240586639537,13.996493675414944,2.7419387974619878
24142.439200112836,0.1,4.1420835389131966e-08,4.142083538913197e-09,69.98137711803567,16.247861581675927,6.5029141982306236,843.0875104871363,16.130454855259988,13.329909487393532,2.3685447880711803
25349.721833673404,0.1,3.944816462134294e-08,3.944816462134294e-09,73.48091171629873,17.060362794062204,6.502914198230618,929.515763331206,16.937084949956347,12.695071427368449,2.045999136921606
26617.376633659016,0.1,3.7569442464718716e-08,3.756944246471872e-09,77.1554463346925,17.913494474452502,6.502914198230625,1024.8041200159287,17.784051917698612,12.090467583324964,1.7673773742285686
27948.422610181795,0.1,3.57801946087538e-08,3.57801946087538e-09,81.0137321388895,18.809288416652358,6.5029141982306164,1129.860865014085,18.673372870590388,11.514658048184994,1.5266979963807932
29346.0297439517,0.1,3.407615983235699e-08,3.407615983235699e-09,85.06495791108702,19.749878017679485,6.502914198230623,1245.6873946511228,19.607165789764828,10.96627149056621,1.3187940539130703
30813.526535810983,0.1,3.24532798554497e-08,3.24532798554497e-09,89.31877193374517,20.737503358600804,6.502914198230616,1373.3877623713918,20.587654569507283,10.444001888858624,1.139202226477979
32354.407933796174,0.1,3.090768967388332e-08,3.0907689673883317e-09,93.7853049676593,21.774516539444814,6.502914198230623,1514.1792025275847,21.61717431361805,9.946605420841232,0.9840670034579405
33972.34365660508,0.1,2.943570835465672e-08,2.943570835465672e-09,98.4751943790864,22.863387280895232,6.5029141982306164,1669.4037330056426,22.698176896627956,9.472897501430873,0.8500579131491105
35671.18693329351,0.1,2.803383026951244e-08,2.8033830269512442e-09,103.39960947339124,24.006708806106523,6.502914198230622,1840.540947280915,23.833236803112325,9.021749961508565,0.734298023577928
37454.9836800139,0.1,2.6698716746033518e-08,2.669871674603352e-09,108.5702780955403,25.20720401664937,6.502914198230616,2029.222117838807,25.02505725900886,8.592088361104468,0.6343021799926122
39327.982135653125,0.1,2.5427188116357525e-08,2.5427188116357525e-09,113.99951456080079,26.467731977294548,6.502914198230621,2237.245745393213,26.276476669542948,8.182889430542634,0.5479236531006157
41294.64297931512,0.1,2.4216216144571315e-08,2.4216216144571317e-09,119.70024898215706,27.79129472507909,6.502914198230616,2466.5947021170905,27.590475379091277,7.793178633451467,0.47330805268652976
43359.6499537461,0.1,2.306291681475173e-08,2.306291681475173e-09,125.68605806429623,29.181044418871124,6.50291419823062,2719.4551322938214,28.970182769084424,7.4220278458360065,0.4088535172194486
45527.921020001006,0.1,2.196454346247631e-08,2.196454346247631e-09,131.97119743749596,30.640290846460648,6.502914198230626,2998.2372905494735,30.41888471085126,7.068553145684547,0.35317632479290073
47804.62006991744,0.1,2.0918480233446754e-08,2.0918480233446753e-09,138.57063560842158,32.17250930705444,6.502914198230618,3305.5985162950565,31.940031391155156,6.731912707845545,0.3050811871266619
50195.169224292134,0.1,1.9922235853645598e-08,1.9922235853645597e-09,145.50008960869158,33.78134888794858,6.502914198230625,3644.4685633702993,33.537245529059696,6.411304799161059,0.2635355888965414
52705.26174604677,0.1,1.897343769618991e-08,1.897343769618991e-09,152.7760624261048,35.47064115508948,6.502914198230619,4018.077526329815,35.21433100369143,6.105965869082202,0.22764762150414944
55340.8755991395,0.1,1.8069826130751533e-08,1.8069826130751533e-09,160.41588230768244,37.24440927822085,6.502914198230625,4429.986629564003,36.97528191344919,5.815168731219165,0.19664683541789593
58108.2876855107,0.1,1.720924914208666e-08,1.720924914208666e-09,168.43774402811903,39.106877612348704,6.502914198230619,4884.122172735037,38.824292088233136,5.538220831495097,0.16986770001973522
61014.08879397246,0.1,1.63896572048584e-08,1.63896572048584e-09,176.86075222193557,41.06248175834343,6.502914198230625,5384.812956094593,40.765765077349656,5.274462598779279,0.14673531587057898
64065.199296640225,0.1,1.560909840254634e-08,1.560909840254634e-09,185.70496688252356,43.11587912663888,6.502914198230618,5936.831542419562,42.80432463687676,5.023265874071548,0.12675307266264932
67268.88563029243,0.1,1.4865713778818451e-08,1.4865713778818451e-09,194.99145113644948,45.27196002918677,6.5029141982306236,6545.43974887301,44.944825741468904,4.784032414496929,0.10949198789740158
70632.77760190568,0.1,1.415773291029432e-08,1.415773291029432e-09,204.74232140678652,47.535859326082544,6.5029141982306164,7216.438802416491,47.19236614682386,4.556192468547671,0.09458149740978566
74164.886559584,0.1,1.3483469690155882e-08,1.3483469690155882e-09,214.9808000849527,49.91296865460002,6.502914198230622,7956.224636853291,49.552298530351344,4.339203419179484,0.08170150002810969
77873.62447215403,0.1,1.2841318312563947e-08,1.2841318312563948e-09,225.73127083648745,52.40894926975969,6.5029141982306164,8771.848858591376,52.030243238954874,4.132548491530404,0.07057548558279131
81767.82396286687,0.1,1.2229749448317584e-08,1.2229749448317585e-09,237.01933667248483,55.029745527009375,6.502914198230623,9671.085962248864,54.63210167428755,3.9357355221847623,0.06096459873482299
85856.75934491995,0.1,1.1647306602647451e-08,1.1647306602647452e-09,248.8718809249893,57.78159903913116,6.502914198230616,10662.507436799024,57.364070347360745,3.748295787050886,0.052662511185104614
90150.16870889267,0.1,1.1092602646470225e-08,1.1092602646470226e-09,261.3171312715606,60.671063541084756,6.502914198230621,11755.56346863007,60.23265563597519,3.5697828850614295,0.045490992180305605
94658.27711470333,0.1,1.056431651284163e-08,1.056431651284163e-09,274.3847269615002,63.70502049819539,6.502914198230616,12960.673020311388,63.24468928012359,3.399771675037356,0.03929608222203296
99391.82094331557,0.1,1.006119005074183e-08,1.006119005074183e-09,288.1057894038285,66.89069549485137,6.502914198230621,14289.323143691203,66.40734465226458,3.237857263184076,0.03394478783580619
104362.0734661951,0.1,9.582025028698943e-09,9.582025028698943e-10,302.5129962851396,70.23567544274935,6.502914198230615,15754.17847397593,69.72815384122075,3.0836540388079565,0.02932222644250853
109580.87169340634,0.1,9.12568028111581e-09,9.12568028111581e-10,317.6406593938324,73.74792664966247,6.502914198230619,17369.20194848165,73.21502559038305,2.936794755957117,0.025329160037901723
115060.64456429564,0.1,8.691068990502681e-09,8.691068990502682e-10,333.5248063360806,77.4358137917709,6.502914198230624,19149.78790074608,76.87626413294693,2.7969296587989763,0.021879864732766603
120814.44254789417,0.1,8.277156099144127e-09,8.277156099144127e-10,350.2032663381387,81.30811983473278,6.502914198230619,21112.908798646327,80.72058896903425,2.663725648651886,0.018900290416571427
126855.96872353784,0.1,7.882955844035527e-09,7.882955844035527e-10,367.7157603393342,85.37406695094091,6.5029141982306236,23277.2770252243,84.75715563180279,2.5368654906869454,0.016326471035983267
133199.61141572753,0.1,7.507529409218118e-09,7.507529409218118e-10,386.10399559031595,89.64333848278464,6.502914198230618,25663.52324430909,88.99557749200105,2.416047058410614,0.01410315135978484
139860.4784609458,0.1,7.14998268992221e-09,7.149982689922211e-10,405.41176498183364,94.12610200421646,6.502914198230624,28294.393051106585,93.44594865289353,2.300982614129042,0.012182600749337276
146854.43318804653,0.1,6.809464163192837e-09,6.809464163192837e-10,425.6850513406294,98.83303353555536,6.502914198230617,31194.96378222506,98.11886799008724,2.1913981236802056,0.010523588468387237
154198.13219789942,0.1,6.485162859927451e-09,6.485162859927451e-10,446.97213694080597,103.77534296918626,6.5029141982306236,34392.883551756175,103.02546439350682,2.0870326038021205,0.009090498533984923
161909.06503227228,0.1,6.176306433495099e-09,6.176306433495099e-10,469.323718491504,108.96480076671928,6.502914198230617,37918.634791897675,108.17742327163923,1.987637500582563,0.00785256510596384
170005.5958264171,0.1,5.882159320338153e-09,5.882159320338154e-10,492.79302787471613,114.41376599117865,6.502914198230623,41805.82481017025,113.5870143811641,1.892976097510307,0.006783212000186202
178507.00704456738,0.1,5.602020988175171e-09,5.602020988175171e-10,517.4359589208092,120.1352157409939,6.502914198230617,46091.506132813214,119.26712104825403,1.802822951717846,0.005859482146098294
187433.54540249618,0.1,5.335224267633592e-09,5.335224267633592e-10,543.3112005236505,126.14277605587989,6.502914198230622,50816.52968785177,125.23127085113079,1.7169633570732195,0.005061544740088109
196806.47008651288,0.1,5.081133763338247e-09,5.081133763338247e-10,570.4803764123922,132.45075436822327,6.502914198230615,56025.934194368485,131.49366783695717,1.6351928328420298,0.004372269514119573
206648.10338372728,0.1,4.839144340672164e-09,4.839144340672164e-10,599.0081919127646,139.07417357724844,6.502914198230621,61769.37546961424,138.06922634978542,1.5573166367020586,0.0037768589799655936
216981.88384416339,0.1,4.608679684605376e-09,4.608679684605376e-10,628.9625880474098,146.02880782712208,6.502914198230615,68101.59974609916,144.97360655012795,1.4831493009505539,0.0032625307539897092
227832.42210133708,0.1,4.389190927159666e-09,4.389190927159666e-10,660.4149033422702,153.33122007419985,6.50291419823062,75082.96551030138,152.22325171074593,1.4125141907996983,0.0028182431425664784
239225.55948422788,0.1,4.180155340240434e-09,4.1801553402404344e-10,693.440043724355,160.9988015328852,6.502914198230625,82780.01883713454,159.83542737747126,1.3452430837082985,0.0024344580969574738
251188.4295602461,0.1,3.981075090722504e-09,3.981075090722504e-10,728.116660915545,169.04981309404562,6.50291419823062,91266.12770424233,167.8282624883349,1.281175768747818,0.002102936448714146
263749.52275575086,0.1,3.7914760548251896e-09,3.7914760548251897e-10,764.5273397472557,177.50342881462018,6.502914198230625,100622.1813323684,176.22079254892031,1.2201596650486781,0.0018165610296835444
276938.7542080317,0.1,3.6109066889526667e-09,3.610906688952667e-10,802.7587948421,186.37978158200528,6.502914198230621,110937.36121789516,185.0330049667773,1.162049458418024,0.001569183879323907
290787.53501033265,0.1,3.4389369543108766e-09,3.4389369543108767e-10,842.9020771309213,195.70001106195372,6.502914198230624,122309.99120698556,194.28588665285244,1.1067067552636687,0.0013554942591491163
305328.8470196098,0.1,3.2751572927394388e-09,3.275157292739439e-10,885.0527906970755,205.48631404419748,6.502914198230617,134848.47471421355,204.00147400331366,1.0539997529998748,0.0011709046408110194
320597.3214051692,0.1,3.1191776513198184e-09,3.1191776513198185e-10,929.3113204643537,215.76199730567873,6.502914198230624,148672.32801919596,214.20290538079468,1.0038029261501396,0.0010114522201911881
336629.3211252584,0.1,2.970626553436513e-09,2.970626553436513e-10,975.7830712708158,226.55153311729902,6.5029141982306164,163913.31949057305,224.9144762200507,0.9559967273993303,0.0008737138431880193
353463.0275280443,0.1,2.8291502140790644e-09,2.8291502140790647e-10,1024.5787188979264,237.8806175263736,6.502914198230625,180716.72559637122,236.1616968892683,0.910467302883248,0.0007547325168104171
371138.53128320485,0.1,2.69441169727788e-09,2.69441169727788e-10,1075.8144736527884,249.776231553597,6.5029141982306164,199242.71567297695,247.97135344481896,0.8671062210375472,0.000651953927904523
389697.9278607178,0.1,2.5660901136672482e-09,2.566090113667248e-10,1129.6123571312748,262.266705450263,6.502914198230623,219667.8786522897,260.3715714241622,0.8258102143602525,0.0005631716066857947
409185.41778421175,0.1,2.443879856264477e-09,2.443879856264477e-10,1186.1004928211257,275.3817861687747,6.502914198230616,242186.90629973987,273.3918828288103,0.7864809334728506,0.0004864795578369567
429647.4118976647,0.1,2.3274898726451183e-09,2.3274898726451185e-10,1245.4134112371692,289.1527082071282,6.502914198230623,267014.44900773483,287.0632964568958,0.7490247128942492,0.0004202313422474792
451132.6418961252,0.1,2.216642971780909e-09,2.2166429717809088e-10,1307.692370315296,303.61226799609244,6.5029141982306164,294387.1618338628,301.4183717528264,0.7133523479697675,0.0003630047309537794
473692.27638371853,0.1,2.1110751638896084e-09,2.1110751638896084e-10,1373.0856918283075,318.79490200624247,6.502914198230622,324565.96028661594,316.49129634992295,0.6793788824239035,0.0003135711724643884
497380.0427353115,0.1,2.0105350317245537e-09,2.0105350317245538e-10,1441.7491146247496,334.73676876086483,6.502914198230616,357838.50736066815,332.31796749069696,0.6470234060309189,0.0002708694179889655
522252.3550520853,0.1,1.9147831318065918e-09,1.914783131806592e-10,1513.8461655320818,351.4758349500534,6.50291419823062,394521.9555280365,348.93607751869166,0.616208861921379,0.0002339827383526902
548368.4485157294,0.1,1.8235914241723836e-09,1.8235914241723837e-10,1589.548548807447,369.0519658510861,6.502914198230616,434965.96982165624,366.3852036454789,0.5868618630657308,0.00020211924348452349
575790.5204612381,0.1,1.7367427292810379e-09,1.736742729281038e-10,1669.0365550635665,387.50702027041325,6.50291419823062,479556.0608272606,384.7069022066024,0.5589125174978804,0.00017459488197449263
604583.878504298,0.1,1.6540302107855331e-09,1.6540302107855333e-10,1752.4994906436875,406.88495023339283,6.502914198230616,528717.2593535398,403.94480763095345,0.5322942618624876,0.00015081875573129608
634817.0960760125,0.1,1.5752568829372873e-09,1.5752568829372875e-10,1840.1361284680827,427.2319056591564,6.502914198230619,582918.1678073078,424.14473635926163,0.5069437028896137,0.0001302804344726422
666562.1757354174,0.1,1.5002351414505332e-09,1.5002351414505332e-10,1932.1551814259344,448.5963442699363,6.502914198230614,642675.4268912931,445.3547959592158,0.4828004664191233,0.0001125389977133871
699894.7206486886,0.1,1.4287863167094078e-09,1.428786316709408e-10,2028.7757994399,471.02914699656753,6.502914198230618,708558.6402008268,467.6254996970524,0.4598070536153405,9.721356900289927e-05
734894.1146434735,0.1,1.3607402482535062e-09,1.3607402482535063e-10,2130.2280913872814,494.58373915505723,6.502914198230625,781195.8036605748,491.00988683850153,0.4379087040294665,8.397513919885587e-05
771643.7112671133,0.1,1.2959348795286666e-09,1.2959348795286667e-10,2236.7536731206555,519.3162176827674,6.502914198230618,861279.2915543618,515.563648965564,0.4170532651836838,7.25395032380398e-05
810231.0322990585,0.1,1.2342158719377435e-09,1.2342158719377436e-10,2348.606242893251,545.2854847372661,6.5029141982306236,949572.4562067551,541.3452626099842,0.39719106836631535,6.26611587693958e-05
850747.9761902099,0.1,1.1754362372722473e-09,1.1754362372722472e-10,2466.0521855593797,572.5533879760114,6.502914198230617,1046916.9042242352,568.4161285192691,0.37827481034225074,5.4128035664081606e-05
893291.0369256138,0.1,1.1194559876494905e-09,1.1194559876494905e-10,2589.371206988908,601.1848678509377,6.502914198230623,1154240.5186527495,596.8407178869337,0.3602594406969337,4.6756943254663895e-05
937961.5338317659,0.1,1.0661418021214513e-09,1.0661418021214513e-10,2718.8570002067227,631.2481122687788,6.5029141982306164,1272566.3035186047,626.6867258952443,0.343102054545583,4.038963756393186e-05
984865.852875783,0.1,1.0153667091614823e-09,1.0153667091614823e-10,2854.81794484353,662.8147189854018,6.502914198230622,1403022.1350583136,658.0252329361026,0.3267617903521678,3.488942409388735e-05
1034115.7000311688,0.1,9.67009784272552e-10,9.670097842725521e-11,2997.5778415639306,695.9598661209768,6.502914198230617,1546851.512585899,690.9308738940672,0.3111997326147409,3.013822324293756e-05
1085828.367313523,0.1,9.20955861996981e-10,9.209558619969811e-11,3147.476683220702,730.7624912020009,6.502914198230621,1705425.4114742249,725.4820158946319,0.29637881918541176,2.6034035351139176e-05
1140127.0121198406,0.1,8.770952616416808e-10,8.770952616416809e-11,3304.871464572017,767.3054791566531,6.5029141982306164,1880255.3512327084,761.7609449411223,0.28226375300419476,2.248875095260246e-05
1197140.9505365973,0.1,8.353235260658052e-10,8.353235260658052e-11,3470.137032489813,805.6758597111299,6.502914198230621,2073007.8032454888,799.8540618846566,0.2688209180365578,1.942625922515901e-05
1257005.9653152286,0.1,7.955411729086135e-10,7.955411729086135e-11,3643.666978684338,845.965014657148,6.502914198230626,2285520.075504269,839.8520881939315,0.2560182992144365,1.678081402913149e-05
1319864.6292484081,0.1,7.576534576651593e-10,7.576534576651594e-11,3825.874577070799,888.2688954841785,6.502914198230621,2519817.825748185,881.8502820148515,0.2438254061900747,1.4495622457029604e-05
1385866.6447172903,0.1,7.215701480455182e-10,7.215701480455183e-11,4017.193768010573,932.6882518947356,6.502914198230625,2778134.3699452523,925.9486650345755,0.23221320072109436,1.2521625592892535e-05
1455169.200218402,0.1,6.872053090801487e-10,6.872053090801488e-11,4218.0801917711115,979.3288717469846,6.502914198230619,3062931.9701631623,972.2522606902957,0.2211540275138485,1.0816445306392785e-05
1527937.3447192118,0.1,6.544770984596689e-10,6.54477098459669e-11,4429.0122736655985,1028.3018329960287,6.502914198230624,3376925.304744139,1020.8713442900116,0.21062154836037844,9.343474471285605e-06
1604344.3807340122,0.1,6.233075716215521e-10,6.233075716215521e-11,4650.492363456943,1079.7237682339903,6.50291419823062,3723107.3445009915,1071.9217056410387,0.2005906794120907,8.07109107684093e-06
1684572.277056167,0.1,5.93622496119624e-10,5.936224961196241e-11,4883.04793173942,1133.7171424587993,6.502914198230624,4104777.881584621,1125.524924811658,0.19103753144079297,6.971979360660558e-06
1768812.1021297656,0.1,5.65351174834192e-10,5.6535117483419205e-11,5127.232826147492,1190.4105447333325,6.502914198230619,4525574.982959489,1181.8086616827165,0.18193935294479113,6.02254338883038e-06
1857264.479092693,0.1,5.384262776018408e-10,5.3842627760184084e-11,5383.628590383292,1249.9389944293816,6.5029141982306236,4989509.668299562,1240.906959978701,0.17327447596457493,5.2024004940411165e-06
1950140.0635749372,0.1,5.127836808638402e-10,5.1278368086384027e-11,5652.845849204412,1312.444262785933,6.502914198230618,5501004.142853644,1302.9605665024246,0.1650222644790247,4.49394369671036e-06
2047660.045389932,0.1,4.883623149513436e-10,4.8836231495134364e-11,5935.525762670125,1378.0752105474235,6.5029141982306236,6064933.949713301,1368.1172663335337,0.15716306525926413,3.8819637150840604e-06
2150056.675313865,0.1,4.651040186436107e-10,4.651040186436107e-11,6232.341553109774,1446.988142486232,6.5029141982306164,6686674.4432778545,1436.5322347892084,0.14967816106309223,3.3533224495581415e-06
2257573.818207416,0.1,4.4295340065293264e-10,4.4295340065293266e-11,6544.000108449625,1519.3471796535903,6.5029141982306236,7372152.02689864,1508.3684069852166,0.14254972605854277,2.8966709315228936e-06
2370467.533797263,0.1,4.218577077063336e-10,4.218577077063336e-11,6871.2436657167145,1595.324650245559,6.502914198230616,8127900.643098087,1583.7968658774762,0.1357607833703952,2.5022056816025323e-06
2489006.686500575,0.1,4.017666989098984e-10,4.017666989098984e-11,7214.851578729254,1675.1015000148861,6.502914198230623,8961124.054825835,1662.9972497083115,0.12929516464853869,2.161458246744074e-06
2613473.585744712,0.1,3.826325260965086e-10,3.826325260965086e-11,7575.642174183079,1758.867723206192,6.5029141982306164,9879764.51141382,1746.1581798276825,0.12313747156189578,1.8671133978985525e-06
2744164.6583072604,0.1,3.6440961987202725e-10,3.6440961987202726e-11,7954.474700555043,1846.8228150407856,6.502914198230622,10892578.453751724,1833.4777099083813,0.11727303912620107,1.6128520853287826e-06
2881391.154277452,0.1,3.4705458108854465e-10,3.4705458108854465e-11,8352.251374464267,1939.1762468287268,6.502914198230615,12009219.98030064,1925.1637976249174,0.11168790077829785,1.3932157800791187e-06
3025479.888320446,0.1,3.3052607748621875e-10,3.305260774862188e-11,8769.919529365367,2036.1479648396596,6.502914198230622,13240332.869540025,2021.4347999195497,0.10636875511377389,1.2034892892647255e-06
3176774.0180096617,0.1,3.147847452575582e-10,3.1478474525755825e-11,9208.473871690336,2137.9689141205,6.502914198230627,14597652.036001142,2122.5199930348476,0.10130293420872061,1.0395995294373357e-06
3335633.861081003,0.1,2.997930952997109e-10,2.997930952997109e-11,9668.958849812825,2244.8815885075155,6.502914198230618,16094115.386962453,2228.66011855141,0.09647837345016995,8.980280848752874e-07
3502437.753555168,0.1,2.8551542393150185e-10,2.8551542393150188e-11,10152.471141476222,2357.1406081426258,6.502914198230625,17743987.146018974,2340.107956731058,0.0918835828033615,7.757356735831311e-07
3677582.9507717816,0.1,2.7191772786257305e-10,2.7191772786257306e-11,10660.162265609664,2475.0133258694095,6.502914198230618,19562993.81904143,2457.128928530999,0.08750761944740595,6.700968994227424e-07
3861486.573481307,0.1,2.589676232121287e-10,2.589676232121287e-11,11193.241324752458,2598.7804639529168,6.502914198230626,21568474.098546587,2580.00172772276,0.08334006171417901,5.788438896227374e-07
4054586.601247735,0.1,2.466342683844182e-10,2.466342683844182e-11,11752.977884617643,2728.7367826397262,6.502914198230618,23779544.135360185,2709.018984621195,0.07937098426837681,5.000176076657243e-07
4257342.915528145,0.1,2.348882906172818e-10,2.3488829061728182e-11,12340.704997653263,2865.1917821504394,6.502914198230624,26217279.752935734,2844.487963004447,0.07559093446962392,4.3192579632947964e-07
4470238.394913053,0.1,2.237017160288271e-10,2.2370171602882713e-11,12957.82237780144,3008.4704397764854,6.502914198230618,28904917.341186922,2986.731291884453,0.07199090986033749,3.7310664799543566e-07
4693780.065136208,0.1,2.130479029956385e-10,2.1304790299563852e-11,13605.799734016924,3158.913983836666,6.502914198230624,31868075.344746396,3136.0877338709433,0.06856233672573385,3.222974222919518e-07
4928500.3065923825,0.1,2.0290147870385548e-10,2.029014787038555e-11,14286.180270483354,3316.8807063366744,6.502914198230617,35134998.45686562,3292.912991958653,0.06529704967491677,2.7840733735011735e-07
5174958.122239242,0.1,1.9323827872201088e-10,1.932382787220109e-11,15000.584361864045,3482.746816267007,6.502914198230625,38736826.846603416,3457.5805566593685,0.06218727219441794,2.404941526965406e-07
5433740.468902589,0.1,1.8403528945171757e-10,1.840352894517176e-11,15750.713412339328,3656.907335571444,6.502914198230617,42707892.98556282,3630.4825954961,0.05922559812787675,2.0774394106033263e-07
5705463.655155882,0.1,1.7527059331914691e-10,1.752705933191469e-11,16538.353907621888,3839.7770399199085,6.50291419823062,47086048.903518155,3812.030886978001,0.05640497403775205,1.7945361483169232e-07
5990774.809102933,0.1,1.6692331657676528e-10,1.669233165767653e-11,17365.381669599527,4031.7914465262756,6.5029141982306164,51913026.99231713,4002.657801280162,0.05371868240705822,1.5501583204685883e-07
6290353.419559493,0.1,1.5897357959102225e-10,1.5897357959102227e-11,18233.76632373835,4233.407851363538,6.502914198230621,57234837.797224306,4202.8173299639275,0.05116032564112144,1.3390595785834455e-07
6604912.95430431,0.1,1.5140244949758442e-10,1.5140244949758444e-11,19145.575989886253,4445.106418246803,6.5029141982306164,63102208.587439924,4412.986167190165,0.048723810831251435,1.1567080157683744e-07
6935202.559253308,0.1,1.441918951113761e-10,1.4419189511137612e-11,20102.98220764717,4667.391322377475,6.502914198230621,69571066.8862219,4633.6648450002585,0.04640333524404722,9.991888748954912e-08
7282008.842604006,0.1,1.373247439840247e-10,1.3732474398402471e-11,21108.265108057498,4900.7919510725,6.502914198230615,76703073.56960857,4865.3789253688565,0.0441933725017732,8.631205058708847e-08
7646157.748198799,0.1,1.307846415064572e-10,1.307846415064572e-11,22163.8188438801,5145.864164537792,6.502914198230619,84566210.61520493,5108.680251867037,0.042088659420898754,7.455817677441014e-08
8028516.522569114,0.1,1.2455601195923063e-10,1.2455601195923063e-11,23272.157291449803,5403.191619689018,6.502914198230616,93235429.10344073,5364.1482639171245,0.04008418347745074,6.440493171130501e-08
8429995.780344611,0.1,1.1862402141785185e-10,1.1862402141785186e-11,24435.920037648404,5673.387160171924,6.502914198230619,102793363.64800659,5632.391376768815,0.03817517086933225,5.5634343652051006e-08
8851551.672946835,0.1,1.1297454242472758e-10,1.1297454242472758e-11,25657.878666269015,5957.094275893216,6.5029141982306236,113331120.06540206,5914.048430483471,0.036357075147172166,4.805812398759537e-08
9294188.165731821,0.1,1.0759412034362035e-10,1.0759412034362036e-11,26940.943358739944,6254.988635537505,6.502914198230631,124949143.79161577,6209.790211377154,0.034625566386633,4.151362503082093e-08
9758959.429004973,0.1,1.0246994131647507e-10,1.0246994131647507e-11,28288.16982492867,6567.779695720343,6.5029141982306236,137758177.3236528,6520.321049545929,0.032976520876387964,3.586034826587148e-08
10246972.34860279,0.1,9.758980174630363e-11,9.758980174630364e-12,29702.766580532756,6896.212390609666,6.502914198230631,151880315.8122033,6846.380496278197,0.03140601129720885,3.097692809998773e-08
10759389.1620201,0.1,9.294207923345049e-11,9.29420792334505e-12,31188.102588387806,7241.0689060395225,6.502914198230624,167450170.86730793,7188.745085348612,0.029910297368775894,2.6758526364481493e-08
11297430.226361495,0.1,8.851570489602079e-11,8.85157048960208e-12,32747.71528189263,7603.17054234129,6.5029141982306164,184616153.6703738,7548.230182388613,0.02848581694193398,2.311458162951071e-08
11862376.924708582,0.1,8.430013700855029e-11,8.430013700855029e-12,34385.318989658495,7983.3796703288845,6.502914198230612,203541889.62310302,7925.69192673768,0.02712917751518092,1.996686501452866e-08
12455574.717824811,0.1,8.028533589613736e-11,8.028533589613736e-12,36104.81378144653,8382.601785096087,6.502914198230628,224407778.0177008,8322.029270399975,0.025837148155184165,1.724780075618684e-08
13078436.348466303,0.1,7.646174002423994e-11,7.646174002423995e-12,37910.29475646222,8801.787662517818,6.5029141982306236,247412711.595097,8738.186118962702,0.024606651802082193,1.4899015479328055e-08
13732445.205929063,0.1,7.282024322720351e-11,7.282024322720351e-12,39806.061796125025,9241.935623590267,6.502914198230615,272775972.38189447,9175.1535795743,0.023434757941248437,1.2870085026558041e-08
14419158.858846208,0.1,6.935217302127843e-11,6.935217302127843e-12,41796.629804542084,9704.09391200348,6.5029141982306315,300739321.87711537,9633.972321336687,0.022318675624061826,1.1117451943093479e-08
15140212.764648544,0.1,6.604926995048174e-11,6.604926995048174e-12,43886.739461073805,10189.36319060846,6.502914198230627,331569305.5123042,10115.735053732802,0.021255746821063664,9.603490377253939e-09
15897324.16452259,0.1,6.290366791611756e-11,6.290366791611756e-12,46081.368510598426,10698.899162723703,6.50291419823062,365559793.35097575,10621.589128991856,0.020243440091672175,8.295698321709812e-09
16692296.173143009,0.1,5.990787544310077e-11,5.990787544310077e-12,48385.74361836665,11233.915324525255,6.502914198230614,403034781.2453014,11152.739274590527,0.019279344555375808,7.165999854367251e-09
17527022.072918292,0.1,5.7054757838477424e-11,5.705475783847742e-12,50805.35281767625,11795.68585507399,6.5029141982306315,444351479.15047336,11710.450462397042,0.018361164150050204,6.190142399272783e-09
18403489.82297766,0.1,5.433752019964454e-11,5.433752019964454e-12,53345.958580014216,12385.548650863948,6.502914198230628,489903716.03447723,12296.05092129176,0.017486712163722457,5.347176067819948e-09
19323786.793636892,0.1,5.174969123180809e-11,5.174969123180809e-12,56013.61153879183,13004.908512117627,6.50291419823062,540125693.8386679,12910.935300438583,0.01665390602676159,4.619003902660741e-09
20290104.73761974,0.1,4.928510783613187e-11,4.928510783613187e-12,58814.66489935999,13655.240488418098,6.502914198230613,595496126.2718233,13556.56799074148,0.015860762352090146,3.989993368872465e-09
21304745.009872667,0.1,4.6937900431880275e-11,4.693790043188028e-12,61755.78956961894,14338.093391644285,6.50291419823063,656542801.8883829,14234.48661239542,0.015105392211607104,3.4466407518027453e-09
22370124.04840553,0.1,4.4702478977593203e-11,4.470247897759321e-12,64843.990047260406,15055.093484576915,6.502914198230623,723847614.9460145,14946.30567683835,0.014385996637570887,2.977281256821802e-09
23488779.12921073,0.1,4.25735196580054e-11,4.25735196580054e-12,68086.62110147755,15807.948353958824,6.502914198230619,798052111.9963692,15693.720431825126,0.013700862338229968,2.571838587350869e-09
24663374.40896615,0.1,4.0545952205001503e-11,4.05459522050015e-12,71491.40528887004,16598.450977234243,6.502914198230611,879863607.0789021,16478.51089878042,0.013048357617496634,2.221608625060736e-09
25896707.26991446,0.1,3.861494782241112e-11,3.861494782241112e-12,75066.45134526379,17428.483992652404,6.50291419823063,970061923.8075719,17302.546112046788,0.012426928488946422,1.9190725682470547e-09
27191714.98202757,0.1,3.6775907685887136e-11,3.677590768588714e-12,78820.27349724124,18300.02418290455,6.502914198230621,1069506828.6156137,18167.78857012271,0.011835094974888891,1.6577355168026595e-09
28551481.69832435,0.1,3.5024451990478954e-11,3.5024451990478957e-12,82761.81173937848,19215.14718297229,6.502914198230618,1179146226.0117912,19076.29890949255,0.011271447581695642,1.4319870384990946e-09
29979245.8,0.1,3.335640951981517e-11,3.335640951981517e-12,86900.45312547713,20176.03242340002,6.502914198230613,1300025193.964939,20030.240812178683,0.01073464394299089,1.2369807231882675e-09
0.1,0.01,0.009999999999999998,9.999999999999999e-05,0.000289868710191092,0.0006730000000000001,0.6502914198230619,1.4464731049362044e-07,6.681369153115481e-05,321816.5293424054,33329211595829.797
0.10500066552328689,0.01,0.009523749159268156,9.523749159268156e-05,0.00030436407484441436,0.0007066544789717205,0.6502914198230623,1.594756814148471e-07,7.015482076838852e-05,306489.99007633294,28790478652876.758
0.11025139760333166,0.01,0.009070179804866085,9.070179804866084e-05,0.00031958430420043,0.0007419919058704222,0.6502914198230619,1.7582416759730563e-07,7.366302870347702e-05,291893.3785313579,24869825038569.535
0.11576470123222342,0.01,0.008638211729100436,8.638211729100436e-05,0.0003355656463184172,0.0007790964392928637,0.6502914198230619,1.9384860210045368e-07,7.734667038326072e-05,277991.9318383961,21483081434884.715
0.12155370673487927,0.01,0.008226816169260059,8.226816169260059e-05,0.00035234616190185706,0.0008180564463257375,0.650291419823062,2.137207930502715e-07,8.121451866252677e-05,264752.5427129255,18557540602804.1
0.12763220103984763,0.01,0.007835013357544413,7.835013357544413e-05,0.0003699658149427078,0.0008589647129981744,0.650291419823062,2.3563016130684843e-07,8.527578509718714e-05,252143.680607633,16030396489840.002
0.1340146605138595,0.01,0.007461870187676834,7.461870187676834e-05,0.0003884665678984952,0.0009019186652582744,0.6502914198230619,2.5978554601578527e-07,8.95401418822544e-05,240135.31662017223,13847395898066.629
0.140716285438326,0.01,0.007106497992645537,7.106497992645536e-05,0.000407892481628891,0.000947020600999934,0.650291419823062,2.8641719525384946e-07,9.401774488686244e-05,228698.85197719577,11961673766417.646
0.14775303620989036,0.01,0.006768050428279874,6.768050428279874e-05,0.0004282898203297863,0.000994377933692562,0.650291419823062,3.157789607436325e-07,9.871925784119161e-05,217807.04992434094,10332747062874.191
0.1551416713512479,0.01,0.006445721457621492,6.445721457621492e-05,0.00044970716171476515,0.0010441034481938982,0.650291419823062,3.481507175571307e-07,0.00010365587773290073,207433.9708599619,8925645687234.795
0.16289978742276082,0.01,0.006138743431289936,6.138743431289937e-05,0.0004721955127063875,0.0010963155693551802,0.6502914198230619,3.8384103187276455e-07,0.00010883936147355032,197554.91055812163,7710161726526.63
0.17104586092991844,0.01,0.005846385259271044,5.846385259271044e-05,0.0004958084309128035,0.0011511386440583508,0.6502914198230622,4.231901022147726e-07,0.00011428205389852375,188146.34133372066,6660200945934.363
0.17959929232645008,0.01,0.005567950669774033,5.5679506697740325e-05,0.0005206021521790097,0.001208703237357009,0.6502914198230619,4.665730022107547e-07,0.00011999691716713134,179185.8560096401,5753222592933.601
0.18858045221788608,0.01,0.0053027765510107,5.3027765510107003e-05,0.0005466357245165149,0.0012691464434263732,0.650291419823062,5.144032557771804e-07,0.00012599756163291518,170652.11455245546,4969755488240.47
0.19801072987560442,0.01,0.005050231371947502,5.050231371947502e-05,0.0005739711487303818,0.001332612212062818,0.6502914198230619,5.671367788113825e-07,0.00013229827825767454,162524.79324962795,4292980014928.004
0.2079125841769025,0.01,0.004809713678269467,4.809713678269467e-05,0.0006026735260785557,0.001399251691510554,0.6502914198230619,6.252762249620651e-07,0.00013891407264640822,154784.53630713746,3708367031774.4854
0.2183095970924117,0.01,0.004580650659973936,4.580650659973936e-05,0.0006328112133151435,0.0014692235884319312,0.6502914198230618,6.893757769020292e-07,0.00014586070078423087,147412.9097522811,3203365958968.37
0.2292265298482384,0.01,0.004362496787182791,4.3624967871827905e-05,0.0006644559854868872,0.0015426945458786444,0.650291419823062,7.600464287733124e-07,0.0001531547065603725,140392.357531856,2767135339936.169
0.24068938189658615,0.01,0.004154732510924212,4.154732510924212e-05,0.0006976832068705459,0.001619839540164025,0.6502914198230619,8.379618101567874e-07,0.00016081346116862824,133706.15970116874,2390310094944.4927
0.25272545283530107,0.01,0.003956863025789853,3.956863025789853e-05,0.0007325720104582838,0.001700842297581576,0.650291419823062,9.238646070800352e-07,0.00016885520447809218,127338.39260429793,2064800469833.6707
0.2653634074238066,0.01,0.003768417091520535,3.768417091520535e-05,0.0007692054864185206,0.0017858957319622185,0.6502914198230619,1.0185736412682673e-06,0.00017729908847270368,121273.89095077403,1783618363676.9294
0.2786333438502683,0.01,0.0035889459107140424,3.588945910714042e-05,0.000807670879981083,0.0018752024041123055,0.6502914198230619,1.1229916751174113e-06,0.00018616522286306014,115498.21169836115,1540727306935.2964
0.29256686541257,0.01,0.0034180220599821743,3.418022059982174e-05,0.0008480597992179247,0.001968975004226596,0.650291419823062,1.2381140167860113e-06,0.00019547472297912335,109997.59965592425,1330912869411.381
0.30719715578381745,0.01,0.003255238472011524,3.2552384720115245e-05,0.0008904684332142713,0.002067436858425091,0.6502914198230622,1.3650380074293252e-06,0.00020524976005788088,104758.95472446238,1149670715896.0125
0.3225590580416167,0.01,0.00310020746610371,3.1002074661037104e-05,0.0009349977811497702,0.00217082246062008,0.6502914198230622,1.5049734810075014e-06,0.0002155136140457244,99769.80069829091,993109906265.6229
0.3386891576493428,0.01,0.0029525598248862053,2.9525598248862053e-05,0.0009817538928352243,0.0022793780309800773,0.650291419823062,1.6592542963702823e-06,0.0002262907290412985,95018.2555520699,857869364058.953
0.3556258695870242,0.01,0.0028119439149948927,2.811943914994893e-05,0.001030848121277762,0.0023933621023206728,0.650291419823062,1.8293510515415624e-06,0.0002376067715108612,90493.00314291523,741045720264.9985
0.3734095298393517,0.01,0.002678024849634181,2.678024849634181e-05,0.0010823973878759496,0.0025130461358188368,0.650291419823062,2.016885101395817e-06,0.0002494886914147999,86183.26626019893,640130983259.2793
0.3920824914586959,0.01,0.0025504836910202745,2.5504836910202745e-05,0.0011365244608764202,0.0026387151675170235,0.6502914198230619,2.223644012342262e-06,0.00026196478639087944,82078.78095885526,552958696775.0895
0.41168922543191505,0.01,0.002429016690808148,2.4290166908081482e-05,0.0011933582477551892,0.0027706684871567884,0.650291419823062,2.451598601330144e-06,0.0002750647691470802,78169.7721150653,477657430019.06726
0.43227642659117566,0.01,0.002313334566693241,2.313334566693241e-05,0.0012530341022199834,0.002909220350958612,0.650291419823062,2.702921721590215e-06,0.00028881983822452695,74446.93014610362,412610601448.2676
0.45389312482101707,0.01,0.0022031618134650717,2.2031618134650717e-05,0.0013156941465647255,0.0030547007300454447,0.650291419823062,2.9800089741772446e-06,0.0003032627522990338,70901.38883890494,356421773698.1613
0.4765908018265112,0.01,0.002098236046871967,2.0982360468719672e-05,0.0013814876101438914,0.0032074560962924202,0.650291419823062,3.28550154273512e-06,0.0003184279081982225,67524.70423454652,307884674606.6237
0.5004235137406061,0.01,0.001998307378734303,1.998307378734303e-05,0.001450571184772837,0.003367850247474279,0.650291419823062,3.6223113691444937e-06,0.00033435142282001466,64308.83451835931,265957300739.72083
0.5254480198626533,0.01,0.0019031378218180167,1.9031378218180168e-05,0.001523109397900506,0.0035362651736756566,0.650291419823062,3.993648910026182e-06,0.0003510712191475942,61246.120867773934,229739547468.97485
0.5517239178347186,0.01,0.0018125007230510761,1.8125007230510763e-05,0.0015992750044432592,0.0037131019670276558,0.650291419823062,4.4030537386740865e-06,0.0003686271165656909,58329.26921228977,198453885358.47253
0.579313785577607,0.01,0.0017261802237330606,1.7261802237330605e-05,0.0016792493982129978,0.0038987817769372953,0.6502914198230619,4.854428284113928e-06,0.00038706092569327794,55551.33286212704,171428668018.91104
0.6082833303246346,0.01,0.0016439707454523047,1.6439707454523047e-05,0.0017632230439194377,0.004093746813084791,0.6502914198230619,5.352075028887037e-06,0.0004064165479585368,52905.695964190774,148083713078.50217
0.6387015451080799,0.01,0.0015656765004862824,1.5656765004862823e-05,0.0018513959307753668,0.0042984613985773785,0.6502914198230619,5.900737520126878e-06,0.00042674008015323203,50386.05774594583,127917846720.3461
0.6706408730710002,0.01,0.001491111025519214,1.4911110255192139e-05,0.0019439780487851867,0.004513413075767831,0.650291419823062,6.505645584844054e-06,0.0004480799242155015,47986.41750967883,110498144390.09657
0.7041773799957318,0.01,0.0014200967375664086,1.4200967375664086e-05,0.0020411898888510523,0.0047391137673712756,0.6502914198230619,7.172565180410011e-06,0.0004704869025025161,45701.06034140944,95450636691.4366
0.7393909354599632,0.01,0.0013524645110477534,1.3524645110477534e-05,0.0021432629678876445,0.004976100995645552,0.650291419823062,7.90785335541196e-06,0.0004940143788275397,43524.54350041613,82452280941.80727
0.776365403051818,0.01,0.0012880532750031053,1.2880532750031053e-05,0.0022504403801961777,0.005224939162538735,0.650291419823062,8.718518844763648e-06,0.0005187183855496483,41451.68345696182,71224026032.26035
0.8151888400969576,0.01,0.0012267096294903415,1.2267096294903415e-05,0.002362977376410774,0.005486220893852524,0.650291419823062,9.61228887666177e-06,0.0005446577570187801,39477.54354734898,61524821706.56259
0.8559537073733683,0.01,0.0011682874802524787,1.1682874802524786e-05,0.0024811419713960167,0.005760568450622769,0.6502914198230619,1.0597682828189193e-05,0.0005718942696939257,37597.422216903666,53146443649.644196
0.8987570893132842,0.01,0.0011126476907838054,1.1126476907838055e-05,0.0026052155825434177,0.006048635211078402,0.650291419823062,1.1684093431646868e-05,0.0006004927892681632,35806.841822888615,45909023289.43322
0.9437009252166703,0.01,0.0010596577509663918,1.0596577509663919e-05,0.0027354936999869637,0.006351107226708191,0.6502914198230619,1.2881876305669747e-05,0.00063052142515092,34101.53797067832,39657186345.032715
0.9908922520269197,0.01,0.0010091914614878156,1.0091914614878156e-05,0.0028722865903338967,0.006668704856141169,0.6502914198230619,1.4202448664533327e-05,0.0006620516926753792,32477.449357799862,34256717222.878315
1.0404434592469507,0.01,0.0009611286332885184,9.611286332885184e-06,0.003015920035586716,0.007002184480731978,0.650291419823062,1.5658398146543703e-05,0.000695158683417334,30930.70810165205,29591677651.514454
1.0924725566028064,0.01,0.0009153548013230077,9.153548013230076e-06,0.003166736109016202,0.007352340305936887,0.650291419823062,1.7263602798858613e-05,0.0007299212440311197,29457.630527867736,25561917697.307133
1.147103455092214,0.01,0.0008717609519532059,8.717609519532058e-06,0.0033250939898332526,0.0077200062527706,0.6502914198230619,1.9033363362429513e-05,0.0007664221640285307,28054.708397381215,22080925727.117825
1.204466262087443,0.01,0.000830243263324715,8.30243263324715e-06,0.0034913708185997285,0.00810605794384849,0.650291419823062,2.0984549117999018e-05,0.0008047483729479347,26718.60055130726,19073971160.53849
1.2646975911952714,0.01,0.0007907028581076805,7.907028581076805e-06,0.0036659625954155424,0.008511414788744176,0.6502914198230619,2.313575868335151e-05,0.0008449911473831539,25446.12495373342,16476500139.948719
1.3279408876120131,0.01,0.0007530455680133947,7.5304556801339476e-06,0.003849285123021081,0.008937042173628848,0.650291419823062,2.5507497294529203e-05,0.0008872463283651695,24234.2511134751,14232749676.342999
1.394346769748457,0.01,0.0007171817095258177,7.171817095258177e-06,0.004041774997061008,0.009383953760407114,0.650291419823062,2.8122372260850468e-05,0.0009316145496143554,23080.09286674518,12294550519.153652
1.4640733879383325,0.01,0.0006830258703139001,6.830258703139002e-06,0.004243890645867867,0.009853213900824978,0.6502914198230619,3.1005308456799306e-05,0.000978201477206845,21980.901503549525,10620293049.857086
1.5372868010845833,0.01,0.0006504967058160405,6.5049670581604044e-06,0.004456113422241779,0.010345940171299245,0.650291419823062,3.418378590484523e-05,0.001027118061225811,20934.059221438583,9174033998.975933
1.614161372140459,0.01,0.0006195167455122221,6.1951674551222216e-06,0.004678948749826381,0.010863306034505289,0.650291419823062,3.768810171382253e-05,0.001078480799996982,19937.072891024556,7924724809.31202
1.6948801833673017,0.01,0.0005900122084224566,5.900122084224566e-06,0.004912927326811213,0.011406543634061942,0.6502914198230619,4.155165886965456e-05,0.0011324120175377,18987.568118416293,6845545079.769221
1.779635472357972,0.01,0.0005619128273921318,5.619128273921318e-06,0.0051586063898272005,0.011976946728969151,0.650291419823062,4.581128463116286e-05,0.001189040154880265,18083.283590431398,5913326780.014828
1.868629089864361,0.01,0.0005351516817457806,5.351516817457806e-06,0.005416571041045364,0.012575873774787147,0.650291419823062,5.050758156589735e-05,0.0012485000759633997,17222.065689117862,5108056874.912779
1.9620729805193178,0.01,0.0005096650379107315,5.096650379107315e-06,0.005687435641639262,0.013204751158895007,0.650291419823062,5.568531457204455e-05,0.0013109333888203121,16401.863362759712,4412447680.978366
2.0601896875978736,0.01,0.00048539219763107027,4.853921976310703e-06,0.005971845274929844,0.013865076597533688,0.650291419823062,6.139383757549076e-05,0.0013764887828283051,15620.7232411514,3811565731.1869426
2.1632128830198925,0.01,0.0004622753534104226,4.622753534104226e-06,0.006270477282697298,0.014558422702723877,0.6502914198230619,6.7687563969298e-05,0.0014453223828231115,14876.78498350761,3292511180.5376296
2.2713879238563686,0.01,0.0004402594508392901,4.402594508392901e-06,0.006584042878318678,0.015286440727553358,0.6502914198230622,7.462648527980018e-05,0.0015175981209212955,14168.276847929372,2844140869.791448
2.3849724366647562,0.01,0.00041929205747905465,4.1929205747905464e-06,0.0069132888405731875,0.01605086449875381,0.6502914198230619,8.227674300322433e-05,0.0015934881269362565,13493.511471874574,2456829102.0646377
2.5042369310449457,0.01,0.0003993232379903961,3.993232379903961e-06,0.00725899929214897,0.016853514545932483,0.650291419823062,9.071125906355622e-05,0.001673173138317628,12850.881853584066,2122260996.5850055
2.6294654438771268,0.01,0.0003803054352087273,3.803054352087273e-06,0.0076219975670871,0.017696302437293063,0.6502914198230619,0.00010001043090114952,0.0017568429305903739,12238.857524892564,1833253983.2912984
2.760956215775833,0.01,0.0003621933568834225,3.621933568834225e-06,0.00800314817161019,0.018581235332171358,0.6502914198230619,0.00011026289781763166,0.00184469676931871,11655.980906309826,1583603606.0886986
2.8990224013711816,0.01,0.00034494386781110055,3.4494386781110057e-06,0.008403358843005465,0.01951042076122805,0.6502914198230622,0.0001215663858818724,0.0019369438846712178,11100.863835691387,1367950324.4361148
3.043992815108914,0.01,0.0003285158871060673,3.285158871060673e-06,0.008823582711465721,0.02048607164568299,0.6502914198230619,0.00013402863945062365,0.002033803969717385,10572.184262231605,1181664453.7370784
3.1962127143453958,0.01,0.00031287029036326396,3.1287029036326394e-06,0.00926482057003669,0.021510511567544514,0.6502914198230619,0.00014776844818304298,0.002135507703642283,10068.683097905623,1020746774.4132686
3.3560446216025763,0.01,0.00029796981648071196,2.9796981648071196e-06,0.009728123258076902,0.022586180303385335,0.650291419823062,0.00016291677933855968,0.002242297301125457,9589.16121886162,881742675.9178149
3.5238691879411803,0.01,0.00028377897891954665,2.8377897891954667e-06,0.010214594163906406,0.02371563963484414,0.6502914198230622,0.0001796180261510979,0.00235442708919243,9132.476609622014,761667992.5161674
3.700086099508285,0.01,0.00027026398119030064,2.7026398119030064e-06,0.01072539185260455,0.024901579449690757,0.6502914198230619,0.0001980313841791033,0.002472164112912603,8697.54164329237,657944938.6633532
3.8851150294183263,0.01,0.00025739263636415896,2.57392636364159e-06,0.011261732825215167,0.026146824147985335,0.650291419823062,0.00021833236875068446,0.0025957887713860947,8283.320491300547,568346768.6264045
4.0793966372344865,0.01,0.00024513429041749717,2.4513429041749715e-06,0.011824894415930386,0.0274543393685881,0.6502914198230619,0.0002407144879680895,0.002725595485534152,7888.82665649722,490949972.2944934
4.283393618430794,0.01,0.00023345974922714353,2.3345974922714354e-06,0.012416217834152888,0.028827239052039242,0.650291419823062,0.00026539108721852203,0.0028618933992835206,7513.120623742765,424092980.9075835
4.497591806334333,0.01,0.00022234120904249618,2.2234120904249617e-06,0.01303711135868157,0.030268792856630065,0.6502914198230619,0.0002925973827730975,0.003005007115814715,7155.307622385037,366340496.1905054
4.7225013291718705,0.01,0.00021175219026891374,2.1175219026891376e-06,0.013689053691627677,0.031782433945326684,0.650291419823062,0.00032259270385811,0.003155277470627579,6814.53549529945,316452677.10372967
4.958657824976534,0.01,0.0002016674744046757,2.016674744046757e-06,0.014373597480049134,0.03337176716209207,0.650291419823062,0.00035566296456994326,0.0033130623432652915,6489.992669416111,273358522.70626694
5.206623717247903,0.01,0.00019206304398132617,1.9206304398132616e-06,0.015092373013689986,0.03504057761707839,0.6502914198230619,0.00039212338919580495,0.0034787375096299597,6180.906222900815,236132879.70908415
5.466989554403594,0.01,0.00018291602536436383,1.8291602536436382e-06,0.015847092107631425,0.03679283970113619,0.6502914198230619,0.0004323215169179261,0.003652697536919672,5886.5400443866965,203976581.11292756
5.740375416212351,0.01,0.0001742046342780532,1.742046342780532e-06,0.01663955217910127,0.03863272655110912,0.650291419823062,0.00047664051454193767,0.003835356723318364,5606.193079872611,176199289.5431498
6.027432390558118,0.01,0.0001659081239246225,1.659081239246225e-06,0.01747164052815092,0.04056461998845614,0.6502914198230619,0.0005255028288261977,0.004027150084676411,5339.197663113171,152204676.95907995
6.328844124052185,0.01,0.000158006735574288,1.58006735574288e-06,0.01834533883239478,0.04259312095487121,0.6502914198230619,0.0005793742132259266,0.004228534390531843,5084.917925524055,131477622.57318668
6.645328450186231,0.01,0.00015048165150843308,1.5048165150843309e-06,0.01926272786651651,0.04472306046975333,0.650291419823062,0.0006387681674348911,0.004439989251939498,4842.748281815729,113573154.14259422
6.9776390989038655,0.01,0.0001433149502038723,1.433149502038723e-06,0.02022599245778197,0.04695951113562302,0.6502914198230619,0.0007042508320421567,0.004662018263698878,4612.111987748985,98106895.22254896
7.3265674916621375,0.01,0.00013648956365146863,1.3648956365146863e-06,0.02123742668936088,0.04930779921888617,0.6502914198230622,0.0007764463849595696,0.004895150203701007,4392.459766577497,84746813.301705
7.692944626258031,0.01,0.00012998923670745513,1.2998923670745514e-06,0.022299439363849077,0.05177351733471654,0.6502914198230622,0.0008560429910584704,0.005139940292250591,4183.268500906162,73206091.6666673
8.077643055908869,0.01,0.00012379848838065346,1.2379848838065346e-06,0.023414559740003345,0.05436253776626668,0.650291419823062,0.0009437993617273275,0.005396971514362698,3984.0399868498,63236971.96766068
8.481578967299882,0.01,0.00011790257496339165,1.1790257496339165e-06,0.02458544355635111,0.05708102644992819,0.6502914198230622,0.0010405519868757025,0.0056668560081830485,3794.299747525148,54625435.296384186
8.905714362547995,0.01,0.00011228745491831518,1.1228745491831518e-06,0.025814879356020705,0.05993545765994801,0.6502914198230619,0.0011472231083196978,0.005950236522838567,3613.5959030504005,47186607.58844431
9.35105935027834,0.01,0.00010693975543746648,1.0693975543746648e-06,0.027105795127855332,0.06293262942737324,0.6502914198230619,0.0012648295105508502,0.006247787949190179,3441.498094361109,40760790.71269593
9.818674551269805,0.01,0.00010184674059399133,1.0184674059399132e-06,0.028461265279626773,0.06607967973004579,0.6502914198230619,0.001394492212681692,0.006560218927133405,3277.596458279456,35210034.04218179
10.309673624398894,0.01,9.699628101062268e-05,9.699628101062268e-07,0.02988451795995628,0.06938410349220456,0.6502914198230619,0.0015374471539511885,0.006888273533274704,3121.5006513959256,30415172.90452007
10.82522591889761,0.01,9.237682497270556e-05,9.237682497270556e-07,0.03137894274638029,0.0728537704341809,0.6502914198230622,0.0016950569746438313,0.007232733053002868,2972.838920438695,26273270.332644332
11.366559259241841,0.01,8.797737091696654e-05,8.797737091696654e-07,0.032948098717870467,0.0764969438146976,0.6502914198230619,0.0018688240047175766,0.007594417841175758,2831.2572169167647,22695407.194927428
11.934962869302721,0.01,8.378744123050827e-05,8.378744123050827e-07,0.034595722931033544,0.08032230011040731,0.650291419823062,0.0020604045839476806,0.007974189275853782,2696.4183539282935,19604773.262793273
12.531790442725034,0.01,7.97970572976283e-05,7.97970572976283e-07,0.036325739320177595,0.08433894967953946,0.6502914198230622,0.0022716248500854294,0.008372951809733043,2568.0012031259803,16935018.234501548
13.158463366844947,0.01,7.5996715735036e-05,7.5996715735036e-07,0.03814226804244079,0.08855645845886648,0.6502914198230622,0.002504498145523774,0.00879165512416379,2445.699929927066,14628827.314580102
13.816474107825098,0.01,7.237736575886898e-05,7.237736575886898e-07,0.0400496352902388,0.0929848707456629,0.650291419823062,0.0027612442083894853,0.009231296390884134,2329.223265146507,12636690.769179052
14.507389765068968,0.01,6.89303876296072e-05,6.89303876296072e-07,0.04205238359439991,0.09763473311891414,0.650291419823062,0.00304431033099046,0.009692922646855505,2218.2938113186865,10915841.041933767
15.232855803379623,0.01,6.564757212354994e-05,6.564757212354994e-07,0.04415528264252542,0.10251711955674486,0.650291419823062,0.003356394687299595,0.010177633287855675,2112.6473820556084,9429334.612142822
15.994599971751219,0.01,6.252110098196546e-05,6.252110098196546e-07,0.04636334063834002,0.10764365780988572,0.6502914198230619,0.003700472051831771,0.010686582686768033,2012.032372868218,8145258.8844225
16.794436418126235,0.01,5.95435282913513e-05,5.95435282913513e-07,0.048681816229085545,0.11302655709398955,0.650291419823062,0.00407982215506521,0.011220982942802786,1916.2091619524003,7036047.083197802
17.634270009917813,0.01,5.670776275046164e-05,5.670776275046164e-07,0.051116231029363315,0.11867863716674687,0.650291419823062,0.004498060945689762,0.01178210676819743,1824.9495395126103,6077886.444058213
18.516100870587096,0.01,5.400705078186868e-05,5.400705078186869e-07,0.05367238277125237,0.12461335885905112,0.6502914198230622,0.004959175057672601,0.012371290519271532,1738.0361642640023,5250206.996920419
19.442029143079566,0.01,5.143496044783742e-05,5.143496044783742e-07,0.05635635911202095,0.13084485613292549,0.6502914198230619,0.0054675598106798725,0.0129899373790544,1655.2620458186932,4535239.966100309
20.414259991464938,0.01,4.898536613220824e-05,4.898536613220824e-07,0.059174552132315546,0.137387969742559,0.6502914198230622,0.006028061106072635,0.013639520699065332,1576.4300517234265,3917636.3069452774
21.435108852692274,0.01,4.6652433951806075e-05,4.6652433951806074e-07,0.06213367355935567,0.144258282578619,0.6502914198230619,0.006646021617827936,0.014321587508205072,1501.3524379746032,3384137.1897004372
22.507006950967874,0.01,4.443060786263261e-05,4.443060786263261e-07,0.06524077075139,0.15147215678001377,0.650291419823062,0.007327331718674854,0.015037762197115246,1429.8504018925817,2923289.3564955303
23.63250708788871,0.01,4.231459642775202e-05,4.2314596427752023e-07,0.06850324348148139,0.15904677270149103,0.6502914198230619,0.008078485626871251,0.015789750386780255,1361.7536562903704,2525199.240683414
24.81428972212109,0.01,4.029936021535745e-05,4.029936021535745e-07,0.07192886156059311,0.16700016982987495,0.6502914198230619,0.008906643308809825,0.016579342990585035,1296.9000239225747,2181320.569918699
26.055169353103697,0.01,3.838009979700554e-05,3.8380099797005543e-07,0.07552578334194637,0.17535128974638783,0.6502914198230622,0.009819698727506437,0.01740842047950269,1235.1350512487484,1884270.8931999814
27.358101223978366,0.01,3.655224431743593e-05,3.655224431743593e-07,0.07930257515071944,0.18412002123737436,0.6502914198230622,0.010826355087512424,0.018278957360569992,1176.3116405912892,1627673.0930442628
28.72618835971178,0.01,3.481144060875445e-05,3.4811440608754446e-07,0.08326823168536014,0.1933272476608603,0.6502914198230619,0.011936207793481852,0.019193026879316327,1120.2896998118629,1406018.4803476122
30.16268895717034,0.01,3.315354282305384e-05,3.315354282305384e-07,0.08743219743910059,0.20299489668175638,0.6502914198230619,0.013159835913151539,0.020152805957345483,1066.9358086720001,1214548.5328270714
31.671024144747822,0.01,3.157460255878196e-05,3.157460255878196e-07,0.09180438919268984,0.21314599249415286,0.6502914198230619,0.014508903016554744,0.021160580376829368,1016.1229010833044,1049152.7381828525
33.25478613002609,0.01,3.007085945734258e-05,3.007085945734258e-07,0.09639521963191279,0.2238047106550756,0.650291419823062,0.015996268352663552,0.022218750224260883,967.7299624905239,906280.348858896
34.9177467548731,0.01,2.8638732247533715e-05,2.8638732247533714e-07,0.10121562214614253,0.234996435660296,0.6502914198230619,0.01763610942319101,0.02332983560643073,921.6417416667726,782864.1539366145
36.663866478352666,0.01,2.727481021649549e-05,2.727481021649549e-07,0.10627707686698502,0.24674782139931348,0.6502914198230619,0.01944405712192097,0.02449648265224102,877.748476234536,676254.6316827545
38.49730380883959,0.01,2.5975845086854734e-05,2.5975845086854735e-07,0.11159163800902945,0.25908685463349046,0.6502914198230619,0.02143734472770802,0.025721469814649595,835.9456312587565,584163.0691260467
40.42242520780324,0.01,2.4738743280721252e-05,2.4738743280721255e-07,0.1171719625778181,0.27204292164851585,0.6502914198230619,0.023634972171342233,0.02700771448775342,796.1336502894467,504612.4275431924
42.44381548884625,0.01,2.3560558552111997e-05,2.3560558552111998e-07,0.12303134051340554,0.28564687823993523,0.650291419823062,0.026057887142063262,0.028358279954770235,758.2177182609212,435894.8990253462
44.566288736764484,0.01,2.243848497025647e-05,2.243848497025647e-07,0.12918372634129713,0.29993112319842496,0.650291419823062,0.028729184760023615,0.02977638268346561,722.1075356829664,376535.2429415793
46.794899772632355,0.01,2.1369850237073114e-05,2.1369850237073113e-07,0.13564377240614364,0.3149296754698157,0.650291419823062,0.0316743277179694,0.03126539998639964,687.7171035861849,325259.1151997633
49.134956192219036,0.01,2.0352109322901136e-05,2.0352109322901135e-07,0.1424268637673434,0.33067825517363414,0.6502914198230619,0.034921388990520746,0.032828878064237274,654.9645187093256,280965.7103915423
51.59203100640545,0.01,1.9382838405331324e-05,1.9382838405331326e-07,0.14954915483965572,0.3472143686731086,0.650291419823062,0.03850131942454511,0.03447054045127748,623.7717784408411,242704.12949792593
54.171975913706255,0.01,1.845972909670046e-05,1.8459729096700462e-07,0.15702760786608935,0.3645773978992431,0.6502914198230619,0.042448242761284026,0.03619429688331518,594.0645950501159,209652.96581300913
56.88093523650624,0.01,1.758058294650189e-05,1.7580582946501889e-07,0.164880033314691,0.382808694141687,0.6502914198230619,0.04679978090237071,0.03800425260895522,565.7722187659517,181102.67083266287
59.72536055420135,0.01,1.6743306205619138e-05,1.6743306205619137e-07,0.17312513229544269,0.40195167652977515,0.6502914198230619,0.05159741252016081,0.0399047181665541,538.827269280951,156440.32153581234
62.71202606809409,0.01,1.594590483991345e-05,1.5945904839913449e-07,0.18178254109828573,0.4220519354382733,0.6502914198230619,0.05688686843063375,0.041900219650073775,513.1655752805211,135136.46203948968
65.84804473463589,0.01,1.5186479781289577e-05,1.5186479781289577e-07,0.19087287795834232,0.44315734106409976,0.6502914198230617,0.0627185674975421,0.04399550948829645,488.7260216143224,116733.7371418658
69.14088520543936,0.01,1.446322240492994e-05,1.4463222404929942e-07,0.20041779215971062,0.465318157432607,0.6502914198230618,0.06914809722282908,0.0461955777630721,465.45040374618725,100837.07373605928
72.59838961440313,0.01,1.3774410221925994e-05,1.3774410221925995e-07,0.21044001559477404,0.48858716210493286,0.6502914198230623,0.07623674360427958,0.04850566409355323,443.2832891358776,87105.19930749942
76.22879225431208,0.01,1.3118402777048232e-05,1.3118402777048233e-07,0.22096341690182147,0.51301977187152,0.6502914198230623,0.08405207531098682,0.0509312701147209,422.17188522254355,75243.31543236728
80.04073918739147,0.01,1.249363774188541e-05,1.249363774188541e-07,0.23201305830990757,0.5386741747311442,0.6502914198230624,0.09266858774496788,0.05347817257991988,402.065913695485,64996.76899042786
84.04330883651933,0.01,1.1898627194048201e-05,1.1898627194048201e-07,0.24361525532633463,0.5656114684697748,0.6502914198230623,0.10216841312809685,0.0561524371186078,382.9174907527756,56145.5852246745
88.24603360613668,0.01,1.1331954073576174e-05,1.1331954073576173e-07,0.255797639408906,0.5938958061692996,0.6502914198230623,0.11264210338287257,0.05896043268208336,364.6810130625817,48499.745282499134
92.65892258434691,0.01,1.0792268808108638e-05,1.0792268808108638e-07,0.26858922377220884,0.6235945489926545,0.6502914198230622,0.12418949326940679,0.061908846711597076,347.31304915558206,41895.106855766724
97.29248538027144,0.01,1.0278286098782052e-05,1.0278286098782053e-07,0.28202047248464956,0.6547784266092268,0.650291419823062,0.13692065200601655,0.06500470106496845,330.77223598983323,36189.88034333999
102.15775715343162,0.01,9.788781859199312e-06,9.788781859199312e-08,0.2961233730208003,0.6875217056425946,0.6502914198230622,0.15095693244422742,0.06825536873964003,315.01918044174215,31261.584885658092
107.26632489476631,0.01,9.322590300180886e-06,9.322590300180886e-08,0.31093151244184536,0.7219023665417773,0.6502914198230619,0.1664321277988777,0.07166859143199548,300.0163654885386,27004.41892295611
112.6303550218758,0.01,8.878601153354915e-06,8.878601153354915e-08,0.3264801573855592,0.7580022892972241,0.650291419823062,0.18349374695922577,0.07525249797476062,285.72806085881564,23326.98882778212
118.26262235421038,0.01,8.455757026974112e-06,8.455757026974112e-08,0.34280633805631167,0.7959074484438358,0.650291419823062,0.20230442053726735,0.07901562369639666,272.1202379383465,20150.346849674224
124.17654053721235,0.01,8.053050887662045e-06,8.053050887662045e-08,0.3599489364151359,0.8357081178154392,0.6502914198230619,0.22304345105565887,0.08296693074859246,259.1604887285177,17406.29625022978
130.3861939878671,0.01,7.669523662091505e-06,7.669523662091506e-08,0.37794877877988553,0.8774990855383455,0.650291419823062,0.24590852205156694,0.08711582945026664,246.8179486643744,15035.927242893184
136.90637143774433,0.01,7.304261952883116e-06,7.304261952883116e-08,0.39684873305601504,0.9213798797760197,0.6502914198230617,0.27111758238754974,0.09147220069891152,235.0632231084625,12988.352306746052
143.7526011534147,0.01,6.956395863284493e-06,6.956395863284494e-08,0.41669381082954804,0.9674550057624812,0.6502914198230618,0.29891092373063777,0.09604641950265379,223.8683173454082,11219.613723782248
150.94118791812164,0.01,6.625096925449215e-06,6.625096925449214e-08,0.4375312745653716,1.0158341946889589,0.6502914198230618,0.329553471002057,0.1008493796890745,213.2065699105107,9691.739886475203
158.48925186278282,0.01,6.309576127381698e-06,6.309576127381698e-08,0.4594107501661598,1.0666326650365285,0.6502914198230619,0.36333730763005817,0.10589251984963474,203.05258909356732,8371.93011627406
166.41476923880035,0.01,6.009082033848985e-06,6.009082033848985e-08,0.4823843451599927,1.1199713969771263,0.6502914198230619,0.4005844596764559,0.11118785058149516,193.38219246670832,7231.850492560777
174.7366152297823,0.01,5.722898996784267e-06,5.722898996784267e-08,0.5065067727981412,1.1759774204964353,0.6502914198230617,0.4416499653750465,0.11674798309160761,184.17234929222468,6247.025574793939
183.4746089041365,0.01,5.4503454509200765e-06,5.4503454509200766e-08,0.5318354823585709,1.234784117924838,0.6502914198230623,0.4869252593406188,0.12258615923120245,175.4011256732267,5396.312959217552
192.6495604155911,0.01,5.190772290592107e-06,5.190772290592107e-08,0.5584307959654825,1.2965315415969279,0.6502914198230623,0.5368419037066797,0.12871628303219876,167.047632316508,4661.4493898209685
202.28332056405733,0.01,4.9435613238479e-06,4.9435613238479e-08,0.5863560522507449,1.3613667473961053,0.6502914198230623,0.5918757017569465,0.1351529538206463,159.09197478320783,4026.6586793759566
212.39883283486404,0.01,4.708123800178698e-06,4.708123800178699e-08,0.615677757199354,1.4294441449786346,0.6502914198230622,0.6525512332615607,0.1419115009860592,151.51520610878856,3478.3130233269426
223.02018804030087,0.01,4.483899008368226e-06,4.483899008368226e-08,0.6464657425381681,1.5009258655112243,0.6502914198230623,0.7194468547486478,0.14900802048944803,144.29928167949157,3004.6404355585596
234.1726816936018,0.01,4.270352941119018e-06,4.270352941119019e-08,0.6787933320451349,1.5759821477979397,0.6502914198230622,0.793200212373596,0.1564594131969961,137.4270162578056,2595.472025217137
245.88287425201008,0.01,4.0669770232760535e-06,4.066977023276054e-08,0.7127375161750863,1.6547917437160276,0.6502914198230622,0.8745143199344847,0.1642834251306753,130.88204305460067,2242.0236890782726
258.1786543723972,0.01,3.87328690061882e-06,3.8732869006188206e-08,0.7483791354179851,1.737542343926233,0.650291419823062,0.9641642599690409,0.1724986897316598,124.64877475045512,1936.7075327916964
271.08930533008373,0.01,3.688821286337284e-06,3.688821286337284e-08,0.7858030728263049,1.824431024871463,0.6502914198230622,1.0630045718076877,0.18112477223719253,118.71236637334523,1672.968972559839
284.64557475904286,0.01,3.51314086244452e-06,3.51314086244452e-08,0.8250984561700581,1.9156647181283586,0.6502914198230619,1.1719773970052854,0.19018221627658954,113.05867994428803,1445.1460201187535
298.8797478795801,0.01,3.3458272335096587e-06,3.3458272335096585e-08,0.8663588702009265,2.0114607032295746,0.6502914198230618,1.2921214597934743,0.19969259279735585,107.67425080673802,1248.347730125263
313.82572438788105,0.01,3.18648193021941e-06,3.1864819302194105e-08,0.9096825795310021,2.11204712513044,0.6502914198230619,1.4245819681548766,0.2096785514379309,102.54625555954996,1078.3492004363954
329.5190991905512,0.01,3.034725460395026e-06,3.034725460395026e-08,0.9551727626569557,2.21766353755241,0.6502914198230618,1.5706215298958013,0.22016387446941488,97.66248151713607,931.5008711275739
345.9972471764186,0.01,2.8901964052046786e-06,2.8901964052046788e-08,1.0029377576869691,2.328561473497298,0.6502914198230618,1.7316321877689511,0.23117353343473956,93.01129762408662,804.650175064148
363.29941222749153,0.01,2.7525505584187893e-06,2.7525505584187892e-08,1.053091320355648,2.4450050442910185,0.6502914198230618,1.9091486883644175,0.2427337486201747,88.58162675498347,695.0738580061837
381.46680068105564,0.01,2.6214601066584027e-06,2.6214601066584028e-08,1.1057528949413997,2.567271568583505,0.6502914198230618,2.104863111247446,0.25487205150080566,84.36291933343792,600.4195152820109
400.5426794654987,0.01,2.4966128486842963e-06,2.4966128486842964e-08,1.161047898731481,2.6956522328028067,0.6502914198230618,2.320640997787279,0.26761735030870043,80.34512820752363,518.6550899289863
420.5724791435794,0.01,2.377711451867513e-06,2.377711451867513e-08,1.2191080207121932,2.830452784636291,0.6502914198230617,2.558539133416377,0.28099999887992155,76.51868472176949,448.0252481182209
441.60390210854536,0.01,2.2644727440705505e-06,2.2644727440705506e-08,1.280071535195573,2.971994261190509,0.6502914198230624,2.8208251528197246,0.2950518689443463,72.87447592872577,387.0136953227957
463.6870361907765,0.01,2.156627039252757e-06,2.156627039252757e-08,1.3440836311295057,3.1206137535639247,0.6502914198230622,3.109999154930057,0.30980642603045955,69.40382288583098,334.31062422598836
486.87447394551947,0.01,2.0539174951938405e-06,2.0539174951938407e-08,1.4112967578755415,3.2766652096533453,0.6502914198230622,3.4288175337621927,0.32529880916589204,66.09845998589284,288.78459553518195
511.22143790579753,0.01,1.956099501805849e-06,1.9560995018058488e-08,1.4818709882778895,3.4405202771060166,0.6502914198230622,3.7803192522409077,0.34156591456351365,62.95051527195666,249.45824803355328
536.7859120988043,0.01,1.8629400985768302e-06,1.8629400985768304e-08,1.5559743998882927,3.612569188424952,0.6502914198230622,4.167854809463418,0.35864648349239087,59.95249168967942,215.48731640842854
563.6287801389902,0.01,1.7742174197588016e-06,1.7742174197588018e-08,1.6337834752546767,3.7932216903354035,0.6502914198230622,4.595118177511095,0.37658119454287564,57.09724923256152,186.1425064071664
591.8139702267232,0.01,1.6897201659786797e-06,1.68972016597868e-08,1.7154835222268958,3.9829080196258464,0.6502914198230622,5.066182012230726,0.3954127605055632,54.3779879375132,160.79383821305376
621.4086073978463,0.01,1.6092471010137893e-06,1.6092471010137893e-08,1.8012691152805635,4.182079927787505,0.650291419823062,5.585536473612969,0.4151860300948418,51.7882316902585,138.89712192190774
652.4831733867276,0.01,1.5326065725334786e-06,1.5326065725334786e-08,1.8913445589100137,4.391211756892677,0.6502914198230619,6.158132025802146,0.43594809475929813,49.32181280200836,119.98227477241166
685.1116744835259,0.01,1.459616055665456e-06,1.4596160556654562e-08,1.9859243741939894,4.6108015692741295,0.650291419823062,6.789426624705229,0.45774840083335244,46.97285732067083,103.64322932231978
719.3718177854372,0.01,1.3901017182998182e-06,1.3901017182998183e-08,2.0852338096928595,4.841372333695992,0.650291419823062,7.485437742990226,0.48063886729722305,44.73577104161617,89.5292159173908
755.3451962616749,0.01,1.3238980070955119e-06,1.3238980070955118e-08,2.1895093778940895,5.083473170841073,0.6502914198230618,8.252799728373995,0.5046740094256713,42.60522618468048,77.33723230347725
793.1174830729362,0.01,1.2608472532032664e-06,1.2608472532032665e-08,2.2989994184835725,5.337680661080862,0.6502914198230619,9.09882704193629,0.5299110686200106,40.57614870567803,66.80553871800626
832.7786356081253,0.01,1.2007992967660168e-06,1.2007992967660168e-08,2.413964689784247,5.604600217642684,0.6502914198230619,10.031583979244642,0.5564101487325726,38.643706212204066,57.708038812275454
874.4231097242798,0.01,1.143611129302514e-06,1.143611129302514e-08,2.5346789897706072,5.8848675284444045,0.6502914198230618,11.059961538869134,0.5842343592083117,36.80329645494839,49.84942577315808
918.150084699915,0.01,1.0891465531224518e-06,1.0891465531224519e-08,2.6614298081380623,6.17915007003043,0.6502914198230618,12.193762170994173,0.6134499653844379,35.05053636711113,43.060989440261544
964.063699437533,0.01,1.0372758569619765e-06,1.0372758569619764e-08,2.794519010980103,6.488148697214595,0.6502914198230623,13.443793213947426,0.6441265463060327,33.381251625817264,37.196994404953784
1012.2733004778299,0.01,9.878755070670777e-07,9.878755070670778e-09,2.934263559703883,6.8125993122157915,0.6502914198230624,14.821969909278895,0.6763371604334971,31.79146671066959,32.13155133561554
1062.8937024162622,0.01,9.408278529891688e-07,9.408278529891689e-09,3.0809962658963626,7.153274617261441,0.6502914198230623,16.34142897732523,0.7101585196364719,30.277395435764117,27.755914362150733
1116.0454613421807,0.01,8.960208473921648e-07,8.960208473921648e-09,3.2350665839388015,7.510985954832874,0.6502914198230622,18.016653835856932,0.7456711718886182,28.835431932618757,23.97614649950369
1171.8551619517261,0.01,8.533477792037874e-07,8.533477792037873e-09,3.396841443257201,7.886585239935116,0.650291419823062,19.8636126553865,0.7829596930983409,27.46214206254121,20.71110299106436
1230.4557190183052,0.01,8.127070194755407e-07,8.127070194755407e-09,3.5667061221908885,8.280966988993193,0.6502914198230622,21.899910567075928,0.8221128885323433,26.15425523798292,17.89068927800187
1291.986693938564,0.01,7.740017793461514e-07,7.740017793461514e-09,3.7450651655602467,8.695070450206536,0.650291419823062,24.144957474080883,0.8632240043116773,24.908656633402472,15.45435619629276
1356.5946271078055,0.01,7.371398795319956e-07,7.371398795319956e-09,3.93234334811905,9.129881840435528,0.6502914198230622,26.620153065904322,0.906390949484029,23.722379767086565,13.349800096051169
1424.4333869163463,0.01,7.020335307955876e-07,7.020335307955876e-09,4.1289866861857,9.586436693947011,0.650291419823062,29.349090799305607,0.9517165292010684,22.59259943626307,11.531839977085564
1495.6645361980584,0.01,6.685991248692536e-07,6.685991248692537e-09,4.3354634998628905,10.065822328612933,0.650291419823062,32.3577827901052,0.999308689556248,21.516624988679276,9.961447534817008
1570.457717003745,0.01,6.367570353360969e-07,6.3675703533609695e-09,4.552265528375226,10.569180435435205,0.6502914198230619,35.67490775954139,1.0492807746660984,20.491893914622214,8.604909293407456
1648.9910546157482,0.01,6.064314279940241e-07,6.064314279940241e-09,4.779909101181155,11.097709797563985,0.650291419823062,39.33208439859373,1.1017517966073025,19.51596574411957,7.4331028386157865
1731.4515817660047,0.01,5.775500802511866e-07,5.775500802511867e-09,5.0189363676483785,11.652669145285211,0.650291419823062,43.36417275597165,1.156846718852439,18.586516234786462,6.420871612414043
1818.035684067781,0.01,5.500442091227497e-07,5.500442091227497e-09,5.269916588221073,12.235380153776168,0.6502914198230619,47.80960652258185,1.2146967538793674,17.701331836477156,5.546484847340314
1908.9495677220134,0.01,5.238483074193098e-07,5.238483074193098e-09,5.533447490154226,12.847230590769152,0.6502914198230618,52.71075937980023,1.275439675663099,16.858304419557573,4.791171046357278
2004.4097506120202,0.01,4.988999877368701e-07,4.9889998773687016e-09,5.810156691043547,13.489677621618899,0.6502914198230619,58.11434890355886,1.3392201477943044,16.055426254244818,4.138714992876997
2104.6435779562785,0.01,4.7513983387679036e-07,4.751398338767903e-09,6.100703193541515,14.164251279645757,0.6502914198230618,64.07188187425027,1.4061900680059676,15.290785229055574,3.5751096394873754
2209.8897637472073,0.01,4.5251125934188995e-07,4.525112593418899e-09,6.405778954819,14.8725581100187,0.6502914198230623,70.64014523711646,1.4765089299286247,14.562560296976814,3.088255402064003
2320.3989592655626,0.01,4.309603725716689e-07,4.309603725716689e-09,6.7261105345106085,15.616284995857242,0.6502914198230617,77.88174739294446,1.5503442029358194,13.869017138512447,2.667700403656691
2436.434350024261,0.01,4.1043584859573287e-07,4.104358485957329e-09,7.062460825068042,16.39720317566327,0.6502914198230623,85.86571497861738,1.6278717309843065,13.208504031278373,2.304416091659331
2558.272282563441,0.01,3.908888067997125e-07,3.908888067997125e-09,7.415630868642855,17.21717246165195,0.6502914198230623,94.66815082601879,1.7092761513989705,12.579447916307753,1.9906034111699469
2686.202922589398,0.01,3.7227269451260895e-07,3.7227269451260896e-09,7.786461764825305,18.078145669026643,0.6502914198230622,104.37295937091591,1.7947513345997455,11.980350651699336,1.7195253734355511
2820.530946024848,0.01,3.545431761382952e-07,3.5454317613829523e-09,8.175836673782833,18.982173266747225,0.6502914198230622,115.07264642639213,1.8845008458178045,11.40978544468593,1.4853624249296828
2961.5762646163535,0.01,3.376580275671346e-07,3.3765802756713464e-09,8.584682919568946,19.931408260868054,0.6502914198230622,126.86920094423789,1.9787384299006674,10.866393453625752,1.283087512099261
3109.674787826868,0.01,3.215770356162641e-07,3.2157703561626412e-09,9.013974198611319,20.928111322074837,0.6502914198230615,139.8750671692014,2.077688520360736,10.348880551824521,1.1083581596478131
3265.1792228280747,0.01,3.062619022590339e-07,3.062619022590339e-09,9.464732898639262,21.97465616963294,0.650291419823062,154.21421645264374,2.1815867738797077,9.856014245480528,0.9574232454713898
3428.4599144975614,0.01,2.9167615341553446e-07,2.9167615341553445e-09,9.938032533572697,23.07353522456857,0.6502914198230625,170.0233289420663,2.2906806315416945,9.38662073841303,0.8270424708744409
3599.905727421556,0.01,2.77785052086976e-07,2.77785052086976e-09,10.435000300172113,24.22736554554707,0.650291419823062,187.45309641033856,2.405229908131813,8.939582136582992,0.7144167972371763
3779.924972003552,0.01,2.645555156270602e-07,2.645555156270602e-09,10.956819762537691,25.438895061583885,0.6502914198230625,206.66965864311845,2.525507410903543,8.513833785749101,0.6171283557360575
3968.9463768846413,0.01,2.5195603695329673e-07,2.5195603695329673e-09,11.504733670851587,26.71100911643364,0.6502914198230619,227.85618707607264,2.651799589288649,8.108361735917681,0.5330885400879678
4167.42010999126,0.01,2.399566095106495e-07,2.3995660951064953e-09,12.080046921075851,28.046737340241155,0.6502914198230625,251.21463077703237,2.7844072170968728,7.722200326548807,0.4604931679636909
4375.818850642113,0.01,2.2852865580878842e-07,2.2852865580878844e-09,12.684129662654959,29.44926086482143,0.6502914198230617,276.96764141572737,2.923646108830145,7.354429886766943,0.39778374846745695
4594.638915267667,0.01,2.1764495936276295e-07,2.1764495936276294e-09,13.318420561624364,30.92191989975138,0.6502914198230623,305.3606955698239,3.069847871817336,7.004174545099324,0.34361402416571224
4824.401439422975,0.01,2.072795998750065e-07,2.072795998750065e-09,13.984430226895855,32.468221687316635,0.6502914198230617,336.6644345969855,3.223360695960659,6.670600143525708,0.29682106938316566
5065.653618909162,0.01,1.9740789150430319e-07,1.9740789150430317e-09,14.683744807880363,34.09184885525864,0.6502914198230624,371.17724437653146,3.3845501829747477,6.352912250871697,0.25640032429897924
5318.970012959081,0.01,1.8800632407470058e-07,1.880063240747006e-09,15.418029772015448,35.796668187214635,0.6502914198230616,409.2280995106593,3.553800217093105,6.050354270814367,0.22148402887045976
5584.953912591101,0.01,1.7905250708435256e-07,1.7905250708435257e-09,16.189033871194752,37.586739831738086,0.6502914198230624,451.17969909605534,3.731513879315779,5.7622056399942805,0.19132259359972248
5864.2387773895,0.01,1.7052511638094576e-07,1.7052511638094576e-09,16.998593306544805,39.46632697183135,0.6502914198230617,497.43192395590694,3.918114407375384,5.487780111942573,0.16526850720750383
6157.489744133643,0.01,1.6240384337671358e-07,1.6240384337671358e-09,17.848636101468962,41.439905978019404,0.6502914198230623,548.4256482865301,4.114046203707946,5.226424122736156,0.14276243574107791
6465.405210868455,0.01,1.5466934668208925e-07,1.5466934668208925e-09,18.74118669337204,43.51217706914473,0.6502914198230616,604.6469420510311,4.319775893828858,4.977515234488726,0.1233212146893526
6788.71850018914,0.01,1.4730320604281043e-07,1.4730320604281043e-09,19.678370755002305,45.68807550627292,0.6502914198230619,666.631704177067,4.535793437634811,4.74046065297065,0.10652747631764836
7128.199605701106,0.01,1.402878784707717e-07,1.402878784707717e-09,20.6624202568923,47.972783346368466,0.6502914198230617,734.9707707221261,4.76261329627813,4.514695815827291,0.09202068953985743
7484.657025814465,0.01,1.3360665646415268e-07,1.3360665646415268e-09,21.695678782955337,50.37174178373135,0.6502914198230619,810.3155466971205,5.000775657392582,4.299683048033668,0.07948941997031096
7858.939689240648,0.01,1.2724362821731006e-07,1.2724362821731006e-09,22.78060711189768,52.8906641085896,0.6502914198230615,893.3842152306556,5.250847721588742,4.094910281383009,0.06866464399269266
8251.938976776406,0.01,1.2118363972568383e-07,1.2118363972568382e-09,23.91978907773776,55.53554931370521,0.6502914198230619,984.9685832593519,5.51342505328252,3.8998898349600015,0.05931397331121866
8664.590844190747,0.01,1.1541225869545338e-07,1.1541225869545339e-09,25.115937723391166,58.31269638140377,0.6502914198230616,1085.9416289971743,5.789132999074288,3.714157253693866,0.05123666599565164
9097.878051270056,0.01,1.0991574017200646e-07,1.0991574017200648e-09,26.371901761974968,61.228719285047475,0.650291419823062,1197.265823125768,6.078628177056213,3.5372702022256735,0.04425931691636419
9552.832502330613,0.01,1.0468099380534812e-07,1.0468099380534812e-09,27.690672361221168,64.29056274068509,0.6502914198230615,1320.0023030231966,6.382600040595072,3.3688074114550974,0.038232135050890806
10030.537703771994,0.01,9.969555267450405e-08,9.969555267450405e-10,29.075390267155054,67.50551874638553,0.6502914198230618,1455.3209874792356,6.701772520314398,3.208367675258186,0.03302572774251584
10532.131344524802,0.01,9.494754359665834e-08,9.494754359665834e-10,30.529353284005758,70.88124394865189,0.6502914198230623,1604.5117283104605,7.036905748186868,3.0555688949863318,0.028528322874747946
11058.808005537758,0.01,9.042565885032494e-08,9.042565885032494e-10,32.056024128161525,74.42577787726914,0.6502914198230617,1768.9966051716603,7.3887978678426505,2.910047169471194,0.024643369326821058
11611.822004757163,0.01,8.611912924520525e-08,8.611912924520525e-10,33.65903867487499,78.14756209201568,0.6502914198230623,1950.343480757241,7.758286935405207,2.7714559283682,0.02128746419635006
12192.490384374509,0.01,8.201769847459274e-08,8.201769847459274e-10,35.3422146173593,82.05546028684046,0.6502914198230618,2150.2809456003306,8.146252915381694,2.6394651067745336,0.018388562290371578
12802.19604745598,0.01,7.811159868925127e-08,7.811159868925127e-10,37.10956055889561,86.15877939937872,0.6502914198230623,2370.7147949224945,8.55361977636093,2.513760359156163,0.015884429445798244
13442.391051424724,0.01,7.439152723458468e-08,7.439152723458468e-10,38.965285559607615,90.46729177608842,0.6502914198230618,2613.7461945910163,8.981357691510471,2.394042310711507,0.013721306474876196
14114.600066238707,0.01,7.08486244957051e-08,7.084862449570509e-10,40.91380916063716,94.99125844578646,0.6502914198230623,2881.691709340485,9.430485349112901,2.2800258443891144,0.011852755052985789
14820.42400550095,0.01,6.74744527976275e-08,6.74744527976275e-10,42.959771909596576,99.74145355702146,0.6502914198230616,3177.1053841672333,9.902072378644622,2.171439421861044,0.010238660772085566
15561.543839148955,0.01,6.426097631034847e-08,6.426097631034847e-10,45.10804641236241,104.72919003747246,0.650291419823062,3502.803089375065,10.397241898174407,2.0680244368350875,0.00884437195717105
16339.72459680447,0.01,6.120054191094307e-08,6.120054191094308e-10,47.36374893753372,109.96634653649414,0.6502914198230616,3861.8893613286996,10.917173189149167,1.9695345991654125,0.007639955757696151
17156.819571316883,0.01,5.828586095711005e-08,5.828586095711005e-10,49.732251601189084,115.46539571496258,0.6502914198230623,4257.78699475926,11.463104504936458,1.8757353482951171,0.006599555543593968
18014.774732512244,0.01,5.550999192874982e-08,5.550999192874982e-10,52.219195160963984,121.2394339498073,0.6502914198230625,4694.269668694966,12.036336019813149,1.7864032946335204,0.005700835810352345
18915.6333616588,0.01,5.2866323896241206e-08,5.286632389624121e-10,54.83050244991627,127.30221252396372,0.6502914198230622,5175.497917005501,12.638232925422919,1.7013256875379819,0.004924502676266117
19861.540917686605,0.01,5.034856077604259e-08,5.034856077604259e-10,57.57239248217414,133.66817037603073,0.6502914198230625,5706.058786429869,13.27022868207722,1.6202999086331193,0.004253889677810868
20854.750146750903,0.01,4.795070633611962e-08,4.795070633611962e-10,60.45139526396171,140.3524684876336,0.650291419823062,6291.009560106658,13.933828432643201,1.5431329892606904,0.0036745999709164867
21897.626447307073,0.01,4.5667049915493406e-08,4.566704991549341e-10,63.474367345272455,147.3710259903765,0.6502914198230625,6935.925963376778,14.63061258714832,1.4696411509110476,0.0031741972568523095
22992.653503475736,0.01,4.349215282389363e-08,4.349215282389363e-10,66.64850814923204,154.7405580783917,0.6502914198230619,7646.955311355267,15.362240586639537,1.3996493675414945,0.0027419387974619877
24142.439200112836,0.01,4.1420835389131966e-08,4.1420835389131966e-10,69.98137711803567,162.4786158167593,0.6502914198230624,8430.875104871364,16.130454855259988,1.3329909487393532,0.00236854478807118
25349.721833673404,0.01,3.944816462134294e-08,3.944816462134294e-10,73.48091171629873,170.60362794062203,0.6502914198230619,9295.15763331206,16.937084949956347,1.269507142736845,0.002045999136921607
26617.376633659016,0.01,3.7569442464718716e-08,3.756944246471872e-10,77.1554463346925,179.13494474452503,0.6502914198230625,10248.041200159287,17.784051917698612,1.2090467583324964,0.001767377374228569
27948.422610181795,0.01,3.57801946087538e-08,3.57801946087538e-10,81.0137321388895,188.0928841665236,0.6502914198230617,11298.60865014085,18.673372870590388,1.1514658048184994,0.001526697996380793
29346.0297439517,0.01,3.407615983235699e-08,3.407615983235699e-10,85.06495791108702,197.49878017679484,0.6502914198230624,12456.873946511227,19.607165789764828,1.096627149056621,0.0013187940539130703
30813.526535810983,0.01,3.24532798554497e-08,3.24532798554497e-10,89.31877193374517,207.37503358600804,0.6502914198230616,13733.87762371392,20.587654569507283,1.0444001888858623,0.0011392022264779785
32354.407933796174,0.01,3.090768967388332e-08,3.0907689673883317e-10,93.7853049676593,217.74516539444815,0.6502914198230623,15141.792025275849,21.61717431361805,0.9946605420841231,0.0009840670034579405
33972.34365660508,0.01,2.943570835465672e-08,2.943570835465672e-10,98.4751943790864,228.63387280895233,0.6502914198230616,16694.037330056428,22.698176896627956,0.9472897501430873,0.00085005791314911
35671.18693329351,0.01,2.803383026951244e-08,2.8033830269512443e-10,103.39960947339124,240.06708806106525,0.6502914198230622,18405.409472809148,23.833236803112325,0.9021749961508565,0.000734298023577928
37454.9836800139,0.01,2.6698716746033518e-08,2.6698716746033516e-10,108.5702780955403,252.07204016649376,0.6502914198230615,20292.221178388074,25.02505725900886,0.8592088361104466,0.000634302179992612
39327.982135653125,0.01,2.5427188116357525e-08,2.5427188116357526e-10,113.99951456080079,264.67731977294545,0.6502914198230622,22372.45745393213,26.276476669542948,0.8182889430542635,0.0005479236531006158
41294.64297931512,0.01,2.4216216144571315e-08,2.4216216144571316e-10,119.70024898215706,277.9129472507909,0.6502914198230616,24665.947021170905,27.590475379091277,0.7793178633451467,0.00047330805268652965
43359.6499537461,0.01,2.306291681475173e-08,2.3062916814751732e-10,125.68605806429623,291.81044418871124,0.650291419823062,27194.551322938212,28.970182769084424,0.7422027845836006,0.0004088535172194487
45527.921020001006,0.01,2.196454346247631e-08,2.1964543462476313e-10,131.97119743749596,306.40290846460647,0.6502914198230626,29982.372905494736,30.41888471085126,0.7068553145684547,0.00035317632479290093
47804.62006991744,0.01,2.0918480233446754e-08,2.0918480233446755e-10,138.57063560842158,321.7250930705444,0.6502914198230619,33055.985162950565,31.940031391155156,0.6731912707845545,0.0003050811871266619
50195.169224292134,0.01,1.9922235853645598e-08,1.9922235853645598e-10,145.50008960869158,337.81348887948576,0.6502914198230626,36444.68563370299,33.537245529059696,0.6411304799161059,0.0002635355888965415
52705.26174604677,0.01,1.897343769618991e-08,1.897343769618991e-10,152.7760624261048,354.70641155089487,0.6502914198230619,40180.77526329816,35.21433100369143,0.61059658690822,0.0002276476215041494
55340.8755991395,0.01,1.8069826130751533e-08,1.8069826130751533e-10,160.41588230768244,372.44409278220854,0.6502914198230626,44299.86629564003,36.97528191344919,0.5815168731219165,0.00019664683541789597
58108.2876855107,0.01,1.720924914208666e-08,1.720924914208666e-10,168.43774402811903,391.0687761234871,0.6502914198230619,48841.22172735037,38.824292088233136,0.5538220831495096,0.00016986770001973516
61014.08879397246,0.01,1.63896572048584e-08,1.63896572048584e-10,176.86075222193557,410.6248175834343,0.6502914198230626,53848.12956094593,40.765765077349656,0.5274462598779279,0.000146735315870579
64065.199296640225,0.01,1.560909840254634e-08,1.5609098402546339e-10,185.70496688252356,431.15879126638885,0.6502914198230618,59368.31542419562,42.80432463687676,0.5023265874071547,0.00012675307266264924
67268.88563029243,0.01,1.4865713778818451e-08,1.486571377881845e-10,194.99145113644948,452.7196002918678,0.6502914198230624,65454.3974887301,44.944825741468904,0.4784032414496928,0.00010949198789740151
70632.77760190568,0.01,1.415773291029432e-08,1.4157732910294322e-10,204.74232140678652,475.3585932608254,0.6502914198230617,72164.3880241649,47.19236614682386,0.4556192468547671,9.458149740978568e-05
74164.886559584,0.01,1.3483469690155882e-08,1.3483469690155882e-10,214.9808000849527,499.12968654600024,0.6502914198230622,79562.24636853291,49.552298530351344,0.4339203419179484,8.170150002810971e-05
77873.62447215403,0.01,1.2841318312563947e-08,1.2841318312563946e-10,225.73127083648745,524.0894926975969,0.6502914198230616,87718.48858591379,52.030243238954874,0.41325484915304034,7.05754855827913e-05
81767.82396286687,0.01,1.2229749448317584e-08,1.2229749448317584e-10,237.01933667248483,550.2974552700938,0.6502914198230623,96710.85962248866,54.63210167428755,0.39357355221847623,6.0964598734822986e-05
85856.75934491995,0.01,1.1647306602647451e-08,1.1647306602647452e-10,248.8718809249893,577.8159903913115,0.6502914198230616,106625.07436799022,57.364070347360745,0.3748295787050886,5.2662511185104634e-05
90150.16870889267,0.01,1.1092602646470225e-08,1.1092602646470225e-10,261.3171312715606,606.7106354108475,0.650291419823062,117555.63468630069,60.23265563597519,0.35697828850614294,4.5490992180305586e-05
94658.27711470333,0.01,1.056431651284163e-08,1.056431651284163e-10,274.3847269615002,637.0502049819538,0.6502914198230616,129606.73020311387,63.24468928012359,0.33997716750373563,3.9296082222032966e-05
99391.82094331557,0.01,1.006119005074183e-08,1.0061190050741831e-10,288.1057894038285,668.9069549485137,0.650291419823062,142893.23143691203,66.40734465226458,0.3237857263184076,3.394478783580621e-05
104362.0734661951,0.01,9.582025028698943e-09,9.582025028698944e-11,302.5129962851396,702.3567544274935,0.6502914198230616,157541.78473975929,69.72815384122075,0.3083654038807957,2.9322226442508534e-05
109580.87169340634,0.01,9.12568028111581e-09,9.12568028111581e-11,317.6406593938324,737.4792664966247,0.6502914198230619,173692.01948481647,73.21502559038305,0.29367947559571167,2.5329160037901738e-05
115060.64456429564,0.01,8.691068990502681e-09,8.691068990502682e-11,333.5248063360806,774.3581379177091,0.6502914198230625,191497.8790074608,76.87626413294693,0.2796929658798976,2.1879864732766592e-05
120814.44254789417,0.01,8.277156099144127e-09,8.277156099144127e-11,350.2032663381387,813.0811983473278,0.6502914198230619,211129.08798646327,80.72058896903425,0.2663725648651886,1.8900290416571425e-05
126855.96872353784,0.01,7.882955844035527e-09,7.882955844035526e-11,367.7157603393342,853.7406695094091,0.6502914198230624,232772.77025224298,84.75715563180279,0.25368654906869453,1.632647103598326e-05
133199.61141572753,0.01,7.507529409218118e-09,7.507529409218119e-11,386.10399559031595,896.4333848278463,0.6502914198230619,256635.2324430909,88.99557749200105,0.24160470584106145,1.410315135978484e-05
139860.4784609458,0.01,7.14998268992221e-09,7.14998268992221e-11,405.41176498183364,941.2610200421647,0.6502914198230624,282943.9305110659,93.44594865289353,0.23009826141290418,1.218260074933727e-05
146854.43318804653,0.01,6.809464163192837e-09,6.809464163192837e-11,425.6850513406294,988.3303353555535,0.6502914198230617,311949.63782225054,98.11886799008724,0.21913981236802058,1.052358846838724e-05
154198.13219789942,0.01,6.485162859927451e-09,6.485162859927451e-11,446.97213694080597,1037.7534296918625,0.6502914198230624,343928.8355175617,103.02546439350682,0.20870326038021206,9.090498533984923e-06
161909.06503227228,0.01,6.176306433495099e-09,6.1763064334951e-11,469.323718491504,1089.6480076671928,0.6502914198230618,379186.3479189767,108.17742327163923,0.1987637500582563,7.852565105963845e-06
170005.5958264171,0.01,5.882159320338153e-09,5.882159320338154e-11,492.79302787471613,1144.1376599117866,0.6502914198230623,418058.2481017024,113.5870143811641,0.18929760975103072,6.783212000186202e-06
178507.00704456738,0.01,5.602020988175171e-09,5.602020988175171e-11,517.4359589208092,1201.352157409939,0.6502914198230617,460915.0613281322,119.26712104825403,0.1802822951717846,5.859482146098291e-06
187433.54540249618,0.01,5.335224267633592e-09,5.335224267633592e-11,543.3112005236505,1261.4277605587988,0.6502914198230622,508165.29687851766,125.23127085113079,0.17169633570732193,5.061544740088111e-06
196806.47008651288,0.01,5.081133763338247e-09,5.081133763338247e-11,570.4803764123922,1324.5075436822326,0.6502914198230616,560259.3419436847,131.49366783695717,0.16351928328420298,4.372269514119574e-06
206648.10338372728,0.01,4.839144340672164e-09,4.839144340672164e-11,599.0081919127646,1390.7417357724844,0.650291419823062,617693.7546961424,138.06922634978542,0.15573166367020586,3.7768589799655915e-06
216981.88384416339,0.01,4.608679684605376e-09,4.6086796846053764e-11,628.9625880474098,1460.2880782712207,0.6502914198230616,681015.9974609915,144.97360655012795,0.1483149300950554,3.2625307539897095e-06
227832.42210133708,0.01,4.389190927159666e-09,4.3891909271596657e-11,660.4149033422702,1533.3122007419986,0.650291419823062,750829.6551030139,152.22325171074593,0.14125141907996983,2.818243142566478e-06
239225.55948422788,0.01,4.180155340240434e-09,4.180155340240434e-11,693.440043724355,1609.9880153288523,0.6502914198230625,827800.1883713455,159.83542737747126,0.13452430837082985,2.4344580969574735e-06
251188.4295602461,0.01,3.981075090722504e-09,3.9810750907225035e-11,728.116660915545,1690.4981309404563,0.6502914198230619,912661.2770424235,167.8282624883349,0.12811757687478179,2.1029364487141444e-06
263749.52275575086,0.01,3.7914760548251896e-09,3.7914760548251894e-11,764.5273397472557,1775.0342881462018,0.6502914198230625,1006221.813323684,176.22079254892031,0.12201596650486782,1.8165610296835442e-06
276938.7542080317,0.01,3.6109066889526667e-09,3.6109066889526665e-11,802.7587948421,1863.7978158200533,0.650291419823062,1109373.612178952,185.0330049667773,0.11620494584180238,1.569183879323907e-06
290787.53501033265,0.01,3.4389369543108766e-09,3.438936954310877e-11,842.9020771309213,1957.000110619537,0.6502914198230625,1223099.9120698555,194.28588665285244,0.11067067552636686,1.3554942591491164e-06
305328.8470196098,0.01,3.2751572927394388e-09,3.275157292739439e-11,885.0527906970755,2054.863140441975,0.6502914198230617,1348484.7471421354,204.00147400331366,0.10539997529998747,1.1709046408110198e-06
320597.3214051692,0.01,3.1191776513198184e-09,3.119177651319818e-11,929.3113204643537,2157.6199730567873,0.6502914198230624,1486723.2801919598,214.20290538079468,0.10038029261501395,1.0114522201911875e-06
336629.3211252584,0.01,2.970626553436513e-09,2.970626553436513e-11,975.7830712708158,2265.5153311729905,0.6502914198230616,1639133.1949057307,224.9144762200507,0.09559967273993301,8.73713843188019e-07
353463.0275280443,0.01,2.8291502140790644e-09,2.8291502140790646e-11,1024.5787188979264,2378.8061752637363,0.6502914198230625,1807167.2559637122,236.1616968892683,0.09104673028832479,7.547325168104167e-07
371138.53128320485,0.01,2.69441169727788e-09,2.69441169727788e-11,1075.8144736527884,2497.7623155359697,0.6502914198230617,1992427.1567297694,247.97135344481896,0.08671062210375473,6.519539279045229e-07
389697.9278607178,0.01,2.5660901136672482e-09,2.5660901136672482e-11,1129.6123571312748,2622.6670545026295,0.6502914198230623,2196678.786522897,260.3715714241622,0.08258102143602525,5.631716066857949e-07
409185.41778421175,0.01,2.443879856264477e-09,2.4438798562644772e-11,1186.1004928211257,2753.8178616877467,0.6502914198230616,2421869.0629973984,273.3918828288103,0.07864809334728506,4.864795578369568e-07
429647.4118976647,0.01,2.3274898726451183e-09,2.3274898726451182e-11,1245.4134112371692,2891.5270820712826,0.6502914198230622,2670144.490077349,287.0632964568958,0.07490247128942491,4.20231342247479e-07
451132.6418961252,0.01,2.216642971780909e-09,2.216642971780909e-11,1307.692370315296,3036.122679960924,0.6502914198230617,2943871.6183386277,301.4183717528264,0.07133523479697676,3.630047309537795e-07
473692.27638371853,0.01,2.1110751638896084e-09,2.1110751638896084e-11,1373.0856918283075,3187.949020062425,0.6502914198230622,3245659.6028661598,316.49129634992295,0.06793788824239035,3.1357117246438823e-07
497380.0427353115,0.01,2.0105350317245537e-09,2.0105350317245536e-11,1441.7491146247496,3347.367687608649,0.6502914198230616,3578385.073606682,332.31796749069696,0.06470234060309188,2.708694179889655e-07
522252.3550520853,0.01,1.9147831318065918e-09,1.9147831318065917e-11,1513.8461655320818,3514.758349500534,0.6502914198230619,3945219.5552803655,348.93607751869166,0.061620886192137896,2.3398273835269e-07
548368.4485157294,0.01,1.8235914241723836e-09,1.8235914241723837e-11,1589.548548807447,3690.519658510861,0.6502914198230616,4349659.698216562,366.3852036454789,0.05868618630657308,2.0211924348452354e-07
575790.5204612381,0.01,1.7367427292810379e-09,1.736742729281038e-11,1669.0365550635665,3875.0702027041325,0.650291419823062,4795560.608272606,384.7069022066024,0.05589125174978805,1.7459488197449267e-07
604583.878504298,0.01,1.6540302107855331e-09,1.6540302107855332e-11,1752.4994906436875,4068.8495023339287,0.6502914198230615,5287172.593535398,403.94480763095345,0.053229426186248756,1.5081875573129599e-07
634817.0960760125,0.01,1.5752568829372873e-09,1.5752568829372874e-11,1840.1361284680827,4272.319056591565,0.6502914198230619,5829181.678073078,424.14473635926163,0.050694370288961364,1.302804344726421e-07
666562.1757354174,0.01,1.5002351414505332e-09,1.5002351414505333e-11,1932.1551814259344,4485.9634426993625,0.6502914198230615,6426754.268912931,445.3547959592158,0.04828004664191233,1.1253899771338708e-07
699894.7206486886,0.01,1.4287863167094078e-09,1.4287863167094079e-11,2028.7757994399,4710.291469965676,0.6502914198230618,7085586.402008268,467.6254996970524,0.045980705361534056,9.721356900289927e-08
734894.1146434735,0.01,1.3607402482535062e-09,1.3607402482535062e-11,2130.2280913872814,4945.837391550573,0.6502914198230625,7811958.036605748,491.00988683850153,0.04379087040294665,8.397513919885586e-08
771643.7112671133,0.01,1.2959348795286666e-09,1.2959348795286667e-11,2236.7536731206555,5193.162176827674,0.6502914198230618,8612792.915543618,515.563648965564,0.04170532651836838,7.253950323803983e-08
810231.0322990585,0.01,1.2342158719377435e-09,1.2342158719377435e-11,2348.606242893251,5452.854847372661,0.6502914198230623,9495724.562067552,541.3452626099842,0.03971910683663153,6.266115876939579e-08
850747.9761902099,0.01,1.1754362372722473e-09,1.1754362372722473e-11,2466.0521855593797,5725.533879760114,0.6502914198230618,10469169.042242352,568.4161285192691,0.03782748103422508,5.412803566408163e-08
893291.0369256138,0.01,1.1194559876494905e-09,1.1194559876494905e-11,2589.371206988908,6011.848678509378,0.6502914198230623,11542405.186527496,596.8407178869337,0.036025944069693366,4.6756943254663895e-08
937961.5338317659,0.01,1.0661418021214513e-09,1.0661418021214513e-11,2718.8570002067227,6312.481122687787,0.6502914198230617,12725663.035186045,626.6867258952443,0.034310205454558304,4.0389637563931885e-08
984865.852875783,0.01,1.0153667091614823e-09,1.0153667091614822e-11,2854.81794484353,6628.147189854018,0.6502914198230622,14030221.350583136,658.0252329361026,0.03267617903521678,3.4889424093887354e-08
1034115.7000311688,0.01,9.67009784272552e-10,9.67009784272552e-12,2997.5778415639306,6959.598661209769,0.6502914198230617,15468515.12585899,690.9308738940672,0.031119973261474088,3.013822324293755e-08
1085828.367313523,0.01,9.20955861996981e-10,9.20955861996981e-12,3147.476683220702,7307.624912020009,0.6502914198230622,17054254.11474225,725.4820158946319,0.029637881918541175,2.6034035351139174e-08
1140127.0121198406,0.01,8.770952616416808e-10,8.770952616416808e-12,3304.871464572017,7673.054791566532,0.6502914198230616,18802553.512327086,761.7609449411223,0.028226375300419472,2.2488750952602442e-08
1197140.9505365973,0.01,8.353235260658052e-10,8.353235260658053e-12,3470.137032489813,8056.758597111298,0.6502914198230622,20730078.032454886,799.8540618846566,0.02688209180365578,1.9426259225159014e-08
1257005.9653152286,0.01,7.955411729086135e-10,7.955411729086136e-12,3643.666978684338,8459.650146571481,0.6502914198230626,22855200.75504269,839.8520881939315,0.025601829921443647,1.6780814029131495e-08
1319864.6292484081,0.01,7.576534576651593e-10,7.576534576651594e-12,3825.874577070799,8882.688954841786,0.650291419823062,25198178.257481854,881.8502820148515,0.024382540619007468,1.4495622457029597e-08
1385866.6447172903,0.01,7.215701480455182e-10,7.215701480455182e-12,4017.193768010573,9326.882518947357,0.6502914198230625,27781343.699452523,925.9486650345755,0.023221320072109433,1.2521625592892531e-08
1455169.200218402,0.01,6.872053090801487e-10,6.872053090801487e-12,4218.0801917711115,9793.288717469848,0.6502914198230618,30629319.701631624,972.2522606902957,0.022115402751384846,1.081644530639278e-08
1527937.3447192118,0.01,6.544770984596689e-10,6.54477098459669e-12,4429.0122736655985,10283.018329960289,0.6502914198230625,33769253.04744139,1020.8713442900116,0.021062154836037843,9.343474471285602e-09
1604344.3807340122,0.01,6.233075716215521e-10,6.233075716215521e-12,4650.492363456943,10797.237682339903,0.6502914198230619,37231073.44500992,1071.9217056410387,0.02005906794120907,8.071091076840932e-09
1684572.277056167,0.01,5.93622496119624e-10,5.9362249611962405e-12,4883.04793173942,11337.171424587996,0.6502914198230625,41047778.81584621,1125.524924811658,0.019103753144079295,6.971979360660558e-09
1768812.1021297656,0.01,5.65351174834192e-10,5.6535117483419205e-12,5127.232826147492,11904.105447333324,0.6502914198230619,45255749.829594895,1181.8086616827165,0.018193935294479116,6.0225433888303804e-09
1857264.479092693,0.01,5.384262776018408e-10,5.384262776018408e-12,5383.628590383292,12499.389944293816,0.6502914198230624,49895096.68299563,1240.906959978701,0.017327447596457494,5.202400494041113e-09
1950140.0635749372,0.01,5.127836808638402e-10,5.1278368086384025e-12,5652.845849204412,13124.442627859331,0.6502914198230618,55010041.42853644,1302.9605665024246,0.01650222644790247,4.493943696710359e-09
2047660.045389932,0.01,4.883623149513436e-10,4.883623149513436e-12,5935.525762670125,13780.752105474234,0.6502914198230624,60649339.49713301,1368.1172663335337,0.015716306525926413,3.88196371508406e-09
2150056.675313865,0.01,4.651040186436107e-10,4.651040186436107e-12,6232.341553109774,14469.881424862318,0.6502914198230616,66866744.432778545,1436.5322347892084,0.014967816106309224,3.353322449558141e-09
2257573.818207416,0.01,4.4295340065293264e-10,4.429534006529326e-12,6544.000108449625,15193.471796535903,0.6502914198230624,73721520.2689864,1508.3684069852166,0.014254972605854276,2.8966709315228936e-09
2370467.533797263,0.01,4.218577077063336e-10,4.218577077063336e-12,6871.2436657167145,15953.246502455591,0.6502914198230616,81279006.43098088,1583.7968658774762,0.01357607833703952,2.502205681602533e-09
2489006.686500575,0.01,4.017666989098984e-10,4.017666989098984e-12,7214.851578729254,16751.015000148862,0.6502914198230623,89611240.54825836,1662.9972497083115,0.01292951646485387,2.1614582467440744e-09
2613473.585744712,0.01,3.826325260965086e-10,3.826325260965086e-12,7575.642174183079,17588.677232061924,0.6502914198230616,98797645.11413822,1746.1581798276825,0.012313747156189575,1.867113397898552e-09
2744164.6583072604,0.01,3.6440961987202725e-10,3.6440961987202724e-12,7954.474700555043,18468.228150407856,0.6502914198230622,108925784.53751725,1833.4777099083813,0.011727303912620106,1.6128520853287831e-09
2881391.154277452,0.01,3.4705458108854465e-10,3.4705458108854464e-12,8352.251374464267,19391.762468287267,0.6502914198230614,120092199.80300641,1925.1637976249174,0.011168790077829786,1.3932157800791187e-09
3025479.888320446,0.01,3.3052607748621875e-10,3.3052607748621876e-12,8769.919529365367,20361.4796483966,0.6502914198230622,132403328.69540025,2021.4347999195497,0.010636875511377389,1.2034892892647252e-09
3176774.0180096617,0.01,3.147847452575582e-10,3.1478474525755822e-12,9208.473871690336,21379.689141205003,0.6502914198230627,145976520.36001143,2122.5199930348476,0.01013029342087206,1.0395995294373356e-09
3335633.861081003,0.01,2.997930952997109e-10,2.997930952997109e-12,9668.958849812825,22448.815885075157,0.6502914198230618,160941153.86962453,2228.66011855141,0.009647837345016995,8.980280848752875e-10
3502437.753555168,0.01,2.8551542393150185e-10,2.8551542393150185e-12,10152.471141476222,23571.406081426263,0.6502914198230625,177439871.46018976,2340.107956731058,0.009188358280336149,7.757356735831309e-10
3677582.9507717816,0.01,2.7191772786257305e-10,2.7191772786257307e-12,10660.162265609664,24750.133258694095,0.6502914198230618,195629938.19041428,2457.128928530999,0.008750761944740596,6.700968994227424e-10
3861486.573481307,0.01,2.589676232121287e-10,2.589676232121287e-12,11193.241324752458,25987.80463952917,0.6502914198230626,215684740.98546588,2580.00172772276,0.0083340061714179,5.788438896227372e-10
4054586.601247735,0.01,2.466342683844182e-10,2.466342683844182e-12,11752.977884617643,27287.367826397258,0.6502914198230619,237795441.35360184,2709.018984621195,0.007937098426837682,5.000176076657241e-10
4257342.915528145,0.01,2.348882906172818e-10,2.348882906172818e-12,12340.704997653263,28651.917821504394,0.6502914198230624,262172797.52935737,2844.487963004447,0.007559093446962392,4.319257963294797e-10
4470238.394913053,0.01,2.237017160288271e-10,2.237017160288271e-12,12957.82237780144,30084.704397764857,0.6502914198230618,289049173.4118692,2986.731291884453,0.007199090986033748,3.7310664799543546e-10
4693780.065136208,0.01,2.130479029956385e-10,2.130479029956385e-12,13605.799734016924,31589.139838366664,0.6502914198230624,318680753.447464,3136.0877338709433,0.006856233672573384,3.222974222919518e-10
4928500.3065923825,0.01,2.0290147870385548e-10,2.0290147870385548e-12,14286.180270483354,33168.80706336675,0.6502914198230617,351349984.5686563,3292.912991958653,0.006529704967491675,2.784073373501173e-10
5174958.122239242,0.01,1.9323827872201088e-10,1.9323827872201087e-12,15000.584361864045,34827.46816267008,0.6502914198230625,387368268.46603423,3457.5805566593685,0.006218727219441793,2.404941526965405e-10
5433740.468902589,0.01,1.8403528945171757e-10,1.840352894517176e-12,15750.713412339328,36569.07335571444,0.6502914198230617,427078929.8556282,3630.4825954961,0.005922559812787675,2.0774394106033266e-10
5705463.655155882,0.01,1.7527059331914691e-10,1.7527059331914692e-12,16538.353907621888,38397.77039919908,0.650291419823062,470860489.0351815,3812.030886978001,0.0056404974037752055,1.794536148316923e-10
5990774.809102933,0.01,1.6692331657676528e-10,1.669233165767653e-12,17365.381669599527,40317.91446526276,0.6502914198230617,519130269.92317134,4002.657801280162,0.005371868240705822,1.5501583204685885e-10
6290353.419559493,0.01,1.5897357959102225e-10,1.5897357959102226e-12,18233.76632373835,42334.07851363538,0.650291419823062,572348377.9722431,4202.8173299639275,0.005116032564112144,1.3390595785834456e-10
6604912.95430431,0.01,1.5140244949758442e-10,1.5140244949758443e-12,19145.575989886253,44451.06418246803,0.6502914198230616,631022085.8743993,4412.986167190165,0.004872381083125143,1.1567080157683744e-10
6935202.559253308,0.01,1.441918951113761e-10,1.4419189511137611e-12,20102.98220764717,46673.913223774754,0.650291419823062,695710668.8622191,4633.6648450002585,0.004640333524404722,9.991888748954909e-11
7282008.842604006,0.01,1.373247439840247e-10,1.3732474398402472e-12,21108.265108057498,49007.919510725,0.6502914198230615,767030735.6960857,4865.3789253688565,0.0044193372501773204,8.63120505870885e-11
7646157.748198799,0.01,1.307846415064572e-10,1.307846415064572e-12,22163.8188438801,51458.64164537792,0.6502914198230619,845662106.1520492,5108.680251867037,0.004208865942089876,7.455817677441014e-11
8028516.522569114,0.01,1.2455601195923063e-10,1.2455601195923062e-12,23272.157291449803,54031.91619689018,0.6502914198230615,932354291.0344074,5364.1482639171245,0.004008418347745074,6.440493171130498e-11
8429995.780344611,0.01,1.1862402141785185e-10,1.1862402141785186e-12,24435.920037648404,56733.871601719235,0.6502914198230619,1027933636.480066,5632.391376768815,0.0038175170869332252,5.5634343652051025e-11
8851551.672946835,0.01,1.1297454242472758e-10,1.1297454242472758e-12,25657.878666269015,59570.942758932164,0.6502914198230624,1133311200.6540205,5914.048430483471,0.003635707514717217,4.8058123987595376e-11
9294188.165731821,0.01,1.0759412034362035e-10,1.0759412034362036e-12,26940.943358739944,62549.88635537505,0.6502914198230632,1249491437.9161577,6209.790211377154,0.0034625566386633,4.1513625030820936e-11
9758959.429004973,0.01,1.0246994131647507e-10,1.0246994131647508e-12,28288.16982492867,65677.79695720342,0.6502914198230625,1377581773.236528,6520.321049545929,0.0032976520876387967,3.5860348265871475e-11
10246972.34860279,0.01,9.758980174630363e-11,9.758980174630362e-13,29702.766580532756,68962.12390609668,0.6502914198230629,1518803158.1220334,6846.380496278197,0.003140601129720885,3.097692809998771e-11
10759389.1620201,0.01,9.294207923345049e-11,9.294207923345049e-13,31188.102588387806,72410.68906039523,0.6502914198230624,1674501708.6730795,7188.745085348612,0.002991029736877589,2.6758526364481477e-11
11297430.226361495,0.01,8.851570489602079e-11,8.85157048960208e-13,32747.71528189263,76031.7054234129,0.6502914198230616,1846161536.703738,7548.230182388613,0.0028485816941933974,2.3114581629510712e-11
11862376.924708582,0.01,8.430013700855029e-11,8.430013700855029e-13,34385.318989658495,79833.79670328884,0.6502914198230613,2035418896.2310302,7925.69192673768,0.002712917751518092,1.996686501452866e-11
12455574.717824811,0.01,8.028533589613736e-11,8.028533589613736e-13,36104.81378144653,83826.01785096087,0.6502914198230628,2244077780.177008,8322.029270399975,0.0025837148155184167,1.724780075618684e-11
13078436.348466303,0.01,7.646174002423994e-11,7.646174002423994e-13,37910.29475646222,88017.87662517819,0.6502914198230623,2474127115.9509706,8738.186118962702,0.002460665180208219,1.4899015479328048e-11
13732445.205929063,0.01,7.282024322720351e-11,7.282024322720351e-13,39806.061796125025,92419.35623590267,0.6502914198230615,2727759723.818945,9175.1535795743,0.002343475794124844,1.2870085026558043e-11
14419158.858846208,0.01,6.935217302127843e-11,6.935217302127842e-13,41796.629804542084,97040.9391200348,0.6502914198230632,3007393218.771154,9633.972321336687,0.0022318675624061826,1.1117451943093475e-11
15140212.764648544,0.01,6.604926995048174e-11,6.604926995048174e-13,43886.739461073805,101893.63190608459,0.6502914198230627,3315693055.1230416,10115.735053732802,0.0021255746821063665,9.603490377253935e-12
15897324.16452259,0.01,6.290366791611756e-11,6.290366791611756e-13,46081.368510598426,106988.99162723703,0.650291419823062,3655597933.5097575,10621.589128991856,0.0020243440091672173,8.29569832170981e-12
16692296.173143009,0.01,5.990787544310077e-11,5.990787544310077e-13,48385.74361836665,112339.15324525256,0.6502914198230614,4030347812.4530144,11152.739274590527,0.0019279344555375808,7.1659998543672486e-12
17527022.072918292,0.01,5.7054757838477424e-11,5.705475783847742e-13,50805.35281767625,117956.8585507399,0.6502914198230632,4443514791.504733,11710.450462397042,0.0018361164150050206,6.1901423992727845e-12
18403489.82297766,0.01,5.433752019964454e-11,5.433752019964454e-13,53345.958580014216,123855.4865086395,0.6502914198230627,4899037160.344772,12296.05092129176,0.0017486712163722452,5.347176067819946e-12
19323786.793636892,0.01,5.174969123180809e-11,5.17496912318081e-13,56013.61153879183,130049.08512117626,0.650291419823062,5401256938.386679,12910.935300438583,0.001665390602676159,4.61900390266074e-12
20290104.73761974,0.01,4.928510783613187e-11,4.928510783613187e-13,58814.66489935999,136552.40488418099,0.6502914198230613,5954961262.718233,13556.56799074148,0.0015860762352090147,3.989993368872466e-12
21304745.009872667,0.01,4.6937900431880275e-11,4.693790043188028e-13,61755.78956961894,143380.93391644285,0.6502914198230629,6565428018.88383,14234.48661239542,0.0015105392211607104,3.446640751802745e-12
22370124.04840553,0.01,4.4702478977593203e-11,4.4702478977593206e-13,64843.990047260406,150550.93484576917,0.6502914198230623,7238476149.460146,14946.30567683835,0.0014385996637570886,2.9772812568218025e-12
23488779.12921073,0.01,4.25735196580054e-11,4.25735196580054e-13,68086.62110147755,158079.48353958823,0.6502914198230619,7980521119.963693,15693.720431825126,0.001370086233822997,2.5718385873508697e-12
24663374.40896615,0.01,4.0545952205001503e-11,4.0545952205001504e-13,71491.40528887004,165984.5097723424,0.6502914198230612,8798636070.78902,16478.51089878042,0.0013048357617496634,2.2216086250607367e-12
25896707.26991446,0.01,3.861494782241112e-11,3.861494782241112e-13,75066.45134526379,174284.83992652403,0.650291419823063,9700619238.075718,17302.546112046788,0.0012426928488946422,1.9190725682470547e-12
27191714.98202757,0.01,3.6775907685887136e-11,3.677590768588714e-13,78820.27349724124,183000.24182904552,0.6502914198230622,10695068286.156136,18167.78857012271,0.0011835094974888892,1.6577355168026597e-12
28551481.69832435,0.01,3.5024451990478954e-11,3.5024451990478954e-13,82761.81173937848,192151.47182972293,0.6502914198230617,11791462260.117912,19076.29890949255,0.001127144758169564,1.4319870384990952e-12
29979245.8,0.01,3.335640951981517e-11,3.335640951981517e-13,86900.45312547713,201760.3242340002,0.6502914198230614,13000251939.649391,20030.240812178683,0.0010734643942990891,1.2369807231882673e-12
0.1,0.001,0.009999999999999998,9.999999999999999e-06,0.000289868710191092,0.006730000000000001,0.0650291419823062,1.4464731049362042e-06,6.681369153115481e-05,32181.65293424054,33329211595.8298
0.10500066552328689,0.001,0.009523749159268156,9.523749159268156e-06,0.00030436407484441436,0.007066544789717205,0.06502914198230622,1.594756814148471e-06,7.015482076838852e-05,30648.999007633298,28790478652.876755
0.11025139760333166,0.001,0.009070179804866085,9.070179804866084e-06,0.00031958430420043,0.007419919058704222,0.0650291419823062,1.7582416759730562e-06,7.366302870347702e-05,29189.337853135792,24869825038.56955
0.11576470123222342,0.001,0.008638211729100436,8.638211729100436e-06,0.0003355656463184172,0.007790964392928636,0.06502914198230621,1.9384860210045365e-06,7.734667038326072e-05,27799.193183839612,21483081434.884712
0.12155370673487927,0.001,0.008226816169260059,8.226816169260059e-06,0.00035234616190185706,0.008180564463257375,0.0650291419823062,2.1372079305027147e-06,8.121451866252677e-05,26475.25427129255,18557540602.804104
0.12763220103984763,0.001,0.007835013357544413,7.835013357544412e-06,0.0003699658149427078,0.008589647129981745,0.0650291419823062,2.3563016130684848e-06,8.527578509718714e-05,25214.368060763296,16030396489.839996
0.1340146605138595,0.001,0.007461870187676834,7.461870187676834e-06,0.0003884665678984952,0.009019186652582743,0.0650291419823062,2.5978554601578526e-06,8.95401418822544e-05,24013.531662017223,13847395898.066633
0.140716285438326,0.001,0.007106497992645537,7.1064979926455365e-06,0.000407892481628891,0.00947020600999934,0.06502914198230621,2.8641719525384948e-06,9.401774488686244e-05,22869.885197719574,11961673766.417652
0.14775303620989036,0.001,0.006768050428279874,6.768050428279874e-06,0.0004282898203297863,0.00994377933692562,0.06502914198230621,3.1577896074363246e-06,9.871925784119161e-05,21780.704992434097,10332747062.874193
0.1551416713512479,0.001,0.006445721457621492,6.445721457621492e-06,0.00044970716171476515,0.010441034481938984,0.06502914198230621,3.481507175571307e-06,0.00010365587773290073,20743.397085996192,8925645687.234797
0.16289978742276082,0.001,0.006138743431289936,6.138743431289937e-06,0.0004721955127063875,0.010963155693551803,0.0650291419823062,3.838410318727645e-06,0.00010883936147355032,19755.491055812166,7710161726.52663
0.17104586092991844,0.001,0.005846385259271044,5.846385259271044e-06,0.0004958084309128035,0.011511386440583509,0.06502914198230621,4.231901022147726e-06,0.00011428205389852375,18814.634133372067,6660200945.934361
0.17959929232645008,0.001,0.005567950669774033,5.567950669774033e-06,0.0005206021521790097,0.01208703237357009,0.0650291419823062,4.665730022107546e-06,0.00011999691716713134,17918.58560096401,5753222592.9336
0.18858045221788608,0.001,0.0053027765510107,5.3027765510107e-06,0.0005466357245165149,0.012691464434263732,0.06502914198230621,5.144032557771804e-06,0.00012599756163291518,17065.211455245546,4969755488.24047
0.19801072987560442,0.001,0.005050231371947502,5.050231371947502e-06,0.0005739711487303818,0.013326122120628179,0.0650291419823062,5.671367788113825e-06,0.00013229827825767454,16252.479324962796,4292980014.9280057
0.2079125841769025,0.001,0.004809713678269467,4.809713678269467e-06,0.0006026735260785557,0.01399251691510554,0.0650291419823062,6.252762249620651e-06,0.00013891407264640822,15478.453630713748,3708367031.774485
0.2183095970924117,0.001,0.004580650659973936,4.580650659973936e-06,0.0006328112133151435,0.014692235884319312,0.06502914198230618,6.893757769020292e-06,0.00014586070078423087,14741.29097522811,3203365958.9683695
0.2292265298482384,0.001,0.004362496787182791,4.362496787182791e-06,0.0006644559854868872,0.015426945458786442,0.06502914198230621,7.600464287733122e-06,0.0001531547065603725,14039.235753185601,2767135339.9361687
0.24068938189658615,0.001,0.004154732510924212,4.154732510924213e-06,0.0006976832068705459,0.016198395401640246,0.06502914198230621,8.379618101567873e-06,0.00016081346116862824,13370.615970116876,2390310094.9444947
0.25272545283530107,0.001,0.003956863025789853,3.9568630257898525e-06,0.0007325720104582838,0.01700842297581576,0.0650291419823062,9.238646070800353e-06,0.00016885520447809218,12733.839260429791,2064800469.8336694
0.2653634074238066,0.001,0.003768417091520535,3.7684170915205353e-06,0.0007692054864185206,0.017858957319622185,0.06502914198230621,1.0185736412682673e-05,0.00017729908847270368,12127.389095077404,1783618363.6769302
0.2786333438502683,0.001,0.0035889459107140424,3.5889459107140424e-06,0.000807670879981083,0.018752024041123055,0.0650291419823062,1.1229916751174113e-05,0.00018616522286306014,11549.821169836116,1540727306.9352965
0.29256686541257,0.001,0.0034180220599821743,3.4180220599821743e-06,0.0008480597992179247,0.01968975004226596,0.0650291419823062,1.2381140167860112e-05,0.00019547472297912335,10999.759965592424,1330912869.4113815
0.30719715578381745,0.001,0.003255238472011524,3.2552384720115243e-06,0.0008904684332142713,0.020674368584250914,0.06502914198230621,1.3650380074293252e-05,0.00020524976005788088,10475.895472446236,1149670715.8960118
0.3225590580416167,0.001,0.00310020746610371,3.10020746610371e-06,0.0009349977811497702,0.021708224606200803,0.06502914198230621,1.5049734810075017e-05,0.0002155136140457244,9976.98006982909,993109906.2656225
0.3386891576493428,0.001,0.0029525598248862053,2.9525598248862055e-06,0.0009817538928352243,0.02279378030980077,0.06502914198230621,1.659254296370282e-05,0.0002262907290412985,9501.82555520699,857869364.0589535
0.3556258695870242,0.001,0.0028119439149948927,2.8119439149948927e-06,0.001030848121277762,0.02393362102320673,0.0650291419823062,1.8293510515415626e-05,0.0002376067715108612,9049.300314291522,741045720.2649984
0.3734095298393517,0.001,0.002678024849634181,2.678024849634181e-06,0.0010823973878759496,0.025130461358188368,0.06502914198230621,2.016885101395817e-05,0.0002494886914147999,8618.326626019893,640130983.2592789
0.3920824914586959,0.001,0.0025504836910202745,2.5504836910202744e-06,0.0011365244608764202,0.026387151675170237,0.0650291419823062,2.2236440123422623e-05,0.00026196478639087944,8207.878095885526,552958696.7750894
0.41168922543191505,0.001,0.002429016690808148,2.429016690808148e-06,0.0011933582477551892,0.027706684871567886,0.0650291419823062,2.451598601330144e-05,0.0002750647691470802,7816.977211506529,477657430.01906693
0.43227642659117566,0.001,0.002313334566693241,2.313334566693241e-06,0.0012530341022199834,0.02909220350958612,0.0650291419823062,2.702921721590215e-05,0.00028881983822452695,7444.693014610361,412610601.44826776
0.45389312482101707,0.001,0.0022031618134650717,2.2031618134650717e-06,0.0013156941465647255,0.030547007300454447,0.06502914198230621,2.9800089741772444e-05,0.0003032627522990338,7090.138883890494,356421773.69816124
0.4765908018265112,0.001,0.002098236046871967,2.0982360468719672e-06,0.0013814876101438914,0.0320745609629242,0.0650291419823062,3.28550154273512e-05,0.0003184279081982225,6752.4704234546525,307884674.6066236
0.5004235137406061,0.001,0.001998307378734303,1.998307378734303e-06,0.001450571184772837,0.03367850247474279,0.0650291419823062,3.622311369144494e-05,0.00033435142282001466,6430.883451835931,265957300.73972073
0.5254480198626533,0.001,0.0019031378218180167,1.9031378218180167e-06,0.001523109397900506,0.03536265173675657,0.0650291419823062,3.9936489100261816e-05,0.0003510712191475942,6124.612086777393,229739547.4689749
0.5517239178347186,0.001,0.0018125007230510761,1.812500723051076e-06,0.0015992750044432592,0.037131019670276565,0.0650291419823062,4.403053738674087e-05,0.0003686271165656909,5832.926921228976,198453885.35847256
0.579313785577607,0.001,0.0017261802237330606,1.7261802237330607e-06,0.0016792493982129978,0.038987817769372955,0.06502914198230621,4.854428284113927e-05,0.00038706092569327794,5555.133286212705,171428668.01891106
0.6082833303246346,0.001,0.0016439707454523047,1.6439707454523047e-06,0.0017632230439194377,0.04093746813084791,0.0650291419823062,5.3520750288870376e-05,0.0004064165479585368,5290.569596419077,148083713.07850227
0.6387015451080799,0.001,0.0015656765004862824,1.5656765004862824e-06,0.0018513959307753668,0.04298461398577378,0.0650291419823062,5.900737520126877e-05,0.00042674008015323203,5038.605774594584,127917846.72034608
0.6706408730710002,0.001,0.001491111025519214,1.491111025519214e-06,0.0019439780487851867,0.04513413075767831,0.0650291419823062,6.505645584844055e-05,0.0004480799242155015,4798.641750967883,110498144.3900966
0.7041773799957318,0.001,0.0014200967375664086,1.4200967375664087e-06,0.0020411898888510523,0.04739113767371275,0.0650291419823062,7.17256518041001e-05,0.0004704869025025161,4570.106034140944,95450636.69143657
0.7393909354599632,0.001,0.0013524645110477534,1.3524645110477535e-06,0.0021432629678876445,0.049761009956455514,0.06502914198230621,7.90785335541196e-05,0.0004940143788275397,4352.454350041614,82452280.94180723
0.776365403051818,0.001,0.0012880532750031053,1.2880532750031052e-06,0.0022504403801961777,0.05224939162538735,0.0650291419823062,8.71851884476365e-05,0.0005187183855496483,4145.168345696182,71224026.03226033
0.8151888400969576,0.001,0.0012267096294903415,1.2267096294903414e-06,0.002362977376410774,0.054862208938525246,0.0650291419823062,9.612288876661771e-05,0.0005446577570187801,3947.7543547348973,61524821.70656257
0.8559537073733683,0.001,0.0011682874802524787,1.1682874802524787e-06,0.0024811419713960167,0.05760568450622769,0.0650291419823062,0.00010597682828189192,0.0005718942696939257,3759.742221690367,53146443.649644196
0.8987570893132842,0.001,0.0011126476907838054,1.1126476907838055e-06,0.0026052155825434177,0.06048635211078402,0.06502914198230621,0.00011684093431646869,0.0006004927892681632,3580.684182288862,45909023.28943323
0.9437009252166703,0.001,0.0010596577509663918,1.0596577509663918e-06,0.0027354936999869637,0.06351107226708191,0.0650291419823062,0.00012881876305669747,0.00063052142515092,3410.1537970678314,39657186.34503269
0.9908922520269197,0.001,0.0010091914614878156,1.0091914614878156e-06,0.0028722865903338967,0.0666870485614117,0.0650291419823062,0.00014202448664533325,0.0006620516926753792,3247.7449357799865,34256717.22287832
1.0404434592469507,0.001,0.0009611286332885184,9.611286332885185e-07,0.003015920035586716,0.07002184480731978,0.06502914198230621,0.000156583981465437,0.000695158683417334,3093.0708101652053,29591677.65151446
1.0924725566028064,0.001,0.0009153548013230077,9.153548013230076e-07,0.003166736109016202,0.07352340305936887,0.06502914198230621,0.00017263602798858613,0.0007299212440311197,2945.7630527867736,25561917.697307143
1.147103455092214,0.001,0.0008717609519532059,8.71760951953206e-07,0.0033250939898332526,0.07720006252770599,0.0650291419823062,0.00019033363362429512,0.0007664221640285307,2805.470839738122,22080925.72711783
1.204466262087443,0.001,0.000830243263324715,8.302432633247151e-07,0.0034913708185997285,0.0810605794384849,0.06502914198230621,0.00020984549117999013,0.0008047483729479347,2671.860055130726,19073971.160538502
1.2646975911952714,0.001,0.0007907028581076805,7.907028581076805e-07,0.0036659625954155424,0.08511414788744176,0.0650291419823062,0.00023135758683351506,0.0008449911473831539,2544.612495373342,16476500.139948724
1.3279408876120131,0.001,0.0007530455680133947,7.530455680133947e-07,0.003849285123021081,0.08937042173628848,0.0650291419823062,0.00025507497294529203,0.0008872463283651695,2423.42511134751,14232749.676343
1.394346769748457,0.001,0.0007171817095258177,7.171817095258176e-07,0.004041774997061008,0.09383953760407115,0.06502914198230621,0.0002812237226085047,0.0009316145496143554,2308.0092866745176,12294550.519153649
1.4640733879383325,0.001,0.0006830258703139001,6.830258703139001e-07,0.004243890645867867,0.0985321390082498,0.0650291419823062,0.0003100530845679931,0.000978201477206845,2198.0901503549526,10620293.049857087
1.5372868010845833,0.001,0.0006504967058160405,6.504967058160405e-07,0.004456113422241779,0.10345940171299244,0.06502914198230621,0.0003418378590484523,0.001027118061225811,2093.405922143859,9174033.998975933
1.614161372140459,0.001,0.0006195167455122221,6.195167455122221e-07,0.004678948749826381,0.10863306034505289,0.06502914198230621,0.0003768810171382253,0.001078480799996982,1993.7072891024554,7924724.809312018
1.6948801833673017,0.001,0.0005900122084224566,5.900122084224566e-07,0.004912927326811213,0.11406543634061941,0.0650291419823062,0.00041551658869654556,0.0011324120175377,1898.7568118416293,6845545.079769222
1.779635472357972,0.001,0.0005619128273921318,5.619128273921318e-07,0.0051586063898272005,0.11976946728969151,0.0650291419823062,0.0004581128463116287,0.001189040154880265,1808.3283590431397,5913326.780014829
1.868629089864361,0.001,0.0005351516817457806,5.351516817457806e-07,0.005416571041045364,0.12575873774787147,0.06502914198230621,0.0005050758156589735,0.0012485000759633997,1722.206568911786,5108056.87491278
1.9620729805193178,0.001,0.0005096650379107315,5.096650379107315e-07,0.005687435641639262,0.1320475115889501,0.0650291419823062,0.0005568531457204455,0.0013109333888203121,1640.186336275971,4412447.680978366
2.0601896875978736,0.001,0.00048539219763107027,4.853921976310703e-07,0.005971845274929844,0.1386507659753369,0.0650291419823062,0.0006139383757549077,0.0013764887828283051,1562.0723241151397,3811565.7311869403
2.1632128830198925,0.001,0.0004622753534104226,4.6227535341042263e-07,0.006270477282697298,0.14558422702723875,0.0650291419823062,0.00067687563969298,0.0014453223828231115,1487.6784983507612,3292511.180537631
2.2713879238563686,0.001,0.0004402594508392901,4.402594508392901e-07,0.006584042878318678,0.1528644072755336,0.0650291419823062,0.0007462648527980019,0.0015175981209212955,1416.827684792937,2844140.869791448
2.3849724366647562,0.001,0.00041929205747905465,4.1929205747905467e-07,0.0069132888405731875,0.16050864498753808,0.0650291419823062,0.0008227674300322433,0.0015934881269362565,1349.3511471874574,2456829.1020646384
2.5042369310449457,0.001,0.0003993232379903961,3.9932323799039613e-07,0.00725899929214897,0.16853514545932483,0.06502914198230621,0.0009071125906355621,0.001673173138317628,1285.0881853584067,2122260.996585006
2.6294654438771268,0.001,0.0003803054352087273,3.803054352087273e-07,0.0076219975670871,0.17696302437293063,0.0650291419823062,0.0010001043090114951,0.0017568429305903739,1223.8857524892564,1833253.9832912993
2.760956215775833,0.001,0.0003621933568834225,3.6219335688342253e-07,0.00800314817161019,0.18581235332171356,0.0650291419823062,0.0011026289781763167,0.00184469676931871,1165.5980906309826,1583603.6060886995
2.8990224013711816,0.001,0.00034494386781110055,3.4494386781110055e-07,0.008403358843005465,0.19510420761228048,0.06502914198230621,0.0012156638588187241,0.0019369438846712178,1110.0863835691387,1367950.3244361146
3.043992815108914,0.001,0.0003285158871060673,3.285158871060673e-07,0.008823582711465721,0.2048607164568299,0.0650291419823062,0.0013402863945062365,0.002033803969717385,1057.2184262231606,1181664.4537370785
3.1962127143453958,0.001,0.00031287029036326396,3.1287029036326396e-07,0.00926482057003669,0.21510511567544513,0.0650291419823062,0.0014776844818304297,0.002135507703642283,1006.8683097905624,1020746.7744132689
3.3560446216025763,0.001,0.00029796981648071196,2.97969816480712e-07,0.009728123258076902,0.22586180303385336,0.06502914198230621,0.0016291677933855967,0.002242297301125457,958.916121886162,881742.675917815
3.5238691879411803,0.001,0.00028377897891954665,2.8377897891954666e-07,0.010214594163906406,0.23715639634844138,0.06502914198230621,0.0017961802615109792,0.00235442708919243,913.2476609622014,761667.9925161671
3.700086099508285,0.001,0.00027026398119030064,2.7026398119030064e-07,0.01072539185260455,0.24901579449690758,0.0650291419823062,0.001980313841791033,0.002472164112912603,869.7541643292369,657944.9386633536
3.8851150294183263,0.001,0.00025739263636415896,2.57392636364159e-07,0.011261732825215167,0.2614682414798533,0.06502914198230621,0.0021833236875068445,0.0025957887713860947,828.3320491300545,568346.7686264046
4.0793966372344865,0.001,0.00024513429041749717,2.4513429041749716e-07,0.011824894415930386,0.274543393685881,0.0650291419823062,0.002407144879680895,0.002725595485534152,788.8826656497221,490949.9722944935
4.283393618430794,0.001,0.00023345974922714353,2.3345974922714355e-07,0.012416217834152888,0.2882723905203924,0.06502914198230621,0.00265391087218522,0.0028618933992835206,751.3120623742765,424092.9809075837
4.497591806334333,0.001,0.00022234120904249618,2.2234120904249618e-07,0.01303711135868157,0.3026879285663006,0.0650291419823062,0.0029259738277309755,0.003005007115814715,715.5307622385037,366340.49619050557
4.7225013291718705,0.001,0.00021175219026891374,2.1175219026891375e-07,0.013689053691627677,0.3178243394532669,0.0650291419823062,0.0032259270385811005,0.003155277470627579,681.453549529945,316452.6771037298
4.958657824976534,0.001,0.0002016674744046757,2.016674744046757e-07,0.014373597480049134,0.3337176716209207,0.0650291419823062,0.0035566296456994327,0.0033130623432652915,648.9992669416112,273358.5227062671
5.206623717247903,0.001,0.00019206304398132617,1.9206304398132617e-07,0.015092373013689986,0.3504057761707839,0.0650291419823062,0.003921233891958049,0.0034787375096299597,618.0906222900816,236132.87970908423
5.466989554403594,0.001,0.00018291602536436383,1.8291602536436383e-07,0.015847092107631425,0.36792839701136193,0.0650291419823062,0.004323215169179261,0.003652697536919672,588.6540044386696,203976.5811129276
5.740375416212351,0.001,0.0001742046342780532,1.742046342780532e-07,0.01663955217910127,0.38632726551109126,0.0650291419823062,0.004766405145419377,0.003835356723318364,560.6193079872611,176199.28954314976
6.027432390558118,0.001,0.0001659081239246225,1.6590812392462252e-07,0.01747164052815092,0.40564619988456135,0.0650291419823062,0.005255028288261977,0.004027150084676411,533.9197663113172,152204.67695907995
6.328844124052185,0.001,0.000158006735574288,1.58006735574288e-07,0.01834533883239478,0.42593120954871205,0.0650291419823062,0.005793742132259266,0.004228534390531843,508.4917925524055,131477.62257318667
6.645328450186231,0.001,0.00015048165150843308,1.5048165150843308e-07,0.01926272786651651,0.4472306046975333,0.0650291419823062,0.006387681674348911,0.004439989251939498,484.2748281815728,113573.1541425942
6.9776390989038655,0.001,0.0001433149502038723,1.4331495020387232e-07,0.02022599245778197,0.46959511135623017,0.0650291419823062,0.007042508320421565,0.004662018263698878,461.2111987748985,98106.89522254898
7.3265674916621375,0.001,0.00013648956365146863,1.3648956365146863e-07,0.02123742668936088,0.4930779921888618,0.06502914198230621,0.007764463849595696,0.004895150203701007,439.2459766577497,84746.81330170501
7.692944626258031,0.001,0.00012998923670745513,1.2998923670745512e-07,0.022299439363849077,0.5177351733471655,0.06502914198230621,0.008560429910584704,0.005139940292250591,418.3268500906162,73206.09166666729
8.077643055908869,0.001,0.00012379848838065346,1.2379848838065346e-07,0.023414559740003345,0.5436253776626667,0.06502914198230621,0.009437993617273275,0.005396971514362698,398.40399868498,63236.97196766069
8.481578967299882,0.001,0.00011790257496339165,1.1790257496339165e-07,0.02458544355635111,0.570810264499282,0.06502914198230621,0.010405519868757025,0.0056668560081830485,379.42997475251485,54625.435296384196
8.905714362547995,0.001,0.00011228745491831518,1.1228745491831519e-07,0.025814879356020705,0.59935457659948,0.0650291419823062,0.011472231083196976,0.005950236522838567,361.35959030504006,47186.607588444305
9.35105935027834,0.001,0.00010693975543746648,1.0693975543746647e-07,0.027105795127855332,0.6293262942737324,0.0650291419823062,0.012648295105508503,0.006247787949190179,344.1498094361109,40760.79071269591
9.818674551269805,0.001,0.00010184674059399133,1.0184674059399133e-07,0.028461265279626773,0.6607967973004579,0.0650291419823062,0.013944922126816918,0.006560218927133405,327.75964582794563,35210.0340421818
10.309673624398894,0.001,9.699628101062268e-05,9.699628101062268e-08,0.02988451795995628,0.6938410349220456,0.0650291419823062,0.015374471539511885,0.006888273533274704,312.1500651395926,30415.172904520063
10.82522591889761,0.001,9.237682497270556e-05,9.237682497270556e-08,0.03137894274638029,0.728537704341809,0.06502914198230621,0.016950569746438313,0.007232733053002868,297.2838920438695,26273.27033264433
11.366559259241841,0.001,8.797737091696654e-05,8.797737091696654e-08,0.032948098717870467,0.7649694381469759,0.0650291419823062,0.018688240047175765,0.007594417841175758,283.12572169167646,22695.407194927433
11.934962869302721,0.001,8.378744123050827e-05,8.378744123050827e-08,0.034595722931033544,0.8032230011040731,0.06502914198230621,0.02060404583947681,0.007974189275853782,269.64183539282936,19604.77326279327
12.531790442725034,0.001,7.97970572976283e-05,7.97970572976283e-08,0.036325739320177595,0.8433894967953947,0.06502914198230621,0.022716248500854293,0.008372951809733043,256.80012031259804,16935.018234501546
13.158463366844947,0.001,7.5996715735036e-05,7.5996715735036e-08,0.03814226804244079,0.8855645845886648,0.06502914198230621,0.025044981455237744,0.00879165512416379,244.56999299270657,14628.827314580092
13.816474107825098,0.001,7.237736575886898e-05,7.237736575886898e-08,0.0400496352902388,0.929848707456629,0.06502914198230621,0.027612442083894854,0.009231296390884134,232.92232651465068,12636.690769179057
14.507389765068968,0.001,6.89303876296072e-05,6.89303876296072e-08,0.04205238359439991,0.9763473311891415,0.0650291419823062,0.0304431033099046,0.009692922646855505,221.82938113186864,10915.841041933767
15.232855803379623,0.001,6.564757212354994e-05,6.564757212354995e-08,0.04415528264252542,1.0251711955674485,0.06502914198230621,0.033563946872995944,0.010177633287855675,211.2647382055609,9429.334612142822
15.994599971751219,0.001,6.252110098196546e-05,6.252110098196545e-08,0.04636334063834002,1.0764365780988574,0.06502914198230618,0.03700472051831771,0.010686582686768033,201.20323728682177,8145.2588844224965
16.794436418126235,0.001,5.95435282913513e-05,5.9543528291351304e-08,0.048681816229085545,1.1302655709398954,0.06502914198230621,0.040798221550652096,0.011220982942802786,191.62091619524006,7036.047083197802
17.634270009917813,0.001,5.670776275046164e-05,5.670776275046164e-08,0.051116231029363315,1.1867863716674687,0.06502914198230621,0.04498060945689761,0.01178210676819743,182.49495395126104,6077.886444058213
18.516100870587096,0.001,5.400705078186868e-05,5.400705078186868e-08,0.05367238277125237,1.2461335885905114,0.06502914198230621,0.04959175057672601,0.012371290519271532,173.80361642640023,5250.206996920416
19.442029143079566,0.001,5.143496044783742e-05,5.143496044783742e-08,0.05635635911202095,1.308448561329255,0.0650291419823062,0.05467559810679872,0.0129899373790544,165.52620458186934,4535.239966100308
20.414259991464938,0.001,4.898536613220824e-05,4.898536613220824e-08,0.059174552132315546,1.37387969742559,0.06502914198230621,0.060280611060726345,0.013639520699065332,157.64300517234267,3917.6363069452786
21.435108852692274,0.001,4.6652433951806075e-05,4.6652433951806074e-08,0.06213367355935567,1.4425828257861901,0.0650291419823062,0.06646021617827935,0.014321587508205072,150.1352437974603,3384.1371897004387
22.507006950967874,0.001,4.443060786263261e-05,4.4430607862632614e-08,0.06524077075139,1.5147215678001378,0.06502914198230621,0.07327331718674854,0.015037762197115246,142.98504018925817,2923.2893564955302
23.63250708788871,0.001,4.231459642775202e-05,4.2314596427752024e-08,0.06850324348148139,1.5904677270149101,0.0650291419823062,0.08078485626871251,0.015789750386780255,136.17536562903703,2525.1992406834142
24.81428972212109,0.001,4.029936021535745e-05,4.029936021535745e-08,0.07192886156059311,1.6700016982987496,0.0650291419823062,0.08906643308809825,0.016579342990585035,129.69000239225747,2181.3205699186983
26.055169353103697,0.001,3.838009979700554e-05,3.838009979700554e-08,0.07552578334194637,1.7535128974638785,0.06502914198230621,0.09819698727506437,0.01740842047950269,123.51350512487481,1884.2708931999812
27.358101223978366,0.001,3.655224431743593e-05,3.6552244317435934e-08,0.07930257515071944,1.8412002123737434,0.06502914198230622,0.10826355087512422,0.018278957360569992,117.63116405912893,1627.6730930442627
28.72618835971178,0.001,3.481144060875445e-05,3.481144060875445e-08,0.08326823168536014,1.933272476608603,0.0650291419823062,0.11936207793481853,0.019193026879316327,112.0289699811863,1406.0184803476125
30.16268895717034,0.001,3.315354282305384e-05,3.315354282305384e-08,0.08743219743910059,2.029948966817564,0.0650291419823062,0.13159835913151538,0.020152805957345483,106.69358086720001,1214.5485328270718
31.671024144747822,0.001,3.157460255878196e-05,3.1574602558781966e-08,0.09180438919268984,2.1314599249415283,0.0650291419823062,0.14508903016554742,0.021160580376829368,101.61229010833046,1049.152738182853
33.25478613002609,0.001,3.007085945734258e-05,3.007085945734258e-08,0.09639521963191279,2.238047106550756,0.0650291419823062,0.15996268352663554,0.022218750224260883,96.77299624905237,906.2803488588955
34.9177467548731,0.001,2.8638732247533715e-05,2.8638732247533715e-08,0.10121562214614253,2.3499643566029595,0.0650291419823062,0.1763610942319101,0.02332983560643073,92.16417416667727,782.8641539366147
36.663866478352666,0.001,2.727481021649549e-05,2.727481021649549e-08,0.10627707686698502,2.467478213993135,0.06502914198230618,0.19444057121920968,0.02449648265224102,87.7748476234536,676.254631682755
38.49730380883959,0.001,2.5975845086854734e-05,2.5975845086854736e-08,0.11159163800902945,2.5908685463349044,0.0650291419823062,0.21437344727708016,0.025721469814649595,83.59456312587565,584.1630691260466
40.42242520780324,0.001,2.4738743280721252e-05,2.4738743280721252e-08,0.1171719625778181,2.720429216485159,0.0650291419823062,0.23634972171342233,0.02700771448775342,79.61336502894466,504.61242754319215
42.44381548884625,0.001,2.3560558552111997e-05,2.3560558552111996e-08,0.12303134051340554,2.8564687823993524,0.06502914198230621,0.26057887142063263,0.028358279954770235,75.82177182609212,435.89489902534626
44.566288736764484,0.001,2.243848497025647e-05,2.243848497025647e-08,0.12918372634129713,2.9993112319842496,0.0650291419823062,0.2872918476002361,0.02977638268346561,72.21075356829664,376.53524294157944
46.794899772632355,0.001,2.1369850237073114e-05,2.1369850237073114e-08,0.13564377240614364,3.149296754698157,0.06502914198230621,0.316743277179694,0.03126539998639964,68.77171035861849,325.2591151997634
49.134956192219036,0.001,2.0352109322901136e-05,2.0352109322901136e-08,0.1424268637673434,3.306782551736341,0.0650291419823062,0.34921388990520746,0.032828878064237274,65.49645187093256,280.9657103915425
51.59203100640545,0.001,1.9382838405331324e-05,1.9382838405331325e-08,0.14954915483965572,3.4721436867310866,0.06502914198230621,0.38501319424545116,0.03447054045127748,62.37717784408411,242.70412949792578
54.171975913706255,0.001,1.845972909670046e-05,1.8459729096700462e-08,0.15702760786608935,3.6457739789924313,0.0650291419823062,0.4244824276128403,0.03619429688331518,59.40645950501159,209.6529658130092
56.88093523650624,0.001,1.758058294650189e-05,1.758058294650189e-08,0.164880033314691,3.82808694141687,0.0650291419823062,0.46799780902370713,0.03800425260895522,56.577221876595175,181.10267083266288
59.72536055420135,0.001,1.6743306205619138e-05,1.674330620561914e-08,0.17312513229544269,4.019516765297751,0.0650291419823062,0.5159741252016081,0.0399047181665541,53.8827269280951,156.4403215358124
62.71202606809409,0.001,1.594590483991345e-05,1.594590483991345e-08,0.18178254109828573,4.220519354382732,0.0650291419823062,0.5688686843063375,0.041900219650073775,51.31655752805211,135.13646203948971
65.84804473463589,0.001,1.5186479781289577e-05,1.5186479781289577e-08,0.19087287795834232,4.431573410640998,0.06502914198230617,0.6271856749754209,0.04399550948829645,48.87260216143224,116.73373714186583
69.14088520543936,0.001,1.446322240492994e-05,1.4463222404929942e-08,0.20041779215971062,4.65318157432607,0.06502914198230618,0.6914809722282907,0.0461955777630721,46.54504037461872,100.83707373605928
72.59838961440313,0.001,1.3774410221925994e-05,1.3774410221925994e-08,0.21044001559477404,4.885871621049329,0.06502914198230622,0.7623674360427958,0.04850566409355323,44.328328913587754,87.10519930749945
76.22879225431208,0.001,1.3118402777048232e-05,1.3118402777048233e-08,0.22096341690182147,5.130197718715201,0.06502914198230622,0.8405207531098683,0.0509312701147209,42.217188522254354,75.24331543236723
80.04073918739147,0.001,1.249363774188541e-05,1.249363774188541e-08,0.23201305830990757,5.386741747311443,0.06502914198230623,0.9266858774496788,0.05347817257991988,40.2065913695485,64.99676899042785
84.04330883651933,0.001,1.1898627194048201e-05,1.1898627194048202e-08,0.24361525532633463,5.656114684697748,0.06502914198230622,1.0216841312809684,0.0561524371186078,38.291749075277565,56.14558522467453
88.24603360613668,0.001,1.1331954073576174e-05,1.1331954073576174e-08,0.255797639408906,5.938958061692996,0.06502914198230622,1.1264210338287257,0.05896043268208336,36.46810130625818,48.49974528249913
92.65892258434691,0.001,1.0792268808108638e-05,1.0792268808108638e-08,0.26858922377220884,6.2359454899265465,0.06502914198230621,1.2418949326940678,0.061908846711597076,34.731304915558205,41.89510685576671
97.29248538027144,0.001,1.0278286098782052e-05,1.0278286098782052e-08,0.28202047248464956,6.547784266092268,0.0650291419823062,1.3692065200601655,0.06500470106496845,33.07722359898332,36.18988034333998
102.15775715343162,0.001,9.788781859199312e-06,9.788781859199312e-09,0.2961233730208003,6.875217056425947,0.06502914198230621,1.5095693244422743,0.06825536873964003,31.501918044174214,31.261584885658085
107.26632489476631,0.001,9.322590300180886e-06,9.322590300180886e-09,0.31093151244184536,7.219023665417773,0.0650291419823062,1.664321277988777,0.07166859143199548,30.001636548853863,27.004418922956113
112.6303550218758,0.001,8.878601153354915e-06,8.878601153354915e-09,0.3264801573855592,7.5800228929722415,0.0650291419823062,1.8349374695922578,0.07525249797476062,28.572806085881567,23.326988827782117
118.26262235421038,0.001,8.455757026974112e-06,8.455757026974112e-09,0.34280633805631167,7.959074484438358,0.06502914198230621,2.0230442053726736,0.07901562369639666,27.21202379383465,20.150346849674236
124.17654053721235,0.001,8.053050887662045e-06,8.053050887662046e-09,0.3599489364151359,8.357081178154392,0.0650291419823062,2.2304345105565884,0.08296693074859246,25.916048872851768,17.40629625022979
130.3861939878671,0.001,7.669523662091505e-06,7.669523662091506e-09,0.37794877877988553,8.774990855383455,0.0650291419823062,2.4590852205156692,0.08711582945026664,24.68179486643744,15.035927242893179
136.90637143774433,0.001,7.304261952883116e-06,7.304261952883116e-09,0.39684873305601504,9.213798797760196,0.06502914198230617,2.711175823875497,0.09147220069891152,23.506322310846247,12.98835230674606
143.7526011534147,0.001,6.956395863284493e-06,6.956395863284493e-09,0.41669381082954804,9.674550057624812,0.06502914198230618,2.9891092373063777,0.09604641950265379,22.38683173454082,11.21961372378225
150.94118791812164,0.001,6.625096925449215e-06,6.625096925449215e-09,0.4375312745653716,10.158341946889587,0.0650291419823062,3.29553471002057,0.1008493796890745,21.320656991051074,9.691739886475203
158.48925186278282,0.001,6.309576127381698e-06,6.309576127381698e-09,0.4594107501661598,10.666326650365287,0.06502914198230618,3.633373076300582,0.10589251984963474,20.30525890935673,8.37193011627406
166.41476923880035,0.001,6.009082033848985e-06,6.009082033848985e-09,0.4823843451599927,11.199713969771265,0.0650291419823062,4.005844596764559,0.11118785058149516,19.338219246670832,7.231850492560775
174.7366152297823,0.001,5.722898996784267e-06,5.722898996784267e-09,0.5065067727981412,11.759774204964353,0.06502914198230617,4.416499653750465,0.11674798309160761,18.417234929222467,6.247025574793937
183.4746089041365,0.001,5.4503454509200765e-06,5.450345450920076e-09,0.5318354823585709,12.34784117924838,0.06502914198230622,4.8692525934061885,0.12258615923120245,17.540112567322666,5.396312959217548
192.6495604155911,0.001,5.190772290592107e-06,5.190772290592107e-09,0.5584307959654825,12.965315415969277,0.06502914198230622,5.368419037066797,0.12871628303219876,16.704763231650798,4.661449389820968
202.28332056405733,0.001,4.9435613238479e-06,4.9435613238479e-09,0.5863560522507449,13.613667473961053,0.06502914198230622,5.918757017569465,0.1351529538206463,15.909197478320785,4.026658679375955
212.39883283486404,0.001,4.708123800178698e-06,4.708123800178699e-09,0.615677757199354,14.294441449786346,0.06502914198230621,6.525512332615607,0.1419115009860592,15.151520610878855,3.4783130233269444
223.02018804030087,0.001,4.483899008368226e-06,4.4838990083682255e-09,0.6464657425381681,15.009258655112244,0.06502914198230621,7.194468547486479,0.14900802048944803,14.429928167949155,3.0046404355585574
234.1726816936018,0.001,4.270352941119018e-06,4.270352941119019e-09,0.6787933320451349,15.759821477979397,0.06502914198230621,7.93200212373596,0.1564594131969961,13.74270162578056,2.595472025217138
245.88287425201008,0.001,4.0669770232760535e-06,4.066977023276054e-09,0.7127375161750863,16.547917437160276,0.06502914198230621,8.745143199344847,0.1642834251306753,13.088204305460067,2.2420236890782728
258.1786543723972,0.001,3.87328690061882e-06,3.87328690061882e-09,0.7483791354179851,17.37542343926233,0.0650291419823062,9.641642599690408,0.1724986897316598,12.464877475045512,1.9367075327916958
271.08930533008373,0.001,3.688821286337284e-06,3.688821286337284e-09,0.7858030728263049,18.24431024871463,0.06502914198230621,10.630045718076877,0.18112477223719253,11.871236637334523,1.6729689725598402
284.64557475904286,0.001,3.51314086244452e-06,3.51314086244452e-09,0.8250984561700581,19.156647181283585,0.0650291419823062,11.719773970052854,0.19018221627658954,11.305867994428803,1.4451460201187538
298.8797478795801,0.001,3.3458272335096587e-06,3.3458272335096588e-09,0.8663588702009265,20.114607032295744,0.0650291419823062,12.92121459793474,0.19969259279735585,10.767425080673803,1.2483477301252628
313.82572438788105,0.001,3.18648193021941e-06,3.18648193021941e-09,0.9096825795310021,21.120471251304398,0.06502914198230618,14.245819681548767,0.2096785514379309,10.254625555954995,1.078349200436395
329.5190991905512,0.001,3.034725460395026e-06,3.0347254603950263e-09,0.9551727626569557,22.1766353755241,0.06502914198230618,15.706215298958012,0.22016387446941488,9.766248151713608,0.9315008711275738
345.9972471764186,0.001,2.8901964052046786e-06,2.8901964052046786e-09,1.0029377576869691,23.28561473497298,0.06502914198230618,17.31632187768951,0.23117353343473956,9.301129762408662,0.804650175064148
363.29941222749153,0.001,2.7525505584187893e-06,2.7525505584187892e-09,1.053091320355648,24.450050442910186,0.06502914198230618,19.091486883644176,0.2427337486201747,8.858162675498347,0.6950738580061837
381.46680068105564,0.001,2.6214601066584027e-06,2.6214601066584025e-09,1.1057528949413997,25.67271568583505,0.06502914198230618,21.04863111247446,0.25487205150080566,8.43629193334379,0.6004195152820104
400.5426794654987,0.001,2.4966128486842963e-06,2.4966128486842962e-09,1.161047898731481,26.956522328028072,0.06502914198230617,23.20640997787279,0.26761735030870043,8.034512820752362,0.518655089928986
420.5724791435794,0.001,2.377711451867513e-06,2.3777114518675134e-09,1.2191080207121932,28.3045278463629,0.06502914198230618,25.58539133416377,0.28099999887992155,7.65186847217695,0.44802524811822086
441.60390210854536,0.001,2.2644727440705505e-06,2.2644727440705508e-09,1.280071535195573,29.719942611905086,0.06502914198230623,28.20825152819724,0.2950518689443463,7.287447592872577,0.38701369532279584
463.6870361907765,0.001,2.156627039252757e-06,2.156627039252757e-09,1.3440836311295057,31.206137535639247,0.06502914198230622,31.09999154930057,0.30980642603045955,6.940382288583098,0.33431062422598845
486.87447394551947,0.001,2.0539174951938405e-06,2.0539174951938407e-09,1.4112967578755415,32.766652096533456,0.06502914198230621,34.28817533762193,0.32529880916589204,6.609845998589285,0.2887845955351819
511.22143790579753,0.001,1.956099501805849e-06,1.956099501805849e-09,1.4818709882778895,34.40520277106016,0.06502914198230622,37.80319252240907,0.34156591456351365,6.295051527195667,0.2494582480335535
536.7859120988043,0.001,1.8629400985768302e-06,1.86294009857683e-09,1.5559743998882927,36.12569188424952,0.06502914198230621,41.67854809463419,0.35864648349239087,5.995249168967941,0.21548731640842841
563.6287801389902,0.001,1.7742174197588016e-06,1.7742174197588016e-09,1.6337834752546767,37.93221690335404,0.06502914198230621,45.95118177511096,0.37658119454287564,5.709724923256152,0.18614250640716629
591.8139702267232,0.001,1.6897201659786797e-06,1.6897201659786798e-09,1.7154835222268958,39.82908019625847,0.06502914198230621,50.66182012230726,0.3954127605055632,5.43779879375132,0.16079383821305368
621.4086073978463,0.001,1.6092471010137893e-06,1.6092471010137894e-09,1.8012691152805635,41.820799277875054,0.06502914198230621,55.85536473612968,0.4151860300948418,5.17882316902585,0.13889712192190778
652.4831733867276,0.001,1.5326065725334786e-06,1.5326065725334786e-09,1.8913445589100137,43.91211756892677,0.0650291419823062,61.581320258021464,0.43594809475929813,4.932181280200837,0.11998227477241168
685.1116744835259,0.001,1.459616055665456e-06,1.4596160556654561e-09,1.9859243741939894,46.10801569274129,0.0650291419823062,67.89426624705229,0.45774840083335244,4.697285732067083,0.10364322932231974
719.3718177854372,0.001,1.3901017182998182e-06,1.3901017182998183e-09,2.0852338096928595,48.41372333695992,0.06502914198230621,74.85437742990226,0.48063886729722305,4.473577104161617,0.0895292159173908
755.3451962616749,0.001,1.3238980070955119e-06,1.3238980070955118e-09,2.1895093778940895,50.83473170841074,0.06502914198230618,82.52799728373995,0.5046740094256713,4.260522618468048,0.07733723230347725
793.1174830729362,0.001,1.2608472532032664e-06,1.2608472532032664e-09,2.2989994184835725,53.37680661080862,0.06502914198230618,90.9882704193629,0.5299110686200106,4.057614870567803,0.06680553871800621
832.7786356081253,0.001,1.2007992967660168e-06,1.2007992967660168e-09,2.413964689784247,56.04600217642684,0.0650291419823062,100.31583979244643,0.5564101487325726,3.8643706212204068,0.057708038812275445
874.4231097242798,0.001,1.143611129302514e-06,1.143611129302514e-09,2.5346789897706072,58.84867528444404,0.06502914198230618,110.59961538869133,0.5842343592083117,3.6803296454948393,0.049849425773158096
918.150084699915,0.001,1.0891465531224518e-06,1.0891465531224518e-09,2.6614298081380623,61.791500700304304,0.06502914198230617,121.93762170994174,0.6134499653844379,3.505053636711112,0.04306098944026152
964.063699437533,0.001,1.0372758569619765e-06,1.0372758569619765e-09,2.794519010980103,64.88148697214595,0.06502914198230622,134.43793213947427,0.6441265463060327,3.338125162581726,0.0371969944049538
1012.2733004778299,0.001,9.878755070670777e-07,9.878755070670777e-10,2.934263559703883,68.12599312215792,0.06502914198230623,148.21969909278897,0.6763371604334971,3.1791466710669583,0.03213155133561552
1062.8937024162622,0.001,9.408278529891688e-07,9.408278529891688e-10,3.0809962658963626,71.53274617261441,0.06502914198230622,163.4142897732523,0.7101585196364719,3.0277395435764114,0.027755914362150736
1116.0454613421807,0.001,8.960208473921648e-07,8.960208473921649e-10,3.2350665839388015,75.10985954832874,0.06502914198230622,180.1665383585693,0.7456711718886182,2.883543193261876,0.0239761464995037
1171.8551619517261,0.001,8.533477792037874e-07,8.533477792037874e-10,3.396841443257201,78.86585239935117,0.06502914198230621,198.636126553865,0.7829596930983409,2.7462142062541215,0.020711102991064365
1230.4557190183052,0.001,8.127070194755407e-07,8.127070194755408e-10,3.5667061221908885,82.80966988993193,0.06502914198230622,218.99910567075926,0.8221128885323433,2.615425523798292,0.017890689278001883
1291.986693938564,0.001,7.740017793461514e-07,7.740017793461513e-10,3.7450651655602467,86.95070450206536,0.0650291419823062,241.44957474080886,0.8632240043116773,2.490865663340247,0.015454356196292762
1356.5946271078055,0.001,7.371398795319956e-07,7.371398795319956e-10,3.93234334811905,91.29881840435529,0.06502914198230621,266.2015306590432,0.906390949484029,2.3722379767086563,0.01334980009605117
1424.4333869163463,0.001,7.020335307955876e-07,7.020335307955877e-10,4.1289866861857,95.8643669394701,0.06502914198230621,293.49090799305606,0.9517165292010684,2.2592599436263074,0.011531839977085566
1495.6645361980584,0.001,6.685991248692536e-07,6.685991248692536e-10,4.3354634998628905,100.65822328612933,0.0650291419823062,323.577827901052,0.999308689556248,2.1516624988679274,0.009961447534817003
1570.457717003745,0.001,6.367570353360969e-07,6.367570353360969e-10,4.552265528375226,105.69180435435206,0.06502914198230618,356.74907759541395,1.0492807746660984,2.0491893914622215,0.008604909293407452
1648.9910546157482,0.001,6.064314279940241e-07,6.06431427994024e-10,4.779909101181155,110.97709797563986,0.0650291419823062,393.32084398593736,1.1017517966073025,1.9515965744119566,0.0074331028386157814
1731.4515817660047,0.001,5.775500802511866e-07,5.775500802511866e-10,5.0189363676483785,116.52669145285212,0.0650291419823062,433.6417275597165,1.156846718852439,1.858651623478646,0.0064208716124140395
1818.035684067781,0.001,5.500442091227497e-07,5.500442091227497e-10,5.269916588221073,122.3538015377617,0.06502914198230618,478.09606522581856,1.2146967538793674,1.7701331836477154,0.00554648484734031
1908.9495677220134,0.001,5.238483074193098e-07,5.238483074193097e-10,5.533447490154226,128.47230590769155,0.06502914198230618,527.1075937980023,1.275439675663099,1.685830441955757,0.004791171046357278
2004.4097506120202,0.001,4.988999877368701e-07,4.988999877368701e-10,5.810156691043547,134.896776216189,0.06502914198230618,581.1434890355887,1.3392201477943044,1.6055426254244816,0.004138714992876995
2104.6435779562785,0.001,4.7513983387679036e-07,4.751398338767903e-10,6.100703193541515,141.64251279645757,0.06502914198230618,640.7188187425025,1.4061900680059676,1.5290785229055572,0.0035751096394873757
2209.8897637472073,0.001,4.5251125934188995e-07,4.5251125934189e-10,6.405778954819,148.725581100187,0.06502914198230623,706.4014523711645,1.4765089299286247,1.4562560296976816,0.003088255402064005
2320.3989592655626,0.001,4.309603725716689e-07,4.3096037257166893e-10,6.7261105345106085,156.16284995857242,0.06502914198230618,778.8174739294445,1.5503442029358194,1.3869017138512447,0.002667700403656692
2436.434350024261,0.001,4.1043584859573287e-07,4.1043584859573285e-10,7.062460825068042,163.9720317566327,0.06502914198230622,858.6571497861738,1.6278717309843065,1.3208504031278374,0.0023044160916593304
2558.272282563441,0.001,3.908888067997125e-07,3.908888067997125e-10,7.415630868642855,172.1717246165195,0.06502914198230622,946.6815082601879,1.7092761513989705,1.2579447916307753,0.001990603411169946
2686.202922589398,0.001,3.7227269451260895e-07,3.7227269451260896e-10,7.786461764825305,180.78145669026642,0.06502914198230622,1043.7295937091592,1.7947513345997455,1.1980350651699334,0.0017195253734355518
2820.530946024848,0.001,3.545431761382952e-07,3.545431761382952e-10,8.175836673782833,189.82173266747225,0.06502914198230621,1150.7264642639213,1.8845008458178045,1.140978544468593,0.0014853624249296829
2961.5762646163535,0.001,3.376580275671346e-07,3.3765802756713465e-10,8.584682919568946,199.3140826086805,0.06502914198230622,1268.692009442379,1.9787384299006674,1.0866393453625753,0.0012830875120992615
3109.674787826868,0.001,3.215770356162641e-07,3.215770356162641e-10,9.013974198611319,209.28111322074838,0.06502914198230615,1398.750671692014,2.077688520360736,1.0348880551824522,0.0011083581596478135
3265.1792228280747,0.001,3.062619022590339e-07,3.062619022590339e-10,9.464732898639262,219.74656169632942,0.0650291419823062,1542.1421645264372,2.1815867738797077,0.9856014245480528,0.0009574232454713903
3428.4599144975614,0.001,2.9167615341553446e-07,2.9167615341553446e-10,9.938032533572697,230.73535224568568,0.06502914198230625,1700.233289420663,2.2906806315416945,0.9386620738413028,0.0008270424708744415
3599.905727421556,0.001,2.77785052086976e-07,2.77785052086976e-10,10.435000300172113,242.27365545547067,0.06502914198230621,1874.5309641033855,2.405229908131813,0.8939582136582993,0.0007144167972371765
3779.924972003552,0.001,2.645555156270602e-07,2.6455551562706023e-10,10.956819762537691,254.3889506158388,0.06502914198230625,2066.696586431184,2.525507410903543,0.8513833785749102,0.0006171283557360578
3968.9463768846413,0.001,2.5195603695329673e-07,2.5195603695329674e-10,11.504733670851587,267.1100911643364,0.0650291419823062,2278.5618707607264,2.651799589288649,0.8108361735917681,0.0005330885400879679
4167.42010999126,0.001,2.399566095106495e-07,2.399566095106495e-10,12.080046921075851,280.46737340241157,0.06502914198230625,2512.146307770324,2.7844072170968728,0.7722200326548806,0.00046049316796369116
4375.818850642113,0.001,2.2852865580878842e-07,2.2852865580878842e-10,12.684129662654959,294.49260864821434,0.06502914198230617,2769.6764141572735,2.923646108830145,0.7354429886766943,0.00039778374846745714
4594.638915267667,0.001,2.1764495936276295e-07,2.1764495936276296e-10,13.318420561624364,309.2191989975138,0.06502914198230623,3053.606955698239,3.069847871817336,0.7004174545099324,0.0003436140241657123
4824.401439422975,0.001,2.072795998750065e-07,2.072795998750065e-10,13.984430226895855,324.68221687316634,0.06502914198230618,3366.6443459698544,3.223360695960659,0.6670600143525709,0.0002968210693831657
5065.653618909162,0.001,1.9740789150430319e-07,1.974078915043032e-10,14.683744807880363,340.9184885525864,0.06502914198230625,3711.772443765314,3.3845501829747477,0.6352912250871697,0.00025640032429897943
5318.970012959081,0.001,1.8800632407470058e-07,1.880063240747006e-10,15.418029772015448,357.96668187214635,0.06502914198230615,4092.2809951065933,3.553800217093105,0.6050354270814366,0.0002214840288704598
5584.953912591101,0.001,1.7905250708435256e-07,1.7905250708435257e-10,16.189033871194752,375.86739831738083,0.06502914198230623,4511.796990960554,3.731513879315779,0.576220563999428,0.0001913225935997226
5864.2387773895,0.001,1.7052511638094576e-07,1.7052511638094576e-10,16.998593306544805,394.66326971831353,0.06502914198230617,4974.3192395590695,3.918114407375384,0.5487780111942573,0.00016526850720750385
6157.489744133643,0.001,1.6240384337671358e-07,1.624038433767136e-10,17.848636101468962,414.399059780194,0.06502914198230622,5484.2564828653,4.114046203707946,0.5226424122736156,0.0001427624357410779
6465.405210868455,0.001,1.5466934668208925e-07,1.5466934668208925e-10,18.74118669337204,435.1217706914473,0.06502914198230615,6046.4694205103115,4.319775893828858,0.4977515234488725,0.00012332121468935258
6788.71850018914,0.001,1.4730320604281043e-07,1.4730320604281045e-10,19.678370755002305,456.8807550627291,0.0650291419823062,6666.31704177067,4.535793437634811,0.474046065297065,0.00010652747631764839
7128.199605701106,0.001,1.402878784707717e-07,1.402878784707717e-10,20.6624202568923,479.7278334636847,0.06502914198230615,7349.707707221262,4.76261329627813,0.45146958158272904,9.202068953985739e-05
7484.657025814465,0.001,1.3360665646415268e-07,1.3360665646415268e-10,21.695678782955337,503.7174178373135,0.0650291419823062,8103.155466971205,5.000775657392582,0.42996830480336673,7.948941997031097e-05
7858.939689240648,0.001,1.2724362821731006e-07,1.2724362821731006e-10,22.78060711189768,528.906641085896,0.06502914198230614,8933.842152306557,5.250847721588742,0.4094910281383009,6.866464399269266e-05
8251.938976776406,0.001,1.2118363972568383e-07,1.2118363972568382e-10,23.91978907773776,555.3554931370521,0.0650291419823062,9849.685832593519,5.51342505328252,0.38998898349600014,5.9313973311218656e-05
8664.590844190747,0.001,1.1541225869545338e-07,1.1541225869545338e-10,25.115937723391166,583.1269638140377,0.06502914198230615,10859.416289971745,5.789132999074288,0.3714157253693866,5.123666599565163e-05
9097.878051270056,0.001,1.0991574017200646e-07,1.0991574017200646e-10,26.371901761974968,612.2871928504748,0.0650291419823062,11972.658231257683,6.078628177056213,0.3537270202225673,4.4259316916364175e-05
9552.832502330613,0.001,1.0468099380534812e-07,1.0468099380534813e-10,27.690672361221168,642.9056274068508,0.06502914198230614,13200.023030231965,6.382600040595072,0.33688074114550975,3.8232135050890815e-05
10030.537703771994,0.001,9.969555267450405e-08,9.969555267450405e-11,29.075390267155054,675.0551874638553,0.06502914198230618,14553.209874792356,6.701772520314398,0.3208367675258186,3.3025727742515856e-05
10532.131344524802,0.001,9.494754359665834e-08,9.494754359665834e-11,30.529353284005758,708.8124394865189,0.06502914198230622,16045.117283104606,7.036905748186868,0.3055568894986332,2.8528322874747953e-05
11058.808005537758,0.001,9.042565885032494e-08,9.042565885032494e-11,32.056024128161525,744.2577787726914,0.06502914198230617,17689.966051716605,7.3887978678426505,0.2910047169471194,2.464336932682105e-05
11611.822004757163,0.001,8.611912924520525e-08,8.611912924520525e-11,33.65903867487499,781.4756209201568,0.06502914198230622,19503.43480757241,7.758286935405207,0.27714559283682,2.128746419635007e-05
12192.490384374509,0.001,8.201769847459274e-08,8.201769847459274e-11,35.3422146173593,820.5546028684047,0.06502914198230618,21502.80945600331,8.146252915381694,0.26394651067745334,1.8388562290371576e-05
12802.19604745598,0.001,7.811159868925127e-08,7.811159868925126e-11,37.10956055889561,861.5877939937873,0.06502914198230621,23707.14794922495,8.55361977636093,0.25137603591561625,1.5884429445798244e-05
13442.391051424724,0.001,7.439152723458468e-08,7.439152723458468e-11,38.965285559607615,904.6729177608842,0.06502914198230618,26137.46194591016,8.981357691510471,0.23940423107115075,1.3721306474876194e-05
14114.600066238707,0.001,7.08486244957051e-08,7.08486244957051e-11,40.91380916063716,949.9125844578646,0.06502914198230622,28816.91709340485,9.430485349112901,0.22800258443891142,1.185275505298579e-05
14820.42400550095,0.001,6.74744527976275e-08,6.74744527976275e-11,42.959771909596576,997.4145355702145,0.06502914198230615,31771.053841672332,9.902072378644622,0.21714394218610442,1.0238660772085564e-05
15561.543839148955,0.001,6.426097631034847e-08,6.426097631034847e-11,45.10804641236241,1047.2919003747245,0.06502914198230621,35028.03089375065,10.397241898174407,0.20680244368350878,8.84437195717105e-06
16339.72459680447,0.001,6.120054191094307e-08,6.120054191094308e-11,47.36374893753372,1099.6634653649414,0.06502914198230617,38618.89361328699,10.917173189149167,0.19695345991654126,7.639955757696152e-06
17156.819571316883,0.001,5.828586095711005e-08,5.828586095711005e-11,49.732251601189084,1154.653957149626,0.06502914198230621,42577.869947592604,11.463104504936458,0.18757353482951167,6.5995555435939646e-06
18014.774732512244,0.001,5.550999192874982e-08,5.550999192874982e-11,52.219195160963984,1212.394339498073,0.06502914198230625,46942.696686949654,12.036336019813149,0.17864032946335204,5.700835810352348e-06
18915.6333616588,0.001,5.2866323896241206e-08,5.286632389624121e-11,54.83050244991627,1273.0221252396373,0.06502914198230621,51754.97917005501,12.638232925422919,0.17013256875379817,4.924502676266115e-06
19861.540917686605,0.001,5.034856077604259e-08,5.034856077604259e-11,57.57239248217414,1336.6817037603075,0.06502914198230625,57060.58786429869,13.27022868207722,0.16202999086331193,4.2538896778108636e-06
20854.750146750903,0.001,4.795070633611962e-08,4.795070633611962e-11,60.45139526396171,1403.5246848763356,0.06502914198230621,62910.09560106657,13.933828432643201,0.15431329892606904,3.674599970916489e-06
21897.626447307073,0.001,4.5667049915493406e-08,4.5667049915493405e-11,63.474367345272455,1473.710259903765,0.06502914198230623,69359.25963376778,14.63061258714832,0.14696411509110477,3.1741972568523077e-06
22992.653503475736,0.001,4.349215282389363e-08,4.349215282389363e-11,66.64850814923204,1547.4055807839172,0.0650291419823062,76469.55311355268,15.362240586639537,0.13996493675414945,2.741938797461988e-06
24142.439200112836,0.001,4.1420835389131966e-08,4.1420835389131966e-11,69.98137711803567,1624.786158167593,0.06502914198230623,84308.75104871363,16.130454855259988,0.13329909487393532,2.3685447880711805e-06
25349.721833673404,0.001,3.944816462134294e-08,3.9448164621342944e-11,73.48091171629873,1706.0362794062203,0.0650291419823062,92951.57633312058,16.937084949956347,0.1269507142736845,2.045999136921607e-06
26617.376633659016,0.001,3.7569442464718716e-08,3.7569442464718715e-11,77.1554463346925,1791.3494474452505,0.06502914198230625,102480.41200159286,17.784051917698612,0.12090467583324963,1.7673773742285675e-06
27948.422610181795,0.001,3.57801946087538e-08,3.57801946087538e-11,81.0137321388895,1880.9288416652357,0.06502914198230617,112986.0865014085,18.673372870590388,0.11514658048184993,1.5266979963807935e-06
29346.0297439517,0.001,3.407615983235699e-08,3.407615983235699e-11,85.06495791108702,1974.9878017679484,0.06502914198230623,124568.73946511226,19.607165789764828,0.10966271490566211,1.318794053913071e-06
30813.526535810983,0.001,3.24532798554497e-08,3.24532798554497e-11,89.31877193374517,2073.7503358600807,0.06502914198230615,137338.7762371392,20.587654569507283,0.10444001888858623,1.1392022264779786e-06
32354.407933796174,0.001,3.090768967388332e-08,3.090768967388332e-11,93.7853049676593,2177.4516539444817,0.06502914198230622,151417.9202527585,21.61717431361805,0.09946605420841231,9.840670034579408e-07
33972.34365660508,0.001,2.943570835465672e-08,2.943570835465672e-11,98.4751943790864,2286.3387280895236,0.06502914198230615,166940.37330056427,22.698176896627956,0.09472897501430873,8.500579131491102e-07
35671.18693329351,0.001,2.803383026951244e-08,2.8033830269512443e-11,103.39960947339124,2400.6708806106526,0.06502914198230622,184054.0947280915,23.833236803112325,0.09021749961508564,7.342980235779278e-07
37454.9836800139,0.001,2.6698716746033518e-08,2.669871674603352e-11,108.5702780955403,2520.720401664937,0.06502914198230615,202922.21178388072,25.02505725900886,0.08592088361104468,6.343021799926125e-07
39327.982135653125,0.001,2.5427188116357525e-08,2.5427188116357524e-11,113.99951456080079,2646.7731977294548,0.06502914198230621,223724.57453932133,26.276476669542948,0.08182889430542634,5.479236531006158e-07
41294.64297931512,0.001,2.4216216144571315e-08,2.4216216144571317e-11,119.70024898215706,2779.129472507909,0.06502914198230615,246659.47021170906,27.590475379091277,0.07793178633451467,4.733080526865298e-07
43359.6499537461,0.001,2.306291681475173e-08,2.3062916814751732e-11,125.68605806429623,2918.1044418871124,0.0650291419823062,271945.5132293821,28.970182769084424,0.07422027845836006,4.0885351721944894e-07
45527.921020001006,0.001,2.196454346247631e-08,2.1964543462476312e-11,131.97119743749596,3064.029084646065,0.06502914198230626,299823.7290549474,30.41888471085126,0.07068553145684547,3.531763247929008e-07
47804.62006991744,0.001,2.0918480233446754e-08,2.0918480233446753e-11,138.57063560842158,3217.2509307054443,0.06502914198230618,330559.85162950563,31.940031391155156,0.06731912707845544,3.0508118712666175e-07
50195.169224292134,0.001,1.9922235853645598e-08,1.99222358536456e-11,145.50008960869158,3378.1348887948575,0.06502914198230625,364446.8563370299,33.537245529059696,0.0641130479916106,2.635355888965415e-07
52705.26174604677,0.001,1.897343769618991e-08,1.897343769618991e-11,152.7760624261048,3547.0641155089484,0.0650291419823062,401807.7526329815,35.21433100369143,0.061059658690822013,2.2764762150414943e-07
55340.8755991395,0.001,1.8069826130751533e-08,1.8069826130751533e-11,160.41588230768244,3724.440927822085,0.06502914198230625,442998.6629564003,36.97528191344919,0.05815168731219165,1.9664683541789597e-07
58108.2876855107,0.001,1.720924914208666e-08,1.720924914208666e-11,168.43774402811903,3910.687761234871,0.0650291419823062,488412.2172735037,38.824292088233136,0.05538220831495097,1.698677000197352e-07
61014.08879397246,0.001,1.63896572048584e-08,1.63896572048584e-11,176.86075222193557,4106.248175834343,0.06502914198230626,538481.2956094593,40.765765077349656,0.052744625987792795,1.4673531587057906e-07
64065.199296640225,0.001,1.560909840254634e-08,1.5609098402546338e-11,185.70496688252356,4311.587912663888,0.06502914198230618,593683.1542419563,42.80432463687676,0.050232658740715475,1.267530726626492e-07
67268.88563029243,0.001,1.4865713778818451e-08,1.486571377881845e-11,194.99145113644948,4527.196002918678,0.06502914198230623,654543.974887301,44.944825741468904,0.04784032414496928,1.0949198789740153e-07
70632.77760190568,0.001,1.415773291029432e-08,1.415773291029432e-11,204.74232140678652,4753.585932608255,0.06502914198230617,721643.8802416491,47.19236614682386,0.045561924685476714,9.458149740978564e-08
74164.886559584,0.001,1.3483469690155882e-08,1.3483469690155883e-11,214.9808000849527,4991.296865460002,0.06502914198230622,795622.463685329,49.552298530351344,0.04339203419179485,8.170150002810974e-08
77873.62447215403,0.001,1.2841318312563947e-08,1.2841318312563947e-11,225.73127083648745,5240.894926975969,0.06502914198230617,877184.8858591378,52.030243238954874,0.04132548491530404,7.057548558279131e-08
81767.82396286687,0.001,1.2229749448317584e-08,1.2229749448317584e-11,237.01933667248483,5502.974552700938,0.06502914198230622,967108.5962248865,54.63210167428755,0.03935735522184763,6.096459873482297e-08
85856.75934491995,0.001,1.1647306602647451e-08,1.1647306602647452e-11,248.8718809249893,5778.159903913116,0.06502914198230617,1066250.7436799023,57.364070347360745,0.037482957870508864,5.2662511185104644e-08
90150.16870889267,0.001,1.1092602646470225e-08,1.1092602646470225e-11,261.3171312715606,6067.106354108476,0.06502914198230621,1175556.346863007,60.23265563597519,0.035697828850614295,4.549099218030559e-08
94658.27711470333,0.001,1.056431651284163e-08,1.056431651284163e-11,274.3847269615002,6370.502049819539,0.06502914198230615,1296067.3020311387,63.24468928012359,0.033997716750373566,3.929608222203295e-08
99391.82094331557,0.001,1.006119005074183e-08,1.0061190050741831e-11,288.1057894038285,6689.069549485136,0.06502914198230621,1428932.3143691202,66.40734465226458,0.03237857263184076,3.39447878358062e-08
104362.0734661951,0.001,9.582025028698943e-09,9.582025028698943e-12,302.5129962851396,7023.567544274935,0.06502914198230615,1575417.847397593,69.72815384122075,0.030836540388079564,2.9322226442508526e-08
109580.87169340634,0.001,9.12568028111581e-09,9.12568028111581e-12,317.6406593938324,7374.792664966248,0.0650291419823062,1736920.1948481647,73.21502559038305,0.029367947559571166,2.5329160037901736e-08
115060.64456429564,0.001,8.691068990502681e-09,8.691068990502682e-12,333.5248063360806,7743.581379177091,0.06502914198230625,1914978.790074608,76.87626413294693,0.027969296587989762,2.1879864732766586e-08
120814.44254789417,0.001,8.277156099144127e-09,8.277156099144127e-12,350.2032663381387,8130.811983473278,0.0650291419823062,2111290.8798646326,80.72058896903425,0.02663725648651886,1.8900290416571426e-08
126855.96872353784,0.001,7.882955844035527e-09,7.882955844035527e-12,367.7157603393342,8537.40669509409,0.06502914198230623,2327727.7025224296,84.75715563180279,0.025368654906869455,1.6326471035983265e-08
133199.61141572753,0.001,7.507529409218118e-09,7.507529409218117e-12,386.10399559031595,8964.333848278466,0.06502914198230618,2566352.3244309095,88.99557749200105,0.02416047058410614,1.4103151359784835e-08
139860.4784609458,0.001,7.14998268992221e-09,7.14998268992221e-12,405.41176498183364,9412.610200421646,0.06502914198230623,2829439.305110659,93.44594865289353,0.023009826141290417,1.2182600749337273e-08
146854.43318804653,0.001,6.809464163192837e-09,6.809464163192836e-12,425.6850513406294,9883.303353555535,0.06502914198230617,3119496.378222506,98.11886799008724,0.021913981236802056,1.0523588468387241e-08
154198.13219789942,0.001,6.485162859927451e-09,6.485162859927451e-12,446.97213694080597,10377.534296918624,0.06502914198230623,3439288.355175617,103.02546439350682,0.020870326038021206,9.090498533984925e-09
161909.06503227228,0.001,6.176306433495099e-09,6.176306433495099e-12,469.323718491504,10896.480076671927,0.06502914198230618,3791863.479189767,108.17742327163923,0.01987637500582563,7.852565105963838e-09
170005.5958264171,0.001,5.882159320338153e-09,5.882159320338153e-12,492.79302787471613,11441.376599117866,0.06502914198230622,4180582.4810170247,113.5870143811641,0.018929760975103068,6.783212000186202e-09
178507.00704456738,0.001,5.602020988175171e-09,5.602020988175171e-12,517.4359589208092,12013.52157409939,0.06502914198230617,4609150.613281322,119.26712104825403,0.01802822951717846,5.859482146098291e-09
187433.54540249618,0.001,5.335224267633592e-09,5.335224267633592e-12,543.3112005236505,12614.27760558799,0.06502914198230622,5081652.968785177,125.23127085113079,0.017169633570732194,5.061544740088111e-09
196806.47008651288,0.001,5.081133763338247e-09,5.0811337633382465e-12,570.4803764123922,13245.075436822328,0.06502914198230615,5602593.419436849,131.49366783695717,0.016351928328420296,4.372269514119573e-09
206648.10338372728,0.001,4.839144340672164e-09,4.839144340672164e-12,599.0081919127646,13907.417357724846,0.06502914198230621,6176937.546961424,138.06922634978542,0.015573166367020585,3.7768589799655915e-09
216981.88384416339,0.001,4.608679684605376e-09,4.608679684605376e-12,628.9625880474098,14602.880782712207,0.06502914198230615,6810159.974609916,144.97360655012795,0.014831493009505536,3.2625307539897098e-09
227832.42210133708,0.001,4.389190927159666e-09,4.3891909271596655e-12,660.4149033422702,15333.122007419986,0.0650291419823062,7508296.5510301385,152.22325171074593,0.014125141907996982,2.8182431425664766e-09
239225.55948422788,0.001,4.180155340240434e-09,4.180155340240434e-12,693.440043724355,16099.880153288525,0.06502914198230625,8278001.883713456,159.83542737747126,0.013452430837082984,2.4344580969574735e-09
251188.4295602461,0.001,3.981075090722504e-09,3.981075090722504e-12,728.116660915545,16904.981309404564,0.0650291419823062,9126612.770424234,167.8282624883349,0.012811757687478179,2.1029364487141443e-09
263749.52275575086,0.001,3.7914760548251896e-09,3.79147605482519e-12,764.5273397472557,17750.342881462017,0.06502914198230625,10062218.13323684,176.22079254892031,0.012201596650486783,1.8165610296835447e-09
276938.7542080317,0.001,3.6109066889526667e-09,3.610906688952667e-12,802.7587948421,18637.97815820053,0.06502914198230621,11093736.121789517,185.0330049667773,0.01162049458418024,1.5691838793239075e-09
290787.53501033265,0.001,3.4389369543108766e-09,3.4389369543108765e-12,842.9020771309213,19570.001106195374,0.06502914198230625,12230999.120698556,194.28588665285244,0.011067067552636685,1.355494259149116e-09
305328.8470196098,0.001,3.2751572927394388e-09,3.2751572927394387e-12,885.0527906970755,20548.63140441975,0.06502914198230617,13484847.471421354,204.00147400331366,0.010539997529998747,1.1709046408110197e-09
320597.3214051692,0.001,3.1191776513198184e-09,3.1191776513198187e-12,929.3113204643537,21576.19973056787,0.06502914198230625,14867232.801919594,214.20290538079468,0.010038029261501397,1.0114522201911877e-09
336629.3211252584,0.001,2.970626553436513e-09,2.9706265534365132e-12,975.7830712708158,22655.1533117299,0.06502914198230617,16391331.949057305,224.9144762200507,0.009559967273993303,8.737138431880193e-10
353463.0275280443,0.001,2.8291502140790644e-09,2.8291502140790644e-12,1024.5787188979264,23788.061752637364,0.06502914198230625,18071672.559637126,236.1616968892683,0.009104673028832479,7.547325168104168e-10
371138.53128320485,0.001,2.69441169727788e-09,2.69441169727788e-12,1075.8144736527884,24977.6231553597,0.06502914198230617,19924271.567297693,247.97135344481896,0.008671062210375472,6.519539279045229e-10
389697.9278607178,0.001,2.5660901136672482e-09,2.5660901136672485e-12,1129.6123571312748,26226.670545026293,0.06502914198230623,21966787.86522897,260.3715714241622,0.008258102143602526,5.631716066857948e-10
409185.41778421175,0.001,2.443879856264477e-09,2.443879856264477e-12,1186.1004928211257,27538.17861687747,0.06502914198230615,24218690.62997399,273.3918828288103,0.007864809334728506,4.864795578369567e-10
429647.4118976647,0.001,2.3274898726451183e-09,2.3274898726451183e-12,1245.4134112371692,28915.270820712827,0.06502914198230622,26701444.900773488,287.0632964568958,0.0074902471289424915,4.2023134224747907e-10
451132.6418961252,0.001,2.216642971780909e-09,2.216642971780909e-12,1307.692370315296,30361.22679960924,0.06502914198230617,29438716.183386274,301.4183717528264,0.007133523479697677,3.6300473095377954e-10
473692.27638371853,0.001,2.1110751638896084e-09,2.1110751638896085e-12,1373.0856918283075,31879.49020062425,0.06502914198230622,32456596.028661594,316.49129634992295,0.006793788824239035,3.135711724643882e-10
497380.0427353115,0.001,2.0105350317245537e-09,2.010535031724554e-12,1441.7491146247496,33473.67687608648,0.06502914198230617,35783850.73606681,332.31796749069696,0.006470234060309189,2.708694179889655e-10
522252.3550520853,0.001,1.9147831318065918e-09,1.914783131806592e-12,1513.8461655320818,35147.58349500534,0.06502914198230621,39452195.55280365,348.93607751869166,0.006162088619213791,2.3398273835269024e-10
548368.4485157294,0.001,1.8235914241723836e-09,1.8235914241723835e-12,1589.548548807447,36905.19658510861,0.06502914198230615,43496596.98216563,366.3852036454789,0.0058686186306573076,2.0211924348452348e-10
575790.5204612381,0.001,1.7367427292810379e-09,1.736742729281038e-12,1669.0365550635665,38750.70202704133,0.0650291419823062,47955606.08272606,384.7069022066024,0.005589125174978804,1.7459488197449257e-10
604583.878504298,0.001,1.6540302107855331e-09,1.6540302107855332e-12,1752.4994906436875,40688.49502333929,0.06502914198230615,52871725.93535398,403.94480763095345,0.005322942618624876,1.5081875573129592e-10
634817.0960760125,0.001,1.5752568829372873e-09,1.5752568829372874e-12,1840.1361284680827,42723.19056591564,0.0650291419823062,58291816.780730784,424.14473635926163,0.005069437028896137,1.3028043447264208e-10
666562.1757354174,0.001,1.5002351414505332e-09,1.5002351414505333e-12,1932.1551814259344,44859.63442699363,0.06502914198230614,64267542.68912931,445.3547959592158,0.004828004664191233,1.125389977133871e-10
699894.7206486886,0.001,1.4287863167094078e-09,1.428786316709408e-12,2028.7757994399,47102.91469965675,0.06502914198230618,70855864.02008268,467.6254996970524,0.004598070536153406,9.721356900289929e-11
734894.1146434735,0.001,1.3607402482535062e-09,1.3607402482535063e-12,2130.2280913872814,49458.37391550573,0.06502914198230626,78119580.36605749,491.00988683850153,0.004379087040294665,8.397513919885586e-11
771643.7112671133,0.001,1.2959348795286666e-09,1.2959348795286667e-12,2236.7536731206555,51931.62176827674,0.06502914198230618,86127929.15543617,515.563648965564,0.004170532651836838,7.253950323803981e-11
810231.0322990585,0.001,1.2342158719377435e-09,1.2342158719377435e-12,2348.606242893251,54528.54847372661,0.06502914198230622,94957245.62067552,541.3452626099842,0.003971910683663153,6.266115876939576e-11
850747.9761902099,0.001,1.1754362372722473e-09,1.1754362372722472e-12,2466.0521855593797,57255.33879760114,0.06502914198230617,104691690.42242353,568.4161285192691,0.0037827481034225074,5.4128035664081606e-11
893291.0369256138,0.001,1.1194559876494905e-09,1.1194559876494905e-12,2589.371206988908,60118.48678509378,0.06502914198230622,115424051.86527495,596.8407178869337,0.0036025944069693373,4.6756943254663896e-11
937961.5338317659,0.001,1.0661418021214513e-09,1.0661418021214513e-12,2718.8570002067227,63124.81122687788,0.06502914198230617,127256630.35186046,626.6867258952443,0.00343102054545583,4.0389637563931855e-11
984865.852875783,0.001,1.0153667091614823e-09,1.0153667091614824e-12,2854.81794484353,66281.47189854017,0.06502914198230622,140302213.50583136,658.0252329361026,0.003267617903521678,3.4889424093887364e-11
1034115.7000311688,0.001,9.67009784272552e-10,9.67009784272552e-13,2997.5778415639306,69595.98661209768,0.06502914198230618,154685151.2585899,690.9308738940672,0.003111997326147409,3.013822324293755e-11
1085828.367313523,0.001,9.20955861996981e-10,9.20955861996981e-13,3147.476683220702,73076.24912020008,0.06502914198230621,170542541.1474225,725.4820158946319,0.0029637881918541174,2.6034035351139177e-11
1140127.0121198406,0.001,8.770952616416808e-10,8.770952616416808e-13,3304.871464572017,76730.54791566532,0.06502914198230615,188025535.12327087,761.7609449411223,0.002822637530041947,2.2488750952602445e-11
1197140.9505365973,0.001,8.353235260658052e-10,8.353235260658052e-13,3470.137032489813,80567.58597111299,0.06502914198230621,207300780.32454887,799.8540618846566,0.0026882091803655775,1.9426259225159e-11
1257005.9653152286,0.001,7.955411729086135e-10,7.955411729086135e-13,3643.666978684338,84596.50146571481,0.06502914198230625,228552007.55042693,839.8520881939315,0.0025601829921443643,1.6780814029131496e-11
1319864.6292484081,0.001,7.576534576651593e-10,7.576534576651594e-13,3825.874577070799,88826.88954841786,0.06502914198230621,251981782.57481855,881.8502820148515,0.002438254061900747,1.4495622457029599e-11
1385866.6447172903,0.001,7.215701480455182e-10,7.215701480455182e-13,4017.193768010573,93268.82518947356,0.06502914198230625,277813436.99452525,925.9486650345755,0.0023221320072109434,1.2521625592892534e-11
1455169.200218402,0.001,6.872053090801487e-10,6.872053090801488e-13,4218.0801917711115,97932.88717469847,0.0650291419823062,306293197.01631624,972.2522606902957,0.0022115402751384846,1.0816445306392782e-11
1527937.3447192118,0.001,6.544770984596689e-10,6.544770984596689e-13,4429.0122736655985,102830.18329960288,0.06502914198230623,337692530.47441393,1020.8713442900116,0.002106215483603784,9.343474471285597e-12
1604344.3807340122,0.001,6.233075716215521e-10,6.233075716215521e-13,4650.492363456943,107972.37682339904,0.0650291419823062,372310734.4500992,1071.9217056410387,0.0020059067941209066,8.07109107684093e-12
1684572.277056167,0.001,5.93622496119624e-10,5.93622496119624e-13,4883.04793173942,113371.71424587996,0.06502914198230623,410477788.1584621,1125.524924811658,0.0019103753144079293,6.971979360660554e-12
1768812.1021297656,0.001,5.65351174834192e-10,5.653511748341921e-13,5127.232826147492,119041.05447333324,0.0650291419823062,452557498.295949,1181.8086616827165,0.0018193935294479116,6.0225433888303785e-12
1857264.479092693,0.001,5.384262776018408e-10,5.384262776018408e-13,5383.628590383292,124993.89944293817,0.06502914198230623,498950966.8299563,1240.906959978701,0.0017327447596457493,5.202400494041114e-12
1950140.0635749372,0.001,5.127836808638402e-10,5.127836808638402e-13,5652.845849204412,131244.4262785933,0.06502914198230618,550100414.2853644,1302.9605665024246,0.0016502226447902468,4.493943696710357e-12
2047660.045389932,0.001,4.883623149513436e-10,4.883623149513437e-13,5935.525762670125,137807.52105474233,0.06502914198230623,606493394.97133,1368.1172663335337,0.0015716306525926412,3.88196371508406e-12
2150056.675313865,0.001,4.651040186436107e-10,4.651040186436107e-13,6232.341553109774,144698.8142486232,0.06502914198230615,668667444.3277855,1436.5322347892084,0.001496781610630922,3.3533224495581417e-12
2257573.818207416,0.001,4.4295340065293264e-10,4.4295340065293266e-13,6544.000108449625,151934.717965359,0.06502914198230623,737215202.689864,1508.3684069852166,0.0014254972605854278,2.8966709315228936e-12
2370467.533797263,0.001,4.218577077063336e-10,4.218577077063336e-13,6871.2436657167145,159532.46502455592,0.06502914198230615,812790064.3098087,1583.7968658774762,0.0013576078337039518,2.5022056816025314e-12
2489006.686500575,0.001,4.017666989098984e-10,4.017666989098984e-13,7214.851578729254,167510.15000148863,0.06502914198230622,896112405.4825836,1662.9972497083115,0.0012929516464853868,2.161458246744073e-12
2613473.585744712,0.001,3.826325260965086e-10,3.826325260965086e-13,7575.642174183079,175886.77232061923,0.06502914198230615,987976451.1413821,1746.1581798276825,0.0012313747156189577,1.8671133978985526e-12
2744164.6583072604,0.001,3.6440961987202725e-10,3.644096198720273e-13,7954.474700555043,184682.28150407856,0.06502914198230622,1089257845.3751724,1833.4777099083813,0.0011727303912620107,1.6128520853287837e-12
2881391.154277452,0.001,3.4705458108854465e-10,3.4705458108854467e-13,8352.251374464267,193917.62468287264,0.06502914198230615,1200921998.0300639,1925.1637976249174,0.0011168790077829786,1.393215780079119e-12
3025479.888320446,0.001,3.3052607748621875e-10,3.3052607748621877e-13,8769.919529365367,203614.79648396597,0.06502914198230621,1324033286.9540026,2021.4347999195497,0.001063687551137739,1.2034892892647254e-12
3176774.0180096617,0.001,3.147847452575582e-10,3.1478474525755823e-13,9208.473871690336,213796.89141205,0.06502914198230626,1459765203.6001143,2122.5199930348476,0.0010130293420872061,1.0395995294373353e-12
3335633.861081003,0.001,2.997930952997109e-10,2.997930952997109e-13,9668.958849812825,224488.15885075156,0.0650291419823062,1609411538.6962452,2228.66011855141,0.0009647837345016996,8.980280848752881e-13
3502437.753555168,0.001,2.8551542393150185e-10,2.855154239315019e-13,10152.471141476222,235714.0608142626,0.06502914198230625,1774398714.6018972,2340.107956731058,0.000918835828033615,7.757356735831311e-13
3677582.9507717816,0.001,2.7191772786257305e-10,2.7191772786257303e-13,10660.162265609664,247501.332586941,0.06502914198230617,1956299381.904143,2457.128928530999,0.0008750761944740595,6.70096899422742e-13
3861486.573481307,0.001,2.589676232121287e-10,2.5896762321212867e-13,11193.241324752458,259878.04639529172,0.06502914198230625,2156847409.854659,2580.00172772276,0.00083340061714179,5.788438896227369e-13
4054586.601247735,0.001,2.466342683844182e-10,2.466342683844182e-13,11752.977884617643,272873.6782639726,0.0650291419823062,2377954413.5360184,2709.018984621195,0.0007937098426837681,5.000176076657241e-13
4257342.915528145,0.001,2.348882906172818e-10,2.3488829061728183e-13,12340.704997653263,286519.1782150439,0.06502914198230625,2621727975.2935734,2844.487963004447,0.0007559093446962394,4.3192579632947974e-13
4470238.394913053,0.001,2.237017160288271e-10,2.2370171602882711e-13,12957.82237780144,300847.04397764854,0.06502914198230618,2890491734.1186924,2986.731291884453,0.0007199090986033748,3.7310664799543567e-13
4693780.065136208,0.001,2.130479029956385e-10,2.130479029956385e-13,13605.799734016924,315891.3983836666,0.06502914198230625,3186807534.47464,3136.0877338709433,0.0006856233672573385,3.222974222919517e-13
4928500.3065923825,0.001,2.0290147870385548e-10,2.029014787038555e-13,14286.180270483354,331688.07063366746,0.06502914198230617,3513499845.686563,3292.912991958653,0.0006529704967491676,2.7840733735011744e-13
5174958.122239242,0.001,1.9323827872201088e-10,1.9323827872201088e-13,15000.584361864045,348274.68162670074,0.06502914198230625,3873682684.660342,3457.5805566593685,0.0006218727219441793,2.404941526965405e-13
5433740.468902589,0.001,1.8403528945171757e-10,1.8403528945171758e-13,15750.713412339328,365690.7335571444,0.06502914198230617,4270789298.5562825,3630.4825954961,0.0005922559812787674,2.0774394106033266e-13
5705463.655155882,0.001,1.7527059331914691e-10,1.7527059331914693e-13,16538.353907621888,383977.7039919908,0.06502914198230621,4708604890.351815,3812.030886978001,0.0005640497403775205,1.794536148316924e-13
5990774.809102933,0.001,1.6692331657676528e-10,1.6692331657676528e-13,17365.381669599527,403179.1446526276,0.06502914198230617,5191302699.231714,4002.657801280162,0.0005371868240705821,1.5501583204685884e-13
6290353.419559493,0.001,1.5897357959102225e-10,1.5897357959102226e-13,18233.76632373835,423340.78513635386,0.0650291419823062,5723483779.722431,4202.8173299639275,0.0005116032564112144,1.3390595785834453e-13
6604912.95430431,0.001,1.5140244949758442e-10,1.5140244949758443e-13,19145.575989886253,444510.6418246803,0.06502914198230615,6310220858.743993,4412.986167190165,0.00048723810831251437,1.1567080157683739e-13
6935202.559253308,0.001,1.441918951113761e-10,1.441918951113761e-13,20102.98220764717,466739.13223774754,0.06502914198230621,6957106688.62219,4633.6648450002585,0.00046403335244047213,9.991888748954913e-14
7282008.842604006,0.001,1.373247439840247e-10,1.3732474398402471e-13,21108.265108057498,490079.19510724995,0.06502914198230614,7670307356.960857,4865.3789253688565,0.00044193372501773203,8.631205058708846e-14
7646157.748198799,0.001,1.307846415064572e-10,1.307846415064572e-13,22163.8188438801,514586.4164537792,0.0650291419823062,8456621061.520493,5108.680251867037,0.00042088659420898755,7.455817677441016e-14
8028516.522569114,0.001,1.2455601195923063e-10,1.2455601195923062e-13,23272.157291449803,540319.1619689018,0.06502914198230615,9323542910.344074,5364.1482639171245,0.0004008418347745074,6.440493171130501e-14
8429995.780344611,0.001,1.1862402141785185e-10,1.1862402141785185e-13,24435.920037648404,567338.7160171923,0.0650291419823062,10279336364.80066,5632.391376768815,0.0003817517086933225,5.563434365205101e-14
8851551.672946835,0.001,1.1297454242472758e-10,1.1297454242472758e-13,25657.878666269015,595709.4275893216,0.06502914198230623,11333112006.540207,5914.048430483471,0.0003635707514717217,4.8058123987595386e-14
9294188.165731821,0.001,1.0759412034362035e-10,1.0759412034362035e-13,26940.943358739944,625498.8635537506,0.0650291419823063,12494914379.161577,6209.790211377154,0.00034625566386633,4.1513625030820936e-14
9758959.429004973,0.001,1.0246994131647507e-10,1.0246994131647507e-13,28288.16982492867,656777.9695720342,0.06502914198230623,13775817732.36528,6520.321049545929,0.00032976520876387965,3.5860348265871475e-14
10246972.34860279,0.001,9.758980174630363e-11,9.758980174630363e-14,29702.766580532756,689621.2390609666,0.0650291419823063,15188031581.220331,6846.380496278197,0.0003140601129720885,3.097692809998773e-14
10759389.1620201,0.001,9.294207923345049e-11,9.294207923345049e-14,31188.102588387806,724106.8906039523,0.06502914198230623,16745017086.730797,7188.745085348612,0.0002991029736877589,2.6758526364481485e-14
11297430.226361495,0.001,8.851570489602079e-11,8.85157048960208e-14,32747.71528189263,760317.054234129,0.06502914198230617,18461615367.03738,7548.230182388613,0.00028485816941933975,2.3114581629510707e-14
11862376.924708582,0.001,8.430013700855029e-11,8.430013700855029e-14,34385.318989658495,798337.9670328884,0.06502914198230612,20354188962.310303,7925.69192673768,0.0002712917751518092,1.9966865014528665e-14
12455574.717824811,0.001,8.028533589613736e-11,8.028533589613736e-14,36104.81378144653,838260.1785096087,0.06502914198230628,22440777801.77008,8322.029270399975,0.00025837148155184167,1.7247800756186836e-14
13078436.348466303,0.001,7.646174002423994e-11,7.646174002423994e-14,37910.29475646222,880178.7662517818,0.06502914198230622,24741271159.509705,8738.186118962702,0.0002460665180208219,1.489901547932805e-14
13732445.205929063,0.001,7.282024322720351e-11,7.282024322720351e-14,39806.061796125025,924193.5623590266,0.06502914198230615,27277597238.189445,9175.1535795743,0.0002343475794124844,1.2870085026558049e-14
14419158.858846208,0.001,6.935217302127843e-11,6.935217302127843e-14,41796.629804542084,970409.391200348,0.06502914198230632,30073932187.711536,9633.972321336687,0.00022318675624061828,1.1117451943093476e-14
15140212.764648544,0.001,6.604926995048174e-11,6.604926995048174e-14,43886.739461073805,1018936.3190608459,0.06502914198230626,33156930551.23042,10115.735053732802,0.00021255746821063662,9.603490377253935e-15
15897324.16452259,0.001,6.290366791611756e-11,6.290366791611757e-14,46081.368510598426,1069889.9162723701,0.06502914198230621,36555979335.09757,10621.589128991856,0.00020243440091672176,8.295698321709812e-15
16692296.173143009,0.001,5.990787544310077e-11,5.990787544310078e-14,48385.74361836665,1123391.5324525256,0.06502914198230614,40303478124.53014,11152.739274590527,0.0001927934455537581,7.16599985436725e-15
17527022.072918292,0.001,5.7054757838477424e-11,5.705475783847742e-14,50805.35281767625,1179568.5855073992,0.0650291419823063,44435147915.04734,11710.450462397042,0.00018361164150050205,6.19014239927278e-15
18403489.82297766,0.001,5.433752019964454e-11,5.4337520199644536e-14,53345.958580014216,1238554.865086395,0.06502914198230628,48990371603.44772,12296.05092129176,0.00017486712163722454,5.3471760678199476e-15
19323786.793636892,0.001,5.174969123180809e-11,5.1749691231808095e-14,56013.61153879183,1300490.8512117628,0.06502914198230621,54012569383.86678,12910.935300438583,0.0001665390602676159,4.6190039026607415e-15
20290104.73761974,0.001,4.928510783613187e-11,4.928510783613187e-14,58814.66489935999,1365524.0488418099,0.06502914198230612,59549612627.18233,13556.56799074148,0.00015860762352090148,3.989993368872466e-15
21304745.009872667,0.001,4.6937900431880275e-11,4.693790043188028e-14,61755.78956961894,1433809.3391644284,0.06502914198230629,65654280188.838295,14234.48661239542,0.00015105392211607103,3.446640751802746e-15
22370124.04840553,0.001,4.4702478977593203e-11,4.4702478977593204e-14,64843.990047260406,1505509.3484576915,0.06502914198230622,72384761494.60146,14946.30567683835,0.00014385996637570885,2.977281256821802e-15
23488779.12921073,0.001,4.25735196580054e-11,4.2573519658005396e-14,68086.62110147755,1580794.8353958824,0.06502914198230618,79805211199.63693,15693.720431825126,0.00013700862338229968,2.5718385873508685e-15
24663374.40896615,0.001,4.0545952205001503e-11,4.05459522050015e-14,71491.40528887004,1659845.097723424,0.06502914198230611,87986360707.89021,16478.51089878042,0.00013048357617496633,2.221608625060736e-15
25896707.26991446,0.001,3.861494782241112e-11,3.861494782241112e-14,75066.45134526379,1742848.3992652404,0.0650291419823063,97006192380.75719,17302.546112046788,0.00012426928488946422,1.9190725682470558e-15
27191714.98202757,0.001,3.6775907685887136e-11,3.677590768588714e-14,78820.27349724124,1830002.4182904554,0.06502914198230621,106950682861.56137,18167.78857012271,0.00011835094974888891,1.6577355168026598e-15
28551481.69832435,0.001,3.5024451990478954e-11,3.502445199047895e-14,82761.81173937848,1921514.7182972294,0.06502914198230617,117914622601.17914,19076.29890949255,0.0001127144758169564,1.4319870384990943e-15
29979245.8,0.001,3.335640951981517e-11,3.335640951981517e-14,86900.45312547713,2017603.242340002,0.06502914198230614,130002519396.49391,20030.240812178683,0.00010734643942990891,1.2369807231882678e-15
