h,speed_m_s,radius_m,r0_m,u0_m_s
0.0,1.0,0.001,0.001,1.0
0.0,1.0390875993828967,0.0009623827679147453,0.001,1.0
0.0,1.0797030391913112,0.0009261805919792464,0.001,1.0
0.0,1.121906039039717,0.0008913402416979044,0.001,1.0
0.0,1.1657586528389539,0.0008578104889590273,0.001,1.0
0.0,1.2113253600382683,0.0008255420327106896,0.001,1.0
0.0,1.258673160433787,0.0007944874264700787,0.001,1.0
0.0,1.3078716726828274,0.0007646010085597369,0.001,1.0
0.0,1.3589932366688926,0.0007358388349681255,0.001,1.0
0.0,1.4121130198678724,0.000708158614735786,0.001,1.0
0.0,1.4673091278718402,0.0006815196477720974,0.001,1.0
0.0,1.524662719232962,0.0006558827650111934,0.001,1.0
0.0,1.5842581247963778,0.0006312102708190488,0.001,1.0
0.0,1.6461829716975178,0.0006074658875670521,0.001,1.0
0.0,1.7105283122061767,0.000584614702290567,0.001,1.0
0.0,1.7773887576067942,0.0005626231153540506,0.001,1.0
0.0,1.8468626173117928,0.0005414587910472483,0.001,1.0
0.0,1.919052043412524,0.0005210906100398225,0.001,1.0
0.0,1.9940631808803622,0.0005014886236245074,0.001,1.0
0.0,2.0720063236387984,0.0004826240096815093,0.001,1.0
0.0,2.15299607673602,0.0004644690302994038,0.001,1.0
0.0,2.2371515248564258,0.0004469969909902179,0.001,1.0
0.0,2.3245964074188503,0.0004301822014387283,0.001,1.0
0.0,2.4154593005189593,0.0004139999377282618,0.001,1.0
0.0,2.509873805983336,0.0003984264059874568,0.001,1.0
0.0,2.607978747813238,0.0003834387074045328,0.001,1.0
0.0,2.7099183763068706,0.0003690148045576264,0.001,1.0
0.0,2.8158425801603038,0.0003551334890116872,0.001,1.0
0.0,2.9259071068589115,0.00034177435013428825,0.001,1.0
0.0,3.0402737916833824,0.0003289177450844996,0.001,1.0
0.0,3.159110795667023,0.00031654476993069736,0.001,1.0
0.0,3.28259285285424,0.0003046372318548407,0.001,1.0
0.0,3.410901527223766,0.0002931776224023476,0.001,1.0
0.0,3.5442254796543984,0.0002821490917382354,0.001,1.0
0.0,3.6827607453257842,0.00027153542387167435,0.001,1.0
0.0,3.826711021962137,0.00026132101281252547,0.001,1.0
0.0,3.9762879693427076,0.0002514908396248029,0.001,1.0
0.0,4.131711520519406,0.00024203045034332116,0.001,1.0
0.0,4.293210205199169,0.00023292593472105762,0.001,1.0
0.0,4.461021485766557,0.0002241639057759807,0.001,1.0
0.0,4.635392106440695,0.00021573148010726846,0.001,1.0
0.0,4.816578456079889,0.00020761625895197787,0.001,1.0
0.0,5.004846945167431,0.00019980630995430893,0.001,1.0
0.0,5.20047439753285,0.00019229014962065936,0.001,1.0
0.0,5.403748457384625,0.00018505672643467065,0.001,1.0
0.0,5.61496801225282,0.00017809540460744013,0.001,1.0
0.0,5.83444363246354,0.00017139594843900468,0.001,1.0
0.0,6.062498027791366,0.0001649485072681023,0.001,1.0
0.0,6.299466521961276,0.00015874360098808176,0.001,1.0
0.0,6.545697545697666,0.00015277210610766407,0.001,1.0
0.0,6.801553149045507,0.0001470252423360589,0.001,1.0
0.0,7.067409533716877,0.0001414945596727125,0.001,1.0
0.0,7.343657606245667,0.00013617192598270315,0.001,1.0
0.0,7.630703552763759,0.00013104951503951567,0.001,1.0
0.0,7.928969436243836,0.0001261197950176141,0.001,1.0
0.0,8.238893817086966,0.00012137551741789179,0.001,1.0
0.0,8.560932397967486,0.00011680970640971506,0.001,1.0
0.0,8.895558693883299,0.00011241564857389034,0.001,1.0
0.0,9.243264728396852,0.00010818688303147187,0.001,1.0
0.0,9.604561757090488,0.0001041171919438967,0.001,1.0
0.0,9.979981019299931,0.00010020059137047811,0.001,1.0
0.0,10.370074519231242,9.643132246981502e-05,0.001,1.0
0.0,10.775415837609737,9.280384303217995e-05,0.001,1.0
0.0,11.196600975054345,8.931281933043489e-05,0.001,1.0
0.0,11.634249228417417,8.595311827749353e-05,0.001,1.0
0.0,12.089004101378572,8.271979987879767e-05,0.001,1.0
0.0,12.561534250631452,7.960810996871115e-05,0.001,1.0
0.0,13.052534469054667,7.661347322014966e-05,0.001,1.0
0.0,13.562726707312525,7.373148641716984e-05,0.001,1.0
0.0,14.092861135387675,7.095791198062434e-05,0.001,1.0
0.0,14.643717245606503,6.82886717373641e-05,0.001,1.0
0.0,15.216104998779183,6.57198409238259e-05,0.001,1.0
0.0,15.810866015139553,6.324764241518832e-05,0.001,1.0
0.0,16.428874811835982,6.086844117161098e-05,0.001,1.0
0.0,17.07104008879279,5.8578738893390816e-05,0.001,1.0
0.0,17.738306064832887,5.63751688771766e-05,0.001,1.0
0.0,18.43165386602629,5.4254491065678395e-05,0.001,1.0
0.0,19.15210296830574,5.221358728359339e-05,0.001,1.0
0.0,19.900712696470862,5.024945665274275e-05,0.001,1.0
0.0,20.67858378178464,4.8359211179678585e-05,0.001,1.0
0.0,21.4868599804527,4.6540071509272765e-05,0.001,1.0
0.0,22.326729755365026,4.478936283804412e-05,0.001,1.0
0.0,23.19942802357293,4.310451098121473e-05,0.001,1.0
0.0,24.106237972070694,4.148303858771297e-05,0.001,1.0
0.0,25.048492944551764,3.992256149755739e-05,0.001,1.0
0.0,26.027578401913726,3.8420785236265904e-05,0.001,1.0
0.0,27.044933959394662,3.6975501641135556e-05,0.001,1.0
0.0,28.102055503336377,3.558458561443224e-05,0.001,1.0
0.0,29.200497390686714,3.424599199871653e-05,0.001,1.0
0.0,30.34187473447519,3.295775256971103e-05,0.001,1.0
0.0,31.527865778622388,3.1717973142287816e-05,0.001,1.0
0.0,32.76021436557492,3.05248307853205e-05,0.001,1.0
0.0,34.04073250039434,2.9376571141305953e-05,0.001,1.0
0.0,35.3713030150701,2.8271505846814452e-05,0.001,1.0
0.0,36.7538823369742,2.7208010049975196e-05,0.001,1.0
0.0,38.19050336552797,2.6184520021347335e-05,0.001,1.0
0.0,39.68327846131089,2.5199530854663315e-05,0.001,1.0
0.0,41.234402552006536,2.4251594254063908e-05,0.001,1.0
0.0,42.846156359752456,2.3339316404571364e-05,0.001,1.0
0.0,44.520909754639405,2.2461355922669413e-05,0.001,1.0
0.0,46.26112523929085,2.1616421883976837e-05,0.001,1.0
0.0,48.069361569646276,2.08032719251145e-05,0.001,1.0
0.0,49.94827751727222,2.0020710416974794e-05,0.001,1.0
0.0,51.90063577873309,1.9267586706707787e-05,0.001,1.0
0.0,53.92930703776984,1.854279342583879e-05,0.001,1.0
0.0,56.03727418625941,1.784526486203007e-05,0.001,1.0
0.0,58.22763671016145,1.7173975392092243e-05,0.001,1.0
0.0,60.503615246901084,1.6527937973941454e-05,0.001,1.0
0.0,62.8685563208889,1.5906202695285005e-05,0.001,1.0
0.0,65.32593726414088,1.5307855376901364e-05,0.001,1.0
0.0,67.87937132923385,1.473201622846095e-05,0.001,1.0
0.0,70.53261300211382,1.4177838554911195e-05,0.001,1.0
0.0,73.28956352256932,1.3644507511523829e-05,0.001,1.0
0.0,76.15427662048687,1.3131238905773836e-05,0.001,1.0
0.0,79.13096447632275,1.2637278044288415e-05,0.001,1.0
0.0,82.22400391455547,1.2161898623170524e-05,0.001,1.0
0.0,85.43794283922533,1.1704401660065378e-05,0.001,1.0
0.0,88.77750692102383,1.1264114466399657e-05,0.001,1.0
0.0,92.24760654576514,1.0840389658282226e-05,0.001,1.0
0.0,95.85334403445708,1.0432604204612028e-05,0.001,1.0
0.0,99.6000211455869,1.0040158510993535e-05,0.001,1.0
0.0,103.49314687065367,9.662475538112736e-06,0.001,1.0
0.0,107.53844553440906,9.298999953277453e-06,0.001,1.0
0.0,111.74186521171748,8.949197313874241e-06,0.001,1.0
0.0,116.10958647341073,8.612553281541496e-06,0.001,1.0
0.0,120.6480314739972,8.288572865903128e-06,0.001,1.0
0.0,125.3638733945879,7.976779696750905e-06,0.001,1.0
0.0,130.26404625492373,7.676715323605278e-06,0.001,1.0
0.0,135.35575510893128,7.387938541624793e-06,0.001,1.0
0.0,140.64648663879865,7.1100247428728944e-06,0.001,1.0
0.0,146.14402016314793,6.842565291988342e-06,0.001,1.0
0.0,151.856439075491,6.585166925341107e-06,0.001,1.0
0.0,157.79214272978703,6.337451172790408e-06,0.001,1.0
0.0,163.95985879057778,6.0990538011945815e-06,0.001,1.0
0.0,170.3686560658602,5.86962427885459e-06,0.001,1.0
0.0,177.02795784156504,5.648825260103671e-06,0.001,1.0
0.0,183.94755573724842,5.436332089285302e-06,0.001,1.0
0.0,191.13762410336923,5.231832323390134e-06,0.001,1.0
0.0,198.6087349813204,5.0350252726500294e-06,0.001,1.0
0.0,206.37187364821412,4.84562155841363e-06,0.001,1.0
0.0,214.43845476927328,4.663342687653472e-06,0.001,1.0
0.0,222.82033918158203,4.487920643478936e-06,0.001,1.0
0.0,231.52985133387284,4.319097491052982e-06,0.001,1.0
0.0,240.57979740799286,4.156624998333201e-06,0.001,1.0
0.0,249.9834841486949,4.00026427107953e-06,0.001,1.0
0.0,259.7547384294398,3.8497854015919785e-06,0.001,1.0
0.0,269.9079275829788,3.7049671306618674e-06,0.001,1.0
0.0,280.45798052661013,3.5655965222395194e-06,0.001,1.0
0.0,291.4204097131705,3.4314686503400584e-06,0.001,1.0
0.0,302.8113339400385,3.3023862977269403e-06,0.001,1.0
0.0,314.6475020496872,3.178159665930181e-06,0.001,1.0
0.0,326.94631755663454,3.05860609617289e-06,0.001,1.0
0.0,339.7258642370019,2.9435498007957765e-06,0.001,1.0
0.0,353.0049327183061,2.8328216047847365e-06,0.001,1.0
0.0,366.80304810858564,2.7262586970214253e-06,0.001,1.0
0.0,381.1404987054794,2.623704390891126e-06,0.001,1.0
0.0,396.0383658274765,2.525007893895873e-06,0.001,1.0
0.0,411.518554811198,2.430024085934092e-06,0.001,1.0
0.0,427.6038272202867,2.33861330592075e-06,0.001,1.0
0.0,444.3178343132666,2.2506411464342645e-06,0.001,1.0
0.0,461.68515181957974,2.1659782560882227e-06,0.001,1.0
0.0,479.73131607493525,2.084500149337337e-06,0.001,1.0
0.0,498.48286156910206,2.006087023437966e-06,0.001,1.0
0.0,517.967359961355,1.930623582294084e-06,0.001,1.0
0.0,538.2134606209411,1.85799886692966e-06,0.001,1.0
0.0,559.2509327521748,1.788106092338228e-06,0.001,1.0
0.0,581.110709166103,1.7208424904696828e-06,0.001,1.0
0.0,603.8249317630986,1.656109159123517e-06,0.001,1.0
0.0,627.4269987932595,1.593810916526252e-06,0.001,1.0
0.0,651.9516139641041,1.53385616137927e-06,0.001,1.0
0.0,677.4348374677659,1.4761567381712679e-06,0.001,1.0
0.0,703.9141390027236,1.4206278075572668e-06,0.001,1.0
0.0,731.4284528680187,1.3671877216136185e-06,0.001,1.0
0.0,760.0182352109756,1.3157579037855683e-06,0.001,1.0
0.0,789.7255235125983,1.2662627333508583e-06,0.001,1.0
0.0,820.593998398107,1.21862943422949e-06,0.001,1.0
0.0,852.6690478635015,1.1727879679761567e-06,0.001,1.0
0.0,885.9978340125859,1.1286709307980032e-06,0.001,1.0
0.0,920.629362402584,1.0862134544462944e-06,0.001,1.0
0.0,956.6145541003077,1.0453531108362618e-06,0.001,1.0
0.0,994.0063205548288,1.006029820254891e-06,0.001,1.0
0.0,1032.859641396743,9.681857630216758e-07,0.001,1.0
0.0,1073.2316452784212,9.3176529447245e-07,0.001,1.0
0.0,1115.181693874111,8.96714863141294e-07,0.001,1.0
0.0,1158.7714691634035,8.629829320202098e-07,0.001,1.0
0.0,1204.065064126393,8.30519902780792e-07,0.001,1.0
0.0,1251.1290769839072,7.992780428464637e-07,0.001,1.0
0.0,1300.0327091213474,7.692114152080601e-07,0.001,1.0
0.0,1350.8478668401442,7.402758108795513e-07,0.001,1.0
0.0,1403.6492670864322,7.12428683894595e-07,0.001,1.0
0.0,1458.514547312403,6.856290887483395e-07,0.001,1.0
0.0,1515.524379631877,6.598376201924915e-07,0.001,1.0
0.0,1574.7625894379407,6.350163552951284e-07,0.001,1.0
0.0,1636.3162786570638,6.111287976800591e-07,0.001,1.0
0.0,1700.2759538209232,5.881398238637455e-07,0.001,1.0
0.0,1766.7356591442478,5.660156316108822e-07,0.001,1.0
0.0,1835.793114804356,5.447236902326936e-07,0.001,1.0
0.0,1907.5498606257086,5.242326927548739e-07,0.001,1.0
0.0,1982.1114053807464,5.045125098848358e-07,0.001,1.0
0.0,2059.587381926539,4.85534145710584e-07,0.001,1.0
0.0,2140.0917084053526,4.6726969506607305e-07,0.001,1.0
0.0,2223.742755746162,4.496923025003656e-07,0.001,1.0
0.0,2310.663521713386,4.327761227902571e-07,0.001,1.0
0.0,2400.981811758792,4.1649628293829933e-07,0.001,1.0
0.0,2494.830426942441,4.0082884560036336e-07,0.001,1.0
0.0,2592.347359199028,3.857507738889498e-07,0.001,1.0
0.0,2693.6759942367094,3.712398975005026e-07,0.001,1.0
0.0,2798.9653223667597,3.5727488011691997e-07,0.001,1.0
0.0,2908.3701575740515,3.4383518803333027e-07,0.001,1.0
0.0,3022.051365150478,3.3090105996600297e-07,0.001,1.0
0.0,3140.1760982260153,3.1845347799600503e-07,0.001,1.0
0.0,3262.9180435452213,3.0647413960587276e-07,0.001,1.0
0.0,3390.4576768505412,2.9494543076818987e-07,0.001,1.0
0.0,3522.9825282479414,2.8385040004649746e-07,0.001,1.0
0.0,3660.6874579450414,2.73172733670456e-07,0.001,1.0
0.0,3803.774942767191,2.628967315486109e-07,0.001,1.0
0.0,3952.4553738727795,2.530072841834919e-07,0.001,1.0
0.0,4106.947366105495,2.434898504551015e-07,0.001,1.0
0.0,4267.47807943847,2.34330436240128e-07,0.001,1.0
0.0,4434.2835529828535,2.255155738354441e-07,0.001,1.0
0.0,4607.609052052014,2.1703230215563682e-07,0.001,1.0
0.0,4787.709428791631,2.0886814767545106e-07,0.001,1.0
0.0,4974.849496905955,2.0101110608912638e-07,0.001,1.0
0.0,5169.304421031219,1.9344962465965797e-07,0.001,1.0
0.0,5371.360121328724,1.8617258523203018e-07,0.001,1.0
0.0,5581.313693892488,1.7916928788544506e-07,0.001,1.0
0.0,5799.473847589632,1.7242943520050843e-07,0.001,1.0
0.0,6026.161357975801,1.659431171182415e-07,0.001,1.0
0.0,6261.709538953051,1.5970079636865403e-07,0.001,1.0
0.0,6506.46473286371,1.5369329444745435e-07,0.001,1.0
0.0,6760.7868197408325,1.4791177812027706e-07,0.001,1.0
0.0,7025.049746464029,1.423477464345839e-07,0.001,1.0
0.0,7299.642076598735,1.3699301822014116e-07,0.001,1.0
0.0,7584.967561727369,1.318397200596946e-07,0.001,1.0
0.0,7881.445735112435,1.2688027471215404e-07,0.001,1.0
0.0,8189.512528564548,1.2210738997126608e-07,0.001,1.0
0.0,8509.620913422292,1.1751404794339225e-07,0.001,1.0
0.0,8842.241566586461,1.130934947286279e-07,0.001,1.0
0.0,9187.863562587989,1.0883923049008859e-07,0.001,1.0
0.0,9546.99509270714,1.0474499989676238e-07,0.001,1.0
0.0,9920.164212201356,1.008047829258759e-07,0.001,1.0
0.0,10307.919616740432,9.70127860112495e-08,0.001,1.0
0.0,10710.831449190693,9.3363433524627e-08,0.001,1.0
0.0,11129.492137934376,8.985135957745502e-08,0.001,1.0
0.0,11564.517267957064,8.647140013105405e-08,0.001,1.0
0.0,12016.546485983548,8.321858540358743e-08,0.001,1.0
0.0,12486.24444099364,8.008813256265394e-08,0.001,1.0
0.0,12974.301761500104,7.707543869277007e-08,0.001,1.0
0.0,13481.436071026445,7.41760740273912e-08,0.001,1.0
0.0,14008.393043276843,7.138577543552991e-08,0.001,1.0
0.0,14555.947498550619,6.870044015338559e-08,0.001,1.0
0.0,15124.904543012424,6.611611975177664e-08,0.001,1.0
0.0,15716.100752494263,6.362901433049745e-08,0.001,1.0
0.0,16330.405402568982,6.123546693107123e-08,0.001,1.0
0.0,16968.721746704905,5.893195815967609e-08,0.001,1.0
0.0,17631.988344379934,5.671510101234513e-08,0.001,1.0
0.0,18321.180441108976,5.458163589482508e-08,0.001,1.0
0.0,19037.311402412823,5.252842582977648e-08,0.001,1.0
0.0,19781.434203837765,5.0552451844264774e-08,0.001,1.0
0.0,20554.642979216525,4.865080853076032e-08,0.001,1.0
0.0,21358.074629446586,4.68206997751235e-08,0.001,1.0
0.0,22192.910494152424,4.505943464528857e-08,0.001,1.0
0.0,23060.37808868831,4.336442343460646e-08,0.001,1.0
0.0,23961.75290903711,4.1733173854023536e-08,0.001,1.0
0.0,24898.360307257484,4.016328736750252e-08,0.001,1.0
0.0,25871.577440238605,3.8652455665292324e-08,0.001,1.0
0.0,26882.83529462621,3.719845726986607e-08,0.001,1.0
0.0,27933.62079089898,3.579915426953202e-08,0.001,1.0
0.0,29025.47896968736,3.445248917491926e-08,0.001,1.0
0.0,30160.01526355122,3.315648189371154e-08,0.001,1.0
0.0,31338.897857554926,3.19092268191853e-08,0.001,1.0
0.0,32563.860142112582,3.070889002826692e-08,0.001,1.0
0.0,33836.70326170812,2.955370658499309e-08,0.001,1.0
0.0,35159.29876323975,2.8441977945405832e-08,0.001,1.0
0.0,36533.59134788087,2.7372069460069804e-08,0.001,1.0
0.0,37961.60173050526,2.6342407970536647e-08,0.001,1.0
0.0,39445.42961088036,2.5351479496224505e-08,0.001,1.0
0.0,40987.25676099666,2.439782700831045e-08,0.001,1.0
0.0,42589.35023307446,2.348004828736294e-08,0.001,1.0
0.0,44254.0656929627,2.259679386156422e-08,0.001,1.0
0.0,45983.850883833664,2.17467650224911e-08,0.001,1.0
0.0,47781.24922526376,2.0928711915536554e-08,0.001,1.0
0.0,49648.90355299525,2.014143170216438e-08,0.001,1.0
0.0,51589.56000487475,1.9383766791294753e-08,0.001,1.0
0.0,53606.072058685255,1.8654603137220164e-08,0.001,1.0
0.0,55701.40472780578,1.7952868601549034e-08,0.001,1.0
0.0,57878.638920870886,1.727753137676848e-08,0.001,1.0
0.0,60140.97597183715,1.662759846910834e-08,0.001,1.0
0.0,62491.742347120795,1.6002114238475436e-08,0.001,1.0
0.0,64934.394536724314,1.540015899331192e-08,0.001,1.0
0.0,67472.52413654666,1.4820847638310708e-08,0.001,1.0
0.0,70109.8631293489,1.426332837300015e-08,0.001,1.0
0.0,72850.28937213853,1.372678143928483e-08,0.001,1.0
0.0,75697.83229804484,1.321041791609966e-08,0.001,1.0
0.0,78656.67884106442,1.2713478559406555e-08,0.001,1.0
0.0,81731.1795923932,1.2235232685826449e-08,0.001,1.0
0.0,84925.85519739214,1.177497709826662e-08,0.001,1.0
0.0,88245.40300259778,1.1332035051962566e-08,0.001,1.0
0.0,91694.70396254549,1.0905755259414648e-08,0.001,1.0
0.0,95278.82981656687,1.049551093275626e-08,0.001,1.0
0.0,99003.05054610792,1.010069886214544e-08,0.001,1.0
0.0,102872.84212353895,9.720738528824846e-09,0.001,1.0
0.0,106893.8945638437,9.355071251545965e-09,0.001,1.0
0.0,111072.12029103292,9.003159365102467e-09,0.001,1.0
0.0,115413.66283157784,8.664485429764857e-09,0.001,1.0
0.0,119924.90584765113,8.338551470454098e-09,0.001,1.0
0.0,124612.48252345582,8.02487824453517e-09,0.001,1.0
0.0,129483.28531844074,7.723004537154593e-09,0.001,1.0
0.0,134544.47610174937,7.43248648308496e-09,0.001,1.0
0.0,139803.49668279613,7.152896914080247e-09,0.001,1.0
0.0,145268.07975346153,6.883824730781376e-09,0.001,1.0
0.0,150946.26025798733,6.624874298249368e-09,0.001,1.0
0.0,156846.38720729816,6.375664864236472e-09,0.001,1.0
0.0,162977.13595511153,6.1358299993406956e-09,0.001,1.0
0.0,169347.52095389698,5.905017058219817e-09,0.001,1.0
0.0,175966.9090094294,5.682886661073385e-09,0.001,1.0
0.0,182845.03305343678,5.469112194629578e-09,0.001,1.0
0.0,189992.0064545818,5.26337933190391e-09,0.001,1.0
0.0,197418.3378888314,5.065385570022939e-09,0.001,1.0
0.0,205134.94679106714,4.874839785434095e-09,0.001,1.0
0.0,213153.1794106684,4.691461805846978e-09,0.001,1.0
0.0,221484.8254946635,4.514981998277324e-09,0.001,1.0
0.0,230142.13562298944,4.345140872587379e-09,0.001,1.0
0.0,239137.83922134535,4.181688699940133e-09,0.001,1.0
0.0,248485.16327812057,4.024385145606198e-09,0.001,1.0
0.0,258197.85179292966,3.872998915583478e-09,0.001,1.0
0.0,268290.1859853359,3.727307416510041e-09,0.001,1.0
0.0,278777.00529349386,3.5870964283700854e-09,0.001,1.0
0.0,289673.7291935693,3.4521597895119054e-09,0.001,1.0
0.0,300996.3798720375,3.3222990935144463e-09,0.001,1.0
0.0,312761.6057841775,3.1973233974570877e-09,0.001,1.0
0.0,324986.7061334212,3.0770489411633237e-09,0.001,1.0
0.0,337689.6563075312,2.9612988770059007e-09,0.001,1.0
0.0,350889.13430902833,2.8499030098757606e-09,0.001,1.0
0.0,364604.54821871064,2.742697546932803e-09,0.001,1.0
0.0,378856.064732666,2.6395248567701684e-09,0.001,1.0
0.0,393664.6388147168,2.5402332376382504e-09,0.001,1.0
0.0,409052.0445079195,2.4446766943873302e-09,0.001,1.0
0.0,425040.9069504003,2.3527147238011486e-09,0.001,1.0
0.0,441654.73564262013,2.264212108005525e-09,0.001,1.0
0.0,458917.95901497843,2.179038715648437e-09,0.001,1.0
0.0,476855.960346572,2.0970693105591345e-09,0.001,1.0
0.0,495495.1150879457,2.0181833676049664e-09,0.001,1.0
0.0,514862.829642685,1.9422648954751692e-09,0.001,1.0
0.0,534987.5816649033,1.869202266131037e-09,0.001,1.0
0.0,555898.9619318452,1.7988880506717017e-09,0.001,1.0
0.0,577627.7178532059,1.7312188613741927e-09,0.001,1.0
0.0,600205.7986811082,1.6660951996755092e-09,0.001,1.0
0.0,623666.4024872475,1.6034213098731869e-09,0.001,1.0
0.0,648044.0249762406,1.543105038329244e-09,0.001,1.0
0.0,673374.5102069924,1.4850576979704869e-09,0.001,1.0
0.0,699695.1032966168,1.4291939378859372e-09,0.001,1.0
0.0,727044.5051844502,1.3754316178296425e-09,0.001,1.0
0.0,755462.929536637,1.3236916874443451e-09,0.001,1.0
0.0,784992.1618749937,1.273898070028431e-09,0.001,1.0
0.0,815675.6210170782,1.2259775506752114e-09,0.001,1.0
0.0,847558.4229177883,1.1798596686201518e-09,0.001,1.0
0.0,880687.4470063993,1.135476613637634e-09,0.001,1.0
0.0,915111.4051165305,1.0927631263350499e-09,0.001,1.0
0.0,950880.913110446,1.0516564021974938e-09,0.001,1.0
0.0,988048.5653029489,1.0120959992420883e-09,0.001,1.0
0.0,1026669.0117943574,9.740237491460393e-10,0.001,1.0
0.0,1066799.0388262086,9.373836717178646e-10,0.001,1.0
0.0,1108497.6522779076,9.021218925859238e-10,0.001,1.0
0.0,1151826.1644270266,8.681865639833313e-10,0.001,1.0
0.0,1196848.28410089,8.355277885126691e-10,0.001,1.0
0.0,1243630.2103519314,8.040975457785098e-10,0.001,1.0
0.0,1292240.7297946364,7.738496217797758e-10,0.001,1.0
0.0,1342751.3177471124,7.447395409581981e-10,0.001,1.0
0.0,1395236.2433260665,7.167245008029088e-10,0.001,1.0
0.0,1449772.678649695,6.897633089150162e-10,0.001,1.0
0.0,1506440.8123090216,6.638163224396679e-10,0.001,1.0
0.0,1565323.9672746034,6.388453897764735e-10,0.001,1.0
0.0,1626508.7234118779,6.14813794482658e-10,0.001,1.0
0.0,1690085.0447853894,5.916862012863867e-10,0.001,1.0
0.0,1756146.411938984,5.694286041309549e-10,0.001,1.0
0.0,1824789.959346568,5.480082761733772e-10,0.001,1.0
0.0,1896116.618235437,5.273937216639238e-10,0.001,1.0
0.0,1970231.2649922783,5.075546296357848e-10,0.001,1.0
0.0,2047242.8753699518,4.884618293368309e-10,0.001,1.0
0.0,2127264.684721904,4.700872473378784e-10,0.001,1.0
0.0,2210414.3544996954,4.524038662544517e-10,0.001,1.0
0.0,2296814.145258586,4.3538568502129064e-10,0.001,1.0
0.0,2386591.096425421,4.190076806612479e-10,0.001,1.0
0.0,2479877.2130932882,4.032457714923087e-10,0.001,1.0
0.0,2576809.6601174553,3.8807678171868496e-10,0.001,1.0
0.0,2677530.9637981015,3.734784073538745e-10,0.001,1.0
0.0,2782189.2214463456,3.5942918342561247e-10,0.001,1.0
0.0,2890938.3191416506,3.4590845241447757e-10,0.001,1.0
0.0,3003938.1580009265,3.3289633387975087e-10,0.001,1.0
0.0,3121354.88929186,3.2037369522786584e-10,0.001,1.0
0.0,3243361.158736349,3.0832212358046856e-10,0.001,1.0
0.0,3370136.3603630792,2.967238987007235e-10,0.001,1.0
0.0,3501866.900282688,2.855619669380568e-10,0.001,1.0
0.0,3638746.47077316,2.74819916153026e-10,0.001,1.0
0.0,3780976.335078674,2.644819515854474e-10,0.001,1.0
0.0,3928765.6233404377,2.5453287263029653e-10,0.001,1.0
0.0,4082331.640094869,2.4495805048723606e-10,0.001,1.0
0.0,4241900.183791015,2.357434066509066e-10,0.001,1.0
0.0,4407705.878797279,2.2687539221035045e-10,0.001,1.0
0.0,4579992.52038534,2.183409679271409e-10,0.001,1.0
0.0,4759013.43319883,2.1012758506290613e-10,0.001,1.0
0.0,4945031.843733534,2.0222316692808032e-10,0.001,1.0
0.0,5138321.2673770515,1.9461609112473185e-10,0.001,1.0
0.0,5339165.910576909,1.8729517245736772e-10,0.001,1.0
0.0,5547861.0887283515,1.802496464865911e-10,0.001,1.0
0.0,5764713.660396532,1.734691537014199e-10,0.001,1.0
0.0,5990042.478511217,1.6694372428700086e-10,0.001,1.0
0.0,6224178.859197802,1.6066376346531996e-10,0.001,1.0
0.0,6467467.068933614,1.5462003738735454e-10,0.001,1.0
0.0,6720264.830746174,1.4880365955592368e-10,0.001,1.0
0.0,6982943.850197342,1.4320607775927324e-10,0.001,1.0
0.0,7255890.361927125,1.3781906149618366e-10,0.001,1.0
0.0,7539505.697560346,1.3263468987410972e-10,0.001,1.0
0.0,7834206.875811658,1.2764533996255955e-10,0.001,1.0
0.0,8140427.21565611,1.228436755845867e-10,0.001,1.0
0.0,8458616.973467313,1.1822263652991556e-10,0.001,1.0
0.0,8789244.005059581,1.1377542817383881e-10,0.001,1.0
0.0,9132794.453607867,1.0949551148662429e-10,0.001,1.0
0.0,9489773.46445684,1.0537659341873827e-10,0.001,1.0
0.0,9860705.92786996,1.0141261764775206e-10,0.001,1.0
0.0,10246137.250811107,9.759775567332337e-11,0.001,1.0
0.0,10646634.158892974,9.392639824715997e-11,0.001,1.0
0.0,11062785.529672055,9.03931471253645e-11,0.001,1.0
0.0,11495203.258514771,8.699280713103309e-11,0.001,1.0
0.0,11944523.158308575,8.372037851543721e-11,0.001,1.0
0.0,12411405.894340258,8.057104960655663e-11,0.001,1.0
0.0,12896537.955716765,7.754018973415421e-11,0.001,1.0
0.0,13400632.664756129,7.462334242098986e-11,0.001,1.0
0.0,13924431.225833489,7.181621883016205e-11,0.001,1.0
0.0,14468703.815223549,6.911469145894239e-11,0.001,1.0
0.0,15034250.71354281,6.65147880698306e-11,0.001,1.0
0.0,15621903.482455812,6.401268584990625e-11,0.001,1.0
0.0,16232526.187376305,6.160470578988982e-11,0.001,1.0
0.0,16867016.667960867,5.928730727464769e-11,0.001,1.0
0.0,17526307.85826274,5.705708287718746e-11,0.001,1.0
0.0,18211369.158487845,5.491075334848869e-11,0.001,1.0
0.0,18923207.86036884,5.284516279580241e-11,0.001,1.0
0.0,19662870.628254235,5.0857274042329646e-11,0.001,1.0
0.0,20431445.03808914,4.8944164161455924e-11,0.001,1.0
0.0,21230061.17655166,4.710302017897563e-11,0.001,1.0
0.0,22059893.302695073,4.533113493698667e-11,0.001,1.0
0.0,22922161.574540287,4.3625903113374036e-11,0.001,1.0
0.0,23818133.84315592,4.198481739102941e-11,0.001,1.0
0.0,24749127.516865432,4.040546477117402e-11,0.001,1.0
0.0,25716511.498320866,3.888552302536418e-11,0.001,1.0
0.0,26721708.197292913,3.7422757280962545e-11,0.001,1.0
0.0,27766195.622135334,3.601501673505442e-11,0.001,1.0
0.0,28851509.553000525,3.4660231491977544e-11,0.001,1.0
0.0,29979245.8,3.335640951981517e-11,0.001,1.0
4.5399929762484854e-05,1.0,0.001,0.001,1.0
4.5399929762484854e-05,1.0390875993828967,0.0009623861181912561,0.001,1.0
4.5399929762484854e-05,1.0797030391913112,0.0009261870404872344,0.001,1.0
4.5399929762484854e-05,1.121906039039717,0.0008913495506135575,0.001,1.0
4.5399929762484854e-05,1.1657586528389539,0.0008578224339665023,0.001,1.0
4.5399929762484854e-05,1.2113253600382683,0.0008255564023223973,0.001,1.0
4.5399929762484854e-05,1.258673160433787,0.0007945040213789909,0.001,1.0
4.5399929762484854e-05,1.3078716726828274,0.0007646196410222698,0.001,1.0
4.5399929762484854e-05,1.3589932366688926,0.000735859328216214,0.001,1.0
4.5399929762484854e-05,1.4121130198678724,0.0007081808024168278,0.001,1.0
4.5399929762484854e-05,1.4673091278718402,0.0006815433734154999,0.001,1.0
4.5399929762484854e-05,1.524662719232962,0.0006559078815203167,0.001,1.0
4.5399929762484854e-05,1.5842581247963778,0.000631236639987388,0.001,1.0
4.5399929762484854e-05,1.6461829716975178,0.0006074933796175538,0.001,1.0
4.5399929762484854e-05,1.7105283122061767,0.0005846431954370248,0.001,1.0
4.5399929762484854e-05,1.7773887576067942,0.0005626524953835702,0.001,1.0
4.5399929762484854e-05,1.8468626173117928,0.0005414889509228179,0.001,1.0
4.5399929762484854e-05,1.919052043412524,0.0005211214495220664,0.001,1.0
4.5399929762484854e-05,1.9940631808803622,0.000501520048911742,0.001,1.0
4.5399929762484854e-05,2.0720063236387984,0.00048265593306726036,0.001,1.0
4.5399929762484854e-05,2.15299607673602,0.0004645013698465795,0.001,1.0
4.5399929762484854e-05,2.2371515248564258,0.0004470296702211707,0.001,1.0
4.5399929762484854e-05,2.3245964074188503,0.00043021514904046976,0.001,1.0
4.5399929762484854e-05,2.4154593005189593,0.0004140330872721304,0.001,1.0
4.5399929762484854e-05,2.509873805983336,0.0003984596956625673,0.001,1.0
4.5399929762484854e-05,2.607978747813238,0.00038347207976436746,0.001,1.0
4.5399929762484854e-05,2.7099183763068706,0.00036904820627915735,0.001,1.0
4.5399929762484854e-05,2.8158425801603038,0.00035516687066644413,0.001,1.0
4.5399929762484854e-05,2.9259071068589115,0.00034180766597081513,0.001,1.0
4.5399929762484854e-05,3.0402737916833824,0.00032895095282166635,0.001,1.0
4.5399929762484854e-05,3.159110795667023,0.0003165778305613586,0.001,1.0
4.5399929762484854e-05,3.28259285285424,0.0003046701094593551,0.001,1.0
4.5399929762484854e-05,3.410901527223766,0.0002932102839714938,0.001,1.0
4.5399929762484854e-05,3.5442254796543984,0.0002821815070050819,0.001,1.0
4.5399929762484854e-05,3.6827607453257842,0.00027156756515197953,0.001,1.0
4.5399929762484854e-05,3.826711021962137,0.0002613528548532646,0.001,1.0
4.5399929762484854e-05,3.9762879693427076,0.00025152235946043614,0.001,1.0
4.5399929762484854e-05,4.131711520519406,0.00024206162715943502,0.001,1.0
4.5399929762484854e-05,4.293210205199169,0.00023295674972502768,0.001,1.0
4.5399929762484854e-05,4.461021485766557,0.0002241943420743214,0.001,1.0
4.5399929762484854e-05,4.635392106440695,0.0002157615225893488,0.001,1.0
4.5399929762484854e-05,4.816578456079889,0.0002076458941797985,0.001,1.0
4.5399929762484854e-05,5.004846945167431,0.00019983552605804862,0.001,1.0
4.5399929762484854e-05,5.20047439753285,0.00019231893619971302,0.001,1.0
4.5399929762484854e-05,5.403748457384625,0.00018508507446391364,0.001,1.0
4.5399929762484854e-05,5.61496801225282,0.00017812330634846545,0.001,1.0
4.5399929762484854e-05,5.83444363246354,0.0001714233973560916,0.001,1.0
4.5399929762484854e-05,6.062498027791366,0.00016497549794868623,0.001,1.0
4.5399929762484854e-05,6.299466521961276,0.00015877012906750573,0.001,1.0
4.5399929762484854e-05,6.545697545697666,0.0001527981681980016,0.001,1.0
4.5399929762484854e-05,6.801553149045507,0.00014705083595880936,0.001,1.0
4.5399929762484854e-05,7.067409533716877,0.00014151968319517776,0.001,1.0
4.5399929762484854e-05,7.343657606245667,0.00013619657855786345,0.001,1.0
4.5399929762484854e-05,7.630703552763759,0.00013107369654923268,0.001,1.0
4.5399929762484854e-05,7.928969436243836,0.0001261435060189947,0.001,1.0
4.5399929762484854e-05,8.238893817086966,0.00012139875909265568,0.001,1.0
4.5399929762484854e-05,8.560932397967486,0.00011683248051641635,0.001,1.0
4.5399929762484854e-05,8.895558693883299,0.00011243795740284954,0.001,1.0
4.5399929762484854e-05,9.243264728396852,0.00010820872936228216,0.001,1.0
4.5399929762484854e-05,9.604561757090488,0.00010413857900537492,0.001,1.0
4.5399929762484854e-05,9.979981019299931,0.00010022152280293625,0.001,1.0
4.5399929762484854e-05,10.370074519231242,9.645180228953423e-05,0.001,1.0
4.5399929762484854e-05,10.775415837609737,9.28238755979754e-05,0.001,1.0
4.5399929762484854e-05,11.196600975054345,8.933240931220359e-05,0.001,1.0
4.5399929762484854e-05,11.634249228417417,8.597227062664406e-05,0.001,1.0
4.5399929762484854e-05,12.089004101378572,8.273851980046413e-05,0.001,1.0
4.5399929762484854e-05,12.561534250631452,7.96264028956591e-05,0.001,1.0
4.5399929762484854e-05,13.052534469054667,7.663134478828637e-05,0.001,1.0
4.5399929762484854e-05,13.562726707312525,7.374894244257466e-05,0.001,1.0
4.5399929762484854e-05,14.092861135387675,7.097495843801979e-05,0.001,1.0
4.5399929762484854e-05,14.643717245606503,6.830531473995161e-05,0.001,1.0
4.5399929762484854e-05,15.216104998779183,6.573608670441402e-05,0.001,1.0
4.5399929762484854e-05,15.810866015139553,6.326349730854486e-05,0.001,1.0
4.5399929762484854e-05,16.428874811835982,6.0883911597973465e-05,0.001,1.0
4.5399929762484854e-05,17.07104008879279,5.85938313430733e-05,0.001,1.0
4.5399929762484854e-05,17.738306064832887,5.6389889896213466e-05,0.001,1.0
4.5399929762484854e-05,18.43165386602629,5.426884724244918e-05,0.001,1.0
4.5399929762484854e-05,19.15210296830574,5.222758523637494e-05,0.001,1.0
4.5399929762484854e-05,19.900712696470862,5.026310301813783e-05,0.001,1.0
4.5399929762484854e-05,20.67858378178464,4.83725126018729e-05,0.001,1.0
4.5399929762484854e-05,21.4868599804527,4.6553034630074077e-05,0.001,1.0
4.5399929762484854e-05,22.326729755365026,4.480199428766015e-05,0.001,1.0
4.5399929762484854e-05,23.19942802357293,4.311681736972807e-05,0.001,1.0
4.5399929762484854e-05,24.106237972070694,4.149502649721392e-05,0.001,1.0
4.5399929762484854e-05,25.048492944551764,3.9934237474897034e-05,0.001,1.0
4.5399929762484854e-05,26.027578401913726,3.843215578639393e-05,0.001,1.0
4.5399929762484854e-05,27.044933959394662,3.698657322098929e-05,0.001,1.0
4.5399929762484854e-05,28.102055503336377,3.559536462734454e-05,0.001,1.0
4.5399929762484854e-05,29.200497390686714,3.425648478931246e-05,0.001,1.0
4.5399929762484854e-05,30.34187473447519,3.2967965419264244e-05,0.001,1.0
4.5399929762484854e-05,31.527865778622388,3.172791226450928e-05,0.001,1.0
4.5399929762484854e-05,32.76021436557492,3.053450232255384e-05,0.001,1.0
4.5399929762484854e-05,34.04073250039434,2.938598116110447e-05,0.001,1.0
4.5399929762484854e-05,35.3713030150701,2.8280660338876712e-05,0.001,1.0
4.5399929762484854e-05,36.7538823369742,2.7216914923416984e-05,0.001,1.0
4.5399929762484854e-05,38.19050336552797,2.619318110228894e-05,0.001,1.0
4.5399929762484854e-05,39.68327846131089,2.520795388411243e-05,0.001,1.0
4.5399929762484854e-05,41.234402552006536,2.4259784886075153e-05,0.001,1.0
4.5399929762484854e-05,42.846156359752456,2.334728020466479e-05,0.001,1.0
4.5399929762484854e-05,44.520909754639405,2.24690983664909e-05,0.001,1.0
4.5399929762484854e-05,46.26112523929085,2.1623948356184662e-05,0.001,1.0
4.5399929762484854e-05,48.069361569646276,2.0810587718476756e-05,0.001,1.0
4.5399929762484854e-05,49.94827751727222,2.0027820731663465e-05,0.001,1.0
4.5399929762484854e-05,51.90063577873309,1.927449664977598e-05,0.001,1.0
4.5399929762484854e-05,53.92930703776984,1.8549508010868274e-05,0.001,1.0
4.5399929762484854e-05,56.03727418625941,1.785178900893713e-05,0.001,1.0
4.5399929762484854e-05,58.22763671016145,1.7180313927080333e-05,0.001,1.0
4.5399929762484854e-05,60.503615246901084,1.6534095629590016e-05,0.001,1.0
4.5399929762484854e-05,62.8685563208889,1.5912184110764147e-05,0.001,1.0
4.5399929762484854e-05,65.32593726414088,1.5313665098302903e-05,0.001,1.0
4.5399929762484854e-05,67.87937132923385,1.4737658709236651e-05,0.001,1.0
4.5399929762484854e-05,70.53261300211382,1.4183318156409819e-05,0.001,1.0
4.5399929762484854e-05,73.28956352256932,1.3649828503618807e-05,0.001,1.0
4.5399929762484854e-05,76.15427662048687,1.3136405467574064e-05,0.001,1.0
4.5399929762484854e-05,79.13096447632275,1.2642294264925007e-05,0.001,1.0
4.5399929762484854e-05,82.22400391455547,1.2166768502652755e-05,0.001,1.0
4.5399929762484854e-05,85.43794283922533,1.1709129110199626e-05,0.001,1.0
4.5399929762484854e-05,88.77750692102383,1.1268703311765254e-05,0.001,1.0
4.5399929762484854e-05,92.24760654576514,1.0844843637258715e-05,0.001,1.0
4.5399929762484854e-05,95.85334403445708,1.0436926970452567e-05,0.001,1.0
4.5399929762484854e-05,99.6000211455869,1.004435363293947e-05,0.001,1.0
4.5399929762484854e-05,103.49314687065367,9.66654650254485e-06,0.001,1.0
4.5399929762484854e-05,107.53844553440906,9.3029501648994e-06,0.001,1.0
4.5399929762484854e-05,111.74186521171748,8.953030096924238e-06,0.001,1.0
4.5399929762484854e-05,116.10958647341073,8.61627188102841e-06,0.001,1.0
4.5399929762484854e-05,120.6480314739972,8.292180448863405e-06,0.001,1.0
4.5399929762484854e-05,125.3638733945879,7.98027935352308e-06,0.001,1.0
4.5399929762484854e-05,130.26404625492373,7.680110069118902e-06,0.001,1.0
4.5399929762484854e-05,135.35575510893128,7.391231316700926e-06,0.001,1.0
4.5399929762484854e-05,140.64648663879865,7.113218415533457e-06,0.001,1.0
4.5399929762484854e-05,146.14402016314793,6.8456626587718e-06,0.001,1.0
4.5399929762484854e-05,151.856439075491,6.588170712622226e-06,0.001,1.0
4.5399929762484854e-05,157.79214272978703,6.340364038101825e-06,0.001,1.0
4.5399929762484854e-05,163.95985879057778,6.101878334548258e-06,0.001,1.0
4.5399929762484854e-05,170.3686560658602,5.872363004061224e-06,0.001,1.0
4.5399929762484854e-05,177.02795784156504,5.651480636088425e-06,0.001,1.0
4.5399929762484854e-05,183.94755573724842,5.4389065113981895e-06,0.001,1.0
4.5399929762484854e-05,191.13762410336923,5.234328124709645e-06,0.001,1.0
4.5399929762484854e-05,198.6087349813204,5.037444725278637e-06,0.001,1.0
4.5399929762484854e-05,206.37187364821412,4.847966874763926e-06,0.001,1.0
4.5399929762484854e-05,214.43845476927328,4.665616021723849e-06,0.001,1.0
4.5399929762484854e-05,222.82033918158203,4.490124092117746e-06,0.001,1.0
4.5399929762484854e-05,231.52985133387284,4.321233095210237e-06,0.001,1.0
4.5399929762484854e-05,240.57979740799286,4.158694744298969e-06,0.001,1.0
4.5399929762484854e-05,249.9834841486949,4.002270091708263e-06,0.001,1.0
4.5399929762484854e-05,259.7547384294398,3.851729177512077e-06,0.001,1.0
4.5399929762484854e-05,269.9079275829788,3.706850691469848e-06,0.001,1.0
4.5399929762484854e-05,280.45798052661013,3.56742164767824e-06,0.001,1.0
4.5399929762484854e-05,291.4204097131705,3.433237071460519e-06,0.001,1.0
4.5399929762484854e-05,302.8113339400385,3.304099698033205e-06,0.001,1.0
4.5399929762484854e-05,314.6475020496872,3.179819682507077e-06,0.001,1.0
4.5399929762484854e-05,326.94631755663454,3.0602143207961383e-06,0.001,1.0
4.5399929762484854e-05,339.7258642370019,2.945107781024284e-06,0.001,1.0
4.5399929762484854e-05,353.0049327183061,2.834330845034827e-06,0.001,1.0
4.5399929762484854e-05,366.80304810858564,2.72772065962281e-06,0.001,1.0
4.5399929762484854e-05,381.1404987054794,2.6251204971244882e-06,0.001,1.0
4.5399929762484854e-05,396.0383658274765,2.5263795250119366e-06,0.001,1.0
4.5399929762484854e-05,411.518554811198,2.431352584154107e-06,0.001,1.0
4.5399929762484854e-05,427.6038272202867,2.3398999754183524e-06,0.001,1.0
4.5399929762484854e-05,444.3178343132666,2.2518872542986834e-06,0.001,1.0
4.5399929762484854e-05,461.68515181957974,2.1671850332688758e-06,0.001,1.0
4.5399929762484854e-05,479.73131607493525,2.0856687915698217e-06,0.001,1.0
4.5399929762484854e-05,498.48286156910206,2.0072186921515305e-06,0.001,1.0
4.5399929762484854e-05,517.967359961355,1.9317194055006427e-06,0.001,1.0
4.5399929762484854e-05,538.2134606209411,1.8590599400944828e-06,0.001,1.0
4.5399929762484854e-05,559.2509327521748,1.7891334792324e-06,0.001,1.0
4.5399929762484854e-05,581.110709166103,1.7218372240044856e-06,0.001,1.0
4.5399929762484854e-05,603.8249317630986,1.6570722421668865e-06,0.001,1.0
4.5399929762484854e-05,627.4269987932595,1.594743322701471e-06,0.001,1.0
4.5399929762484854e-05,651.9516139641041,1.5347588358460927e-06,0.001,1.0
4.5399929762484854e-05,677.4348374677659,1.4770305983896523e-06,0.001,1.0
4.5399929762484854e-05,703.9141390027236,1.4214737440339255e-06,0.001,1.0
4.5399929762484854e-05,731.4284528680187,1.368006598631602e-06,0.001,1.0
4.5399929762484854e-05,760.0182352109756,1.3165505601170911e-06,0.001,1.0
4.5399929762484854e-05,789.7255235125983,1.267029982953611e-06,0.001,1.0
4.5399929762484854e-05,820.593998398107,1.2193720669266591e-06,0.001,1.0
4.5399929762484854e-05,852.6690478635015,1.1735067501203962e-06,0.001,1.0
4.5399929762484854e-05,885.9978340125859,1.1293666059196053e-06,0.001,1.0
4.5399929762484854e-05,920.629362402584,1.086886743885803e-06,0.001,1.0
4.5399929762484854e-05,956.6145541003077,1.0460047143617917e-06,0.001,1.0
4.5399929762484854e-05,994.0063205548288,1.0066604166643983e-06,0.001,1.0
4.5399929762484854e-05,1032.859641396743,9.687960107304428e-07,0.001,1.0
4.5399929762484854e-05,1073.2316452784212,9.32355832086046e-07,0.001,1.0
4.5399929762484854e-05,1115.181693874111,8.972863100142683e-07,0.001,1.0
4.5399929762484854e-05,1158.7714691634035,8.635358888007869e-07,0.001,1.0
4.5399929762484854e-05,1204.065064126393,8.310549519418254e-07,0.001,1.0
4.5399929762484854e-05,1251.1290769839072,7.997957492029142e-07,0.001,1.0
4.5399929762484854e-05,1300.0327091213474,7.697123264212607e-07,0.001,1.0
4.5399929762484854e-05,1350.8478668401442,7.407604579485181e-07,0.001,1.0
4.5399929762484854e-05,1403.6492670864322,7.128975816346515e-07,0.001,1.0
4.5399929762484854e-05,1458.514547312403,6.860827362573063e-07,0.001,1.0
4.5399929762484854e-05,1515.524379631877,6.602765013047043e-07,0.001,1.0
4.5399929762484854e-05,1574.7625894379407,6.354409390235388e-07,0.001,1.0
4.5399929762484854e-05,1636.3162786570638,6.115395386466701e-07,0.001,1.0
4.5399929762484854e-05,1700.2759538209232,5.885371627186404e-07,0.001,1.0
4.5399929762484854e-05,1766.7356591442478,5.66399995440088e-07,0.001,1.0
4.5399929762484854e-05,1835.793114804356,5.450954929551319e-07,0.001,1.0
4.5399929762484854e-05,1907.5498606257086,5.245923355086385e-07,0.001,1.0
4.5399929762484854e-05,1982.1114053807464,5.048603814030437e-07,0.001,1.0
4.5399929762484854e-05,2059.587381926539,4.858706226870326e-07,0.001,1.0
4.5399929762484854e-05,2140.0917084053526,4.675951425109417e-07,0.001,1.0
4.5399929762484854e-05,2223.742755746162,4.5000707408619197e-07,0.001,1.0
4.5399929762484854e-05,2310.663521713386,4.3308056118841563e-07,0.001,1.0
4.5399929762484854e-05,2400.981811758792,4.167907201462101e-07,0.001,1.0
4.5399929762484854e-05,2494.830426942441,4.0111360325964923e-07,0.001,1.0
4.5399929762484854e-05,2592.347359199028,3.860261635947614e-07,0.001,1.0
4.5399929762484854e-05,2693.6759942367094,3.715062211022255e-07,0.001,1.0
4.5399929762484854e-05,2798.9653223667597,3.5753243001047327e-07,0.001,1.0
4.5399929762484854e-05,2908.3701575740515,3.4408424744526637e-07,0.001,1.0
4.5399929762484854e-05,3022.051365150478,3.311419032296092e-07,0.001,1.0
4.5399929762484854e-05,3140.1760982260153,3.186863708196084e-07,0.001,1.0
4.5399929762484854e-05,3262.9180435452213,3.066993393335419e-07,0.001,1.0
4.5399929762484854e-05,3390.4576768505412,2.951631866330304e-07,0.001,1.0
4.5399929762484854e-05,3522.9825282479414,2.8406095341672367e-07,0.001,1.0
4.5399929762484854e-05,3660.6874579450414,2.733763182884276e-07,0.001,1.0
4.5399929762484854e-05,3803.774942767191,2.6309357376301734e-07,0.001,1.0
4.5399929762484854e-05,3952.4553738727795,2.531976031748549e-07,0.001,1.0
4.5399929762484854e-05,4106.947366105495,2.436738584547789e-07,0.001,1.0
4.5399929762484854e-05,4267.47807943847,2.3450833874298046e-07,0.001,1.0
4.5399929762484854e-05,4434.2835529828535,2.256875698063369e-07,0.001,1.0
4.5399929762484854e-05,4607.609052052014,2.1719858422993888e-07,0.001,1.0
4.5399929762484854e-05,4787.709428791631,2.0902890235368726e-07,0.001,1.0
4.5399929762484854e-05,4974.849496905955,2.011665139259444e-07,0.001,1.0
4.5399929762484854e-05,5169.304421031219,1.9359986044725704e-07,0.001,1.0
4.5399929762484854e-05,5371.360121328724,1.8631781817820442e-07,0.001,1.0
4.5399929762484854e-05,5581.313693892488,1.7930968178638654e-07,0.001,1.0
4.5399929762484854e-05,5799.473847589632,1.7256514860850976e-07,0.001,1.0
4.5399929762484854e-05,6026.161357975801,1.660743035044411e-07,0.001,1.0
4.5399929762484854e-05,6261.709538953051,1.598276042809557e-07,0.001,1.0
4.5399929762484854e-05,6506.46473286371,1.53815867663757e-07,0.001,1.0
4.5399929762484854e-05,6760.7868197408325,1.480302557971432e-07,0.001,1.0
4.5399929762484854e-05,7025.049746464029,1.424622632514712e-07,0.001,1.0
4.5399929762484854e-05,7299.642076598735,1.371037045193243e-07,0.001,1.0
4.5399929762484854e-05,7584.967561727369,1.3194670198199358e-07,0.001,1.0
4.5399929762484854e-05,7881.445735112435,1.2698367432858923e-07,0.001,1.0
4.5399929762484854e-05,8189.512528564548,1.2220732541075372e-07,0.001,1.0
4.5399929762484854e-05,8509.620913422292,1.1761063351659082e-07,0.001,1.0
4.5399929762484854e-05,8842.241566586461,1.1318684104804638e-07,0.001,1.0
4.5399929762484854e-05,9187.863562587989,1.0892944458656017e-07,0.001,1.0
4.5399929762484854e-05,9546.99509270714,1.0483218533238909e-07,0.001,1.0
4.5399929762484854e-05,9920.164212201356,1.0088903990354435e-07,0.001,1.0
4.5399929762484854e-05,10307.919616740432,9.709421148081469e-08,0.001,1.0
4.5399929762484854e-05,10710.831449190693,9.344212128586205e-08,0.001,1.0
4.5399929762484854e-05,11129.492137934376,8.992740037985757e-08,0.001,1.0
4.5399929762484854e-05,11564.517267957064,8.654488177060177e-08,0.001,1.0
4.5399929762484854e-05,12016.546485983548,8.328959281653086e-08,0.001,1.0
4.5399929762484854e-05,12486.24444099364,8.015674791643125e-08,0.001,1.0
4.5399929762484854e-05,12974.301761500104,7.714174147412951e-08,0.001,1.0
4.5399929762484854e-05,13481.436071026445,7.424014112780086e-08,0.001,1.0
4.5399929762484854e-05,14008.393043276843,7.144768123395536e-08,0.001,1.0
4.5399929762484854e-05,14555.947498550619,6.876025659651249e-08,0.001,1.0
4.5399929762484854e-05,15124.904543012424,6.617391643175242e-08,0.001,1.0
4.5399929762484854e-05,15716.100752494263,6.368485856026673e-08,0.001,1.0
4.5399929762484854e-05,16330.405402568982,6.128942381737445e-08,0.001,1.0
4.5399929762484854e-05,16968.721746704905,5.8984090673781546e-08,0.001,1.0
4.5399929762484854e-05,17631.988344379934,5.676547005858184e-08,0.001,1.0
4.5399929762484854e-05,18321.180441108976,5.46303003769805e-08,0.001,1.0
4.5399929762484854e-05,19037.311402412823,5.2575442715424536e-08,0.001,1.0
4.5399929762484854e-05,19781.434203837765,5.059787622708429e-08,0.001,1.0
4.5399929762484854e-05,20554.642979216525,4.8694693690905166e-08,0.001,1.0
4.5399929762484854e-05,21358.074629446586,4.686309723770259e-08,0.001,1.0
4.5399929762484854e-05,22192.910494152424,4.510039423701185e-08,0.001,1.0
4.5399929762484854e-05,23060.37808868831,4.3403993338653246e-08,0.001,1.0
4.5399929762484854e-05,23961.75290903711,4.1771400663185597e-08,0.001,1.0
4.5399929762484854e-05,24898.360307257484,4.020021613565488e-08,0.001,1.0
4.5399929762484854e-05,25871.577440238605,3.868812995724236e-08,0.001,1.0
4.5399929762484854e-05,26882.83529462621,3.723291920962942e-08,0.001,1.0
4.5399929762484854e-05,27933.62079089898,3.583244458708381e-08,0.001,1.0
4.5399929762484854e-05,29025.47896968736,3.448464725146697e-08,0.001,1.0
4.5399929762484854e-05,30160.01526355122,3.3187545805533974e-08,0.001,1.0
4.5399929762484854e-05,31338.897857554926,3.193923338008243e-08,0.001,1.0
4.5399929762484854e-05,32563.860142112582,3.073787483066209e-08,0.001,1.0
4.5399929762484854e-05,33836.70326170812,2.9581704039729625e-08,0.001,1.0
4.5399929762484854e-05,35159.29876323975,2.8469021320277966e-08,0.001,1.0
4.5399929762484854e-05,36533.59134788087,2.7398190917126395e-08,0.001,1.0
4.5399929762484854e-05,37961.60173050526,2.6367638602196223e-08,0.001,1.0
4.5399929762484854e-05,39445.42961088036,2.5375849360237564e-08,0.001,1.0
4.5399929762484854e-05,40987.25676099666,2.4421365161605077e-08,0.001,1.0
4.5399929762484854e-05,42589.35023307446,2.3502782818808303e-08,0.001,1.0
4.5399929762484854e-05,44254.0656929627,2.2618751923685054e-08,0.001,1.0
4.5399929762484854e-05,45983.850883833664,2.176797286216628e-08,0.001,1.0
4.5399929762484854e-05,47781.24922526376,2.0949194903712832e-08,0.001,1.0
4.5399929762484854e-05,49648.90355299525,2.016121436261622e-08,0.001,1.0
4.5399929762484854e-05,51589.56000487475,1.940287282846004e-08,0.001,1.0
4.5399929762484854e-05,53606.072058685255,1.8673055463140237e-08,0.001,1.0
4.5399929762484854e-05,55701.40472780578,1.7970689361941575e-08,0.001,1.0
4.5399929762484854e-05,57878.638920870886,1.7294741976259868e-08,0.001,1.0
4.5399929762484854e-05,60140.97597183715,1.664421959565212e-08,0.001,1.0
4.5399929762484854e-05,62491.742347120795,1.6018165886982467e-08,0.001,1.0
4.5399929762484854e-05,64934.394536724314,1.5415660488516612e-08,0.001,1.0
4.5399929762484854e-05,67472.52413654666,1.4835817656897866e-08,0.001,1.0
4.5399929762484854e-05,70109.8631293489,1.427778496501522e-08,0.001,1.0
4.5399929762484854e-05,72850.28937213853,1.3740742048850489e-08,0.001,1.0
4.5399929762484854e-05,75697.83229804484,1.3223899401460575e-08,0.001,1.0
4.5399929762484854e-05,78656.67884106442,1.2726497212323329e-08,0.001,1.0
4.5399929762484854e-05,81731.1795923932,1.2247804250339701e-08,0.001,1.0
4.5399929762484854e-05,84925.85519739214,1.17871167888508e-08,0.001,1.0
4.5399929762484854e-05,88245.40300259778,1.1343757571089096e-08,0.001,1.0
4.5399929762484854e-05,91694.70396254549,1.0917074814543116e-08,0.001,1.0
4.5399929762484854e-05,95278.82981656687,1.0506441252771668e-08,0.001,1.0
4.5399929762484854e-05,99003.05054610792,1.011125321325941e-08,0.001,1.0
4.5399929762484854e-05,102872.84212353895,9.730929729957597e-09,0.001,1.0
4.5399929762484854e-05,106893.8945638437,9.364911689205773e-09,0.001,1.0
4.5399929762484854e-05,111072.12029103292,9.01266100777867e-09,0.001,1.0
4.5399929762484854e-05,115413.66283157784,8.673659841849785e-09,0.001,1.0
4.5399929762484854e-05,119924.90584765113,8.347409825709219e-09,0.001,1.0
4.5399929762484854e-05,124612.48252345582,8.033431339115838e-09,0.001,1.0
4.5399929762484854e-05,129483.28531844074,7.731262802207681e-09,0.001,1.0
4.5399929762484854e-05,134544.47610174937,7.440459996933097e-09,0.001,1.0
4.5399929762484854e-05,139803.49668279613,7.160595414005774e-09,0.001,1.0
4.5399929762484854e-05,145268.07975346153,6.891257624423121e-09,0.001,1.0
4.5399929762484854e-05,150946.26025798733,6.632050674624482e-09,0.001,1.0
4.5399929762484854e-05,156846.38720729816,6.382593504399539e-09,0.001,1.0
4.5399929762484854e-05,162977.13595511153,6.142519386691814e-09,0.001,1.0
4.5399929762484854e-05,169347.52095389698,5.911475388472854e-09,0.001,1.0
4.5399929762484854e-05,175966.9090094294,5.689121851895552e-09,0.001,1.0
4.5399929762484854e-05,182845.03305343678,5.475131894962806e-09,0.001,1.0
4.5399929762484854e-05,189992.0064545818,5.269190930978396e-09,0.001,1.0
4.5399929762484854e-05,197418.3378888314,5.070996206072864e-09,0.001,1.0
4.5399929762484854e-05,205134.94679106714,4.880256354125055e-09,0.001,1.0
4.5399929762484854e-05,213153.1794106684,4.696690968424619e-09,0.001,1.0
4.5399929762484854e-05,221484.8254946635,4.520030189446103e-09,0.001,1.0
4.5399929762484854e-05,230142.13562298944,4.3500143081283206e-09,0.001,1.0
4.5399929762484854e-05,239137.83922134535,4.18639338407604e-09,0.001,1.0
4.5399929762484854e-05,248485.16327812057,4.0289268781225e-09,0.001,1.0
4.5399929762484854e-05,258197.85179292966,3.8773832987127245e-09,0.001,1.0
4.5399929762484854e-05,268290.1859853359,3.731539861587756e-09,0.001,1.0
4.5399929762484854e-05,278777.00529349386,3.5911821622693685e-09,0.001,1.0
4.5399929762484854e-05,289673.7291935693,3.456103860864108e-09,0.001,1.0
4.5399929762484854e-05,300996.3798720375,3.326106378722819e-09,0.001,1.0
4.5399929762484854e-05,312761.6057841775,3.200998606510232e-09,0.001,1.0
4.5399929762484854e-05,324986.7061334212,3.0805966232549993e-09,0.001,1.0
4.5399929762484854e-05,337689.6563075312,2.964723425967473e-09,0.001,1.0
4.5399929762484854e-05,350889.13430902833,2.8532086694275153e-09,0.001,1.0
4.5399929762484854e-05,364604.54821871064,2.7458884157599924e-09,0.001,1.0
4.5399929762484854e-05,378856.064732666,2.64260489342959e-09,0.001,1.0
4.5399929762484854e-05,393664.6388147168,2.5432062653009276e-09,0.001,1.0
4.5399929762484854e-05,409052.0445079195,2.4475464054226346e-09,0.001,1.0
4.5399929762484854e-05,425040.9069504003,2.355484684207654e-09,0.001,1.0
4.5399929762484854e-05,441654.73564262013,2.2668857616935625e-09,0.001,1.0
4.5399929762484854e-05,458917.95901497843,2.1816193885792943e-09,0.001,1.0
4.5399929762484854e-05,476855.960346572,2.0995602147456105e-09,0.001,1.0
4.5399929762484854e-05,495495.1150879457,2.0205876049778265e-09,0.001,1.0
4.5399929762484854e-05,514862.829642685,1.9445854616199793e-09,0.001,1.0
4.5399929762484854e-05,534987.5816649033,1.871442053899605e-09,0.001,1.0
4.5399929762484854e-05,555898.9619318452,1.8010498536723108e-09,0.001,1.0
4.5399929762484854e-05,577627.7178532059,1.7333053773446263e-09,0.001,1.0
4.5399929762484854e-05,600205.7986811082,1.6681090337427236e-09,0.001,1.0
4.5399929762484854e-05,623666.4024872475,1.6053649777034283e-09,0.001,1.0
4.5399929762484854e-05,648044.0249762406,1.544980969172196e-09,0.001,1.0
4.5399929762484854e-05,673374.5102069924,1.4868682376009929e-09,0.001,1.0
4.5399929762484854e-05,699695.1032966168,1.430941351446695e-09,0.001,1.0
4.5399929762484854e-05,727044.5051844502,1.3771180925781336e-09,0.001,1.0
4.5399929762484854e-05,755462.929536637,1.3253193354072156e-09,0.001,1.0
4.5399929762484854e-05,784992.1618749937,1.2754689305663688e-09,0.001,1.0
4.5399929762484854e-05,815675.6210170782,1.227493592961317e-09,0.001,1.0
4.5399929762484854e-05,847558.4229177883,1.1813227940346827e-09,0.001,1.0
4.5399929762484854e-05,880687.4470063993,1.136888658081884e-09,0.001,1.0
4.5399929762484854e-05,915111.4051165305,1.0941258624670935e-09,0.001,1.0
4.5399929762484854e-05,950880.913110446,1.0529715415923652e-09,0.001,1.0
4.5399929762484854e-05,988048.5653029489,1.01336519447894e-09,0.001,1.0
4.5399929762484854e-05,1026669.0117943574,9.752485958247135e-10,0.001,1.0
4.5399929762484854e-05,1066799.0388262086,9.3856571040722e-10,0.001,1.0
4.5399929762484854e-05,1108497.6522779076,9.032626107062222e-10,0.001,1.0
4.5399929762484854e-05,1151826.1644270266,8.692873976248633e-10,0.001,1.0
4.5399929762484854e-05,1196848.28410089,8.365901241927688e-10,0.001,1.0
4.5399929762484854e-05,1243630.2103519314,8.051227221390217e-10,0.001,1.0
4.5399929762484854e-05,1292240.7297946364,7.748389312269496e-10,0.001,1.0
4.5399929762484854e-05,1342751.3177471124,7.45694231246965e-10,0.001,1.0
4.5399929762484854e-05,1395236.2433260665,7.176457765673814e-10,0.001,1.0
4.5399929762484854e-05,1449772.678649695,6.906523331470298e-10,0.001,1.0
4.5399929762484854e-05,1506440.8123090216,6.646742179171059e-10,0.001,1.0
4.5399929762484854e-05,1565323.9672746034,6.396732404430508e-10,0.001,1.0
4.5399929762484854e-05,1626508.7234118779,6.156126467808114e-10,0.001,1.0
4.5399929762484854e-05,1690085.0447853894,5.924570654448294e-10,0.001,1.0
4.5399929762484854e-05,1756146.411938984,5.701724554084327e-10,0.001,1.0
4.5399929762484854e-05,1824789.959346568,5.487260560600982e-10,0.001,1.0
4.5399929762484854e-05,1896116.618235437,5.28086339042076e-10,0.001,1.0
4.5399929762484854e-05,1970231.2649922783,5.082229619005346e-10,0.001,1.0
4.5399929762484854e-05,2047242.8753699518,4.891067234791193e-10,0.001,1.0
4.5399929762484854e-05,2127264.684721904,4.707095209903125e-10,0.001,1.0
4.5399929762484854e-05,2210414.3544996954,4.5300430870153355e-10,0.001,1.0
4.5399929762484854e-05,2296814.145258586,4.3596505817518116e-10,0.001,1.0
4.5399929762484854e-05,2386591.096425421,4.1956672000423883e-10,0.001,1.0
4.5399929762484854e-05,2479877.2130932882,4.037851869871167e-10,0.001,1.0
4.5399929762484854e-05,2576809.6601174553,3.8859725868766134e-10,0.001,1.0
4.5399929762484854e-05,2677530.9637981015,3.739806073281821e-10,0.001,1.0
4.5399929762484854e-05,2782189.2214463456,3.599137449653779e-10,0.001,1.0
4.5399929762484854e-05,2890938.3191416506,3.4637599190090744e-10,0.001,1.0
4.5399929762484854e-05,3003938.1580009265,3.3334744628016057e-10,0.001,1.0
4.5399929762484854e-05,3121354.88929186,3.2080895483453167e-10,0.001,1.0
4.5399929762484854e-05,3243361.158736349,3.087420847241992e-10,0.001,1.0
4.5399929762484854e-05,3370136.3603630792,2.9712909643999824e-10,0.001,1.0
4.5399929762484854e-05,3501866.900282688,2.85952917724565e-10,0.001,1.0
4.5399929762484854e-05,3638746.47077316,2.75197118474408e-10,0.001,1.0
4.5399929762484854e-05,3780976.335078674,2.6484588658600446e-10,0.001,1.0
4.5399929762484854e-05,3928765.6233404377,2.5488400471042667e-10,0.001,1.0
4.5399929762484854e-05,4082331.640094869,2.452968278823096e-10,0.001,1.0
4.5399929762484854e-05,4241900.183791015,2.360702619902848e-10,0.001,1.0
4.5399929762484854e-05,4407705.878797279,2.271907430572228e-10,0.001,1.0
4.5399929762484854e-05,4579992.52038534,2.1864521729982789e-10,0.001,1.0
4.5399929762484854e-05,4759013.43319883,2.1042112193826485e-10,0.001,1.0
4.5399929762484854e-05,4945031.843733534,2.0250636672761548e-10,0.001,1.0
4.5399929762484854e-05,5138321.2673770515,1.9488931618400496e-10,0.001,1.0
4.5399929762484854e-05,5339165.910576909,1.8755877247927303e-10,0.001,1.0
4.5399929762484854e-05,5547861.0887283515,1.805039589790444e-10,0.001,1.0
4.5399929762484854e-05,5764713.660396532,1.737145043999964e-10,0.001,1.0
4.5399929762484854e-05,5990042.478511217,1.6718042756303057e-10,0.001,1.0
4.5399929762484854e-05,6224178.859197802,1.608921227199393e-10,0.001,1.0
4.5399929762484854e-05,6467467.068933614,1.5484034543199372e-10,0.001,1.0
4.5399929762484854e-05,6720264.830746174,1.490161989796895e-10,0.001,1.0
4.5399929762484854e-05,6982943.850197342,1.434111212836793e-10,0.001,1.0
4.5399929762484854e-05,7255890.361927125,1.3801687231765567e-10,0.001,1.0
4.5399929762484854e-05,7539505.697560346,1.3282552199468674e-10,0.001,1.0
4.5399929762484854e-05,7834206.875811658,1.27829438509194e-10,0.001,1.0
4.5399929762484854e-05,8140427.21565611,1.2302127711743097e-10,0.001,1.0
4.5399929762484854e-05,8458616.973467313,1.1839396933997527e-10,0.001,1.0
4.5399929762484854e-05,8789244.005059581,1.1394071257035329e-10,0.001,1.0
4.5399929762484854e-05,9132794.453607867,1.0965496007452786e-10,0.001,1.0
4.5399929762484854e-05,9489773.46445684,1.0553041136654193e-10,0.001,1.0
4.5399929762484854e-05,9860705.92786996,1.0156100294617297e-10,0.001,1.0
4.5399929762484854e-05,10246137.250811107,9.774089938497804e-11,0.001,1.0
4.5399929762484854e-05,10646634.158892974,9.406448474763105e-11,0.001,1.0
4.5399929762484854e-05,11062785.529672055,9.05263543359335e-11,0.001,1.0
4.5399929762484854e-05,11495203.258514771,8.712130674336514e-11,0.001,1.0
4.5399929762484854e-05,11944523.158308575,8.38443362084968e-11,0.001,1.0
4.5399929762484854e-05,12411405.894340258,8.069062525601803e-11,0.001,1.0
4.5399929762484854e-05,12896537.955716765,7.765553761456444e-11,0.001,1.0
4.5399929762484854e-05,13400632.664756129,7.473461140093569e-11,0.001,1.0
4.5399929762484854e-05,13924431.225833489,7.192355256067842e-11,0.001,1.0
4.5399929762484854e-05,14468703.815223549,6.921822855539626e-11,0.001,1.0
4.5399929762484854e-05,15034250.71354281,6.66146622875029e-11,0.001,1.0
4.5399929762484854e-05,15621903.482455812,6.410902625349133e-11,0.001,1.0
4.5399929762484854e-05,16232526.187376305,6.1697636917119e-11,0.001,1.0
4.5399929762484854e-05,16867016.667960867,5.937694929423963e-11,0.001,1.0
4.5399929762484854e-05,17526307.85826274,5.714355174132227e-11,0.001,1.0
4.5399929762484854e-05,18211369.158487845,5.4994160939992473e-11,0.001,1.0
4.5399929762484854e-05,18923207.86036884,5.292561707022451e-11,0.001,1.0
4.5399929762484854e-05,19662870.628254235,5.09348791650902e-11,0.001,1.0
4.5399929762484854e-05,20431445.03808914,4.9019020640231796e-11,0.001,1.0
4.5399929762484854e-05,21230061.17655166,4.717522499148986e-11,0.001,1.0
4.5399929762484854e-05,22059893.302695073,4.540078165435902e-11,0.001,1.0
4.5399929762484854e-05,22922161.574540287,4.369308201918733e-11,0.001,1.0
4.5399929762484854e-05,23818133.84315592,4.2049615596257974e-11,0.001,1.0
4.5399929762484854e-05,24749127.516865432,4.0467966325117174e-11,0.001,1.0
4.5399929762484854e-05,25716511.498320866,3.8945809022723947e-11,0.001,1.0
4.5399929762484854e-05,26721708.197292913,3.748090596519739e-11,0.001,1.0
4.5399929762484854e-05,27766195.622135334,3.6071103598137786e-11,0.001,1.0
4.5399929762484854e-05,28851509.553000525,3.471432937068644e-11,0.001,1.0
4.5399929762484854e-05,29979245.8,3.3408588688667607e-11,0.001,1.0
0.001,1.0,0.001,0.001,1.0
0.001,1.0390875993828967,0.0009624564247483324,0.001,1.0
0.001,1.0797030391913112,0.0009263223695393425,0.001,1.0
0.001,1.121906039039717,0.0008915449159512393,0.001,1.0
0.001,1.1657586528389539,0.0008580731323089826,0.001,1.0
0.001,1.2113253600382683,0.0008258579990947061,0.001,1.0
0.001,1.258673160433787,0.0007948523371585025,0.001,1.0
0.001,1.3078716726828274,0.0007650107386244284,0.001,1.0
0.001,1.3589932366688926,0.0007362895003905485,0.001,1.0
0.001,1.4121130198678724,0.0007086465601256232,0.001,1.0
0.001,1.4673091278718402,0.0006820414346687116,0.001,1.0
0.001,1.524662719232962,0.0006564351607414716,0.001,1.0
0.001,1.5842581247963778,0.0006317902378863337,0.001,1.0
0.001,1.6461829716975178,0.0006080705735469793,0.001,1.0
0.001,1.7105283122061767,0.0005852414302106936,0.001,1.0
0.001,1.7773887576067942,0.0005632693745351849,0.001,1.0
0.001,1.8468626173117928,0.0005421222283853635,0.001,1.0
0.001,1.919052043412524,0.000521769021708376,0.001,1.0
0.001,1.9940631808803622,0.0005021799471778786,0.001,1.0
0.001,2.0720063236387984,0.00048332631654112747,0.001,1.0
0.001,2.15299607673602,0.00046518051860495443,0.001,1.0
0.001,2.2371515248564258,0.0004477159787990996,0.001,1.0
0.001,2.3245964074188503,0.0004309071202576816,0.001,1.0
0.001,2.4154593005189593,0.000414729326361808,0.001,1.0
0.001,2.509873805983336,0.0003991589046884702,0.001,1.0
0.001,2.607978747813238,0.00038417305231292544,0.001,1.0
0.001,2.7099183763068706,0.0003697498224137523,0.001,1.0
0.001,2.8158425801603038,0.0003558680921316708,0.001,1.0
0.001,2.9259071068589115,0.00034250753163505817,0.001,1.0
0.001,3.0402737916833824,0.00032964857434685446,0.001,1.0
0.001,3.159110795667023,0.0003172723882892584,0.001,1.0
0.001,3.28259285285424,0.0003053608485042443,0.001,1.0
0.001,3.410901527223766,0.0002938965105095122,0.001,1.0
0.001,3.5442254796543984,0.00028286258475099593,0.001,1.0
0.001,3.6827607453257842,0.00027224291201451573,0.001,1.0
0.001,3.826711021962137,0.0002620219397605657,0.001,1.0
0.001,3.9762879693427076,0.000252184699347577,0.001,1.0
0.001,4.131711520519406,0.00024271678411030208,0.001,1.0
0.001,4.293210205199169,0.00023360432826121413,0.001,1.0
0.001,4.461021485766557,0.00022483398658402402,0.001,1.0
0.001,4.635392106440695,0.00021639291488957432,0.001,1.0
0.001,4.816578456079889,0.00020826875120548996,0.001,1.0
0.001,5.004846945167431,0.0002004495976720358,0.001,1.0
0.001,5.20047439753285,0.00019292400311766926,0.001,1.0
0.001,5.403748457384625,0.0001856809462887681,0.001,1.0
0.001,5.61496801225282,0.00017870981970897492,0.001,1.0
0.001,5.83444363246354,0.00017200041414451906,0.001,1.0
0.001,6.062498027791366,0.00016554290365276633,0.001,1.0
0.001,6.299466521961276,0.00015932783119209919,0.001,1.0
0.001,6.545697545697666,0.00015334609477205365,0.001,1.0
0.001,6.801553149045507,0.00014758893412342971,0.001,1.0
0.001,7.067409533716877,0.00014204791786885334,0.001,1.0
0.001,7.343657606245667,0.0001367149311750013,0.001,1.0
0.001,7.630703552763759,0.00013158216386840614,0.001,1.0
0.001,7.928969436243836,0.00012664209899743536,0.001,1.0
0.001,8.238893817086966,0.00012188750182369605,0.001,1.0
0.001,8.560932397967486,0.00011731140922674035,0.001,1.0
0.001,8.895558693883299,0.00011290711950655708,0.001,1.0
0.001,9.243264728396852,0.00010866818256891362,0.001,1.0
0.001,9.604561757090488,0.00010458839047917567,0.001,1.0
0.001,9.979981019299931,0.00010066176837076997,0.001,1.0
0.001,10.370074519231242,9.688256569497598e-05,0.001,1.0
0.001,10.775415837609737,9.324524779923207e-05,0.001,1.0
0.001,11.196600975054345,8.974448782162119e-05,0.001,1.0
0.001,11.634249228417417,8.637515888966786e-05,0.001,1.0
0.001,12.089004101378572,8.313232661201883e-05,0.001,1.0
0.001,12.561534250631452,8.001124185201436e-05,0.001,1.0
0.001,13.052534469054667,7.700733377256387e-05,0.001,1.0
0.001,13.562726707312525,7.411620314214336e-05,0.001,1.0
0.001,14.092861135387675,7.13336158921084e-05,0.001,1.0
0.001,14.643717245606503,6.865549691588948e-05,0.001,1.0
0.001,15.216104998779183,6.607792410098716e-05,0.001,1.0
0.001,15.810866015139553,6.359712258502779e-05,0.001,1.0
0.001,16.428874811835982,6.120945922746727e-05,0.001,1.0
0.001,17.07104008879279,5.8911437288846964e-05,0.001,1.0
0.001,17.738306064832887,5.669969130980926e-05,0.001,1.0
0.001,18.43165386602629,5.4570982182373086e-05,0.001,1.0
0.001,19.15210296830574,5.252219240625177e-05,0.001,1.0
0.001,19.900712696470862,5.0550321523265086e-05,0.001,1.0
0.001,20.67858378178464,4.865248172316041e-05,0.001,1.0
0.001,21.4868599804527,4.682589361440655e-05,0.001,1.0
0.001,22.326729755365026,4.5067882153767536e-05,0.001,1.0
0.001,23.19942802357293,4.3375872728694275e-05,0.001,1.0
0.001,24.106237972070694,4.17473873867978e-05,0.001,1.0
0.001,25.048492944551764,4.018004120688103e-05,0.001,1.0
0.001,26.027578401913726,3.867153880621539e-05,0.001,1.0
0.001,27.044933959394662,3.7219670978946453e-05,0.001,1.0
0.001,28.102055503336377,3.5822311460706086e-05,0.001,1.0
0.001,29.200497390686714,3.447741381469239e-05,0.001,1.0
0.001,30.34187473447519,3.318300843465759e-05,0.001,1.0
0.001,31.527865778622388,3.1937199660414323e-05,0.001,1.0
0.001,32.76021436557492,3.073816300163602e-05,0.001,1.0
0.001,34.04073250039434,2.9584142465886073e-05,0.001,1.0
0.001,35.3713030150701,2.847344798696202e-05,0.001,1.0
0.001,36.7538823369742,2.740445294978908e-05,0.001,1.0
0.001,38.19050336552797,2.6375591808237887e-05,0.001,1.0
0.001,39.68327846131089,2.538535779237805e-05,0.001,1.0
0.001,41.234402552006536,2.4432300701809396e-05,0.001,1.0
0.001,42.846156359752456,2.3515024781839664e-05,0.001,1.0
0.001,44.520909754639405,2.263218667939784e-05,0.001,1.0
0.001,46.26112523929085,2.1782493475690076e-05,0.001,1.0
0.001,48.069361569646276,2.0964700792716546e-05,0.001,1.0
0.001,49.94827751727222,2.017761097087649e-05,0.001,1.0
0.001,51.90063577873309,1.9420071314992527e-05,0.001,1.0
0.001,53.92930703776984,1.869097240618535e-05,0.001,1.0
0.001,56.03727418625941,1.7989246477126886e-05,0.001,1.0
0.001,58.22763671016145,1.7313865848292083e-05,0.001,1.0
0.001,60.503615246901084,1.6663841422919444e-05,0.001,1.0
0.001,62.8685563208889,1.603822123847622e-05,0.001,1.0
0.001,65.32593726414088,1.54360890725066e-05,0.001,1.0
0.001,67.87937132923385,1.485656310082151e-05,0.001,1.0
0.001,70.53261300211382,1.429879460606466e-05,0.001,1.0
0.001,73.28956352256932,1.3761966734763738e-05,0.001,1.0
0.001,76.15427662048687,1.3245293301046195e-05,0.001,1.0
0.001,79.13096447632275,1.2748017635267963e-05,0.001,1.0
0.001,82.22400391455547,1.226941147586869e-05,0.001,1.0
0.001,85.43794283922533,1.1808773902830742e-05,0.001,1.0
0.001,88.77750692102383,1.1365430311179893e-05,0.001,1.0
0.001,92.24760654576514,1.0938731423024523e-05,0.001,1.0
0.001,95.85334403445708,1.0528052336686424e-05,0.001,1.0
0.001,99.6000211455869,1.0132791611530545e-05,0.001,1.0
0.001,103.49314687065367,9.752370387153576e-06,0.001,1.0
0.001,107.53844553440906,9.386231535641337e-06,0.001,1.0
0.001,111.74186521171748,9.033838845653414e-06,0.001,1.0
0.001,116.10958647341073,8.694676237140192e-06,0.001,1.0
0.001,120.6480314739972,8.368247005542236e-06,0.001,1.0
0.001,125.3638733945879,8.054073094365112e-06,0.001,1.0
0.001,130.26404625492373,7.751694395064389e-06,0.001,1.0
0.001,135.35575510893128,7.460668073215369e-06,0.001,1.0
0.001,140.64648663879865,7.180567919980896e-06,0.001,1.0
0.001,146.14402016314793,6.9109837279273795e-06,0.001,1.0
0.001,151.856439075491,6.65152069027489e-06,0.001,1.0
0.001,157.79214272978703,6.4017988227015335e-06,0.001,1.0
0.001,163.95985879057778,6.161452406855398e-06,0.001,1.0
0.001,170.3686560658602,5.930129454759056e-06,0.001,1.0
0.001,177.02795784156504,5.707491193322181e-06,0.001,1.0
0.001,183.94755573724842,5.493211568207462e-06,0.001,1.0
0.001,191.13762410336923,5.286976766323126e-06,0.001,1.0
0.001,198.6087349813204,5.0884847562428586e-06,0.001,1.0
0.001,206.37187364821412,4.897444845879893e-06,0.001,1.0
0.001,214.43845476927328,4.7135772567677114e-06,0.001,1.0
0.001,222.82033918158203,4.536612714323701e-06,0.001,1.0
0.001,231.52985133387284,4.366292053495819e-06,0.001,1.0
0.001,240.57979740799286,4.202365839214642e-06,0.001,1.0
0.001,249.9834841486949,4.0445940010950514e-06,0.001,1.0
0.001,259.7547384294398,3.892745481852494e-06,0.001,1.0
0.001,269.9079275829788,3.746597898918977e-06,0.001,1.0
0.001,280.45798052661013,3.6059372187631743e-06,0.001,1.0
0.001,291.4204097131705,3.4705574434377485e-06,0.001,1.0
0.001,302.8113339400385,3.3402603088948094e-06,0.001,1.0
0.001,314.6475020496872,3.21485499462766e-06,0.001,1.0
0.001,326.94631755663454,3.094157844213658e-06,0.001,1.0
0.001,339.7258642370019,2.977992096348881e-06,0.001,1.0
0.001,353.0049327183061,2.8661876259807363e-06,0.001,1.0
0.001,366.80304810858564,2.758580695159331e-06,0.001,1.0
0.001,381.1404987054794,2.6550137132428203e-06,0.001,1.0
0.001,396.0383658274765,2.5553350061054773e-06,0.001,1.0
0.001,411.518554811198,2.4593985940105374e-06,0.001,1.0
0.001,427.6038272202867,2.367063977822458e-06,0.001,1.0
0.001,444.3178343132666,2.2781959332455697e-06,0.001,1.0
0.001,461.68515181957974,2.1926643127877202e-06,0.001,1.0
0.001,479.73131607493525,2.110343855158929e-06,0.001,1.0
0.001,498.48286156910206,2.0311140018258764e-06,0.001,1.0
0.001,517.967359961355,1.9548587204536114e-06,0.001,1.0
0.001,538.2134606209411,1.8814663349758819e-06,0.001,1.0
0.001,559.2509327521748,1.810829362045238e-06,0.001,1.0
0.001,581.110709166103,1.742844353623364e-06,0.001,1.0
0.001,603.8249317630986,1.6774117454811606e-06,0.001,1.0
0.001,627.4269987932595,1.614435711386658e-06,0.001,1.0
0.001,651.9516139641041,1.5538240227672327e-06,0.001,1.0
0.001,677.4348374677659,1.4954879136406229e-06,0.001,1.0
0.001,703.9141390027236,1.439341950616896e-06,0.001,1.0
0.001,731.4284528680187,1.385303907781029e-06,0.001,1.0
0.001,760.0182352109756,1.3332946462728232e-06,0.001,1.0
0.001,789.7255235125983,1.2832379983878344e-06,0.001,1.0
0.001,820.593998398107,1.2350606560295609e-06,0.001,1.0
0.001,852.6690478635015,1.1886920633495415e-06,0.001,1.0
0.001,885.9978340125859,1.1440643134181186e-06,0.001,1.0
0.001,920.629362402584,1.1011120487745574e-06,0.001,1.0
0.001,956.6145541003077,1.0597723657108722e-06,0.001,1.0
0.001,994.0063205548288,1.0199847221491687e-06,0.001,1.0
0.001,1032.859641396743,9.816908489776104e-07,0.001,1.0
0.001,1073.2316452784212,9.448346647151457e-07,0.001,1.0
0.001,1115.181693874111,9.093621933800287e-07,0.001,1.0
0.001,1158.7714691634035,8.752214854418436e-07,0.001,1.0
0.001,1204.065064126393,8.423625417412819e-07,0.001,1.0
0.001,1251.1290769839072,8.107372402662316e-07,0.001,1.0
0.001,1300.0327091213474,7.802992656769673e-07,0.001,1.0
0.001,1350.8478668401442,7.510040414772034e-07,0.001,1.0
0.001,1403.6492670864322,7.228086647316977e-07,0.001,1.0
0.001,1458.514547312403,6.956718432347857e-07,0.001,1.0
0.001,1515.524379631877,6.695538350378344e-07,0.001,1.0
0.001,1574.7625894379407,6.444163902470491e-07,0.001,1.0
0.001,1636.3162786570638,6.202226950064007e-07,0.001,1.0
0.001,1700.2759538209232,5.96937317583636e-07,0.001,1.0
0.001,1766.7356591442478,5.745261564804064e-07,0.001,1.0
0.001,1835.793114804356,5.529563904905331e-07,0.001,1.0
0.001,1907.5498606257086,5.32196430633261e-07,0.001,1.0
0.001,1982.1114053807464,5.122158738911125e-07,0.001,1.0
0.001,2059.587381926539,4.929854586845834e-07,0.001,1.0
0.001,2140.0917084053526,4.744770220184811e-07,0.001,1.0
0.001,2223.742755746162,4.56663458237142e-07,0.001,1.0
0.001,2310.663521713386,4.395186793281297e-07,0.001,1.0
0.001,2400.981811758792,4.230175767162606e-07,0.001,1.0
0.001,2494.830426942441,4.071359844920358e-07,0.001,1.0
0.001,2592.347359199028,3.9185064402059705e-07,0.001,1.0
0.001,2693.6759942367094,3.7713916987939554e-07,0.001,1.0
0.001,2798.9653223667597,3.629800170746771e-07,0.001,1.0
0.001,2908.3701575740515,3.4935244948878225e-07,0.001,1.0
0.001,3022.051365150478,3.3623650951204554e-07,0.001,1.0
0.001,3140.1760982260153,3.236129888148221e-07,0.001,1.0
0.001,3262.9180435452213,3.1146340021683563e-07,0.001,1.0
0.001,3390.4576768505412,2.99769950612655e-07,0.001,1.0
0.001,3522.9825282479414,2.8851551491363994e-07,0.001,1.0
0.001,3660.6874579450414,2.7768361096820594e-07,0.001,1.0
0.001,3803.774942767191,2.672583754236666e-07,0.001,1.0
0.001,3952.4553738727795,2.5722454049430966e-07,0.001,1.0
0.001,4106.947366105495,2.4756741160168627e-07,0.001,1.0
0.001,4267.47807943847,2.3827284585435764e-07,0.001,1.0
0.001,4434.2835529828535,2.2932723133559545e-07,0.001,1.0
0.001,4607.609052052014,2.2071746716869122e-07,0.001,1.0
0.001,4787.709428791631,2.1243094433068586e-07,0.001,1.0
0.001,4974.849496905955,2.0445552718642384e-07,0.001,1.0
0.001,5169.304421031219,1.9677953571588122e-07,0.001,1.0
0.001,5371.360121328724,1.8939172840874371e-07,0.001,1.0
0.001,5581.313693892488,1.822812858011866e-07,0.001,1.0
0.001,5799.473847589632,1.7543779463073923e-07,0.001,1.0
0.001,6026.161357975801,1.6885123258603335e-07,0.001,1.0
0.001,6261.709538953051,1.62511953629103e-07,0.001,1.0
0.001,6506.46473286371,1.5641067386873318e-07,0.001,1.0
0.001,6760.7868197408325,1.5053845796417828e-07,0.001,1.0
0.001,7025.049746464029,1.4488670603933032e-07,0.001,1.0
0.001,7299.642076598735,1.3944714108817642e-07,0.001,1.0
0.001,7584.967561727369,1.3421179685310248e-07,0.001,1.0
0.001,7881.445735112435,1.2917300615828667e-07,0.001,1.0
0.001,8189.512528564548,1.2432338968109885e-07,0.001,1.0
0.001,8509.620913422292,1.1965584514506407e-07,0.001,1.0
0.001,8842.241566586461,1.1516353691855862e-07,0.001,1.0
0.001,9187.863562587989,1.1083988600400844e-07,0.001,1.0
0.001,9546.99509270714,1.0667856040293084e-07,0.001,1.0
0.001,9920.164212201356,1.0267346584270378e-07,0.001,1.0
0.001,10307.919616740432,9.881873685148866e-08,0.001,1.0
0.001,10710.831449190693,9.510872816823001e-08,0.001,1.0
0.001,11129.492137934376,9.153800647515579e-08,0.001,1.0
0.001,11564.517267957064,8.810134244066794e-08,0.001,1.0
0.001,12016.546485983548,8.479370306097404e-08,0.001,1.0
0.001,12486.24444099364,8.161024428923662e-08,0.001,1.0
0.001,12974.301761500104,7.854630394145693e-08,0.001,1.0
0.001,13481.436071026445,7.559739486869031e-08,0.001,1.0
0.001,14008.393043276843,7.275919838560769e-08,0.001,1.0
0.001,14555.947498550619,7.002755794576659e-08,0.001,1.0
0.001,15124.904543012424,6.739847305433927e-08,0.001,1.0
0.001,15716.100752494263,6.486809340937604e-08,0.001,1.0
0.001,16330.405402568982,6.243271326302912e-08,0.001,1.0
0.001,16968.721746704905,6.008876599447266e-08,0.001,1.0
0.001,17631.988344379934,5.783281888657941e-08,0.001,1.0
0.001,18321.180441108976,5.5661568098695115e-08,0.001,1.0
0.001,19037.311402412823,5.3571833828155813e-08,0.001,1.0
0.001,19781.434203837765,5.1560555653458775e-08,0.001,1.0
0.001,20554.642979216525,4.9624788052265236e-08,0.001,1.0
0.001,21358.074629446586,4.776169608767702e-08,0.001,1.0
0.001,22192.910494152424,4.596855125646202e-08,0.001,1.0
0.001,23060.37808868831,4.4242727493154953e-08,0.001,1.0
0.001,23961.75290903711,4.258169732417657e-08,0.001,1.0
0.001,24898.360307257484,4.098302816634274e-08,0.001,1.0
0.001,25871.577440238605,3.9444378764338345e-08,0.001,1.0
0.001,26882.83529462621,3.7963495761944176e-08,0.001,1.0
0.001,27933.62079089898,3.6538210401989244e-08,0.001,1.0
0.001,29025.47896968736,3.5166435350200936e-08,0.001,1.0
0.001,30160.01526355122,3.384616163829775e-08,0.001,1.0
0.001,31338.897857554926,3.2575455721850254e-08,0.001,1.0
0.001,32563.860142112582,3.135245664859953e-08,0.001,1.0
0.001,33836.70326170812,3.017537333308828e-08,0.001,1.0
0.001,35159.29876323975,2.9042481933610253e-08,0.001,1.0
0.001,36533.59134788087,2.7952123327640544e-08,0.001,1.0
0.001,37961.60173050526,2.6902700682045414e-08,0.001,1.0
0.001,39445.42961088036,2.5892677114515938e-08,0.001,1.0
0.001,40987.25676099666,2.4920573442800007e-08,0.001,1.0
0.001,42589.35023307446,2.3984966018435525e-08,0.001,1.0
0.001,44254.0656929627,2.3084484641813688e-08,0.001,1.0
0.001,45983.850883833664,2.221781055551782e-08,0.001,1.0
0.001,47781.24922526376,2.1383674512999433e-08,0.001,1.0
0.001,49648.90355299525,2.0580854919763458e-08,0.001,1.0
0.001,51589.56000487475,1.980817604433969e-08,0.001,1.0
0.001,53606.072058685255,1.9064506296420735e-08,0.001,1.0
0.001,55701.40472780578,1.8348756569645164e-08,0.001,1.0
0.001,57878.638920870886,1.7659878646598183e-08,0.001,1.0
0.001,60140.97597183715,1.699686366369433e-08,0.001,1.0
0.001,62491.742347120795,1.6358740633694075e-08,0.001,1.0
0.001,64934.394536724314,1.5744575023690433e-08,0.001,1.0
0.001,67472.52413654666,1.5153467386483005e-08,0.001,1.0
0.001,70109.8631293489,1.4584552043334881e-08,0.001,1.0
0.001,72850.28937213853,1.4036995816184095e-08,0.001,1.0
0.001,75697.83229804484,1.3509996807451813e-08,0.001,1.0
0.001,78656.67884106442,1.3002783225661496e-08,0.001,1.0
0.001,81731.1795923932,1.2514612255147745e-08,0.001,1.0
0.001,84925.85519739214,1.204476896820116e-08,0.001,1.0
0.001,88245.40300259778,1.1592565278054563e-08,0.001,1.0
0.001,91694.70396254549,1.1157338931178048e-08,0.001,1.0
0.001,95278.82981656687,1.0738452537407017e-08,0.001,1.0
0.001,99003.05054610792,1.033529263648241e-08,0.001,1.0
0.001,102872.84212353895,9.947268799636622e-09,0.001,1.0
0.001,106893.8945638437,9.57381276490891e-09,0.001,1.0
0.001,111072.12029103292,9.214377604924173e-09,0.001,1.0
0.001,115413.66283157784,8.8684369259164e-09,0.001,1.0
0.001,119924.90584765113,8.535484096823617e-09,0.001,1.0
0.001,124612.48252345582,8.215031507325088e-09,0.001,1.0
0.001,129483.28531844074,7.906609853735018e-09,0.001,1.0
0.001,134544.47610174937,7.609767451705739e-09,0.001,1.0
0.001,139803.49668279613,7.324069574734942e-09,0.001,1.0
0.001,145268.07975346153,7.049097817507428e-09,0.001,1.0
0.001,150946.26025798733,6.78444948313948e-09,0.001,1.0
0.001,156846.38720729816,6.5297369934280816e-09,0.001,1.0
0.001,162977.13595511153,6.284587321241735e-09,0.001,1.0
0.001,169347.52095389698,6.048641444221006e-09,0.001,1.0
0.001,175966.9090094294,5.8215538189895464e-09,0.001,1.0
0.001,182845.03305343678,5.602991875104677e-09,0.001,1.0
0.001,189992.0064545818,5.392635528007209e-09,0.001,1.0
0.001,197418.3378888314,5.190176710256651e-09,0.001,1.0
0.001,205134.94679106714,4.995318920365685e-09,0.001,1.0
0.001,213153.1794106684,4.807776788572846e-09,0.001,1.0
0.001,221484.8254946635,4.627275658917846e-09,0.001,1.0
0.001,230142.13562298944,4.453551187007052e-09,0.001,1.0
0.001,239137.83922134535,4.2863489528804975e-09,0.001,1.0
0.001,248485.16327812057,4.125424088413126e-09,0.001,1.0
0.001,258197.85179292966,3.970540918704744e-09,0.001,1.0
0.001,268290.1859853359,3.821472616933532e-09,0.001,1.0
0.001,278777.00529349386,3.6780008721674993e-09,0.001,1.0
0.001,289673.7291935693,3.539915569647584e-09,0.001,1.0
0.001,300996.3798720375,3.4070144830739685e-09,0.001,1.0
0.001,312761.6057841775,3.2791029784451635e-09,0.001,1.0
0.001,324986.7061334212,3.1559937290159333e-09,0.001,1.0
0.001,337689.6563075312,3.0375064409568412e-09,0.001,1.0
0.001,350889.13430902833,2.9234675893133465e-09,0.001,1.0
0.001,364604.54821871064,2.8137101638781533e-09,0.001,1.0
0.001,378856.064732666,2.70807342460421e-09,0.001,1.0
0.001,393664.6388147168,2.606402666200544e-09,0.001,1.0
0.001,409052.0445079195,2.5085489915658916e-09,0.001,1.0
0.001,425040.9069504003,2.4143690937285457e-09,0.001,1.0
0.001,441654.73564262013,2.3237250459728462e-09,0.001,1.0
0.001,458917.95901497843,2.2364840998451826e-09,0.001,1.0
0.001,476855.960346572,2.1525184907434857e-09,0.001,1.0
0.001,495495.1150879457,2.071705250805651e-09,0.001,1.0
0.001,514862.829642685,1.993926028822757e-09,0.001,1.0
0.001,534987.5816649033,1.9190669169133896e-09,0.001,1.0
0.001,555898.9619318452,1.847018283705265e-09,0.001,1.0
0.001,577627.7178532059,1.7776746137797728e-09,0.001,1.0
0.001,600205.7986811082,1.7109343531443519e-09,0.001,1.0
0.001,623666.4024872475,1.6466997605064158e-09,0.001,1.0
0.001,648044.0249762406,1.5848767641309394e-09,0.001,1.0
0.001,673374.5102069924,1.525374824072169e-09,0.001,1.0
0.001,699695.1032966168,1.4681067995776184e-09,0.001,1.0
0.001,727044.5051844502,1.4129888214701905e-09,0.001,1.0
0.001,755462.929536637,1.3599401693215563e-09,0.001,1.0
0.001,784992.1618749937,1.3088831532368708e-09,0.001,1.0
0.001,815675.6210170782,1.2597430000776795e-09,0.001,1.0
0.001,847558.4229177883,1.212447743956503e-09,0.001,1.0
0.001,880687.4470063993,1.1669281208425568e-09,0.001,1.0
0.001,915111.4051165305,1.1231174671244185e-09,0.001,1.0
0.001,950880.913110446,1.08095162198097e-09,0.001,1.0
0.001,988048.5653029489,1.0403688334177169e-09,0.001,1.0
0.001,1026669.0117943574,1.0013096678308068e-09,0.001,1.0
0.001,1066799.0388262086,9.637169229663815e-10,0.001,1.0
0.001,1108497.6522779076,9.275355441476856e-10,0.001,1.0
0.001,1151826.1644270266,8.927125436473816e-10,0.001,1.0
0.001,1196848.28410089,8.591969230868481e-10,0.001,1.0
0.001,1243630.2103519314,8.269395987489368e-10,0.001,1.0
0.001,1292240.7297946364,7.958933296947218e-10,0.001,1.0
0.001,1342751.3177471124,7.660126485790274e-10,0.001,1.0
0.001,1395236.2433260665,7.372537950633724e-10,0.001,1.0
0.001,1449772.678649695,7.095746517288328e-10,0.001,1.0
0.001,1506440.8123090216,6.829346823949765e-10,0.001,1.0
0.001,1565323.9672746034,6.572948727545053e-10,0.001,1.0
0.001,1626508.7234118779,6.326176732367133e-10,0.001,1.0
0.001,1690085.0447853894,6.088669440160145e-10,0.001,1.0
0.001,1756146.411938984,5.860079020850971e-10,0.001,1.0
0.001,1824789.959346568,5.640070703150931e-10,0.001,1.0
0.001,1896116.618235437,5.428322284282465e-10,0.001,1.0
0.001,1970231.2649922783,5.224523658112199e-10,0.001,1.0
0.001,2047242.8753699518,5.028376360999753e-10,0.001,1.0
0.001,2127264.684721904,4.83959313469684e-10,0.001,1.0
0.001,2210414.3544996954,4.657897505656911e-10,0.001,1.0
0.001,2296814.145258586,4.483023380138715e-10,0.001,1.0
0.001,2386591.096425421,4.3147146545114976e-10,0.001,1.0
0.001,2479877.2130932882,4.15272484019037e-10,0.001,1.0
0.001,2576809.6601174553,3.9968167026532113e-10,0.001,1.0
0.001,2677530.9637981015,3.8467619140100267e-10,0.001,1.0
0.001,2782189.2214463456,3.702340718616147e-10,0.001,1.0
0.001,2890938.3191416506,3.5633416112394667e-10,0.001,1.0
0.001,3003938.1580009265,3.4295610273105034e-10,0.001,1.0
0.001,3121354.88929186,3.3008030448014834e-10,0.001,1.0
0.001,3243361.158736349,3.176879097298044e-10,0.001,1.0
0.001,3370136.3603630792,3.0576076978431886e-10,0.001,1.0
0.001,3501866.900282688,2.9428141731491337e-10,0.001,1.0
0.001,3638746.47077316,2.8323304077878337e-10,0.001,1.0
0.001,3780976.335078674,2.725994597985468e-10,0.001,1.0
0.001,3928765.6233404377,2.62365101466036e-10,0.001,1.0
0.001,4082331.640094869,2.5251497753573434e-10,0.001,1.0
0.001,4241900.183791015,2.430346624744491e-10,0.001,1.0
0.001,4407705.878797279,2.3391027233507543e-10,0.001,1.0
0.001,4579992.52038534,2.2512844442352618e-10,0.001,1.0
0.001,4759013.43319883,2.1667631772902016e-10,0.001,1.0
0.001,4945031.843733534,2.0854151408910596e-10,0.001,1.0
0.001,5138321.2673770515,2.0071212006180552e-10,0.001,1.0
0.001,5339165.910576909,1.9317666947834328e-10,0.001,1.0
0.001,5547861.0887283515,1.859241266509165e-10,0.001,1.0
0.001,5764713.660396532,1.7894387021089745e-10,0.001,1.0
0.001,5990042.478511217,1.722256775538099e-10,0.001,1.0
0.001,6224178.859197802,1.657597098682992e-10,0.001,1.0
0.001,6467467.068933614,1.5953649772716405e-10,0.001,1.0
0.001,6720264.830746174,1.5354692721935668e-10,0.001,1.0
0.001,6982943.850197342,1.4778222660263464e-10,0.001,1.0
0.001,7255890.361927125,1.4223395345731953e-10,0.001,1.0
0.001,7539505.697560346,1.368939823223524e-10,0.001,1.0
0.001,7834206.875811658,1.3175449279553288e-10,0.001,1.0
0.001,8140427.21565611,1.2680795808051843e-10,0.001,1.0
0.001,8458616.973467313,1.2204713396381214e-10,0.001,1.0
0.001,8789244.005059581,1.1746504820559131e-10,0.001,1.0
0.001,9132794.453607867,1.1305499032884389e-10,0.001,1.0
0.001,9489773.46445684,1.0881050179185633e-10,0.001,1.0
0.001,9860705.92786996,1.047253665296622e-10,0.001,1.0
0.001,10246137.250811107,1.0079360185059746e-10,0.001,1.0
0.001,10646634.158892974,9.700944967463272e-11,0.001,1.0
0.001,11062785.529672055,9.336736810065041e-11,0.001,1.0
0.001,11495203.258514771,8.98620232903136e-11,0.001,1.0
0.001,11944523.158308575,8.648828165664641e-11,0.001,1.0
0.001,12411405.894340258,8.324120234588278e-11,0.001,1.0
0.001,12896537.955716765,8.011603000157094e-11,0.001,1.0
0.001,13400632.664756129,7.710818780034194e-11,0.001,1.0
0.001,13924431.225833489,7.421327074914018e-11,0.001,1.0
0.001,14468703.815223549,7.142703923409754e-11,0.001,1.0
0.001,15034250.71354281,6.874541281160822e-11,0.001,1.0
0.001,15621903.482455812,6.616446423250875e-11,0.001,1.0
0.001,16232526.187376305,6.368041369060936e-11,0.001,1.0
0.001,16867016.667960867,6.128962328715872e-11,0.001,1.0
0.001,17526307.85826274,5.898859170313078e-11,0.001,1.0
0.001,18211369.158487845,5.677394907153447e-11,0.001,1.0
0.001,18923207.86036884,5.464245204223304e-11,0.001,1.0
0.001,19662870.628254235,5.2590979032049707e-11,0.001,1.0
0.001,20431445.03808914,5.0616525653201135e-11,0.001,1.0
0.001,21230061.17655166,4.8716200313362283e-11,0.001,1.0
0.001,22059893.302695073,4.688721998092214e-11,0.001,1.0
0.001,22922161.574540287,4.512690610922696e-11,0.001,1.0
0.001,23818133.84315592,4.3432680713840314e-11,0.001,1.0
0.001,24749127.516865432,4.1802062597078503e-11,0.001,1.0
0.001,25716511.498320866,4.023266371429021e-11,0.001,1.0
0.001,26721708.197292913,3.872218567655777e-11,0.001,1.0
0.001,27766195.622135334,3.726841638470079e-11,0.001,1.0
0.001,28851509.553000525,3.5869226789651344e-11,0.001,1.0
0.001,29979245.8,3.4522567774454986e-11,0.001,1.0
0.005,1.0,0.001,0.001,1.0
0.005,1.0390875993828967,0.0009627481903582031,0.001,1.0
0.005,1.0797030391913112,0.0009268840780379948,0.001,1.0
0.005,1.121906039039717,0.000892355968802911,0.001,1.0
0.005,1.1657586528389539,0.0008591140941203438,0.001,1.0
0.005,1.2113253600382683,0.0008271105394255879,0.001,1.0
0.005,1.258673160433787,0.000796299175058182,0.001,1.0
0.005,1.3078716726828274,0.0007666355897709947,0.001,1.0
0.005,1.3589932366688926,0.0007380770267162189,0.001,1.0
0.005,1.4121130198678724,0.0007105823218160028,0.001,1.0
0.005,1.4673091278718402,0.000684111844428887,0.001,1.0
0.005,1.524662719232962,0.0006586274402265236,0.001,1.0
0.005,1.5842581247963778,0.0006340923761983412,0.001,1.0
0.005,1.6461829716975178,0.0006104712877048859,0.001,1.0
0.005,1.7105283122061767,0.0005877301275035208,0.001,1.0
0.005,1.7773887576067942,0.0005658361166730106,0.001,1.0
0.005,1.8468626173117928,0.0005447576973662541,0.001,1.0
0.005,1.919052043412524,0.0005244644873230629,0.001,1.0
0.005,1.9940631808803622,0.0005049272360774215,0.001,1.0
0.005,2.0720063236387984,0.00048611778279610663,0.001,1.0
0.005,2.15299607673602,0.0004680090156878937,0.001,1.0
0.005,2.2371515248564258,0.0004505748329248436,0.001,1.0
0.005,2.3245964074188503,0.0004337901050193428,0.001,1.0
0.005,2.4154593005189593,0.00041763063860266716,0.001,1.0
0.005,2.509873805983336,0.00040207314155285854,0.001,1.0
0.005,2.607978747813238,0.0003870951894216523,0.001,1.0
0.005,2.7099183763068706,0.00037267519311206154,0.001,1.0
0.005,2.8158425801603038,0.0003587923677600311,0.001,1.0
0.005,2.9259071068589115,0.0003454267027753048,0.001,1.0
0.005,3.0402737916833824,0.0003325589329983256,0.001,1.0
0.005,3.159110795667023,0.0003201705109315929,0.001,1.0
0.005,3.28259285285424,0.00030824358000545234,0.001,1.0
0.005,3.410901527223766,0.00029676094883978324,0.001,1.0
0.005,3.5442254796543984,0.0002857060664644847,0.001,1.0
0.005,3.6827607453257842,0.0002750629984630431,0.001,1.0
0.005,3.826711021962137,0.00026481640400479595,0.001,1.0
0.005,3.9762879693427076,0.0002549515137327841,0.001,1.0
0.005,4.131711520519406,0.0002454541084753225,0.001,1.0
0.005,4.293210205199169,0.0002363104987506027,0.001,1.0
0.005,4.461021485766557,0.00022750750503478719,0.001,1.0
0.005,4.635392106440695,0.00021903243876515116,0.001,1.0
0.005,4.816578456079889,0.00021087308405089324,0.001,1.0
0.005,5.004846945167431,0.0002030176800652507,0.001,1.0
0.005,5.20047439753285,0.00019545490409354077,0.001,1.0
0.005,5.403748457384625,0.0001881738552126925,0.001,1.0
0.005,5.61496801225282,0.00018116403857874625,0.001,1.0
0.005,5.83444363246354,0.0001744153502996716,0.001,1.0
0.005,6.062498027791366,0.00016791806287170093,0.001,1.0
0.005,6.299466521961276,0.00016166281115818508,0.001,1.0
0.005,6.545697545697666,0.0001556405788907626,0.001,1.0
0.005,6.801553149045507,0.00014984268567338482,0.001,1.0
0.005,7.067409533716877,0.00014426077447046427,0.001,1.0
0.005,7.343657606245667,0.00013888679956111234,0.001,1.0
0.005,7.630703552763759,0.00013371301494210337,0.001,1.0
0.005,7.928969436243836,0.0001287319631628494,0.001,1.0
0.005,8.238893817086966,0.00012393646457629212,0.001,1.0
0.005,8.560932397967486,0.00011931960699021878,0.001,1.0
0.005,8.895558693883299,0.00011487473570408518,0.001,1.0
0.005,9.243264728396852,0.00011059544391698484,0.001,1.0
0.005,9.604561757090488,0.00010647556349293928,0.001,1.0
0.005,9.979981019299931,0.00010250915607019728,0.001,1.0
0.005,10.370074519231242,9.869050450172899e-05,0.001,1.0
0.005,10.775415837609737,9.501410461457767e-05,0.001,1.0
0.005,11.196600975054345,9.147465727618964e-05,0.001,1.0
0.005,11.634249228417417,8.806706075628848e-05,0.001,1.0
0.005,12.089004101378572,8.478640337328261e-05,0.001,1.0
0.005,12.561534250631452,8.162795641460852e-05,0.001,1.0
0.005,13.052534469054667,7.858716732080265e-05,0.001,1.0
0.005,13.562726707312525,7.565965312348005e-05,0.001,1.0
0.005,14.092861135387675,7.284119412775974e-05,0.001,1.0
0.005,14.643717245606503,7.01277278300313e-05,0.001,1.0
0.005,15.216104998779183,6.751534306229521e-05,0.001,1.0
0.005,15.810866015139553,6.500027435463799e-05,0.001,1.0
0.005,16.428874811835982,6.257889650771446e-05,0.001,1.0
0.005,17.07104008879279,6.024771936741536e-05,0.001,1.0
0.005,17.738306064832887,5.8003382794188e-05,0.001,1.0
0.005,18.43165386602629,5.5842651819758594e-05,0.001,1.0
0.005,19.15210296830574,5.376241198427583e-05,0.001,1.0
0.005,19.900712696470862,5.1759664847153714e-05,0.001,1.0
0.005,20.67858378178464,4.983152366514433e-05,0.001,1.0
0.005,21.4868599804527,4.79752092314097e-05,0.001,1.0
0.005,22.326729755365026,4.618804586959586e-05,0.001,1.0
0.005,23.19942802357293,4.4467457577135084e-05,0.001,1.0
0.005,24.106237972070694,4.2810964312216983e-05,0.001,1.0
0.005,25.048492944551764,4.121617841907651e-05,0.001,1.0
0.005,26.027578401913726,3.9680801186446714e-05,0.001,1.0
0.005,27.044933959394662,3.820261953421522e-05,0.001,1.0
0.005,28.102055503336377,3.677950282350864e-05,0.001,1.0
0.005,29.200497390686714,3.540939978560737e-05,0.001,1.0
0.005,30.34187473447519,3.4090335565263626e-05,0.001,1.0
0.005,31.527865778622388,3.2820408874161465e-05,0.001,1.0
0.005,32.76021436557492,3.1597789250415256e-05,0.001,1.0
0.005,34.04073250039434,3.042071442015715e-05,0.001,1.0
0.005,35.3713030150701,2.9287487757410002e-05,0.001,1.0
0.005,36.7538823369742,2.8196475838584504e-05,0.001,1.0
0.005,38.19050336552797,2.7146106088076025e-05,0.001,1.0
0.005,39.68327846131089,2.6134864511567003e-05,0.001,1.0
0.005,41.234402552006536,2.5161293513767953e-05,0.001,1.0
0.005,42.846156359752456,2.4223989797451698e-05,0.001,1.0
0.005,44.520909754639405,2.3321602340752206e-05,0.001,1.0
0.005,46.26112523929085,2.2452830449812806e-05,0.001,1.0
0.005,48.069361569646276,2.1616421883976837e-05,0.001,1.0
0.005,49.94827751727222,2.0811171050818144e-05,0.001,1.0
0.005,51.90063577873309,2.003591726841021e-05,0.001,1.0
0.005,53.92930703776984,1.92895430923286e-05,0.001,1.0
0.005,56.03727418625941,1.8570972704975926e-05,0.001,1.0
0.005,58.22763671016145,1.7879170364907155e-05,0.001,1.0
0.005,60.503615246901084,1.7213138913920385e-05,0.001,1.0
0.005,62.8685563208889,1.657191833976122e-05,0.001,1.0
0.005,65.32593726414088,1.5954584392369023e-05,0.001,1.0
0.005,67.87937132923385,1.5360247251670515e-05,0.001,1.0
0.005,70.53261300211382,1.4788050245000355e-05,0.001,1.0
0.005,73.28956352256932,1.4237168612300264e-05,0.001,1.0
0.005,76.15427662048687,1.3706808317316695e-05,0.001,1.0
0.005,79.13096447632275,1.3196204903083418e-05,0.001,1.0
0.005,82.22400391455547,1.2704622390039603e-05,0.001,1.0
0.005,85.43794283922533,1.2231352215194939e-05,0.001,1.0
0.005,88.77750692102383,1.177571221081273e-05,0.001,1.0
0.005,92.24760654576514,1.1337045621138945e-05,0.001,1.0
0.005,95.85334403445708,1.0914720155759913e-05,0.001,1.0
0.005,99.6000211455869,1.0508127078224066e-05,0.001,1.0
0.005,103.49314687065367,1.0116680328614236e-05,0.001,1.0
0.005,107.53844553440906,9.73981567880579e-06,0.001,1.0
0.005,111.74186521171748,9.376989919192723e-06,0.001,1.0
0.005,116.10958647341073,9.02768007570991e-06,0.001,1.0
0.005,120.6480314739972,8.691382656022525e-06,0.001,1.0
0.005,125.3638733945879,8.367612923796354e-06,0.001,1.0
0.005,130.26404625492373,8.055904200002856e-06,0.001,1.0
0.005,135.35575510893128,7.755807190251806e-06,0.001,1.0
0.005,140.64648663879865,7.466889337182063e-06,0.001,1.0
0.005,146.14402016314793,7.188734196976996e-06,0.001,1.0
0.005,151.856439075491,6.920940839105735e-06,0.001,1.0
0.005,157.79214272978703,6.6631232684252265e-06,0.001,1.0
0.005,163.95985879057778,6.414909868810025e-06,0.001,1.0
0.005,170.3686560658602,6.175942867507831e-06,0.001,1.0
0.005,177.02795784156504,5.945877819448813e-06,0.001,1.0
0.005,183.94755573724842,5.724383110765325e-06,0.001,1.0
0.005,191.13762410336923,5.511139480806375e-06,0.001,1.0
0.005,198.6087349813204,5.3058395619579815e-06,0.001,1.0
0.005,206.37187364821412,5.108187436606009e-06,0.001,1.0
0.005,214.43845476927328,4.917898210602946e-06,0.001,1.0
0.005,222.82033918158203,4.734697602623829e-06,0.001,1.0
0.005,231.52985133387284,4.558321548819415e-06,0.001,1.0
0.005,240.57979740799286,4.388515822196695e-06,0.001,1.0
0.005,249.9834841486949,4.225035666178208e-06,0.001,1.0
0.005,259.7547384294398,4.067645441811936e-06,0.001,1.0
0.005,269.9079275829788,3.916118288123236e-06,0.001,1.0
0.005,280.45798052661013,3.7702357951193074e-06,0.001,1.0
0.005,291.4204097131705,3.6297876889748356e-06,0.001,1.0
0.005,302.8113339400385,3.494571528945005e-06,0.001,1.0
0.005,314.6475020496872,3.3643924155691037e-06,0.001,1.0
0.005,326.94631755663454,3.239062709744019e-06,0.001,1.0
0.005,339.7258642370019,3.118401762262788e-06,0.001,1.0
0.005,353.0049327183061,3.0022356534283317e-06,0.001,1.0
0.005,366.80304810858564,2.8903969423670046e-06,0.001,1.0
0.005,381.1404987054794,2.7827244256807155e-06,0.001,1.0
0.005,396.0383658274765,2.67906290508968e-06,0.001,1.0
0.005,411.518554811198,2.5792629637308806e-06,0.001,1.0
0.005,427.6038272202867,2.4831807507898392e-06,0.001,1.0
0.005,444.3178343132666,2.390677774155243e-06,0.001,1.0
0.005,461.68515181957974,2.301620700797538e-06,0.001,1.0
0.005,479.73131607493525,2.2158811645838074e-06,0.001,1.0
0.005,498.48286156910206,2.133335581251889e-06,0.001,1.0
0.005,517.967359961355,2.053864970277024e-06,0.001,1.0
0.005,538.2134606209411,1.9773547833743067e-06,0.001,1.0
0.005,559.2509327521748,1.9036947393897526e-06,0.001,1.0
0.005,581.110709166103,1.8327786653419161e-06,0.001,1.0
0.005,603.8249317630986,1.7645043433850514e-06,0.001,1.0
0.005,627.4269987932595,1.6987733634731484e-06,0.001,1.0
0.005,651.9516139641041,1.6354909815124906e-06,0.001,1.0
0.005,677.4348374677659,1.574565982798311e-06,0.001,1.0
0.005,703.9141390027236,1.51591055053866e-06,0.001,1.0
0.005,731.4284528680187,1.4594401392760027e-06,0.001,1.0
0.005,760.0182352109756,1.4050733530240948e-06,0.001,1.0
0.005,789.7255235125983,1.3527318279444802e-06,0.001,1.0
0.005,820.593998398107,1.3023401193934919e-06,0.001,1.0
0.005,852.6690478635015,1.2538255931769708e-06,0.001,1.0
0.005,885.9978340125859,1.2071183208559296e-06,0.001,1.0
0.005,920.629362402584,1.1621509789522784e-06,0.001,1.0
0.005,956.6145541003077,1.1188587519093205e-06,0.001,1.0
0.005,994.0063205548288,1.0771792386671364e-06,0.001,1.0
0.005,1032.859641396743,1.037052362718212e-06,0.001,1.0
0.005,1073.2316452784212,9.984202855136578e-07,0.001,1.0
0.005,1115.181693874111,9.612273230951948e-07,0.001,1.0
0.005,1158.7714691634035,9.254198658327573e-07,0.001,1.0
0.005,1204.065064126393,8.909463011520184e-07,0.001,1.0
0.005,1251.1290769839072,8.577569391404406e-07,0.001,1.0
0.005,1300.0327091213474,8.258039409246503e-07,0.001,1.0
0.005,1350.8478668401442,7.950412497158798e-07,0.001,1.0
0.005,1403.6492670864322,7.654245244240877e-07,0.001,1.0
0.005,1458.514547312403,7.369110757450783e-07,0.001,1.0
0.005,1515.524379631877,7.094598046284911e-07,0.001,1.0
0.005,1574.7625894379407,6.830311430379643e-07,0.001,1.0
0.005,1636.3162786570638,6.575869969180948e-07,0.001,1.0
0.005,1700.2759538209232,6.330906912859811e-07,0.001,1.0
0.005,1766.7356591442478,6.095069173682025e-07,0.001,1.0
0.005,1835.793114804356,5.868016817070435e-07,0.001,1.0
0.005,1907.5498606257086,5.649422571626065e-07,0.001,1.0
0.005,1982.1114053807464,5.438971357401782e-07,0.001,1.0
0.005,2059.587381926539,5.236359831748667e-07,0.001,1.0
0.005,2140.0917084053526,5.041295952080416e-07,0.001,1.0
0.005,2223.742755746162,4.853498554925548e-07,0.001,1.0
0.005,2310.663521713386,4.672696950660727e-07,0.001,1.0
0.005,2400.981811758792,4.4986305333409096e-07,0.001,1.0
0.005,2494.830426942441,4.3310484050641163e-07,0.001,1.0
0.005,2592.347359199028,4.1697090143292616e-07,0.001,1.0
0.005,2693.6759942367094,4.0143798078657846e-07,0.001,1.0
0.005,2798.9653223667597,3.8648368954332933e-07,0.001,1.0
0.005,2908.3701575740515,3.72086472710802e-07,0.001,1.0
0.005,3022.051365150478,3.5822557825909134e-07,0.001,1.0
0.005,3140.1760982260153,3.448810272089608e-07,0.001,1.0
0.005,3262.9180435452213,3.3203358483430534e-07,0.001,1.0
0.005,3390.4576768505412,3.1966473293737426e-07,0.001,1.0
0.005,3522.9825282479414,3.077566431567957e-07,0.001,1.0
0.005,3660.6874579450414,2.9629215126992016e-07,0.001,1.0
0.005,3803.774942767191,2.8525473245245446e-07,0.001,1.0
0.005,3952.4553738727795,2.7462847745971427e-07,0.001,1.0
0.005,4106.947366105495,2.643980696951683e-07,0.001,1.0
0.005,4267.47807943847,2.5454876313322523e-07,0.001,1.0
0.005,4434.2835529828535,2.450663610644318e-07,0.001,1.0
0.005,4607.609052052014,2.3593719563245155e-07,0.001,1.0
0.005,4787.709428791631,2.2714810813333194e-07,0.001,1.0
0.005,4974.849496905955,2.1868643004865503e-07,0.001,1.0
0.005,5169.304421031219,2.105399647852383e-07,0.001,1.0
0.005,5371.360121328724,2.0269697009506786e-07,0.001,1.0
0.005,5581.313693892488,1.9514614115011764e-07,0.001,1.0
0.005,5799.473847589632,1.878765942476621e-07,0.001,1.0
0.005,6026.161357975801,1.80877851122599e-07,0.001,1.0
0.005,6261.709538953051,1.7413982384416287e-07,0.001,1.0
0.005,6506.46473286371,1.6765280027526396e-07,0.001,1.0
0.005,6760.7868197408325,1.6140743007349555e-07,0.001,1.0
0.005,7025.049746464029,1.5539471121362624e-07,0.001,1.0
0.005,7299.642076598735,1.4960597701215415e-07,0.001,1.0
0.005,7584.967561727369,1.4403288363522225e-07,0.001,1.0
0.005,7881.445735112435,1.3866739807188405e-07,0.001,1.0
0.005,8189.512528564548,1.335017865553869e-07,0.001,1.0
0.005,8509.620913422292,1.2852860341578572e-07,0.001,1.0
0.005,8842.241566586461,1.2374068034781505e-07,0.001,1.0
0.005,9187.863562587989,1.1913111607855171e-07,0.001,1.0
0.005,9546.99509270714,1.1469326641997863e-07,0.001,1.0
0.005,9920.164212201356,1.1042073469210582e-07,0.001,1.0
0.005,10307.919616740432,1.0630736250284809e-07,0.001,1.0
0.005,10710.831449190693,1.0234722087137026e-07,0.001,1.0
0.005,11129.492137934376,9.853460168210315e-08,0.001,1.0
0.005,11564.517267957064,9.48640094571111e-08,0.001,1.0
0.005,12016.546485983548,9.133015343495729e-08,0.001,1.0
0.005,12486.24444099364,8.792793994464195e-08,0.001,1.0
0.005,12974.301761500104,8.465246506362906e-08,0.001,1.0
0.005,13481.436071026445,8.14990075493697e-08,0.001,1.0
0.005,14008.393043276843,7.84630220341453e-08,0.001,1.0
0.005,14555.947498550619,7.554013247340917e-08,0.001,1.0
0.005,15124.904543012424,7.27261258381937e-08,0.001,1.0
0.005,15716.100752494263,7.001694604248377e-08,0.001,1.0
0.005,16330.405402568982,6.74086880968094e-08,0.001,1.0
0.005,16968.721746704905,6.489759247962365e-08,0.001,1.0
0.005,17631.988344379934,6.248003971836188e-08,0.001,1.0
0.005,18321.180441108976,6.015254517236162e-08,0.001,1.0
0.005,19037.311402412823,5.791175401013108e-08,0.001,1.0
0.005,19781.434203837765,5.575443637372318e-08,0.001,1.0
0.005,20554.642979216525,5.367748272324354e-08,0.001,1.0
0.005,21358.074629446586,5.167789935478649e-08,0.001,1.0
0.005,22192.910494152424,4.975280408533393e-08,0.001,1.0
0.005,23060.37808868831,4.78994220984016e-08,0.001,1.0
0.005,23961.75290903711,4.611508194443975e-08,0.001,1.0
0.005,24898.360307257484,4.4397211690229674e-08,0.001,1.0
0.005,25871.577440238605,4.2743335211718656e-08,0.001,1.0
0.005,26882.83529462621,4.115106862495625e-08,0.001,1.0
0.005,27933.62079089898,3.961811684998277e-08,0.001,1.0
0.005,29025.47896968736,3.814227030272086e-08,0.001,1.0
0.005,30160.01526355122,3.672140171009785e-08,0.001,1.0
0.005,31338.897857554926,3.535346304381337e-08,0.001,1.0
0.005,32563.860142112582,3.4036482568326916e-08,0.001,1.0
0.005,33836.70326170812,3.2768561998815305e-08,0.001,1.0
0.005,35159.29876323975,3.1547873764999945e-08,0.001,1.0
0.005,36533.59134788087,3.037265837690276e-08,0.001,1.0
0.005,37961.60173050526,2.9241221888731037e-08,0.001,1.0
0.005,39445.42961088036,2.8151933457238468e-08,0.001,1.0
0.005,40987.25676099666,2.7103222991040922e-08,0.001,1.0
0.005,42589.35023307446,2.6093578887499476e-08,0.001,1.0
0.005,44254.0656929627,2.512154585390912e-08,0.001,1.0
0.005,45983.850883833664,2.4185722809851655e-08,0.001,1.0
0.005,47781.24922526376,2.3284760867689787e-08,0.001,1.0
0.005,49648.90355299525,2.241736138829183e-08,0.001,1.0
0.005,51589.56000487475,2.1582274109183843e-08,0.001,1.0
0.005,53606.072058685255,2.0778295342431433e-08,0.001,1.0
0.005,55701.40472780578,2.000426623965413e-08,0.001,1.0
0.005,57878.638920870886,1.9259071121670734e-08,0.001,1.0
0.005,60140.97597183715,1.8541635870368448e-08,0.001,1.0
0.005,62491.742347120795,1.785092638047793e-08,0.001,1.0
0.005,64934.394536724314,1.718594706902263e-08,0.001,1.0
0.005,67472.52413654666,1.6545739440293418e-08,0.001,1.0
0.005,70109.8631293489,1.59293807042808e-08,0.001,1.0
0.005,72850.28937213853,1.5335982446573263e-08,0.001,1.0
0.005,75697.83229804484,1.4764689347803544e-08,0.001,1.0
0.005,78656.67884106442,1.4214677950798917e-08,0.001,1.0
0.005,81731.1795923932,1.36851554736563e-08,0.001,1.0
0.005,84925.85519739214,1.3175358667033277e-08,0.001,1.0
0.005,88245.40300259778,1.2684552714006547e-08,0.001,1.0
0.005,91694.70396254549,1.2212030170913031e-08,0.001,1.0
0.005,95278.82981656687,1.1757109947646312e-08,0.001,1.0
0.005,99003.05054610792,1.1319136325938909e-08,0.001,1.0
0.005,102872.84212353895,1.0897478014215478e-08,0.001,1.0
0.005,106893.8945638437,1.0491527237654271e-08,0.001,1.0
0.005,111072.12029103292,1.010069886214544e-08,0.001,1.0
0.005,115413.66283157784,9.72442955088366e-09,0.001,1.0
0.005,119924.90584765113,9.362176952379106e-09,0.001,1.0
0.005,124612.48252345582,9.01341891871624e-09,0.001,1.0
0.005,129483.28531844074,8.677652752934464e-09,0.001,1.0
0.005,134544.47610174937,8.35439448444453e-09,0.001,1.0
0.005,139803.49668279613,8.043178171437533e-09,0.001,1.0
0.005,145268.07975346153,7.743555229280068e-09,0.001,1.0
0.005,150946.26025798733,7.455093783928208e-09,0.001,1.0
0.005,156846.38720729816,7.177378049427555e-09,0.001,1.0
0.005,162977.13595511153,6.910007728603076e-09,0.001,1.0
0.005,169347.52095389698,6.6525974360738056e-09,0.001,1.0
0.005,175966.9090094294,6.404776142761686e-09,0.001,1.0
0.005,182845.03305343678,6.166186641093191e-09,0.001,1.0
0.005,189992.0064545818,5.936485030123414e-09,0.001,1.0
0.005,197418.3378888314,5.715340219839867e-09,0.001,1.0
0.005,205134.94679106714,5.502433453932293e-09,0.001,1.0
0.005,213153.1794106684,5.297457850339749e-09,0.001,1.0
0.005,221484.8254946635,5.100117958913447e-09,0.001,1.0
0.005,230142.13562298944,4.910129335557291e-09,0.001,1.0
0.005,239137.83922134535,4.727218132232514e-09,0.001,1.0
0.005,248485.16327812057,4.551120702235335e-09,0.001,1.0
0.005,258197.85179292966,4.381583220178821e-09,0.001,1.0
0.005,268290.1859853359,4.2183613161310405e-09,0.001,1.0
0.005,278777.00529349386,4.061219723382198e-09,0.001,1.0
0.005,289673.7291935693,3.909931939333258e-09,0.001,1.0
0.005,300996.3798720375,3.764279899016832e-09,0.001,1.0
0.005,312761.6057841775,3.6240536607802185e-09,0.001,1.0
0.005,324986.7061334212,3.4890511036771685e-09,0.001,1.0
0.005,337689.6563075312,3.3590776361324953e-09,0.001,1.0
0.005,350889.13430902833,3.2339459154592628e-09,0.001,1.0
0.005,364604.54821871064,3.113475577824712e-09,0.001,1.0
0.005,378856.064732666,2.9974929782752e-09,0.001,1.0
0.005,393664.6388147168,2.885830940445873e-09,0.001,1.0
0.005,409052.0445079195,2.778328515593969e-09,0.001,1.0
0.005,425040.9069504003,2.67483075060869e-09,0.001,1.0
0.005,441654.73564262013,2.575188464662989e-09,0.001,1.0
0.005,458917.95901497843,2.4792580341856105e-09,0.001,1.0
0.005,476855.960346572,2.3869011858432357e-09,0.001,1.0
0.005,495495.1150879457,2.2979847972344228e-09,0.001,1.0
0.005,514862.829642685,2.2123807050081013e-09,0.001,1.0
0.005,534987.5816649033,2.129965520129958e-09,0.001,1.0
0.005,555898.9619318452,2.0506204500304843e-09,0.001,1.0
0.005,577627.7178532059,1.9742311273783722e-09,0.001,1.0
0.005,600205.7986811082,1.9006874452323654e-09,0.001,1.0
0.005,623666.4024872475,1.829883398334015e-09,0.001,1.0
0.005,648044.0249762406,1.7617169303125907e-09,0.001,1.0
0.005,673374.5102069924,1.6960897865818544e-09,0.001,1.0
0.005,699695.1032966168,1.6329073727167132e-09,0.001,1.0
0.005,727044.5051844502,1.5720786181055826e-09,0.001,1.0
0.005,755462.929536637,1.513515844681971e-09,0.001,1.0
0.005,784992.1618749937,1.457134640546039e-09,0.001,1.0
0.005,815675.6210170782,1.4028537382939465e-09,0.001,1.0
0.005,847558.4229177883,1.350594897879739e-09,0.001,1.0
0.005,880687.4470063993,1.30028279384074e-09,0.001,1.0
0.005,915111.4051165305,1.2518449067240823e-09,0.001,1.0
0.005,950880.913110446,1.2052114185577413e-09,0.001,1.0
0.005,988048.5653029489,1.1603151122155116e-09,0.001,1.0
0.005,1026669.0117943574,1.1170912745307565e-09,0.001,1.0
0.005,1066799.0388262086,1.075477603019426e-09,0.001,1.0
0.005,1108497.6522779076,1.0354141160777298e-09,0.001,1.0
0.005,1151826.1644270266,9.96843066525174e-10,0.001,1.0
0.005,1196848.28410089,9.597088583682306e-10,0.001,1.0
0.005,1243630.2103519314,9.239579666647539e-10,0.001,1.0
0.005,1292240.7297946364,8.895388603735365e-10,0.001,1.0
0.005,1342751.3177471124,8.564019280779184e-10,0.001,1.0
0.005,1395236.2433260665,8.244994064762944e-10,0.001,1.0
0.005,1449772.678649695,7.937853115364632e-10,0.001,1.0
0.005,1506440.8123090216,7.642153722146533e-10,0.001,1.0
0.005,1565323.9672746034,7.357469666435777e-10,0.001,1.0
0.005,1626508.7234118779,7.083390606976425e-10,0.001,1.0
0.005,1690085.0447853894,6.81952148846683e-10,0.001,1.0
0.005,1756146.411938984,6.565481972130341e-10,0.001,1.0
0.005,1824789.959346568,6.320905887497877e-10,0.001,1.0
0.005,1896116.618235437,6.085440704613101e-10,0.001,1.0
0.005,1970231.2649922783,5.858747025898408e-10,0.001,1.0
0.005,2047242.8753699518,5.640498096950204e-10,0.001,1.0
0.005,2127264.684721904,5.430379335557684e-10,0.001,1.0
0.005,2210414.3544996954,5.228087878266758e-10,0.001,1.0
0.005,2296814.145258586,5.033332143834967e-10,0.001,1.0
0.005,2386591.096425421,4.845831412948894e-10,0.001,1.0
0.005,2479877.2130932882,4.66531542359748e-10,0.001,1.0
0.005,2576809.6601174553,4.4915239815186855e-10,0.001,1.0
0.005,2677530.9637981015,4.3242065851575833e-10,0.001,1.0
0.005,2782189.2214463456,4.1631220645954937e-10,0.001,1.0
0.005,2890938.3191416506,4.0080382339296155e-10,0.001,1.0
0.005,3003938.1580009265,3.8587315566022235e-10,0.001,1.0
0.005,3121354.88929186,3.714986823196888e-10,0.001,1.0
0.005,3243361.158736349,3.576596841237371e-10,0.001,1.0
0.005,3370136.3603630792,3.443362136542143e-10,0.001,1.0
0.005,3501866.900282688,3.3150906657039076e-10,0.001,1.0
0.005,3638746.47077316,3.191597539279806e-10,0.001,1.0
0.005,3780976.335078674,3.072704755293326e-10,0.001,1.0
0.005,3928765.6233404377,2.9582409426636985e-10,0.001,1.0
0.005,4082331.640094869,2.8480411141930193e-10,0.001,1.0
0.005,4241900.183791015,2.7419464287550925e-10,0.001,1.0
0.005,4407705.878797279,2.639803962343101e-10,0.001,1.0
0.005,4579992.52038534,2.5414664876462386e-10,0.001,1.0
0.005,4759013.43319883,2.446792261837429e-10,0.001,1.0
0.005,4945031.843733534,2.355644822266438e-10,0.001,1.0
0.005,5138321.2673770515,2.267892789763687e-10,0.001,1.0
0.005,5339165.910576909,2.1834096792714052e-10,0.001,1.0
0.005,5547861.0887283515,2.1020737175291288e-10,0.001,1.0
0.005,5764713.660396532,2.0237676675507118e-10,0.001,1.0
0.005,5990042.478511217,1.9483786596398881e-10,0.001,1.0
0.005,6224178.859197802,1.875798028700843e-10,0.001,1.0
0.005,6467467.068933614,1.8059211576092231e-10,0.001,1.0
0.005,6720264.830746174,1.73864732641787e-10,0.001,1.0
0.005,6982943.850197342,1.6738795671799315e-10,0.001,1.0
0.005,7255890.361927125,1.6115245241800533e-10,0.001,1.0
0.005,7539505.697560346,1.5514923193722097e-10,0.001,1.0
0.005,7834206.875811658,1.4936964228302454e-10,0.001,1.0
0.005,8140427.21565611,1.4380535280243418e-10,0.001,1.0
0.005,8458616.973467313,1.384483431743664e-10,0.001,1.0
0.005,8789244.005059581,1.3329089184921243e-10,0.001,1.0
0.005,9132794.453607867,1.2832556491906035e-10,0.001,1.0
0.005,9489773.46445684,1.2354520540251942e-10,0.001,1.0
0.005,9860705.92786996,1.18942922928708e-10,0.001,1.0
0.005,10246137.250811107,1.1451208380552899e-10,0.001,1.0
0.005,10646634.158892974,1.1024630145791986e-10,0.001,1.0
0.005,11062785.529672055,1.061394272222974e-10,0.001,1.0
0.005,11495203.258514771,1.0218554148392279e-10,0.001,1.0
0.005,11944523.158308575,9.837894514441989e-11,0.001,1.0
0.005,12411405.894340258,9.471415140713928e-11,0.001,1.0
0.005,12896537.955716765,9.118587786853599e-11,0.001,1.0
0.005,13400632.664756129,8.778903890415724e-11,0.001,1.0
0.005,13924431.225833489,8.451873833826338e-11,0.001,1.0
0.005,14468703.815223549,8.137026238652136e-11,0.001,1.0
0.005,15034250.71354281,7.83390728615957e-11,0.001,1.0
0.005,15621903.482455812,7.542080063184078e-11,0.001,1.0
0.005,16232526.187376305,7.261123932367136e-11,0.001,1.0
0.005,16867016.667960867,6.990633925853108e-11,0.001,1.0
0.005,17526307.85826274,6.73022016157175e-11,0.001,1.0
0.005,18211369.158487845,6.47950728126548e-11,0.001,1.0
0.005,18923207.86036884,6.238133909451148e-11,0.001,1.0
0.005,19662870.628254235,6.005752132536243e-11,0.001,1.0
0.005,20431445.03808914,5.782026997339174e-11,0.001,1.0
0.005,21230061.17655166,5.5666360282905714e-11,0.001,1.0
0.005,22059893.302695073,5.359268762619529e-11,0.001,1.0
0.005,22922161.574540287,5.159626302855186e-11,0.001,1.0
0.005,23818133.84315592,4.9674208859984225e-11,0.001,1.0
0.005,24749127.516865432,4.782375468742529e-11,0.001,1.0
0.005,25716511.498320866,4.6042233281453225e-11,0.001,1.0
0.005,26721708.197292913,4.4327076771769375e-11,0.001,1.0
0.005,27766195.622135334,4.267581294589016e-11,0.001,1.0
0.005,28851509.553000525,4.108606168572083e-11,0.001,1.0
0.005,29979245.8,3.955553153687328e-11,0.001,1.0
0.009,1.0,0.001,0.001,1.0
0.009,1.0390875993828967,0.0009630354566344343,0.001,1.0
0.009,1.0797030391913112,0.0009274372907350933,0.001,1.0
0.009,1.121906039039717,0.0008931549947828732,0.001,1.0
0.009,1.1657586528389539,0.0008601399282460501,0.001,1.0
0.009,1.2113253600382683,0.0008283452485679443,0.001,1.0
0.009,1.258673160433787,0.0007977258447055944,0.001,1.0
0.009,1.3078716726828274,0.0007682382731251418,0.001,1.0
0.009,1.3589932366688926,0.0007398406961631203,0.001,1.0
0.009,1.4121130198678724,0.0007124928226661882,0.001,1.0
0.009,1.4673091278718402,0.0006861558508250896,0.001,1.0
0.009,1.524662719232962,0.000660792413121729,0.001,1.0
0.009,1.5842581247963778,0.000636366523311254,0.001,1.0
0.009,1.6461829716975178,0.000612843525363921,0.001,1.0
0.009,1.7105283122061767,0.0005901900442943,0.001,1.0
0.009,1.7773887576067942,0.0005683739388080583,0.001,1.0
0.009,1.8468626173117928,0.0005473642556991305,0.001,1.0
0.009,1.919052043412524,0.0005271311859325794,0.001,1.0
0.009,1.9940631808803622,0.0005076460223508325,0.001,1.0
0.009,2.0720063236387984,0.0004888811189432881,0.001,1.0
0.009,2.15299607673602,0.00047080985162150263,0.001,1.0
0.009,2.2371515248564258,0.0004534065804443041,0.001,1.0
0.009,2.3245964074188503,0.0004366466132392377,0.001,1.0
0.009,2.4154593005189593,0.0004205061705687285,0.001,1.0
0.009,2.509873805983336,0.00040496235199125274,0.001,1.0
0.009,2.607978747813238,0.0003899931035696507,0.001,1.0
0.009,2.7099183763068706,0.0003755771865804788,0.001,1.0
0.009,2.8158425801603038,0.0003616941473800075,0.001,1.0
0.009,2.9259071068589115,0.00034832428838410783,0.001,1.0
0.009,3.0402737916833824,0.0003354486401208537,0.001,1.0
0.009,3.159110795667023,0.00032304893431618636,0.001,1.0
0.009,3.28259285285424,0.00031110757797445587,0.001,1.0
0.009,3.410901527223766,0.00029960762841706304,0.001,1.0
0.009,3.5442254796543984,0.00028853276924378616,0.001,1.0
0.009,3.6827607453257842,0.00027786728718268757,0.001,1.0
0.009,3.826711021962137,0.0002675960497957509,0.001,1.0
0.009,3.9762879693427076,0.00025770448400862185,0.001,1.0
0.009,4.131711520519406,0.0002481785554339845,0.001,1.0
0.009,4.293210205199169,0.00023900474845924135,0.001,1.0
0.009,4.461021485766557,0.00023017004707024364,0.001,1.0
0.009,4.635392106440695,0.00022166191638386132,0.001,1.0
0.009,4.816578456079889,0.00021346828486319575,0.001,1.0
0.009,5.004846945167431,0.00020557752719019718,0.001,1.0
0.009,5.20047439753285,0.00019797844777138935,0.001,1.0
0.009,5.403748457384625,0.00019066026485329646,0.001,1.0
0.009,5.61496801225282,0.00018361259522503654,0.001,1.0
0.009,5.83444363246354,0.0001768254394863766,0.001,1.0
0.009,6.062498027791366,0.00017028916786034724,0.001,1.0
0.009,6.299466521961276,0.0001639945065302873,0.001,1.0
0.009,6.545697545697666,0.000157932524481934,0.001,1.0
0.009,6.801553149045507,0.00015209462083188828,0.001,1.0
0.009,7.067409533716877,0.00014647251262447868,0.001,1.0
0.009,7.343657606245667,0.00014105822307970773,0.001,1.0
0.009,7.630703552763759,0.0001358440702756082,0.001,1.0
0.009,7.928969436243836,0.00013082265624895056,0.001,1.0
0.009,8.238893817086966,0.0001259868564988377,0.001,1.0
0.009,8.560932397967486,0.00012132980987829511,0.001,1.0
0.009,8.895558693883299,0.00011684490885951305,0.001,1.0
0.009,9.243264728396852,0.00011252579015893001,0.001,1.0
0.009,9.604561757090488,0.00010836632570885569,0.001,1.0
0.009,9.979981019299931,0.00010436061396282371,0.001,1.0
0.009,10.370074519231242,0.00010050297152233779,0.001,1.0
0.009,10.775415837609737,9.678792507313214e-05,0.001,1.0
0.009,11.196600975054345,9.321020361950324e-05,0.001,1.0
0.009,11.634249228417417,8.976473100569694e-05,0.001,1.0
0.009,12.089004101378572,8.644661871373845e-05,0.001,1.0
0.009,12.561534250631452,8.325115892748798e-05,0.001,1.0
0.009,13.052534469054667,8.017381785307925e-05,0.001,1.0
0.009,13.562726707312525,7.721022928626615e-05,0.001,1.0
0.009,14.092861135387675,7.435618841754866e-05,0.001,1.0
0.009,14.643717245606503,7.160764586629001e-05,0.001,1.0
0.009,15.216104998779183,6.896070193535948e-05,0.001,1.0
0.009,15.810866015139553,6.641160107815003e-05,0.001,1.0
0.009,16.428874811835982,6.39567265701201e-05,0.001,1.0
0.009,17.07104008879279,6.159259537729928e-05,0.001,1.0
0.009,17.738306064832887,5.931585321447733e-05,0.001,1.0
0.009,18.43165386602629,5.712326978606524e-05,0.001,1.0
0.009,19.15210296830574,5.501173420287532e-05,0.001,1.0
0.009,19.900712696470862,5.297825056831817e-05,0.001,1.0
0.009,20.67858378178464,5.1019933727753774e-05,0.001,1.0
0.009,21.4868599804527,4.913400517496593e-05,0.001,1.0
0.009,22.326729755365026,4.7317789109952e-05,0.001,1.0
0.009,23.19942802357293,4.556870864243449e-05,0.001,1.0
0.009,24.106237972070694,4.388428213570839e-05,0.001,1.0
0.009,25.048492944551764,4.2262119685636276e-05,0.001,1.0
0.009,26.027578401913726,4.069991972979581e-05,0.001,1.0
0.009,27.044933959394662,3.919546578196874e-05,0.001,1.0
0.009,28.102055503336377,3.774662328733761e-05,0.001,1.0
0.009,29.200497390686714,3.635133659392915e-05,0.001,1.0
0.009,30.34187473447519,3.500762603600659e-05,0.001,1.0
0.009,31.527865778622388,3.371358512527312e-05,0.001,1.0
0.009,32.76021436557492,3.246737784590127e-05,0.001,1.0
0.009,34.04073250039434,3.126723604955023e-05,0.001,1.0
0.009,35.3713030150701,3.0111456946675255e-05,0.001,1.0
0.009,36.7538823369742,2.8998400690569516e-05,0.001,1.0
0.009,38.19050336552797,2.79264880507109e-05,0.001,1.0
0.009,39.68327846131089,2.6894198172112445e-05,0.001,1.0
0.009,41.234402552006536,2.5900066417497278e-05,0.001,1.0
0.009,42.846156359752456,2.494268228923668e-05,0.001,1.0
0.009,44.520909754639405,2.4020687428102665e-05,0.001,1.0
0.009,46.26112523929085,2.3132773685995856e-05,0.001,1.0
0.009,48.069361569646276,2.227768126991405e-05,0.001,1.0
0.009,49.94827751727222,2.1454196954528053e-05,0.001,1.0
0.009,51.90063577873309,2.0661152360829022e-05,0.001,1.0
0.009,53.92930703776984,1.98974222984046e-05,0.001,1.0
0.009,56.03727418625941,1.916192316899223e-05,0.001,1.0
0.009,58.22763671016145,1.8453611429044382e-05,0.001,1.0
0.009,60.503615246901084,1.777148210912418e-05,0.001,1.0
0.009,62.8685563208889,1.711456738803109e-05,0.001,1.0
0.009,65.32593726414088,1.6481935219633313e-05,0.001,1.0
0.009,67.87937132923385,1.5872688010458724e-05,0.001,1.0
0.009,70.53261300211382,1.5285961346168026e-05,0.001,1.0
0.009,73.28956352256932,1.4720922765103238e-05,0.001,1.0
0.009,76.15427662048687,1.4176770577171438e-05,0.001,1.0
0.009,79.13096447632275,1.365273272638791e-05,0.001,1.0
0.009,82.22400391455547,1.3148065695464866e-05,0.001,1.0
0.009,85.43794283922533,1.266205345089155e-05,0.001,1.0
0.009,88.77750692102383,1.219400642700896e-05,0.001,1.0
0.009,92.24760654576514,1.17432605476378e-05,0.001,1.0
0.009,95.85334403445708,1.1309176283871508e-05,0.001,1.0
0.009,99.6000211455869,1.0891137746697511e-05,0.001,1.0
0.009,103.49314687065367,1.0488551813159355e-05,0.001,1.0
0.009,107.53844553440906,1.0100847284819843e-05,0.001,1.0
0.009,111.74186521171748,9.727474077331164e-06,0.001,1.0
0.009,116.10958647341073,9.367902439962241e-06,0.001,1.0
0.009,120.6480314739972,9.021622203975868e-06,0.001,1.0
0.009,125.3638733945879,8.688142058789252e-06,0.001,1.0
0.009,130.26404625492373,8.366988854890942e-06,0.001,1.0
0.009,135.35575510893128,8.05770693252513e-06,0.001,1.0
0.009,140.64648663879865,7.759857475190785e-06,0.001,1.0
0.009,146.14402016314793,7.47301788703848e-06,0.001,1.0
0.009,151.856439075491,7.196781193281398e-06,0.001,1.0
0.009,157.79214272978703,6.930755462769861e-06,0.001,1.0
0.009,163.95985879057778,6.6745632519101735e-06,0.001,1.0
0.009,170.3686560658602,6.427841069138729e-06,0.001,1.0
0.009,177.02795784156504,6.190238859191587e-06,0.001,1.0
0.009,183.94755573724842,5.96141950643779e-06,0.001,1.0
0.009,191.13762410336923,5.741058356571736e-06,0.001,1.0
0.009,198.6087349813204,5.528842755985997e-06,0.001,1.0
0.009,206.37187364821412,5.32447160817096e-06,0.001,1.0
0.009,214.43845476927328,5.127654946512002e-06,0.001,1.0
0.009,222.82033918158203,4.938113522878001e-06,0.001,1.0
0.009,231.52985133387284,4.755578411417491e-06,0.001,1.0
0.009,240.57979740799286,4.579790627000302e-06,0.001,1.0
0.009,249.9834841486949,4.410500757763338e-06,0.001,1.0
0.009,259.7547384294398,4.2474686112391345e-06,0.001,1.0
0.009,269.9079275829788,4.090462873565107e-06,0.001,1.0
0.009,280.45798052661013,3.939260781289974e-06,0.001,1.0
0.009,291.4204097131705,3.793647805311708e-06,0.001,1.0
0.009,302.8113339400385,3.6534173464985806e-06,0.001,1.0
0.009,314.6475020496872,3.518370442561421e-06,0.001,1.0
0.009,326.94631755663454,3.388315485761235e-06,0.001,1.0
0.009,339.7258642370019,3.2630679510515937e-06,0.001,1.0
0.009,353.0049327183061,3.1424501342701596e-06,0.001,1.0
0.009,366.80304810858564,3.026290900007802e-06,0.001,1.0
0.009,381.1404987054794,2.9144254387976477e-06,0.001,1.0
0.009,396.0383658274765,2.806695033279504e-06,0.001,1.0
0.009,411.518554811198,2.7029468330079265e-06,0.001,1.0
0.009,427.6038272202867,2.6030336375843865e-06,0.001,1.0
0.009,444.3178343132666,2.5068136878058723e-06,0.001,1.0
0.009,461.68515181957974,2.4141504645335787e-06,0.001,1.0
0.009,479.73131607493525,2.3249124949963265e-06,0.001,1.0
0.009,498.48286156910206,2.2389731662538896e-06,0.001,1.0
0.009,517.967359961355,2.156210545555562e-06,0.001,1.0
0.009,538.2134606209411,2.0765072073390816e-06,0.001,1.0
0.009,559.2509327521748,1.9997500666244884e-06,0.001,1.0
0.009,581.110709166103,1.9258302185664545e-06,0.001,1.0
0.009,603.8249317630986,1.854642783937538e-06,0.001,1.0
0.009,627.4269987932595,1.7860867603230458e-06,0.001,1.0
0.009,651.9516139641041,1.7200648788164205e-06,0.001,1.0
0.009,677.4348374677659,1.6564834660118228e-06,0.001,1.0
0.009,703.9141390027236,1.5952523110980863e-06,0.001,1.0
0.009,731.4284528680187,1.5362845378654823e-06,0.001,1.0
0.009,760.0182352109756,1.4794964814437057e-06,0.001,1.0
0.009,789.7255235125983,1.4248075695961781e-06,0.001,1.0
0.009,820.593998398107,1.372140208402254e-06,0.001,1.0
0.009,852.6690478635015,1.3214196721651326e-06,0.001,1.0
0.009,885.9978340125859,1.2725739973892732e-06,0.001,1.0
0.009,920.629362402584,1.225533880676886e-06,0.001,1.0
0.009,956.6145541003077,1.1802325803986355e-06,0.001,1.0
0.009,994.0063205548288,1.1366058219990365e-06,0.001,1.0
0.009,1032.859641396743,1.094591706802199e-06,0.001,1.0
0.009,1073.2316452784212,1.0541306241885204e-06,0.001,1.0
0.009,1115.181693874111,1.0151651670177333e-06,0.001,1.0
0.009,1158.7714691634035,9.776400501782934e-07,0.001,1.0
0.009,1204.065064126393,9.415020321475642e-07,0.001,1.0
0.009,1251.1290769839072,9.066998394514775e-07,0.001,1.0
0.009,1300.0327091213474,8.73184093916522e-07,0.001,1.0
0.009,1350.8478668401442,8.409072426108225e-07,0.001,1.0
0.009,1403.6492670864322,8.098234903749165e-07,0.001,1.0
0.009,1458.514547312403,7.798887348464985e-07,0.001,1.0
0.009,1515.524379631877,7.51060503886949e-07,0.001,1.0
0.009,1574.7625894379407,7.232978953208563e-07,0.001,1.0
0.009,1636.3162786570638,6.965615189030462e-07,0.001,1.0
0.009,1700.2759538209232,6.708134404307702e-07,0.001,1.0
0.009,1766.7356591442478,6.460171279217628e-07,0.001,1.0
0.009,1835.793114804356,6.221373997818006e-07,0.001,1.0
0.009,1907.5498606257086,5.99140374888226e-07,0.001,1.0
0.009,1982.1114053807464,5.769934245186089e-07,0.001,1.0
0.009,2059.587381926539,5.556651260563451e-07,0.001,1.0
0.009,2140.0917084053526,5.351252184075029e-07,0.001,1.0
0.009,2223.742755746162,5.1534455906567e-07,0.001,1.0
0.009,2310.663521713386,4.962950827638792e-07,0.001,1.0
0.009,2400.981811758792,4.779497616549368e-07,0.001,1.0
0.009,2494.830426942441,4.602825669636811e-07,0.001,1.0
0.009,2592.347359199028,4.4326843205673824e-07,0.001,1.0
0.009,2693.6759942367094,4.2688321687739065e-07,0.001,1.0
0.009,2798.9653223667597,4.111036736950942e-07,0.001,1.0
0.009,2908.3701575740515,3.959074141210485e-07,0.001,1.0
0.009,3022.051365150478,3.8127287734302175e-07,0.001,1.0
0.009,3140.1760982260153,3.671792995343613e-07,0.001,1.0
0.009,3262.9180435452213,3.536066843937854e-07,0.001,1.0
0.009,3390.4576768505412,3.4053577477415744e-07,0.001,1.0
0.009,3522.9825282479414,3.2794802535999187e-07,0.001,1.0
0.009,3660.6874579450414,3.1582557635492087e-07,0.001,1.0
0.009,3803.774942767191,3.0415122814179463e-07,0.001,1.0
0.009,3952.4553738727795,2.9290841687945723e-07,0.001,1.0
0.009,4106.947366105495,2.8208119100157736e-07,0.001,1.0
0.009,4267.47807943847,2.7165418858418917e-07,0.001,1.0
0.009,4434.2835529828535,2.616126155498313e-07,0.001,1.0
0.009,4607.609052052014,2.5194222467736006e-07,0.001,1.0
0.009,4787.709428791631,2.4262929538765673e-07,0.001,1.0
0.009,4974.849496905955,2.3366061427654307e-07,0.001,1.0
0.009,5169.304421031219,2.2502345636729308e-07,0.001,1.0
0.009,5371.360121328724,2.167055670561348e-07,0.001,1.0
0.009,5581.313693892488,2.086951447251288e-07,0.001,1.0
0.009,5799.473847589632,2.009808239977538e-07,0.001,1.0
0.009,6026.161357975801,1.9355165961344171e-07,0.001,1.0
0.009,6261.709538953051,1.8639711089818344e-07,0.001,1.0
0.009,6506.46473286371,1.795070268091714e-07,0.001,1.0
0.009,6760.7868197408325,1.7287163153226004e-07,0.001,1.0
0.009,7025.049746464029,1.6648151061180972e-07,0.001,1.0
0.009,7299.642076598735,1.6032759759323458e-07,0.001,1.0
0.009,7584.967561727369,1.544011611593025e-07,0.001,1.0
0.009,7881.445735112435,1.486937927419358e-07,0.001,1.0
0.009,8189.512528564548,1.4319739459193607e-07,0.001,1.0
0.009,8509.620913422292,1.3790416828970643e-07,0.001,1.0
0.009,8842.241566586461,1.3280660368066932e-07,0.001,1.0
0.009,9187.863562587989,1.2789746821968175e-07,0.001,1.0
0.009,9546.99509270714,1.2316979670932928e-07,0.001,1.0
0.009,9920.164212201356,1.1861688141753936e-07,0.001,1.0
0.009,10307.919616740432,1.1423226256049256e-07,0.001,1.0
0.009,10710.831449190693,1.1000971913732837e-07,0.001,1.0
0.009,11129.492137934376,1.059432601036431e-07,0.001,1.0
0.009,11564.517267957064,1.020271158712524e-07,0.001,1.0
0.009,12016.546485983548,9.825573012216607e-08,0.001,1.0
0.009,12486.24444099364,9.462375192514978e-08,0.001,1.0
0.009,12974.301761500104,9.112602814370021e-08,0.001,1.0
0.009,13481.436071026445,8.775759612465051e-08,0.001,1.0
0.009,14008.393043276843,8.45136766570432e-08,0.001,1.0
0.009,14555.947498550619,8.13896671912704e-08,0.001,1.0
0.009,15124.904543012424,7.838113530886987e-08,0.001,1.0
0.009,15716.100752494263,7.548381243370274e-08,0.001,1.0
0.009,16330.405402568982,7.269358777559905e-08,0.001,1.0
0.009,16968.721746704905,7.000650249786924e-08,0.001,1.0
0.009,17631.988344379934,6.741874410041531e-08,0.001,1.0
0.009,18321.180441108976,6.492664101046352e-08,0.001,1.0
0.009,19037.311402412823,6.252665737325162e-08,0.001,1.0
0.009,19781.434203837765,6.021538803527431e-08,0.001,1.0
0.009,20554.642979216525,5.7989553712969944e-08,0.001,1.0
0.009,21358.074629446586,5.584599633999707e-08,0.001,1.0
0.009,22192.910494152424,5.378167458649393e-08,0.001,1.0
0.009,23060.37808868831,5.179365954396883e-08,0.001,1.0
0.009,23961.75290903711,4.9879130569694364e-08,0.001,1.0
0.009,24898.360307257484,4.8035371284714265e-08,0.001,1.0
0.009,25871.577440238605,4.6259765719779316e-08,0.001,1.0
0.009,26882.83529462621,4.454979460374971e-08,0.001,1.0
0.009,27933.62079089898,4.290303178919229e-08,0.001,1.0
0.009,29025.47896968736,4.131714081010652e-08,0.001,1.0
0.009,30160.01526355122,3.9789871566890084e-08,0.001,1.0
0.009,31338.897857554926,3.831905713384556e-08,0.001,1.0
0.009,32563.860142112582,3.6902610684693866e-08,0.001,1.0
0.009,33836.70326170812,3.553852253173698e-08,0.001,1.0
0.009,35159.29876323975,3.42248572744644e-08,0.001,1.0
0.009,36533.59134788087,3.2959751053562164e-08,0.001,1.0
0.009,37961.60173050526,3.174140890642451e-08,0.001,1.0
0.009,39445.42961088036,3.0568102220418837e-08,0.001,1.0
0.009,40987.25676099666,2.943816628028912e-08,0.001,1.0
0.009,42589.35023307446,2.834999790621864e-08,0.001,1.0
0.009,44254.0656929627,2.730205317920053e-08,0.001,1.0
0.009,45983.850883833664,2.629284525048899e-08,0.001,1.0
0.009,47781.24922526376,2.5320942232023186e-08,0.001,1.0
0.009,49648.90355299525,2.4384965164830582e-08,0.001,1.0
0.009,51589.56000487475,2.3483586062527394e-08,0.001,1.0
0.009,53606.072058685255,2.2615526027140107e-08,0.001,1.0
0.009,55701.40472780578,2.177955343457481e-08,0.001,1.0
0.009,57878.638920870886,2.0974482187159816e-08,0.001,1.0
0.009,60140.97597183715,2.0199170030782298e-08,0.001,1.0
0.009,62491.742347120795,1.945251693423098e-08,0.001,1.0
0.009,64934.394536724314,1.8733463528446166e-08,0.001,1.0
0.009,67472.52413654666,1.8040989603461704e-08,0.001,1.0
0.009,70109.8631293489,1.7374112660906794e-08,0.001,1.0
0.009,72850.28937213853,1.6731886520014514e-08,0.001,1.0
0.009,75697.83229804484,1.6113399975157684e-08,0.001,1.0
0.009,78656.67884106442,1.551777550300929e-08,0.001,1.0
0.009,81731.1795923932,1.4944168017491193e-08,0.001,1.0
0.009,84925.85519739214,1.439176367074634e-08,0.001,1.0
0.009,88245.40300259778,1.3859778698432066e-08,0.001,1.0
0.009,91694.70396254549,1.334745830769673e-08,0.001,1.0
0.009,95278.82981656687,1.2854075606261774e-08,0.001,1.0
0.009,99003.05054610792,1.237893057108985e-08,0.001,1.0
0.009,102872.84212353895,1.1921349055175473e-08,0.001,1.0
0.009,106893.8945638437,1.1480681831049395e-08,0.001,1.0
0.009,111072.12029103292,1.1056303669639307e-08,0.001,1.0
0.009,115413.66283157784,1.0647612453180045e-08,0.001,1.0
0.009,119924.90584765113,1.0254028320914752e-08,0.001,1.0
0.009,124612.48252345582,9.874992846374543e-09,0.001,1.0
0.009,129483.28531844074,9.509968245070097e-09,0.001,1.0
0.009,134544.47610174937,9.158436611470036e-09,0.001,1.0
0.009,139803.49668279613,8.819899184184583e-09,0.001,1.0
0.009,145268.07975346153,8.49387563831086e-09,0.001,1.0
0.009,150946.26025798733,8.179903403936812e-09,0.001,1.0
0.009,156846.38720729816,7.877537009835837e-09,0.001,1.0
0.009,162977.13595511153,7.586347451421925e-09,0.001,1.0
0.009,169347.52095389698,7.305921582067579e-09,0.001,1.0
0.009,175966.9090094294,7.035861526921832e-09,0.001,1.0
0.009,182845.03305343678,6.775784118395803e-09,0.001,1.0
0.009,189992.0064545818,6.525320352515662e-09,0.001,1.0
0.009,197418.3378888314,6.284114865370877e-09,0.001,1.0
0.009,205134.94679106714,6.051825428915691e-09,0.001,1.0
0.009,213153.1794106684,5.828122465407694e-09,0.001,1.0
0.009,221484.8254946635,5.612688579795304e-09,0.001,1.0
0.009,230142.13562298944,5.4052181093900454e-09,0.001,1.0
0.009,239137.83922134535,5.205416690185156e-09,0.001,1.0
0.009,248485.16327812057,5.013000839204968e-09,0.001,1.0
0.009,258197.85179292966,4.827697552292559e-09,0.001,1.0
0.009,268290.1859853359,4.649243916765014e-09,0.001,1.0
0.009,278777.00529349386,4.477386738386653e-09,0.001,1.0
0.009,289673.7291935693,4.311882182131159e-09,0.001,1.0
0.009,300996.3798720375,4.152495426222554e-09,0.001,1.0
0.009,312761.6057841775,3.999000328964645e-09,0.001,1.0
0.009,324986.7061334212,3.851179107885714e-09,0.001,1.0
0.009,337689.6563075312,3.7088220307437183e-09,0.001,1.0
0.009,350889.13430902833,3.5717271179531205e-09,0.001,1.0
0.009,364604.54821871064,3.439699856011582e-09,0.001,1.0
0.009,378856.064732666,3.312552921519506e-09,0.001,1.0
0.009,393664.6388147168,3.1901059154012727e-09,0.001,1.0
0.009,409052.0445079195,3.0721851069506697e-09,0.001,1.0
0.009,425040.9069504003,2.9586231873377467e-09,0.001,1.0
0.009,441654.73564262013,2.8492590322270272e-09,0.001,1.0
0.009,458917.95901497843,2.7439374731705416e-09,0.001,1.0
0.009,476855.960346572,2.642509077451129e-09,0.001,1.0
0.009,495495.1150879457,2.5448299360637857e-09,0.001,1.0
0.009,514862.829642685,2.450761459534166e-09,0.001,1.0
0.009,534987.5816649033,2.3601701812845587e-09,0.001,1.0
0.009,555898.9619318452,2.272927568268351e-09,0.001,1.0
0.009,577627.7178532059,2.1889098386043053e-09,0.001,1.0
0.009,600205.7986811082,2.1079977859519034e-09,0.001,1.0
0.009,623666.4024872475,2.030076610378568e-09,0.001,1.0
0.009,648044.0249762406,1.9550357554788087e-09,0.001,1.0
0.009,673374.5102069924,1.882768751514181e-09,0.001,1.0
0.009,699695.1032966168,1.8131730643515032e-09,0.001,1.0
0.009,727044.5051844502,1.7461499499850065e-09,0.001,1.0
0.009,755462.929536637,1.6816043144360026e-09,0.001,1.0
0.009,784992.1618749937,1.6194445788313136e-09,0.001,1.0
0.009,815675.6210170782,1.5595825494689706e-09,0.001,1.0
0.009,847558.4229177883,1.501933292686948e-09,0.001,1.0
0.009,880687.4470063993,1.446415014357232e-09,0.001,1.0
0.009,915111.4051165305,1.3929489438344212e-09,0.001,1.0
0.009,950880.913110446,1.3414592221940328e-09,0.001,1.0
0.009,988048.5653029489,1.2918727946021056e-09,0.001,1.0
0.009,1026669.0117943574,1.2441193066632393e-09,0.001,1.0
0.009,1066799.0388262086,1.198131004600151e-09,0.001,1.0
0.009,1108497.6522779076,1.1538426391229778e-09,0.001,1.0
0.009,1151826.1644270266,1.1111913728520797e-09,0.001,1.0
0.009,1196848.28410089,1.0701166911628447e-09,0.001,1.0
0.009,1243630.2103519314,1.030560316326142e-09,0.001,1.0
0.009,1292240.7297946364,9.924661248224732e-10,0.001,1.0
0.009,1342751.3177471124,9.557800677126164e-10,0.001,1.0
0.009,1395236.2433260665,9.204500939517118e-10,0.001,1.0
0.009,1449772.678649695,8.864260765379931e-10,0.001,1.0
0.009,1506440.8123090216,8.536597413914378e-10,0.001,1.0
0.009,1565323.9672746034,8.22104598861335e-10,0.001,1.0
0.009,1626508.7234118779,7.917158777656956e-10,0.001,1.0
0.009,1690085.0447853894,7.624504618688174e-10,0.001,1.0
0.009,1756146.411938984,7.342668287069732e-10,0.001,1.0
0.009,1824789.959346568,7.071249906753368e-10,0.001,1.0
0.009,1896116.618235437,6.809864382926442e-10,0.001,1.0
0.009,1970231.2649922783,6.558140855630126e-10,0.001,1.0
0.009,2047242.8753699518,6.315722173574698e-10,0.001,1.0
0.009,2127264.684721904,6.082264387404721e-10,0.001,1.0
0.009,2210414.3544996954,5.857436261695673e-10,0.001,1.0
0.009,2296814.145258586,5.640918804989178e-10,0.001,1.0
0.009,2386591.096425421,5.432404817200531e-10,0.001,1.0
0.009,2479877.2130932882,5.231598453755804e-10,0.001,1.0
0.009,2576809.6601174553,5.038214805840721e-10,0.001,1.0
0.009,2677530.9637981015,4.851979496165188e-10,0.001,1.0
0.009,2782189.2214463456,4.672628289670355e-10,0.001,1.0
0.009,2890938.3191416506,4.4999067186256657e-10,0.001,1.0
0.009,3003938.1580009265,4.333569721584027e-10,0.001,1.0
0.009,3121354.88929186,4.173381295682832e-10,0.001,1.0
0.009,3243361.158736349,4.0191141617975235e-10,0.001,1.0
0.009,3370136.3603630792,3.8705494420725996e-10,0.001,1.0
0.009,3501866.900282688,3.7274763493725415e-10,0.001,1.0
0.009,3638746.47077316,3.5896918882120395e-10,0.001,1.0
0.009,3780976.335078674,3.457000566741207e-10,0.001,1.0
0.009,3928765.6233404377,3.3292141193771163e-10,0.001,1.0
0.009,4082331.640094869,3.2061512396881475e-10,0.001,1.0
0.009,4241900.183791015,3.0876373231521386e-10,0.001,1.0
0.009,4407705.878797279,2.973504219423337e-10,0.001,1.0
0.009,4579992.52038534,2.863589993756776e-10,0.001,1.0
0.009,4759013.43319883,2.7577386972513485e-10,0.001,1.0
0.009,4945031.843733534,2.655800145585898e-10,0.001,1.0
0.009,5138321.2673770515,2.557629705934117e-10,0.001,1.0
0.009,5339165.910576909,2.4630880917560567e-10,0.001,1.0
0.009,5547861.0887283515,2.372041165175132e-10,0.001,1.0
0.009,5764713.660396532,2.2843597466601086e-10,0.001,1.0
0.009,5990042.478511217,2.1999194317421383e-10,0.001,1.0
0.009,6224178.859197802,2.1186004145067558e-10,0.001,1.0
0.009,6467467.068933614,2.0402873176104154e-10,0.001,1.0
0.009,6720264.830746174,1.9648690285803915e-10,0.001,1.0
0.009,6982943.850197342,1.8922385421657748e-10,0.001,1.0
0.009,7255890.361927125,1.8222928085158934e-10,0.001,1.0
0.009,7539505.697560346,1.7549325869707494e-10,0.001,1.0
0.009,7834206.875811658,1.6900623052560245e-10,0.001,1.0
0.009,8140427.21565611,1.6275899238828807e-10,0.001,1.0
0.009,8458616.973467313,1.5674268055601542e-10,0.001,1.0
0.009,8789244.005059581,1.509487589433673e-10,0.001,1.0
0.009,9132794.453607867,1.453690069974269e-10,0.001,1.0
0.009,9489773.46445684,1.3999550803426105e-10,0.001,1.0
0.009,9860705.92786996,1.3482063800654421e-10,0.001,1.0
0.009,10246137.250811107,1.2983705468637806e-10,0.001,1.0
0.009,10646634.158892974,1.2503768724796613e-10,0.001,1.0
0.009,11062785.529672055,1.2041572623535867e-10,0.001,1.0
0.009,11495203.258514771,1.1596461390103568e-10,0.001,1.0
0.009,11944523.158308575,1.1167803490161977e-10,0.001,1.0
0.009,12411405.894340258,1.0754990733751789e-10,0.001,1.0
0.009,12896537.955716765,1.0357437412377745e-10,0.001,1.0
0.009,13400632.664756129,9.974579467991794e-11,0.001,1.0
0.009,13924431.225833489,9.605873692693913e-11,0.001,1.0
0.009,14468703.815223549,9.2507969580162e-11,0.001,1.0
0.009,15034250.71354281,8.90884547269555e-11,0.001,1.0
0.009,15621903.482455812,8.579534067882988e-11,0.001,1.0
0.009,16232526.187376305,8.262395508774365e-11,0.001,1.0
0.009,16867016.667960867,7.956979831686835e-11,0.001,1.0
0.009,17526307.85826274,7.662853705639503e-11,0.001,1.0
0.009,18211369.158487845,7.379599817533418e-11,0.001,1.0
0.009,18923207.86036884,7.106816280057672e-11,0.001,1.0
0.009,19662870.628254235,6.844116061482384e-11,0.001,1.0
0.009,20431445.03808914,6.591126436528743e-11,0.001,1.0
0.009,21230061.17655166,6.347488457537738e-11,0.001,1.0
0.009,22059893.302695073,6.112856445186668e-11,0.001,1.0
0.009,22922161.574540287,5.886897498031078e-11,0.001,1.0
0.009,23818133.84315592,5.6692910201764783e-11,0.001,1.0
0.009,24749127.516865432,5.459728266409143e-11,0.001,1.0
0.009,25716511.498320866,5.257911904141268e-11,0.001,1.0
0.009,26721708.197292913,5.0635555915483046e-11,0.001,1.0
0.009,27766195.622135334,4.876383571300574e-11,0.001,1.0
0.009,28851509.553000525,4.696130279312094e-11,0.001,1.0
0.009,29979245.8,4.5225399679521236e-11,0.001,1.0
0.01,1.0,0.001,0.001,1.0
0.01,1.0390875993828967,0.0009631065823541455,0.001,1.0
0.01,1.0797030391913112,0.0009275742889738825,0.001,1.0
0.01,1.121906039039717,0.0008933529033332125,0.001,1.0
0.01,1.1657586528389539,0.0008603940615654038,0.001,1.0
0.01,1.2113253600382683,0.0008286511841120582,0.001,1.0
0.01,1.258673160433787,0.0007980794098938803,0.001,1.0
0.01,1.3078716726828274,0.0007686355329101082,0.001,1.0
0.01,1.3589932366688926,0.0007402779411770118,0.001,1.0
0.01,1.4121130198678724,0.0007129665579191549,0.001,1.0
0.01,1.4673091278718402,0.0006866627849303162,0.001,1.0
0.01,1.524662719232962,0.0006613294480240165,0.001,1.0
0.01,1.5842581247963778,0.0006369307444965641,0.001,1.0
0.01,1.6461829716975178,0.0006134321925283674,0.001,1.0
0.01,1.7105283122061767,0.0005908005824520061,0.001,1.0
0.01,1.7773887576067942,0.00056900392981819,0.001,1.0
0.01,1.8468626173117928,0.0005480114301932751,0.001,1.0
0.01,1.919052043412524,0.0005277934156244527,0.001,1.0
0.01,1.9940631808803622,0.0005083213127110878,0.001,1.0
0.01,2.0720063236387984,0.0004895676022229485,0.001,1.0
0.01,2.15299607673602,0.0004715057802082577,0.001,1.0
0.01,2.2371515248564258,0.0004541103205366,0.001,1.0
0.01,2.3245964074188503,0.0004373566388237503,0.001,1.0
0.01,2.4154593005189593,0.0004212210576874386,0.001,1.0
0.01,2.509873805983336,0.0004056807732849474,0.001,1.0
0.01,2.607978747813238,0.0003907138230852527,0.001,1.0
0.01,2.7099183763068706,0.0003762990548301599,0.001,1.0
0.01,2.8158425801603038,0.0003624160966405705,0.001,1.0
0.01,2.9259071068589115,0.00034904532822562965,0.001,1.0
0.01,3.0402737916833824,0.00033616785315406704,0.001,1.0
0.01,3.159110795667023,0.00032376547214854384,0.001,1.0
0.01,3.28259285285424,0.00031182065736526035,0.001,1.0
0.01,3.410901527223766,0.00030031652762247887,0.001,1.0
0.01,3.5442254796543984,0.00028923682454295004,0.001,1.0
0.01,3.6827607453257842,0.00027856588957652625,0.001,1.0
0.01,3.826711021962137,0.00026828864187049045,0.001,1.0
0.01,3.9762879693427076,0.0002583905569563234,0.001,1.0
0.01,4.131711520519406,0.00024885764622278883,0.001,1.0
0.01,4.293210205199169,0.0002396764371463271,0.001,1.0
0.01,4.461021485766557,0.00023083395425081726,0.001,1.0
0.01,4.635392106440695,0.00022231770076979783,0.001,1.0
0.01,4.816578456079889,0.00021411564098523165,0.001,1.0
0.01,5.004846945167431,0.0002062161832178536,0.001,1.0
0.01,5.20047439753285,0.0001986081634450633,0.001,1.0
0.01,5.403748457384625,0.00019128082952320845,0.001,1.0
0.01,5.61496801225282,0.00018422382599196324,0.001,1.0
0.01,5.83444363246354,0.00017742717943932448,0.001,1.0
0.01,6.062498027791366,0.00017088128440654352,0.001,1.0
0.01,6.299466521961276,0.0001645768898130729,0.001,1.0
0.01,6.545697545697666,0.00015850508588234345,0.001,1.0
0.01,6.801553149045507,0.00015265729154989412,0.001,1.0
0.01,7.067409533716877,0.00014702524233605892,0.001,1.0
0.01,7.343657606245667,0.00014160097866607166,0.001,1.0
0.01,7.630703552763759,0.00013637683462108257,0.001,1.0
0.01,7.928969436243836,0.00013134542710418735,0.001,1.0
0.01,8.238893817086966,0.00012649964540615942,0.001,1.0
0.01,8.560932397967486,0.00012183264115613751,0.001,1.0
0.01,8.895558693883299,0.0001173378186430666,0.001,1.0
0.01,9.243264728396852,0.00011300882549421441,0.001,1.0
0.01,9.604561757090488,0.0001088395436975889,0.001,1.0
0.01,9.979981019299931,0.00010482408095556952,0.001,1.0
0.01,10.370074519231242,0.00010095676235753277,0.001,1.0
0.01,10.775415837609737,9.723212235970308e-05,0.001,1.0
0.01,11.196600975054345,9.364489706089371e-05,0.001,1.0
0.01,11.634249228417417,9.019001676322314e-05,0.001,1.0
0.01,12.089004101378572,8.686259880729089e-05,0.001,1.0
0.01,12.561534250631452,8.365794067168928e-05,0.001,1.0
0.01,13.052534469054667,8.057151332709651e-05,0.001,1.0
0.01,13.562726707312525,7.75989548355614e-05,0.001,1.0
0.01,14.092861135387675,7.473606418593124e-05,0.001,1.0
0.01,14.643717245606503,7.197879535671229e-05,0.001,1.0
0.01,15.216104998779183,6.93232515979716e-05,0.001,1.0
0.01,15.810866015139553,6.6765679924199e-05,0.001,1.0
0.01,16.428874811835982,6.430246581034609e-05,0.001,1.0
0.01,17.07104008879279,6.19301280835467e-05,0.001,1.0
0.01,17.738306064832887,5.964531400329915e-05,0.001,1.0
0.01,18.43165386602629,5.744479452315729e-05,0.001,1.0
0.01,19.15210296830574,5.532545972723415e-05,0.001,1.0
0.01,19.900712696470862,5.328431443506839e-05,0.001,1.0
0.01,20.67858378178464,5.13184739686424e-05,0.001,1.0
0.01,21.4868599804527,4.942516007556936e-05,0.001,1.0
0.01,22.326729755365026,4.7601697002688185e-05,0.001,1.0
0.01,23.19942802357293,4.584550771451661e-05,0.001,1.0
0.01,24.106237972070694,4.4154110251218695e-05,0.001,1.0
0.01,25.048492944551764,4.252511422093938e-05,0.001,1.0
0.01,26.027578401913726,4.095621742154858e-05,0.001,1.0
0.01,27.044933959394662,3.944520258702097e-05,0.001,1.0
0.01,28.102055503336377,3.7989934253852664e-05,0.001,1.0
0.01,29.200497390686714,3.6588355743086725e-05,0.001,1.0
0.01,30.34187473447519,3.523848625368194e-05,0.001,1.0
0.01,31.527865778622388,3.393841806311715e-05,0.001,1.0
0.01,32.76021436557492,3.268631383127495e-05,0.001,1.0
0.01,34.04073250039434,3.1480404003794256e-05,0.001,1.0
0.01,35.3713030150701,3.0318984311222038e-05,0.001,1.0
0.01,36.7538823369742,2.920041336043001e-05,0.001,1.0
0.01,38.19050336552797,2.8123110314892073e-05,0.001,1.0
0.01,39.68327846131089,2.7085552660544335e-05,0.001,1.0
0.01,41.234402552006536,2.6086274054070084e-05,0.001,1.0
0.01,42.846156359752456,2.512386225056907e-05,0.001,1.0
0.01,44.520909754639405,2.4196957107681914e-05,0.001,1.0
0.01,46.26112523929085,2.3304248663349364e-05,0.001,1.0
0.01,48.069361569646276,2.244447528448957e-05,0.001,1.0
0.01,49.94827751727222,2.1616421883976837e-05,0.001,1.0
0.01,51.90063577873309,2.0818918203402298e-05,0.001,1.0
0.01,53.92930703776984,2.005083715918929e-05,0.001,1.0
0.01,56.03727418625941,1.9311093249726295e-05,0.001,1.0
0.01,58.22763671016145,1.8598641021266108e-05,0.001,1.0
0.01,60.503615246901084,1.791247359042322e-05,0.001,1.0
0.01,62.8685563208889,1.7251621221181387e-05,0.001,1.0
0.01,65.32593726414088,1.6615149954400262e-05,0.001,1.0
0.01,67.87937132923385,1.6002160287884064e-05,0.001,1.0
0.01,70.53261300211382,1.5411785905147257e-05,0.001,1.0
0.01,73.28956352256932,1.4843192451080171e-05,0.001,1.0
0.01,76.15427662048687,1.4295576352784669e-05,0.001,1.0
0.01,79.13096447632275,1.3768163683913189e-05,0.001,1.0
0.01,82.22400391455547,1.3260209070906097e-05,0.001,1.0
0.01,85.43794283922533,1.2770994639581804e-05,0.001,1.0
0.01,88.77750692102383,1.2299829000590748e-05,0.001,1.0
0.01,92.24760654576514,1.1846046272299365e-05,0.001,1.0
0.01,95.85334403445708,1.1409005139723301e-05,0.001,1.0
0.01,99.6000211455869,1.0988087948179793e-05,0.001,1.0
0.01,103.49314687065367,1.0582699830378208e-05,0.001,1.0
0.01,107.53844553440906,1.0192267865715347e-05,0.001,1.0
0.01,111.74186521171748,9.816240270587091e-06,0.001,1.0
0.01,116.10958647341073,9.454085618572272e-06,0.001,1.0
0.01,120.6480314739972,9.105292089386612e-06,0.001,1.0
0.01,125.3638733945879,8.76936674554538e-06,0.001,1.0
0.01,130.26404625492373,8.445834835712309e-06,0.001,1.0
0.01,135.35575510893128,8.134239123750471e-06,0.001,1.0
0.01,140.64648663879865,7.834139242526699e-06,0.001,1.0
0.01,146.14402016314793,7.5451110715563795e-06,0.001,1.0
0.01,151.856439075491,7.266746137609092e-06,0.001,1.0
0.01,157.79214272978703,6.998651037427882e-06,0.001,1.0
0.01,163.95985879057778,6.740446881746459e-06,0.001,1.0
0.01,170.3686560658602,6.4917687598184914e-06,0.001,1.0
0.01,177.02795784156504,6.252265223702199e-06,0.001,1.0
0.01,183.94755573724842,6.0215977915714984e-06,0.001,1.0
0.01,191.13762410336923,5.799440469351693e-06,0.001,1.0
0.01,198.6087349813204,5.585479290003633e-06,0.001,1.0
0.01,206.37187364821412,5.379411869805256e-06,0.001,1.0
0.01,214.43845476927328,5.180946981003465e-06,0.001,1.0
0.01,222.82033918158203,4.989804140232277e-06,0.001,1.0
0.01,231.52985133387284,4.805713212115671e-06,0.001,1.0
0.01,240.57979740799286,4.628414027494888e-06,0.001,1.0
0.01,249.9834841486949,4.4576560157405905e-06,0.001,1.0
0.01,259.7547384294398,4.293197850630314e-06,0.001,1.0
0.01,269.9079275829788,4.134807109290726e-06,0.001,1.0
0.01,280.45798052661013,3.982259943722613e-06,0.001,1.0
0.01,291.4204097131705,3.8353407644445e-06,0.001,1.0
0.01,302.8113339400385,3.6938419358076797e-06,0.001,1.0
0.01,314.6475020496872,3.5575634825521527e-06,0.001,1.0
0.01,326.94631755663454,3.4263128071887174e-06,0.001,1.0
0.01,339.7258642370019,3.299904417807762e-06,0.001,1.0
0.01,353.0049327183061,3.178159665930178e-06,0.001,1.0
0.01,366.80304810858564,3.0609064940298078e-06,0.001,1.0
0.01,381.1404987054794,2.9479791923706594e-06,0.001,1.0
0.01,396.0383658274765,2.839218164815238e-06,0.001,1.0
0.01,411.518554811198,2.7344697032730137e-06,0.001,1.0
0.01,427.6038272202867,2.633585770470228e-06,0.001,1.0
0.01,444.3178343132666,2.536423790734089e-06,0.001,1.0
0.01,461.68515181957974,2.4428464484956554e-06,0.001,1.0
0.01,479.73131607493525,2.352721494226614e-06,0.001,1.0
0.01,498.48286156910206,2.2659215575357313e-06,0.001,1.0
0.01,517.967359961355,2.1823239671608232e-06,0.001,1.0
0.01,538.2134606209411,2.1018105776017996e-06,0.001,1.0
0.01,559.2509327521748,2.024267602149863e-06,0.001,1.0
0.01,581.110709166103,1.949585452076776e-06,0.001,1.0
0.01,603.8249317630986,1.8776585817570247e-06,0.001,1.0
0.01,627.4269987932595,1.8083853395039403e-06,0.001,1.0
0.01,651.9516139641041,1.7416678239089805e-06,0.001,1.0
0.01,677.4348374677659,1.677411745481159e-06,0.001,1.0
0.01,703.9141390027236,1.6155262933910614e-06,0.001,1.0
0.01,731.4284528680187,1.5559240071311262e-06,0.001,1.0
0.01,760.0182352109756,1.4985206529108254e-06,0.001,1.0
0.01,789.7255235125983,1.443235104612048e-06,0.001,1.0
0.01,820.593998398107,1.3899892291364378e-06,0.001,1.0
0.01,852.6690478635015,1.3387077759826672e-06,0.001,1.0
0.01,885.9978340125859,1.2893182708975863e-06,0.001,1.0
0.01,920.629362402584,1.241750913450931e-06,0.001,1.0
0.01,956.6145541003077,1.1959384783888638e-06,0.001,1.0
0.01,994.0063205548288,1.1518162206269163e-06,0.001,1.0
0.01,1032.859641396743,1.1093217837480583e-06,0.001,1.0
0.01,1073.2316452784212,1.0683951118765963e-06,0.001,1.0
0.01,1115.181693874111,1.028978364803344e-06,0.001,1.0
0.01,1158.7714691634035,9.91015836242105e-07,0.001,1.0
0.01,1204.065064126393,9.54453875101969e-07,0.001,1.0
0.01,1251.1290769839072,9.192408096641281e-07,0.001,1.0
0.01,1300.0327091213474,8.853268745560755e-07,0.001,1.0
0.01,1350.8478668401442,8.526641404199795e-07,0.001,1.0
0.01,1403.6492670864322,8.21206446175822e-07,0.001,1.0
0.01,1458.514547312403,7.90909333783589e-07,0.001,1.0
0.01,1515.524379631877,7.617299854123068e-07,0.001,1.0
0.01,1574.7625894379407,7.336271629271202e-07,0.001,1.0
0.01,1636.3162786570638,7.065611496089063e-07,0.001,1.0
0.01,1700.2759538209232,6.804936940240501e-07,0.001,1.0
0.01,1766.7356591442478,6.553879559650507e-07,0.001,1.0
0.01,1835.793114804356,6.312084543855688e-07,0.001,1.0
0.01,1907.5498606257086,6.07921017256328e-07,0.001,1.0
0.01,1982.1114053807464,5.854927332709979e-07,0.001,1.0
0.01,2059.587381926539,5.638919053338182e-07,0.001,1.0
0.01,2140.0917084053526,5.430880057632212e-07,0.001,1.0
0.01,2223.742755746162,5.230516331481437e-07,0.001,1.0
0.01,2310.663521713386,5.037544707960632e-07,0.001,1.0
0.01,2400.981811758792,4.851692467140177e-07,0.001,1.0
0.01,2494.830426942441,4.6726969506607305e-07,0.001,1.0
0.01,2592.347359199028,4.500305190527491e-07,0.001,1.0
0.01,2693.6759942367094,4.334273551599555e-07,0.001,1.0
0.01,2798.9653223667597,4.17436738726901e-07,0.001,1.0
0.01,2908.3701575740515,4.020360707843261e-07,0.001,1.0
0.01,3022.051365150478,3.8720358611618143e-07,0.001,1.0
0.01,3140.1760982260153,3.729183224996244e-07,0.001,1.0
0.01,3262.9180435452213,3.591600910798544e-07,0.001,1.0
0.01,3390.4576768505412,3.459094478379223e-07,0.001,1.0
0.01,3522.9825282479414,3.3314766611119107e-07,0.001,1.0
0.01,3660.6874579450414,3.2085671012760933e-07,0.001,1.0
0.01,3803.774942767191,3.090192095163961e-07,0.001,1.0
0.01,3952.4553738727795,2.9761843475911603e-07,0.001,1.0
0.01,4106.947366105495,2.8663827354644257e-07,0.001,1.0
0.01,4267.47807943847,2.760632080072071e-07,0.001,1.0
0.01,4434.2835529828535,2.658782927775429e-07,0.001,1.0
0.01,4607.609052052014,2.560691338791339e-07,0.001,1.0
0.01,4787.709428791631,2.466218683767188e-07,0.001,1.0
0.01,4974.849496905955,2.3752314478609567e-07,0.001,1.0
0.01,5169.304421031219,2.2876010420494558e-07,0.001,1.0
0.01,5371.360121328724,2.203203621398034e-07,0.001,1.0
0.01,5581.313693892488,2.121919910034938e-07,0.001,1.0
0.01,5799.473847589632,2.043635032582962e-07,0.001,1.0
0.01,6026.161357975801,1.96823835181018e-07,0.001,1.0
0.01,6261.709538953051,1.8956233122702595e-07,0.001,1.0
0.01,6506.46473286371,1.8256872897114555e-07,0.001,1.0
0.01,6760.7868197408325,1.7583314460414032e-07,0.001,1.0
0.01,7025.049746464029,1.6934605896427592e-07,0.001,1.0
0.01,7299.642076598735,1.6309830408422714e-07,0.001,1.0
0.01,7584.967561727369,1.5708105023431724e-07,0.001,1.0
0.01,7881.445735112435,1.5128579344377317e-07,0.001,1.0
0.01,8189.512528564548,1.4570434348236763e-07,0.001,1.0
0.01,8509.620913422292,1.4032881228545764e-07,0.001,1.0
0.01,8842.241566586461,1.3515160280606337e-07,0.001,1.0
0.01,9187.863562587989,1.3016539827823268e-07,0.001,1.0
0.01,9546.99509270714,1.2536315187651488e-07,0.001,1.0
0.01,9920.164212201356,1.20738076756934e-07,0.001,1.0
0.01,10307.919616740432,1.1628363646538323e-07,0.001,1.0
0.01,10710.831449190693,1.1199353569988696e-07,0.001,1.0
0.01,11129.492137934376,1.0786171141367517e-07,0.001,1.0
0.01,11564.517267957064,1.0388232424649368e-07,0.001,1.0
0.01,12016.546485983548,1.0004975027204592e-07,0.001,1.0
0.01,12486.24444099364,9.635857304989574e-08,0.001,1.0
0.01,12974.301761500104,9.280357597060757e-08,0.001,1.0
0.01,13481.436071026445,8.937973488329503e-08,0.001,1.0
0.01,14008.393043276843,8.60822109951699e-08,0.001,1.0
0.01,14555.947498550619,8.290634403304641e-08,0.001,1.0
0.01,15124.904543012424,7.984764565714452e-08,0.001,1.0
0.01,15716.100752494263,7.690179311787718e-08,0.001,1.0
0.01,16330.405402568982,7.406462314666438e-08,0.001,1.0
0.01,16968.721746704905,7.133212607213158e-08,0.001,1.0
0.01,17631.988344379934,6.870044015338571e-08,0.001,1.0
0.01,18321.180441108976,6.616584612235283e-08,0.001,1.0
0.01,19037.311402412823,6.372476192746945e-08,0.001,1.0
0.01,19781.434203837765,6.137373767129679e-08,0.001,1.0
0.01,20554.642979216525,5.910945073490245e-08,0.001,1.0
0.01,21358.074629446586,5.692870108212265e-08,0.001,1.0
0.01,22192.910494152424,5.4828406737063815e-08,0.001,1.0
0.01,23060.37808868831,5.2805599428456645e-08,0.001,1.0
0.01,23961.75290903711,5.085742039470283e-08,0.001,1.0
0.01,24898.360307257484,4.898111634369037e-08,0.001,1.0
0.01,25871.577440238605,4.7174035561662343e-08,0.001,1.0
0.01,26882.83529462621,4.543362416564556e-08,0.001,1.0
0.01,27933.62079089898,4.375742249413755e-08,0.001,1.0
0.01,29025.47896968736,4.214306163095531e-08,0.001,1.0
0.01,30160.01526355122,4.0588260057329436e-08,0.001,1.0
0.01,31338.897857554926,3.909082042751591e-08,0.001,1.0
0.01,32563.860142112582,3.764862646336442e-08,0.001,1.0
0.01,33836.70326170812,3.625963996345875e-08,0.001,1.0
0.01,35159.29876323975,3.492189792259851e-08,0.001,1.0
0.01,36533.59134788087,3.363350975755419e-08,0.001,1.0
0.01,37961.60173050526,3.2392654635172835e-08,0.001,1.0
0.01,39445.42961088036,3.119757889905949e-08,0.001,1.0
0.01,40987.25676099666,3.0046593591196946e-08,0.001,1.0
0.01,42589.35023307446,2.8938072065001676e-08,0.001,1.0
0.01,44254.0656929627,2.7870447686441745e-08,0.001,1.0
0.01,45983.850883833664,2.684221161996892e-08,0.001,1.0
0.01,47781.24922526376,2.5851910696135007e-08,0.001,1.0
0.01,49648.90355299525,2.4898145357879175e-08,0.001,1.0
0.01,51589.56000487475,2.397956768258371e-08,0.001,1.0
0.01,53606.072058685255,2.3094879477103123e-08,0.001,1.0
0.01,55701.40472780578,2.224283044307369e-08,0.001,1.0
0.01,57878.638920870886,2.1422216409911454e-08,0.001,1.0
0.01,60140.97597183715,2.0631877633000757e-08,0.001,1.0
0.01,62491.742347120795,1.9870697154668268e-08,0.001,1.0
0.01,64934.394536724314,1.913759922562674e-08,0.001,1.0
0.01,67472.52413654666,1.843154778465675e-08,0.001,1.0
0.01,70109.8631293489,1.775154499437786e-08,0.001,1.0
0.01,72850.28937213853,1.7096629831041136e-08,0.001,1.0
0.01,75697.83229804484,1.6465876726347938e-08,0.001,1.0
0.01,78656.67884106442,1.5858394259377634e-08,0.001,1.0
0.01,81731.1795923932,1.52733238967738e-08,0.001,1.0
0.01,84925.85519739214,1.4709838779409718e-08,0.001,1.0
0.01,88245.40300259778,1.4167142553817775e-08,0.001,1.0
0.01,91694.70396254549,1.3644468246731423e-08,0.001,1.0
0.01,95278.82981656687,1.3141077181149166e-08,0.001,1.0
0.01,99003.05054610792,1.2656257932388603e-08,0.001,1.0
0.01,102872.84212353895,1.2189325322655337e-08,0.001,1.0
0.01,106893.8945638437,1.1739619452705426e-08,0.001,1.0
0.01,111072.12029103292,1.1306504769233372e-08,0.001,1.0
0.01,115413.66283157784,1.0889369166667185e-08,0.001,1.0
0.01,119924.90584765113,1.0487623122101464e-08,0.001,1.0
0.01,124612.48252345582,1.0100698862145422e-08,0.001,1.0
0.01,129483.28531844074,9.728049560509304e-09,0.001,1.0
0.01,134544.47610174937,9.36914856519385e-09,0.001,1.0
0.01,139803.49668279613,9.023488654192114e-09,0.001,1.0
0.01,145268.07975346153,8.690581318650364e-09,0.001,1.0
0.01,150946.26025798733,8.369956072476138e-09,0.001,1.0
0.01,156846.38720729816,8.061159787416808e-09,0.001,1.0
0.01,162977.13595511153,7.763756052669689e-09,0.001,1.0
0.01,169347.52095389698,7.477324558118005e-09,0.001,1.0
0.01,175966.9090094294,7.201460500321768e-09,0.001,1.0
0.01,182845.03305343678,6.935774010423263e-09,0.001,1.0
0.01,189992.0064545818,6.679889603159457e-09,0.001,1.0
0.01,197418.3378888314,6.433445646201885e-09,0.001,1.0
0.01,205134.94679106714,6.196093849074668e-09,0.001,1.0
0.01,213153.1794106684,5.967498770927837e-09,0.001,1.0
0.01,221484.8254946635,5.747337346470875e-09,0.001,1.0
0.01,230142.13562298944,5.535298429395911e-09,0.001,1.0
0.01,239137.83922134535,5.331082352645757e-09,0.001,1.0
0.01,248485.16327812057,5.134400504905155e-09,0.001,1.0
0.01,258197.85179292966,4.944974922716604e-09,0.001,1.0
0.01,268290.1859853359,4.762537897644554e-09,0.001,1.0
0.01,278777.00529349386,4.5868315979325366e-09,0.001,1.0
0.01,289673.7291935693,4.417607704118819e-09,0.001,1.0
0.01,300996.3798720375,4.254627058095206e-09,0.001,1.0
0.01,312761.6057841775,4.097659325113554e-09,0.001,1.0
0.01,324986.7061334212,3.946482668261705e-09,0.001,1.0
0.01,337689.6563075312,3.800883434949407e-09,0.001,1.0
0.01,350889.13430902833,3.6606558549606038e-09,0.001,1.0
0.01,364604.54821871064,3.525601749645801e-09,0.001,1.0
0.01,378856.064732666,3.3955302518431584e-09,0.001,1.0
0.01,393664.6388147168,3.270257536132782e-09,0.001,1.0
0.01,409052.0445079195,3.1496065590427277e-09,0.001,1.0
0.01,425040.9069504003,3.033406808839843e-09,0.001,1.0
0.01,441654.73564262013,2.9214940645515372e-09,0.001,1.0
0.01,458917.95901497843,2.8137101638781483e-09,0.001,1.0
0.01,476855.960346572,2.709902779667807e-09,0.001,1.0
0.01,495495.1150879457,2.609925204637862e-09,0.001,1.0
0.01,514862.829642685,2.5136361440387157e-09,0.001,1.0
0.01,534987.5816649033,2.420899515966981e-09,0.001,1.0
0.01,555898.9619318452,2.3315842590457647e-09,0.001,1.0
0.01,577627.7178532059,2.2455641472002864e-09,0.001,1.0
0.01,600205.7986811082,2.1627176112670695e-09,0.001,1.0
0.01,623666.4024872475,2.0829275671845494e-09,0.001,1.0
0.01,648044.0249762406,2.0060812505223473e-09,0.001,1.0
0.01,673374.5102069924,1.932070057115309e-09,0.001,1.0
0.01,699695.1032966168,1.8607893895771013e-09,0.001,1.0
0.01,727044.5051844502,1.7921385094764591e-09,0.001,1.0
0.01,755462.929536637,1.7260203949671227e-09,0.001,1.0
0.01,784992.1618749937,1.6623416036703414e-09,0.001,1.0
0.01,815675.6210170782,1.6010121406160498e-09,0.001,1.0
0.01,847558.4229177883,1.5419453310562217e-09,0.001,1.0
0.01,880687.4470063993,1.4850576979704844e-09,0.001,1.0
0.01,915111.4051165305,1.430268844091071e-09,0.001,1.0
0.01,950880.913110446,1.3775013382801637e-09,0.001,1.0
0.01,988048.5653029489,1.3266806060992731e-09,0.001,1.0
0.01,1026669.0117943574,1.2777348244157954e-09,0.001,1.0
0.01,1066799.0388262086,1.2305948198979734e-09,0.001,1.0
0.01,1108497.6522779076,1.1851939712546488e-09,0.001,1.0
0.01,1151826.1644270266,1.1414681150818044e-09,0.001,1.0
0.01,1196848.28410089,1.0993554551826635e-09,0.001,1.0
0.01,1243630.2103519314,1.0587964752333634e-09,0.001,1.0
0.01,1292240.7297946364,1.0197338546706207e-09,0.001,1.0
0.01,1342751.3177471124,9.82112387682639e-10,0.001,1.0
0.01,1395236.2433260665,9.458789051886963e-10,0.001,1.0
0.01,1449772.678649695,9.109821996971649e-10,0.001,1.0
0.01,1506440.8123090216,8.773729529358001e-10,0.001,1.0
0.01,1565323.9672746034,8.450036661519618e-10,0.001,1.0
0.01,1626508.7234118779,8.13828592984341e-10,0.001,1.0
0.01,1690085.0447853894,7.838036748112291e-10,0.001,1.0
0.01,1756146.411938984,7.548864784840645e-10,0.001,1.0
0.01,1824789.959346568,7.270361363581426e-10,0.001,1.0
0.01,1896116.618235437,7.002132885358546e-10,0.001,1.0
0.01,1970231.2649922783,6.743800272407232e-10,0.001,1.0
0.01,2047242.8753699518,6.494998432437099e-10,0.001,1.0
0.01,2127264.684721904,6.255375742660007e-10,0.001,1.0
0.01,2210414.3544996954,6.024593552854317e-10,0.001,1.0
0.01,2296814.145258586,5.802325706762331e-10,0.001,1.0
0.01,2386591.096425421,5.588258081145484e-10,0.001,1.0
0.01,2479877.2130932882,5.382088141844954e-10,0.001,1.0
0.01,2576809.6601174553,5.183524516221069e-10,0.001,1.0
0.01,2677530.9637981015,4.992286581366592e-10,0.001,1.0
0.01,2782189.2214463456,4.808104067512441e-10,0.001,1.0
0.01,2890938.3191416506,4.6307166760649746e-10,0.001,1.0
0.01,3003938.1580009265,4.4598737117352883e-10,0.001,1.0
0.01,3121354.88929186,4.295333728240472e-10,0.001,1.0
0.01,3243361.158736349,4.1368641870761655e-10,0.001,1.0
0.01,3370136.3603630792,3.984241128878188e-10,0.001,1.0
0.01,3501866.900282688,3.8372488569086956e-10,0.001,1.0
0.01,3638746.47077316,3.6956796322196863e-10,0.001,1.0
0.01,3780976.335078674,3.559333380062929e-10,0.001,1.0
0.01,3928765.6233404377,3.428017407131438e-10,0.001,1.0
0.01,4082331.640094869,3.3015461292328736e-10,0.001,1.0
0.01,4241900.183791015,3.179740809010038e-10,0.001,1.0
0.01,4407705.878797279,3.0624293033376587e-10,0.001,1.0
0.01,4579992.52038534,2.9494458200387254e-10,0.001,1.0
0.01,4759013.43319883,2.8406306835762134e-10,0.001,1.0
0.01,4945031.843733534,2.7358301093894033e-10,0.001,1.0
0.01,5138321.2673770515,2.634895986555597e-10,0.001,1.0
0.01,5339165.910576909,2.5376856684702163e-10,0.001,1.0
0.01,5547861.0887283515,2.4440617712494465e-10,0.001,1.0
0.01,5764713.660396532,2.353891979570474e-10,0.001,1.0
0.01,5990042.478511217,2.2670488596749544e-10,0.001,1.0
0.01,6224178.859197802,2.183409679271409e-10,0.001,1.0
0.01,6467467.068933614,2.1028562340820447e-10,0.001,1.0
0.01,6720264.830746174,2.0252746807888678e-10,0.001,1.0
0.01,6982943.850197342,1.95055537614295e-10,0.001,1.0
0.01,7255890.361927125,1.8785927220095423e-10,0.001,1.0
0.01,7539505.697560346,1.8092850161299824e-10,0.001,1.0
0.01,7834206.875811658,1.7425343083895097e-10,0.001,1.0
0.01,8140427.21565611,1.6782462623878659e-10,0.001,1.0
0.01,8458616.973467313,1.6163300221169966e-10,0.001,1.0
0.01,8789244.005059581,1.556698083557499e-10,0.001,1.0
0.01,9132794.453607867,1.4992661710123114e-10,0.001,1.0
0.01,9489773.46445684,1.4439531180028538e-10,0.001,1.0
0.01,9860705.92786996,1.3906807525593387e-10,0.001,1.0
0.01,10246137.250811107,1.3393737867431162e-10,0.001,1.0
0.01,10646634.158892974,1.289959710244893e-10,0.001,1.0
0.01,11062785.529672055,1.2423686879085035e-10,0.001,1.0
0.01,11495203.258514771,1.196533461035363e-10,0.001,1.0
0.01,11944523.158308575,1.1523892523301461e-10,0.001,1.0
0.01,12411405.894340258,1.1098736743533364e-10,0.001,1.0
0.01,12896537.955716765,1.0689266413512782e-10,0.001,1.0
0.01,13400632.664756129,1.0294902843391272e-10,0.001,1.0
0.01,13924431.225833489,9.915088693166528e-11,0.001,1.0
0.01,14468703.815223549,9.549287185013833e-11,0.001,1.0
0.01,15034250.71354281,9.19698134467693e-11,0.001,1.0
0.01,15621903.482455812,8.85767327084662e-11,0.001,1.0
0.01,16232526.187376305,8.530883431494771e-11,0.001,1.0
0.01,16867016.667960867,8.216149986168523e-11,0.001,1.0
0.01,17526307.85826274,7.913028133287815e-11,0.001,1.0
0.01,18211369.158487845,7.621089481523048e-11,0.001,1.0
0.01,18923207.86036884,7.339921444364779e-11,0.001,1.0
0.01,19662870.628254235,7.069126657030081e-11,0.001,1.0
0.01,20431445.03808914,6.808322414880818e-11,0.001,1.0
0.01,21230061.17655166,6.557140132560977e-11,0.001,1.0
0.01,22059893.302695073,6.315224823088025e-11,0.001,1.0
0.01,22922161.574540287,6.082234596162363e-11,0.001,1.0
0.01,23818133.84315592,5.857840174986092e-11,0.001,1.0
0.01,24749127.516865432,5.641724430907657e-11,0.001,1.0
0.01,25716511.498320866,5.433581935235371e-11,0.001,1.0
0.01,26721708.197292913,5.233118527585755e-11,0.001,1.0
0.01,27766195.622135334,5.0400509001572675e-11,0.001,1.0
0.01,28851509.553000525,4.854106197341411e-11,0.001,1.0
0.01,29979245.8,4.675021630105557e-11,0.001,1.0
