time,kx,ky,Bx,By,k2,damping_integral,vorticity_amplitude,speed,energy,qxy,production,dissipation,energy_rate,logarithmic_speed_rate,wavelength,pressure_amplitude,heat_reference_speed,inviscid_speed
0.0,1.0,4.0,-0.9701425001453319,0.24253562503633297,17.0,0.0,4.123105625617661,1.0,0.25,-0.11764705882352941,0.11764705882352941,0.0425,0.0751470588235294,0.1502941176470588,1.5238962756959047,0.028533602945450938,1.0,1.0
0.01,1.0,3.99,-0.9714627408738609,0.24347437114633105,16.9201,0.16960033333333335,4.119610707233036,1.001508675105341,0.2507549065778139,-0.11826313996317722,0.11826313996317722,0.042427980947872694,0.07583515901530452,0.15121370913587978,1.5274901051660978,0.028779306404374802,0.9991503611476675,1.002358316328683
0.02,1.0,3.98,-0.9727926887157496,0.24442027354667076,16.840400000000002,0.33840266666666674,4.116135174635355,1.0030288556863391,0.25151672133486175,-0.11888512754005243,0.11888512754005243,0.04235642193967606,0.07652870560037636,0.1521344290634426,1.5311003894044533,0.029027846553130652,0.9983014441815146,1.0047274304842426
0.03,1.0,3.97,-0.9741323796574515,0.24537339537971067,16.7609,0.5064089999999999,4.112678942619793,1.0045605985988386,0.25228549906431424,-0.11951308477293314,0.11951308477293314,0.04228532021267064,0.07722776456026251,0.15305628909843744,1.5347272377325631,0.029279262495416198,0.9974532484881984,1.007107414204889
0.04,1.0,3.96,-0.9754818499721014,0.24633380049800538,16.6816,0.6736213333333335,4.109241926387527,1.0061039612747702,0.2530612952231961,-0.12014707571022643,0.12014707571022643,0.042214673023952674,0.07793240268627374,0.1539793009783234,1.5383707604030359,0.02953359395957287,0.9966057734548976,1.0094983398397777
0.05,1.0,3.95,-0.9768411362201126,0.24730155347344623,16.6025,0.8400416666666667,4.105824041542891,1.0076590017273603,0.2538441659405451,-0.12078716524200007,0.12078716524200007,0.042144477650279004,0.07864268759172108,0.15490347650956182,1.5420310686089251,0.029790881309856496,0.9957590184693116,1.011900280355196
0.06,1.0,3.94,-0.9782102752497499,0.24827671960653552,16.523600000000002,1.005672,4.102425204090551,1.0092257785564012,0.2546341680256935,-0.12143341911220705,0.12143341911220705,0.04207473138789349,0.07935868772431356,0.15582882756784233,1.5457082744932582,0.03005116555793356,0.9949129829196596,1.0143133093408163
0.07,1.0,3.93,-0.9795893041976848,0.24925936493579767,16.4449,1.1705143333333332,4.099045330432699,1.0108043509535867,0.2554313589766754,-0.12208590393110741,0.12208590393110741,0.04200543155235529,0.08008047237875213,0.15675536609830404,1.5494024911586786,0.030314488374608258,0.9940676661946811,1.0167375010160231
0.08,1.0,3.92,-0.9809782604895245,0.25024955624732764,16.3664,1.3345706666666666,4.095684337366263,1.0123947787079097,0.25623579698875937,-0.12274468718788945,0.12274468718788945,0.04193657547836832,0.08080811170952112,0.15768310411574937,1.5531138326771932,0.03058089210178508,0.9932230676836347,1.0191729302363088
0.09,1.0,3.91,-0.9823771818403227,0.25124736108448154,16.2881,1.497843,4.092342142080144,1.0139971222111286,0.2570475409631126,-0.12340983726349547,0.12340983726349547,0.04186816051961275,0.08154167674388271,0.158612053704852,1.5568424141000319,0.03085041976467256,0.9923791867762979,1.0216196724997453
0.1,1.0,3.9,-0.9837861062550636,0.2522528477577086,16.21,1.6603333333333332,4.089018662152457,1.015611442463294,0.2578666505155932,-0.12408142344365375,0.12408142344365375,0.04180018404857767,0.08228123939507609,0.15954222702035778,1.56058835146762,0.031123115084233016,0.9915360228629667,1.0240778039535265
0.11,1.0,3.89,-0.9852050720291196,0.25326608535452944,16.1321,1.8220436666666664,4.0857138155478046,1.017237801078347,0.25869318598567764,-0.12475951593212116,0.12475951593212116,0.0417326434563955,0.08302687247572565,0.16047363628727812,1.5643517618196616,0.03139902248988407,0.9906935753344551,1.0265474014005858
0.12,1.0,3.88,-0.986634117748685,0.2542871437496611,16.0544,1.9829760000000003,4.0824275206145595,1.0188762602897796,0.2595272084455217,-0.12544418586413997,0.12544418586413997,0.041665536152677846,0.08377864971146212,0.1614062938010763,1.5681327632053383,0.03167818713245728,0.9898518435820949,1.0290285423062882
0.13,1.0,3.87,-0.9880732822911822,0.25531609361529256,15.9769,2.143132333333334,4.079159696082168,1.0205268829563692,0.2603687797091607,-0.12613550532011245,0.12613550532011245,0.04159885956535291,0.08453664575475953,0.1623402119278458,1.5719314746936248,0.03196065489741972,0.9890108269977347,1.0315213048052003
0.14,1.0,3.86,-0.9895226048256373,0.25635300643151226,15.8996,2.302514666666667,4.075910261058472,1.0221897325679754,0.26121796234184724,-0.12683354733949667,0.12683354733949667,0.041532611140504355,0.08530093619899232,0.16327540310448063,1.5757480163837192,0.03224647241836427,0.98817052497374,1.0340257677079339
0.15,1.0,3.85,-0.9909821248130268,0.25739795449689007,15.822500000000002,2.4611249999999996,4.072679135027044,1.0238648732514093,0.2620748196695311,-0.12753838593492745,0.12753838593492745,0.041466788342211576,0.08607159759271588,0.16421187983883706,1.579582509415593,0.032535687090774534,0.9873309369029926,1.0365420105080698
0.16,1.0,3.84,-0.9924518820065961,0.25845101093921774,15.7456,2.618965333333333,4.069466237844547,1.0255523697763749,0.26293941578848457,-0.12825009610656699,0.12825009610656699,0.041401388652391624,0.08684870745417536,0.16514965470988718,1.5834350759806635,0.03282834708607074,0.98649206217889,1.0390701133891607
0.17,1.0,3.83,-0.9939319164521409,0.2595122497264075,15.6689,2.7760376666666664,4.066271489738107,1.0272522875614767,0.2638118155750717,-0.1289687538566874,0.1289687538566874,0.04133640957064242,0.087632344286045,0.16608874036786245,1.5873058393325807,0.03312450136594241,0.9856539001953453,1.0416101572318097
0.18,1.0,3.82,-0.995422268488258,0.2605817456775545,15.5924,2.932344,4.0630948113027,1.0289646926803035,0.2646920846956679,-0.1296944362044908,0.1296944362044908,0.04127184861408731,0.0884225875904035,0.16702914953438855,1.5911949237981458,0.03342419969697474,0.9848164503467863,1.0441622236208354
0.19,1.0,3.81,-0.9969229787465614,0.2616595744741631,15.5161,3.0878863333333326,4.059936123498562,1.0306896518675819,0.2655802896167293,-0.1304272212011702,0.1304272212011702,0.04120770331722133,0.08921951788394887,0.1679708950026102,1.5951024547883448,0.03372749266557487,0.9839797120281556,1.0467263948525125
0.2,1.0,3.8,-0.9984340881518614,0.2627458126715425,15.44,3.242666666666667,4.056795347648616,1.0324272325254058,0.26647649761501707,-0.13116718794521567,0.13116718794521567,0.041143971231758635,0.09002321671345703,0.1689139896373057,1.599028558809515,0.03403443169320499,0.9831436846349096,1.0493027539418982
0.21,1.0,3.79,-0.9999556379223052,0.26384053771037075,15.3641,3.396687,4.053672405435908,1.0341775027295372,0.2673807767879755,-0.1319144165979689,0.1319144165979689,0.04108064992648134,0.09083376667148757,0.16985844637499103,1.6029733634746335,0.034345069051928946,0.9823083675630185,1.0518913846302413
0.22,1.0,3.78,-1.0014876695694799,0.26494382792843385,15.2884,3.549949333333333,4.050567218901068,1.0359405312357846,0.2682931960642699,-0.13266898839943225,0.13266898839943225,0.041017736987089826,0.09165125141234243,0.170804278224013,1.606936997514736,0.03465945788027967,0.9814737602089658,1.0544923713924754
0.23,1.0,3.77,-1.0030302248984733,0.2660557625725393,15.2129,3.7024556666666664,4.0474797104397835,1.0377163874864546,0.2692138252144844,-0.13343098568433445,0.13343098568433445,0.040955230016054285,0.09247575566828017,0.1717514982646307,1.6109195907904659,0.034977652199454326,0.9806398619697475,1.0571057994447954
0.24,1.0,3.76,-1.0045833460078946,0.26717642181061024,15.137599999999999,3.854208,4.044409802800294,1.0395051416168841,0.2701427348619846,-0.13420049189845973,0.13420049189845973,0.04089312663246778,0.09330736526599195,0.17270011964908571,1.614921274303753,0.03529970692984492,0.9798066722428721,1.0597317547523244
0.25,1.0,3.75,-1.006147075289848,0.2683058867439595,15.0625,4.005208333333333,4.04135741908089,1.0413068644620458,0.2710799964939444,-0.13497759161524203,0.13497759161524203,0.04083142447190038,0.09414616714334165,0.17365015560165975,1.6189421802096282,0.035625677907911636,0.97897419042636,1.0623703240368638
0.26,1.0,3.74,-1.0077214554298646,0.2694442394197499,14.987600000000002,4.155458666666667,4.038322482727444,1.043121627563235,0.27202568247254305,-0.13576237055263163,0.13576237055263163,0.040770121186254865,0.09499224936637676,0.17460161941871943,1.6229824418281673,0.035955621903406794,0.9781424159187431,1.0650215947847328
0.27,1.0,3.73,-1.0093065294067847,0.270591562843642,14.9129,4.3049610000000005,4.035304917530949,1.0449495031748344,0.2729798660463333,-0.13655491559023708,0.13655491559023708,0.04070921444362365,0.09584570114661342,0.1755545244687485,1.627042193656577,0.03628959663695753,0.9773113481190642,1.0676856552546987
0.28,1.0,3.7199999999999998,-1.010902340492591,0.271747940992632,14.838399999999998,4.4537173333333335,4.03230464762507,1.04679056427116,0.2739426213617833,-0.1373553147867471,0.1373553147867471,0.04064870192814685,0.09670661285860024,0.17650888419236577,1.6311215713814131,0.03662766079801488,0.9764809864268769,1.0703625944859947
0.29,1.0,3.71,-1.0125089322521927,0.2729134588280843,14.7641,4.6017296666666665,4.02932159748372,1.048644884553386,0.27491402347499605,-0.13816365739763822,0.13816365739763822,0.04058858133987189,0.09757507605776633,0.17746471210232928,1.63522071189094,0.03696987406317816,0.9756513302422447,1.0730525023064301
0.3,1.0,3.7,-1.014126348543157,0.27408820230896136,14.690000000000001,4.7490000000000006,4.026355691918643,1.050512538456555,0.27589414836360876,-0.13898003389317254,0.13898003389317254,0.04052885039461414,0.0984511834985584,0.17842202178352617,1.639339753287631,0.037316297114902836,0.9748223789657411,1.075755469340594
0.31,1.0,3.69,-1.0157546335153838,0.27527225840525305,14.6161,4.895530333333333,4.023406856077019,1.052393601156668,0.27688307293887493,-0.1398045359766899,0.1398045359766899,0.0404695068238189,0.09933502915287101,0.17938082689294682,1.64347883490081,0.03766699166060072,0.9739941319984486,1.0784715870181496
0.32,1.0,3.68,-1.0173938316107258,0.2764657151116103,14.5424,5.041322666666667,4.020475015439081,1.0542881485778581,0.27788087505793196,-0.14063725660320026,0.14063725660320026,0.0404105483744247,0.10022670822877555,0.1803411411596435,1.6476380972994356,0.03802202045214136,0.973166588741959,1.0812009475822248
0.33,1.0,3.67,-1.019043987562552,0.27766866146118585,14.4689,5.186379,4.017560095815752,1.0561962573996528,0.27888763353625845,-0.14147828999828158,0.14147828999828158,0.04035197280872769,0.1011263171895539,0.18130297838467332,1.6518176823050341,0.038381447305764205,0.972339748598372,1.083943644097898
0.34,1.0,3.66,-1.0207051463952466,0.2788811875396849,14.395600000000002,5.330701333333334,4.014662023346288,1.0581180050643155,0.2799034281603217,-0.14232773167728713,0.14232773167728713,0.04029377790424728,0.10203395377303985,0.1822663524410236,1.6560177330047747,0.0387453371224103,0.9715136109702958,1.0866997704607784
0.35000000000000003,1.0,3.65,-1.0223773534236476,0.28010338449962946,14.3225,5.474291666666668,4.011780724495943,1.060053469784279,0.2809283397004223,-0.14318567846486877,0.14318567846486877,0.04023596145359298,0.10294971701127578,0.1832312772735207,1.660238393764698,0.03911375590848378,0.9706881752608456,1.0894694214056866
0.36,1.0,3.64,-1.0240606542524213,0.281335344574841,14.249600000000001,5.617152,4.008916126053655,1.0620027305496638,0.2819624499237354,-0.14405222851482102,0.14405222851482102,0.040178521264332606,0.10387370725048842,0.18419776689871994,1.6644798102430896,0.039486770797052685,0.9698634408736443,1.092252692515431
0.37,1.0,3.63,-1.0257550947753684,0.2825771610951428,14.1769,5.759284333333333,4.00606815512973,1.063965867135885,0.2830058416075539,-0.14492748133025138,0.14492748133025138,0.040121455158861306,0.10480602617139007,0.18516583540477816,1.66874212940401,0.03986445006949937,0.9690394072128212,1.0950496802296859
0.38,1.0,3.62,-1.0274607211746603,0.2838289285012873,14.1044,5.900690666666667,4.003236739153557,1.0659429601113475,0.2840585985527354,-0.14581153778408187,0.14581153778408187,0.040064760974272015,0.10574677680980986,0.18613549695130596,1.6730254995309757,0.040246863177630716,0.9682160736830121,1.0978604818539694
0.39,1.0,3.61,-1.0291775799200051,0.2850907423601122,14.0321,6.041373,4.000421805871331,1.0679340908452348,0.2851208055973596,-0.146704500139889,0.146704500139889,0.0400084365622271,0.1066960635776619,0.1871067657692006,1.6773300702407956,0.04063408076625911,0.9673934396893582,1.100685195568723
0.4,1.0,3.6,-1.030905717767738,0.28636269937992725,13.96,6.181333333333334,3.997623283343785,1.0699393415153842,0.28619254863059346,-0.14760647207308547,0.14760647207308547,0.03995247978883086,0.10765399228425461,0.18807965616045844,1.681655992497564,0.04102617469626465,0.9665715046375066,1.1035239204384935
0.41000000000000003,1.0,3.59,-1.0326451817598368,0.28764489742613836,13.8881,6.320573666666667,3.994841099943952,1.071958795116258,0.28727391460677487,-0.14851755869245212,0.14851755869245212,0.03989688853450351,0.1086206701579486,0.18905418249796585,1.686003418626814,0.0414232180681502,0.9657502679336092,1.106376756421221
0.42,1.0,3.58,-1.0343960192228532,0.2889374355371098,13.8164,6.459096,3.992075184354924,1.0739925354670052,0.2883649915597116,-0.14943786656202307,0.14943786656202307,0.039841660693856,0.10959620586816707,0.19003035922526854,1.690372502329827,0.04182528524610026,0.9649297289843224,1.10924380437763
0.43,1.0,3.57,-1.0361582777667693,0.2902404139402715,13.7449,6.596902333333333,3.989325465567638,1.0760406472196196,0.2894658686172044,-0.15036750372333296,0.15036750372333296,0.039786794175566124,0.11058070954776683,0.19100820085631762,1.694763398698109,0.042232451882555935,0.9641098871968067,1.1121251660807268
0.44,1.0,3.56,-1.0379320052837624,0.29155393406847263,13.6736,6.733994666666666,3.9865918728786673,1.0781032158671895,0.2905766360157939,-0.15130657971802983,0.15130657971802983,0.0397322869022556,0.11157429281577422,0.1919877219751931,1.6991762642280268,0.04264479494331743,0.9632907419787264,1.1150209442254055
0.45,1.0,3.55,-1.0397172499468867,0.2928780985765878,13.6025,6.870375,3.9838743358880357,1.0801803277522484,0.29169738511573867,-0.15225520561086153,0.15225520561086153,0.039678136810368345,0.11257706880049319,0.19296893723580225,1.7036112568356123,0.04306239273318696,0.9624722927382492,1.117931242438163
0.46,1.0,3.54,-1.04151406020866,0.2942130113583785,13.531600000000001,7.006045333333333,3.9811727844970353,1.0822720700752162,0.2928282084162234,-0.1532134940130407,0.1532134940130407,0.03962434185004969,0.11358915216299102,0.19395186136155368,1.7080685358715302,0.04348532492216419,0.9616545388840454,1.1208561652869196
0.47000000000000003,1.0,3.53,-1.043322484799562,0.2955587775636153,13.460899999999999,7.141007666666668,3.978487148906069,1.084378530902946,0.2939691995708078,-0.15418155910599607,0.15418155910599607,0.03957089998502686,0.11461065912096921,0.1949365091450052,1.7125482621362202,0.043913672572207706,0.9608374798252877,1.1237958182909564
0.48,1.0,3.52,-1.0451425727264303,0.2969155036154631,13.3904,7.275263999999999,3.9758173596124973,1.0864997991773608,0.2951204534031114,-0.15515951666551442,0.15515951666551442,0.039517809192490226,0.11564170747302419,0.19592289544748476,1.7170505978952026,0.044347518164575085,0.9600211149716509,1.1267503079309593
0.49,1.0,3.51,-1.0469743732707608,0.29828329722813696,13.320099999999998,7.408816333333332,3.973163347408507,1.0886359647242008,0.2962820659227478,-0.15614748408628237,0.15614748408628237,0.03946506746297593,0.11668241662330645,0.1969110351986847,1.721575706894564,0.0447869456277561,0.9592054437333115,1.12971974165918
0.5,1.0,3.5,-1.0488179359869017,0.29966226742482904,13.25,7.541666666666667,3.9705250433789847,1.0907871182618607,0.29745413434150364,-0.15714558040683207,0.15714558040683207,0.039412672800249224,0.11773290760658285,0.1979009433962264,1.7261237543766097,0.04523204036601193,0.958390465520947,1.1327042279097084
0.51,1.0,3.49,-1.0506733107001427,0.3010525245559148,13.180100000000001,7.6738170000000006,3.9679023788994128,1.0929533514103373,0.2986367570897721,-0.1581539263348995,0.1581539263348995,0.039360623221189044,0.11879330311371045,0.19889263510519647,1.730694907095698,0.045682889288535714,0.9575761797457354,1.135703876108862
0.52,1.0,3.48,-1.0525405475046932,0.3024541803174406,13.1104,7.805269333333335,3.965295285633773,1.0951347567002765,0.29983003383324347,-0.15917264427320105,0.15917264427320105,0.039308916755673565,0.11986372751752748,0.19988612545765194,1.7352893333342487,0.046139580839248316,0.9567625858193554,1.1387187966856922
0.53,1.0,3.4699999999999998,-1.0544196967615465,0.3038673477698981,13.040899999999999,7.9360256666666675,3.962703695532464,1.0973314275821247,0.3010340654898559,-0.16020185834563566,0.16020185834563566,0.03925755144646662,0.12094430689916905,0.20088142965209455,1.7399072029189322,0.04660220502724476,0.9559496831539852,1.1417491010826073
0.54,1.0,3.46,-1.0563108090962263,0.3052921413572908,12.9716,8.066088,3.960127540830234,1.0995434584353836,0.30224895424701104,-0.1612416944239197,0.1612416944239197,0.039206525349105285,0.1220351690748144,0.20187856295291248,1.7445486872370397,0.04707085345790663,0.9551374711623027,1.1447949017661136
0.55,1.0,3.45,-1.0582139353964142,0.3067286769264968,12.902500000000002,8.195458333333335,3.9575667540441257,1.101770944577976,0.30347480357906137,-0.16229228015466174,0.16229228015466174,0.03915583653178839,0.12313644362287335,0.20287754068978875,1.7492139592530365,0.047545619364696264,0.9543259492574847,1.1478563122376801
0.56,1.0,3.44,-1.0601291268094477,0.3081770717469325,12.833599999999999,8.324138666666666,3.955021267971432,1.1040139822757118,0.30471171826506893,-0.16335374498688401,0.16335374498688401,0.03910548307526589,0.12424826191161813,0.20387837825707522,1.7539031935253002,0.04802659764164888,0.9535151168532064,1.150933447044721
0.5700000000000001,1.0,3.4299999999999997,-1.0620564347396928,0.3096374445305227,12.764899999999997,8.452131,3.9524910156876687,1.1062726687518678,0.30595980440684495,-0.16442622019999817,0.16442622019999817,0.03905546307272935,0.1253707571272688,0.20488109111313058,1.7586165662230455,0.04851388487657918,0.9527049733636417,1.1540264217917018
0.58,1.0,3.42,-1.063995910845782,0.311109915451983,12.696399999999999,8.579437333333333,3.949975930544557,1.1085471021968734,0.3072191694472713,-0.16550983893224344,0.16550983893224344,0.03900577462970335,0.12650406430254008,0.2058856947796226,1.763354255143437,0.04900757938501986,0.9518955182034616,1.157135353151369
0.59,1.0,3.41,-1.0659476070377134,0.3125946061694174,12.628100000000002,8.706059666666667,3.9474759461680207,1.1108373817781074,0.3084899221889102,-0.16660473620959348,0.16660473620959348,0.03895641586393778,0.1276483203456557,0.20689220484079154,1.7681164397288933,0.049507781244908955,0.9510867507878349,1.160260358876107
0.6,1.0,3.4,-1.0679115754738098,0.3140916398452382,12.559999999999999,8.832,3.944990996456191,1.113143607649806,0.3097721728129063,-0.1677110489751404,0.1677110489751404,0.03890738490530103,0.12880366406983934,0.20790063694267516,1.772903301084583,0.050014592332044305,0.950278670532427,1.163401557809416
0.61,1.0,3.39,-1.0698878685575286,0.31560114116741256,12.4921,8.957260333333334,3.9425210155774346,1.115465880963082,0.31106603289818613,-0.16882891611896336,0.16882891611896336,0.03885867989567432,0.12997023622328904,0.2089110067922927,1.7777150219961113,0.050528116356323205,0.9494712768533998,1.1665590698975212
0.62,1.0,3.38,-1.0718765389341236,0.3171232363710425,12.424399999999999,9.081842666666667,3.94006593796838,1.1178043038760586,0.31237161544096,-0.16995847850849052,0.16995847850849052,0.03881029898884663,0.1311481795196439,0.20992333015678827,1.7825517869474095,0.05104845889878667,0.9486645691674115,1.1697330162011104
0.63,1.0,3.37,-1.0738776394871479,0.31865805326028124,12.356900000000001,9.205749,3.9376256983319697,1.1201589795641156,0.3136890348745302,-0.17109987901936033,0.17109987901936033,0.03876224035041083,0.1323376386689495,0.2109376228625302,1.7874137821388127,0.051575727449486714,0.9478585468916156,1.1729235189071971
0.64,1.0,3.36,-1.0758912233347975,0.3202057212305945,12.289599999999998,9.328981333333333,3.9352002316355135,1.122530012230253,0.31501840708941303,-0.17225326256679271,0.17225326256679271,0.0387145021576605,0.1335387604091322,0.21195390079416743,1.7923011955053465,0.052110031446197524,0.9470532094436611,1.1761307013411209
0.65,1.0,3.35,-1.0779173438260878,0.3217663712913695,12.2225,9.451541666666666,3.932789473108764,1.124917507115568,0.31635984945377593,-0.1734187761374759,0.1734187761374759,0.03866708259948777,0.1347516935379881,0.21297217989363876,1.7972142167352043,0.05265148231398969,0.9462485562416917,1.1793546879786723
0.66,1.0,3.34,-1.0799560545368603,0.32334013608888035,12.1556,9.573432,3.930393358241994,1.1273215705098514,0.3177134808341995,-0.17459656882197935,0.17459656882197935,0.03861997987628195,0.13597658894569742,0.21399247615913652,1.8021530372884382,0.053200193505689615,0.9454445867043453,1.1825956044583574
0.67,1.0,3.33,-1.0820074092656105,0.3249271499296128,12.0889,9.694654333333334,3.928011822784096,1.1297423097623014,0.31907942161676495,-0.17578679184769946,0.17578679184769946,0.03857319219982909,0.1372135996478704,0.21501480564402053,1.807117850415845,0.053756280543244266,0.9446413002507539,1.1858535775937926
0.68,1.0,3.32,-1.0840714620291354,0.32652754880395646,12.0224,9.815210666666669,3.925644802740686,1.1321798332923563,0.32045779372847694,-0.17698959861234748,0.17698959861234748,0.0385267177932124,0.13846288081913508,0.2160391844556827,1.812108851178065,0.05431986106001405,0.9438386963005431,1.1891287353862352
0.6900000000000001,1.0,3.31,-1.0861482670579916,0.32814147041026936,11.956100000000001,9.935103000000002,3.923292234372222,1.134634250600647,0.321848720659023,-0.17820514471798765,0.17820514471798765,0.038480554890713455,0.1397245898272742,0.21706562875435964,1.8171262364648852,0.054891054844015914,0.9430367742738314,1.192421207037253
0.7000000000000001,1.0,3.3,-1.0882378787917617,0.32976905417932173,11.889999999999999,10.054333333333334,3.920954054192135,1.1371056722800732,0.3232523274828793,-0.1794335880056353,0.1794335880056353,0.03843470173771434,0.14099888626792095,0.21809415475189237,1.8221702050147561,0.05546998388213991,0.94223553359123,1.195731122961529
0.71,1.0,3.29,-1.0903403518741175,0.33141044129912384,11.8241,10.172903666666667,3.91863019896497,1.1395942100269965,0.3246687408817635,-0.1806750885904216,0.1806750885904216,0.038389156590600604,0.142285931999821,0.21912477871043043,1.8272409574345139,0.05605677240536258,0.9414349736738428,1.1990586147998055
0.72,1.0,3.2800000000000002,-1.0924557411476812,0.3330657747401467,11.758400000000002,10.290816000000001,3.9163206057045414,1.1420999766525626,0.326098089167446,-0.1819298088973368,0.1819298088973368,0.03834391771666497,0.14358589118067183,0.22015751694108038,1.832338696219323,0.05665154693498208,0.9406350939432649,1.2024038154319687
0.73,1.0,3.27,-1.094584101648672,0.3347351992809394,11.6929,10.408072333333331,3.914025211672097,1.1446230860941433,0.32754050230492016,-0.1831979136975581,0.1831979136975581,0.038298983394012005,0.14489893030354611,0.22119238580249553,1.837463625772829,0.057254436329899246,0.9398358938215834,1.2057668589902748
0.74,1.0,3.26,-1.0967254886013313,0.33641886153415074,11.6276,10.524674666666666,3.911743954374491,1.1471636534269045,0.32899611193594075,-0.18447957014537256,0.18447957014537256,0.03825435191146345,0.1462252182339091,0.2222294016994049,1.8426159524275292,0.057865571834970375,0.939037372731376,1.2091478808727172
0.75,1.0,3.25,-1.098879957412128,0.33811690997296245,11.5625,10.640625,3.909476771562378,1.1497217948755014,0.33046505140293614,-0.18577494781570464,0.18577494781570464,0.03821002156846449,0.14756492624724016,0.2232685810810811,1.847795884465362,0.05848508713045837,0.9382395300957113,1.2125470177565363
0.76,1.0,3.24,-1.1010475636637247,0.33982949495793974,11.497600000000002,10.755925333333332,3.9072236012284085,1.1522976278258983,0.3319474557732981,-0.18708421874225678,0.18708421874225678,0.038165990674990734,0.14891822806726604,0.22430994043974392,1.8530036321385166,0.059113118382608486,0.9374423653381478,1.2159644076118772
0.77,1.0,3.23,-1.1032283631087096,0.3415567687643064,11.4329,10.87057766666667,3.9049843816054386,1.1548912708373185,0.3334434618640591,-0.1884075574562729,0.1884075574562729,0.038122257551456026,0.15028529990481687,0.225353496308898,1.8582394076904631,0.05974980429537675,0.9366458778827341,1.2194001897155873
0.78,1.0,3.2199999999999998,-1.105422411663075,0.3432988856096507,11.368399999999998,10.984584000000002,3.902759051164752,1.15750284365432,0.3349532082669593,-0.18974514102593312,0.18974514102593312,0.03807882052862099,0.15166632049731213,0.22639926526160237,1.863503425377207,0.06039528616333887,0.935850067154008,1.222854504665166
0.79,1.0,3.21,-1.1076297653994467,0.3450560016820706,11.3041,11.097946333333333,3.9005475486142944,1.1601324672190028,0.33647683537391265,-0.19109714909639147,0.19109714909639147,0.038035677947502455,0.15306147114888902,0.2274472639086703,1.8687959014887645,0.06104970792580933,0.935054932576996,1.2263274943928564
0.8,1.0,3.2,-1.1098504805400469,0.34682827516876463,11.240000000000002,11.210666666666668,3.898349812896915,1.1627802636833469,0.33801448540287843,-0.19246376393046452,0.19246376393046452,0.03799282815928354,0.15447093577118098,0.2284975088967971,1.8741170543708727,0.0617132162222001,0.9342604735772135,1.2298193021798913
0.81,1.0,3.19,-1.1120846134493874,0.3486158662850744,11.1761,11.322747,3.89616578318862,1.1654463564216786,0.3395663024241416,-0.19384517044998015,0.19384517044998015,0.037950269525224484,0.15589490092475566,0.2295500169066132,1.8794671044469178,0.06238596044864925,0.9334666895806638,1.233330072670883
0.8200000000000001,1.0,3.1799999999999997,-1.114332220626683,0.35041893730398843,11.112399999999997,11.434189333333334,3.89399539889684,1.1681308700432718,0.34113243238701274,-0.19524155627779793,0.19524155627779793,0.0379080004165744,0.15733355586122355,0.23060480465066058,1.8848462742400978,0.06306809281595128,0.9326735800138379,1.2368599518883665
0.8300000000000001,1.0,3.17,-1.1165933586979784,0.3522376525861131,11.0489,11.544995666666667,3.891838599658705,1.1708339304050799,0.34271302314695185,-0.19665311178050984,0.19665311178050984,0.03786601921448357,0.15878709256602627,0.23166188887129033,1.8902547883958136,0.06375976840882135,0.9318811443037143,1.2404090872474947
0.84,1.0,3.16,-1.1188680844079775,0.3540721786101194,10.985600000000002,11.655168,3.8896953253393285,1.1735556646246028,0.3443082244931233,-0.19808003011183178,0.19808003011183178,0.037824324309916564,0.16025570580191523,0.2327212863384794,1.8956928737042962,0.06446114524652624,0.9310893818777578,1.2439776275708831
0.85,1.0,3.15,-1.1211564546115675,0.3559226840036723,10.9225,11.764708333333333,3.88756551603011,1.1762962010928872,0.34591818817638953,-0.19952250725669524,0.19952250725669524,0.03778291410356614,0.16173959315312908,0.2337830138475624,1.9011607591234607,0.06517238434491596,0.9302982921639203,1.2475657231036108
0.86,1.0,3.14,-1.123458526265028,0.35778933957484965,10.8596,11.873618666666665,3.8854491120470374,1.1790556694876606,0.3475430679377489,-0.20098074207604913,0.20098074207604913,0.03774178700576778,0.16323895507028136,0.23484708821687722,1.9066586758019997,0.06589364977989054,0.9295078745906393,1.2511735255283711
0.87,1.0,3.13,-1.1257743564169156,0.3596723183440625,10.796899999999999,11.981900999999999,3.883346053929008,1.181834200786605,0.3491830195372283,-0.20245493635238346,0.20245493635238346,0.037700941436414996,0.16475399491596845,0.23591352628532264,1.9121868571027112,0.06662510875233864,0.9287181285868382,1.2548011879807823
0.88,1.0,3.12,-1.1281040021986142,0.3615717955764789,10.7344,12.089557333333333,3.8812562824361554,1.184631927280761,0.3508382007832326,-0.2039452948359825,0.2039452948359825,0.03766037582487532,0.1662849190111072,0.23698234490982262,1.9177455386260625,0.06736693165458318,0.9279290535819253,1.2584488650648495
0.89,1.0,3.11,-1.1304475208145417,0.3634879488149652,10.672099999999999,12.196589666666666,3.87917973854819,1.1874489825880752,0.3525087715623637,-0.20545202529192022,0.20545202529192022,0.03762008860990701,0.1678319366820132,0.2380535609626972,1.923334958233995,0.068119292138373,0.9271406490057941,1.2621167128685855
0.9,1.0,3.1,-1.1328049695319997,0.3654209579135483,10.610000000000001,12.303,3.8771163634627475,1.190285501667079,0.3541948938697125,-0.20697533854780562,0.20697533854780562,0.0375800782395765,0.1693952603082291,0.23912719132893492,1.9289553560739632,0.06888236718445773,0.926352914288822,1.2658048889797855
0.91,1.0,3.09,-1.135176405670659,0.3673710050714107,10.5481,12.408790333333332,3.875066098593747,1.1931416208307104,0.35589673183963366,-0.2085154485422907,0.2085154485422907,0.0375403431711764,0.1709751053711143,0.2402032529033665,1.9346069746032215,0.06965633717378687,0.925565848861871,1.2695135525019647
0.92,1.0,3.08,-1.1375618865916677,0.36933827486742454,10.4864,12.513962666666668,3.8730288855697608,1.1960174777602706,0.35761445177700985,-0.2100725723743497,0.2100725723743497,0.03750088187114436,0.17257169050320534,0.24128176258773268,1.9402900586133425,0.0704413859603724,0.9247794521562859,1.2732428640704478
0.93,1.0,3.07,-1.1399614696863714,0.371322954295235,10.4249,12.618519000000001,3.871004666232395,1.1989132115195216,0.35934822218901324,-0.21164693035334067,0.21164693035334067,0.03746169281498245,0.17418523753835824,0.24236273728764787,1.9460048552549867,0.07123770094585752,0.9239937236038952,1.2769929858686222
0.9400000000000001,1.0,3.06,-1.1423752123646338,0.3733252327988999,10.3636,12.722461333333333,3.868993382634679,1.2018289625689236,0.3610982138173738,-0.21323874604985982,0.21323874604985982,0.03742277448717734,0.17581597156268247,0.2434461939094523,1.951751614062908,0.07204547315583386,0.9232086626370101,1.2807640816443482
0.9500000000000001,1.0,3.05,-1.1448031720427432,0.37534530230909613,10.302499999999998,12.82579166666667,3.8669949770394623,1.2047648727800098,0.3628645996711583,-0.21484824634739783,0.21484824634739783,0.037384125381121076,0.17746412096627676,0.24453214935695225,1.957530586981208,0.07286489731795122,0.9224242686884238,1.28455631672653
0.96,1.0,3.04,-1.147245406130896,0.3773833572799001,10.2416,12.928512,3.8650093919178246,1.2077210854499039,0.3646475550600735,-0.21647566149481,0.21647566149481,0.03734574399903248,0.17912991749577753,0.24562062052804248,1.9633420283888292,0.07369617194186456,0.9216405411914118,1.288369858041845
0.97,1.0,3.0300000000000002,-1.1497019720202453,0.37943959472615346,10.180900000000001,13.030624333333334,3.8630365699474964,1.210697745315976,0.36644725762829694,-0.21812122515961063,0.21812122515961063,0.0373076288518793,0.18081359630773133,0.2467116243112102,1.9691861951252982,0.07453949940106541,0.9208574795797309,1.2922048741316379
0.98,1.0,3.02,-1.1521729270694918,0.38151421426142107,10.1204,13.132130666666663,3.861076454011286,1.2136949985706418,0.3682638873888475,-0.2197851744820994,0.2197851744820994,0.03726977845930091,0.18251539602279848,0.24780517758191375,1.9750633465167104,0.07539508601664383,0.920075083287619,1.2960615351689702
0.99,1.0,3.01,-1.1546583285910188,0.3836074181365512,10.060099999999998,13.233032999999999,3.859128987195518,1.2167129928762972,0.3700976267584991,-0.22146775013033312,0.22146775013033312,0.03723219134953176,0.18423555878080136,0.24890129719883505,1.9809737444019606,0.07626314214303063,0.9192933517497949,1.2999400129758347
1.0,1.0,3.0,-1.1571582338365438,0.38571941127884796,10.0,13.333333333333334,3.8571941127884797,1.2197518773804001,0.37194866059325266,-0.2231691963559516,0.2231691963559516,0.03719486605932527,0.18597433029662633,0.25,1.98691765315922,0.0771438822557696,0.9185122844014574,1.3038404810405297
1.01,1.0,2.99,-1.1596726999822795,0.38785040133186605,9.940100000000001,13.433033666666667,3.855271774278882,1.2228118027306898,0.37381717622436983,-0.2248897610508679,0.2248897610508679,0.0371578011338786,0.1877319599169893,0.25110130279876464,1.9928953397326614,0.07803752504137101,0.9177318806782853,1.3077631145351956
1.02,1.0,2.98,-1.1622017841135868,0.39000059869583453,9.8804,13.532136000000001,3.8533619153543235,1.225892921090547,0.37570336349497846,-0.22662969580483294,0.22662969580483294,0.03712099512675785,0.1895087006780751,0.25220522237966075,1.998907073659425,0.07894429348929892,0.9169521400164369,1.3117080903335112
1.03,1.0,2.9699999999999998,-1.1647455432091056,0.3921702165687224,9.820899999999998,13.630642333333334,3.8514644798997653,1.2289953861544936,0.3776074147972582,-0.2283892559638846,0.2283892559638846,0.03708444659982393,0.19130480936406066,0.25331177549409933,2.004953127096834,0.07986441498614638,0.9161730618525495,1.3156755870285521
1.04,1.0,2.96,-1.1673040341243466,0.3943594709879549,9.7616,13.728554666666668,3.8495794119960203,1.2321193531638372,0.3795295251102182,-0.23016870068969147,0.23016870068969147,0.037048154123159066,0.1931205465665324,0.25442097885592524,2.011033774849854,0.08079812141205435,0.9153946456237393,1.3196657849508113
1.05,1.0,2.95,-1.1698773135747302,0.3965685808727899,9.7025,13.825875000000002,3.8477066559182442,1.2352649789224521,0.3814698920380715,-0.2319682930198013,0.2319682930198013,0.03701211627499389,0.1949561767448074,0.2555328491368204,2.0171492943988003,0.08174564923943105,0.9146168907676003,1.3236788661863785
1.06,1.0,2.94,-1.1724654381180537,0.3987977680673652,9.6436,13.922605333333333,3.845846156134443,1.238432421812701,0.38342871584921795,-0.23378829992880268,0.23378829992880268,0.03697633164163518,0.19681196828716752,0.25664740296154964,2.0232999659272837,0.08270723963402987,0.9138397967222046,1.3277150145952819
1.07,1.0,2.9299999999999997,-1.1750684641363676,0.40104725738442587,9.584899999999998,14.018747666666666,3.8439978573039824,1.241621841811496,0.3854061995158429,-0.2356289923904099,0.2356289923904099,0.03694079881739402,0.1986881935730159,0.2577646569030455,2.029486072350409,0.08368313855844631,0.9130633629261019,1.331774415829989
1.08,1.0,2.92,-1.1776864478172497,0.4033172766497431,9.526399999999999,14.114304000000002,3.842161704276112,1.2448334005065005,0.38740254875414437,-0.23749064544048148,0.23749064544048148,0.036905516404514796,0.2005851290359667,0.2588846274773262,2.0357078993432083,0.08467359687809521,0.9122875888183186,1.3358572573540668
1.09,1.0,2.91,-1.1803194451344545,0.4056080567472352,9.468100000000002,14.209276333333335,3.8403376420884983,1.248067261112467,0.38941797206519374,-0.2393735382409805,0.2393735382409805,0.03687048301310462,0.2025030552278759,0.2600073311382431,2.04196573536932,0.08567887046973208,0.9115124738383579,1.3399637284610024
1.1,1.0,2.9,-1.1829675118279175,0.40791983166479917,9.41,14.30366666666667,3.8385256159657604,1.251323588487715,0.3914526807764431,-0.2412779541448852,0.2412779541448852,0.036835697261063303,0.2044422568838219,0.261132784272051,2.048259871709914,0.08669922033258218,0.9107380174261992,1.3440940202931806
1.11,1.0,2.8899999999999997,-1.1856307033830995,0.4102528385408649,9.352099999999998,14.397477,3.836725571318022,1.2546025491507422,0.39350688908388515,-0.2432041807620594,0.2432041807620594,0.03680115777401401,0.20640302298804541,0.2622610031917965,2.054590602492844,0.08773491270214497,0.9099642190222977,1.3482483258610183
1.12,1.0,2.88,-1.188309075009648,0.4126073177116834,9.2944,14.490709333333333,3.83493745373947,1.2579043112969743,0.39558081409487883,-0.24515251002609126,0.24515251002609126,0.03676686318523442,0.20838564684085684,0.26339200413152003,2.0609582247220524,0.088786219166742,0.909191078067584,1.3524268400622557
1.1300000000000001,1.0,2.87,-1.191002681619359,0.4149835127593585,9.2369,14.583365666666667,3.833161209006919,1.2612290448156516,0.39767467587165023,-0.24712323826210875,0.24712323826210875,0.03673281213558846,0.21039042612652029,0.2645258032402646,2.0673630383072004,0.08985341678687839,0.9084185940034638,1.3566297597014045
1.1400000000000001,1.0,2.86,-1.1937115778034109,0.4173816705606332,9.179599999999999,14.675447999999998,3.8313967830783877,1.264576921306843,0.3997886974754733,-0.24911666625557843,0.24911666625557843,0.03669900327345855,0.2124176629821199,0.2656624165758857,2.0738053460935397,0.09093678821748949,0.9076467662718173,1.360857283509347
1.1500000000000001,1.0,2.8499999999999996,-1.196435817808857,0.4198020413364411,9.122499999999999,14.766958333333331,3.8296441220916835,1.2679481140985982,0.40192310501154793,-0.25113309932209626,0.25113309932209626,0.036665435254678455,0.2144676640674178,0.2668018600986572,2.080285453892013,0.09203662183314687,0.9068755943149989,1.3651096121630895
1.16,1.0,2.84,-1.1991754555143517,0.42224487870223654,9.0656,14.857898666666664,3.8279031723629955,1.2713427982642287,0.40407812767457985,-0.25317284737817836,0.25317284737817836,0.03663210674246671,0.21654074063571166,0.26794414966466645,2.086803670509585,0.09315321185629998,0.9061050775758368,1.369386948305666
1.17,1.0,2.83,-1.2019305444050827,0.4247104397191105,9.0089,14.948270999999998,3.8261738803854946,1.2747611506397183,0.40625399779507465,-0.25523622501305626,0.25523622501305626,0.036599016407360484,0.21863720860569577,0.2690893010189923,2.0933603077798026,0.09428685848863023,0.9053352154976326,1.3736894965661923
1.18,1.0,2.8200000000000003,-1.2047011375468923,0.42719898494570646,8.9524,15.038077333333336,3.824456192827943,1.27820334984126,0.4084509508863546,-0.2573235515614852,0.2573235515614852,0.036566162927150016,0.22075738863433517,0.27023732978866,2.0999556805935793,0.09543786804559815,0.9045660075241612,1.378017463580066
1.19,1.0,2.81,-1.2074872875595617,0.42971077849094724,8.8961,15.127319666666668,3.822750056533316,1.2816695762829216,0.4106692256923109,-0.25943515117757077,0.25943515117757077,0.036533544986813674,0.2229016061907571,0.2713882514753656,2.106590106930198,0.0966065530942654,0.9037974530996694,1.382371058009312
1.2,1.0,2.8,-1.2102890465892293,0.4322460880675819,8.84,15.215999999999998,3.821055418517424,1.2851600121944324,0.4129090642358984,-0.26157135290961886,0.26157135290961886,0.036501161278453424,0.22507019163116543,0.27254208144796377,2.1132639078885354,0.09779323259447555,0.9030295516688768,1.3867504905630728
1.21,1.0,2.79,-1.2131064662799222,0.4348051850465671,8.7841,15.304120333333334,3.8193722259675504,1.2886748416390923,0.4151707118683849,-0.26373249077601435,0.26373249077601435,0.0364690105012308,0.22726348027478355,0.2736988349347116,2.1199774077185,0.09899823204348017,0.9022623026769746,1.3911559740182369
1.22,1.0,2.7800000000000002,-1.2159395977441736,0.4373883445122927,8.7284,15.391682666666666,3.8177004262410956,1.292214250531802,0.41745441731936667,-0.2659189038421336,0.2659189038421336,0.03643709136130361,0.22948181248083002,0.27485852701526053,2.12673093385268,0.10022188362409895,0.9014957055696253,1.3955877232402079
1.23,1.0,2.77,-1.2187884915326945,0.4399958453186623,8.6729,15.478689,3.8160399668642264,1.2957784266572066,0.4197604327475564,-0.2681309362982926,0.2681309362982926,0.03640540257176282,0.23172553372652976,0.27602117261239034,2.1335248169381966,0.10146452635650412,0.9007297597929625,1.400045955203807
1.24,1.0,2.76,-1.2216531976030776,0.4426279701460426,8.6176,15.565141333333331,3.8143907955305365,1.2993675596879546,0.4220890137923576,-0.27036893753873625,0.27036893753873625,0.0363739428525702,0.23399499468616605,0.27718678648347567,2.1403593908687615,0.10272650625372322,0.8999644647935904,1.4045308890143076
1.25,1.0,2.75,-1.2245337652875001,0.44528500555909095,8.5625,15.651041666666668,3.8127528600997165,1.3029818412030698,0.42444041962623547,-0.27263326224166956,0.27263326224166956,0.03634271093049642,0.23629055131117313,0.27835538321167885,2.1472349928169274,0.10400817648095555,0.8991998200185832,1.409042745928602
1.26,1.0,2.74,-1.227430243259399,0.44796724206547406,8.5076,15.736392000000002,3.811126108596227,1.3066214647064291,0.4268149130078936,-0.27492427045033346,0.27492427045033346,0.03631170553905955,0.23861256491127392,0.27952697719685926,2.1541519632665334,0.10530989751880061,0.8984358249154851,1.413581749376489
1.27,1.0,2.73,-1.2303426794990828,0.4506749741754882,8.4529,15.821194333333334,3.809510489207984,1.310286625645343,0.42921276033626476,-0.277242327655125,0.277242327655125,0.03628092541846413,0.2409614022366609,0.28070158264619244,2.1611106460453327,0.10663203733049917,0.8976724789323096,1.418148124982087
1.28,1.0,2.7199999999999998,-1.233271121258257,0.4534085004625945,8.398399999999999,15.905450666666663,3.807905950285053,1.313977521429243,0.4316342317053342,-0.27958780487676443,0.27958780487676443,0.036250369315540786,0.24333743556122364,0.28187921356448853,2.168111388357804,0.10797497153329076,0.8969097815175392,1.4227421005853638
1.29,1.0,2.71,-1.2362156150234196,0.45616812362487813,8.344100000000001,15.989162999999998,3.806312440338346,1.3176943514484587,0.43407960095979353,-0.281961078750504,0.281961078750504,0.03622003598368614,0.24574104276681788,0.28305988374420243,2.17515454081813,0.10933908357399313,0.8961477321201249,1.427363906263778
1.3,1.0,2.7,-1.2391762064781051,0.4589541505474463,8.290000000000001,16.072333333333333,3.8047299080383303,1.3214373170930944,0.43654914575154885,-0.28436253161138286,0.28436253161138286,0.03618992418280341,0.24817260742857944,0.28424360675512667,2.182240457483348,0.11072476490891345,0.895386330189486,1.432013774354034
1.31,1.0,2.69,-1.2421529404639304,0.4617668923657734,8.2361,16.154963666666664,3.8031583022137463,1.325206621771991,0.4390431475970831,-0.28679255158051836,0.28679255158051836,0.036160032679243365,0.250632518901275,0.285430395933755,2.189369495886658,0.11213241518820155,0.8946255751755097,1.4366919394739366
1.32,1.0,2.6799999999999997,-1.2451458609404187,0.464606664530007,8.182399999999998,16.237056000000003,3.801597571850328,1.3290024709317716,0.4415618919356886,-0.2892515326524359,0.2892515326524359,0.03613036024574578,0.25312117240669013,0.28662026437231136,2.196542017070878,0.11356244244476123,0.8938654665285504,1.4413986385443471
1.33,1.0,2.67,-1.248155010943555,0.4674737868702454,8.1289,16.318612333333334,3.8000476660895375,1.3328250720759698,0.4441056681885785,-0.2917398747834281,0.2917398747834281,0.03610090566138135,0.25563896912204676,0.287813224907429,2.203758385622047,0.1150152632878361,0.8931060036994294,1.446134110811233
1.34,1.0,2.66,-1.251180432543046,0.47036858366279916,8.075600000000001,16.39963466666667,3.7985085342273015,1.3366746347842287,0.44667476981888776,-0.2942579839809405,0.2942579839809405,0.03607166771149411,0.2581863162694464,0.28900929010847487,2.211018969703159,0.11649130310139162,0.8923471861394351,1.4508985978678055
1.35,1.0,2.65,-1.2542221667982318,0.47329138369744594,8.0225,16.480125000000005,3.7969801257127607,1.3405513707315713,0.44926949439257363,-0.296806272393972,0.296806272393972,0.03604264518764423,0.2607636272063278,0.2902084722655032,2.2183241410880257,0.11799099624741562,0.8915890133003215,1.455692343676739
1.36,1.0,2.6399999999999997,-1.257280253712625,0.47624252034569137,7.969599999999998,16.560085333333333,3.795462390147021,1.3444554937077313,0.4518901436402249,-0.29938515840448543,0.29938515840448543,0.036013836887551345,0.2633713215169341,0.291410783376832,2.2256742751952476,0.11951478627426508,0.8908314846343088,1.4605155945924653
1.37,1.0,2.63,-1.2603547321870239,0.47922233163004707,7.916899999999999,16.639517666666666,3.793955277281919,1.3483872196365416,0.4545370235197908,-0.3019950667198146,0.3019950667198146,0.03598524161503831,0.2660098251047763,0.2926162351362276,2.2330697511222946,0.12106312613018912,0.8900745995940825,1.465368599383536
1.3800000000000001,1.0,2.62,-1.2634456399711642,0.4822311602943375,7.864400000000001,16.718424000000002,3.792458737018788,1.352346766595376,0.45721044428024205,-0.30463642846605815,0.30463642846605815,0.035956858179975355,0.2686795702860828,0.2938248389196887,2.2405109516796813,0.122636478382162,0.8893183576327932,1.47025160925505
1.3900000000000001,1.0,2.61,-1.2665530136138672,0.48526935387504494,7.812099999999999,16.796806333333333,3.7909727194072382,1.3563343548346303,0.45991072052616816,-0.3073096812824462,0.3073096812824462,0.035928685398224774,0.2713809958842214,0.29503660577181556,2.247998263425219,0.12423531544016206,0.8885627582040558,1.47516487787113
1.4000000000000001,1.0,2.5999999999999996,-1.2696768884116292,0.4883372647737036,7.759999999999998,16.874666666666666,3.7894971746439388,1.3603502067972417,0.4626381712833246,-0.3100152694166609,0.3100152694166609,0.035900722091585985,0.2741145473250749,0.2962515463917526,2.2555320766983415,0.12586011978703704,0.8878078007619501,1.4801086613774463
1.41,1.0,2.59,-1.2728172983556199,0.4914352503303552,7.708099999999999,16.952007,3.78803205307141,1.364394547138238,0.46539312006513933,-0.3127536438211002,0.3127536438211002,0.03587296708774101,0.2768806767333592,0.2974696711186934,2.2631127856544864,0.12751138421410083,0.8870534847610189,1.48508321842378
1.42,1.0,2.58,-1.275974276077034,0.49456367289807524,7.6564000000000005,17.02882933333333,3.7865773051768237,1.3684676027443055,0.4681758949401866,-0.31552526225006033,0.31552526225006033,0.035845419220200445,0.2796798430298599,0.29869098991693227,2.2707407882995194,0.12918961206260782,0.8862998096562691,1.4900888101866117
1.43,1.0,2.5700000000000003,-1.2791478527907503,0.49772289991857976,7.6049000000000015,17.105135666666666,3.785132881590808,1.3725696027533711,0.4709868286006368,-0.3183305893578184,0.3183305893578184,0.035818077328249834,0.28251251202956856,0.2999155123604518,2.2784164865241876,0.1308953174712566,0.8855467749031702,1.4951257003917295
1.44,1.0,2.56,-1.2823380582372421,0.5009133039989226,7.5536,17.180928,3.7836987330862626,1.376700778574189,0.4738262584316945,-0.3211700967975899,0.3211700967975899,0.03579094025689648,0.2853791565406934,0.30114324761703026,2.286140286138588,0.13262902562987783,0.8847943799576549,1.500194155336849
1.45,1.0,2.55,-1.2855449206226999,0.5041352629892941,7.5024999999999995,17.256208333333333,3.782274810577179,1.3808613639059166,0.4766945265820271,-0.324044263321338,0.324044263321338,0.035764006856816584,0.28828025646452143,0.30237420443185603,2.293912596906628,0.1343912730394653,0.8840426242761175,1.5052944439142264
1.46,1.0,2.54,-1.2887684665572987,0.5073891600619286,7.4516,17.330978666666667,3.7808610651174672,1.385051594757683,0.47959198003520015,-0.3269535748804037,0.3269535748804037,0.03573727598430297,0.29121629889610073,0.3036083911106339,2.3017338325804757,0.1361826077787129,0.8832915073154146,1.510426837633265
1.47,1.0,2.5300000000000002,-1.2920087209915658,0.5106753837911326,7.400900000000001,17.405241,3.7794574478997944,1.3892717094681235,0.4825189706821205,-0.32989852472692915,0.32989852472692915,0.03571074650121307,0.29418777822571607,0.30484581550216866,2.3096044109349676,0.1380035897772251,0.8825410285328641,1.5155916106430933
1.48,1.0,2.52,-1.2952657071507871,0.5139943282344394,7.3504000000000005,17.478997333333332,3.7780639102544233,1.3935219487248853,0.4854758553945005,-0.33287961351603745,0.33287961351603745,0.035684417274917356,0.2971951962411201,0.3060864849804092,2.3175247538019628,0.1398547910955701,0.8817911873862452,1.5207890397551098
1.49,1.0,2.51,-1.2985394464673967,0.517346393014899,7.300099999999999,17.55224966666667,3.776680403648064,1.3978025555840778,0.48846299609934474,-0.3358973494087356,0.3358973494087356,0.03565828717824826,0.30023906223048735,0.3073304064259394,2.3254952871046224,0.14173679621235302,0.8810419833337975,1.5260194044654765
1.5,1.0,2.5,-1.3018299585112865,0.5207319834045145,7.25,17.625,3.7753068796827307,1.4021137754896704,0.4914807598544745,-0.3389522481754995,0.3389522481754995,0.03563235508944939,0.3033198930860501,0.30857758620689657,2.333516440891594,0.14365020231848677,0.8802934158342212,1.531282986977553
1.51,1.0,2.49,-1.3051372609179814,0.5241515104088278,7.200100000000001,17.697250333333333,3.7739432900946017,1.406455856292812,0.4945295189250868,-0.3420448333005002,0.3420448333005002,0.03560661989212517,0.306438213408375,0.3098280301593033,2.341588649371083,0.14559561961884632,0.8795454843466759,1.5365800722242526
1.52,1.0,2.48,-1.3084613693146088,0.5276053908526649,7.1504,17.76900266666667,3.772589586752895,1.4108290482710706,0.4976096508613637,-0.34517563608642365,0.34517563608642365,0.03558108047519095,0.3095945556112327,0.31108174356679347,2.3497123509447824,0.14757367164149274,0.8787981883307815,1.541910947890308
1.53,1.0,2.4699999999999998,-1.3118022972436016,0.5310940474670452,7.100899999999998,17.840258999999996,3.7712457216587407,1.415233604147569,0.5007215385771295,-0.3483451957598362,0.3483451957598362,0.03555573573282339,0.3127894600270128,0.3123387311397147,2.3578879882416395,0.1495849955546608,0.8780515272466163,1.5472759044344293
1.54,1.0,2.46,-1.3151600560840668,0.534617908977263,7.0516,17.911021333333334,3.7699116469440677,1.4196697791100108,0.5038655704295667,-0.3515540595770419,0.3515540595770419,0.035530584564411334,0.31602347501263056,0.3135989969935901,2.3661160081514376,0.1516302424917077,0.8773055005547178,1.5526752351113422
1.55,1.0,2.45,-1.318534654970754,0.5381774101921444,7.002500000000001,17.981291666666667,3.768587314870492,1.4241378308295756,0.5070421402999922,-0.3548027829303765,0.3548027829303765,0.035505625874506966,0.31929715705586953,0.3148625446269189,2.3743968618581683,0.15371007788422542,0.8765601077160815,1.558109235993685
1.56,1.0,2.44,-1.3219261007105463,0.5417729920944861,6.9536,18.051071999999998,3.7672726778282186,1.4286380194796726,0.5102516476757003,-0.35809192945487484,0.35809192945487484,0.03548085857277749,0.32261107088209734,0.3161293768982973,2.3827310048731576,0.15582518180352226,0.8758153481921612,1.5635782059937484
1.57,1.0,2.4299999999999997,-1.3253343976964054,0.5454051019326771,6.904899999999999,18.12036433333333,3.7659676883349418,1.4331706077545294,0.5134944977328718,-0.3614220711352456,0.3614220711352456,0.03545628157395707,0.3259657895612885,0.31739949600283857,2.391118897067927,0.1579762493106858,0.8750712214448682,1.5690824468850384
1.58,1.0,2.42,-1.3287595478186969,0.5490741933135111,6.8564,18.189170666666666,3.7646722990347574,1.4377358608876079,0.5167711014205577,-0.3647937884130884,0.3647937884130884,0.03543189379779912,0.3293618946152893,0.3186729034478735,2.3995610027067613,0.16016399081544577,0.8743277269365706,1.5746222633236466
1.59,1.0,2.41,-1.3322015503738147,0.5527807262961887,6.8081000000000005,18.257493000000004,3.763386462697082,1.4423340466698196,0.5200818755457343,-0.3682076702942729,0.3682076702942729,0.03540769416902914,0.3327999761252438,0.31994960002790795,2.408057790478939,0.16238913244405595,0.8735848641300937,1.5801979628694034
1.6,1.0,2.4,-1.335660401970027,0.5565251674875112,6.76,18.325333333333337,3.7621101322155757,1.446965435467529,0.523427242859434,-0.3716643144564029,0.3716643144564029,0.03538368161729774,0.33628063283910514,0.32122958579881655,2.41660973353061,0.16465241641642345,0.8728426324887193,1.5858098560067926
1.61,1.0,2.3899999999999997,-1.3391360964304617,0.5603079901382686,6.712099999999999,18.392693666666666,3.760843260607072,1.4516303002403197,0.5268076321439502,-0.3751643273562793,0.3751643273562793,0.03535985507713408,0.33980447227914523,0.32251286005125074,2.4252173094962717,0.16695460143271665,0.8721010314761848,1.5914582561656097
1.62,1.0,2.38,-1.3426286246931507,0.5641296742408196,6.6644,18.459576000000002,3.7595858010105183,1.456328916558507,0.5302234783011187,-0.37870832433727336,0.37870832433727336,0.035336213487899754,0.3433721108493736,0.3237994212832363,2.433881000529818,0.1692964630696896,0.8713600605566835,1.5971434797413349
1.6300000000000001,1.0,2.37,-1.3461379747080395,0.5679907066278648,6.6169,18.525982333333335,3.7583377066859183,1.461061562620372,0.5336752224416708,-0.3822969297365111,0.3822969297365111,0.03531275579374292,0.34698417394276815,0.32508926717193853,2.4426012933351187,0.17167879418696513,0.8706197191948638,1.6028658461152003
1.6400000000000001,1.0,2.36,-1.3496641313308793,0.5718915810724066,6.569599999999999,18.591914666666664,3.7570989310132816,1.4658285192690972,0.5371633119756585,-0.38593077699176637,0.38593077699176637,0.03528948094355286,0.3506412960482135,0.32638239454456897,2.4513786791960954,0.1741024053435237,0.869880006855829,1.6086256776739252
1.6500000000000001,1.0,2.3499999999999996,-1.3532070762139081,0.5758327983888972,6.522499999999998,18.657375000000002,3.755869427491581,1.470630070009376,0.5406882007039455,-0.3896105087479562,0.3896105087479562,0.03526638789091484,0.35434412085704137,0.32767879934840943,2.460213654006243,0.17656812522465232,0.8691409230051371,1.6144232998290897
1.6600000000000001,1.0,2.34,-1.356766787693227,0.5798148665355671,6.475599999999999,18.722365333333336,3.7546491497377183,1.4754665010236783,0.544250348910764,-0.3933367769631193,0.3933367769631193,0.03524347559406543,0.3580933013690539,0.32897847661992713,2.4691067182975672,0.17907680107961182,0.8684024671087999,1.620259041036124
1.67,1.0,2.33,-1.360343240672773,0.5838383007179283,6.4289000000000005,18.786887666666665,3.7534380514854897,1.4803381011881376,0.5478502234573251,-0.39711024301375575,0.39711024301375575,0.035220743015847975,0.36188949999790776,0.3302814204529546,2.478058377268889,0.18162929917028675,0.867664638633283,1.6261332328128797
1.68,1.0,2.3200000000000003,-1.363936406504793,0.5879036234934452,6.382400000000001,18.850944000000002,3.752236086584565,1.4852451620880407,0.5514882978764826,-0.4009315777993982,0.4009315777993982,0.035198189123668636,0.3657333886757296,0.3315876239659062,2.4870691408134618,0.18422650523108705,0.8669274370455051,1.632046209757756
1.69,1.0,2.31,-1.3675462528667126,0.5920113648773647,6.3361,18.914536333333334,3.7510432089994707,1.490187978032888,0.5551650524684367,-0.40480146184627414,0.40480146184627414,0.035175812889452616,0.36962564895682154,0.332897079268004,2.4961395235458665,0.18686932494037806,0.8661908618128383,1.6379983095673463
1.7,1.0,2.3,-1.371172743634296,0.5961620624496939,6.289999999999999,18.977666666666664,3.7498593728085745,1.4951668460709913,0.5588809743974689,-0.4087205854099137,0.4087205854099137,0.035153613289600795,0.37356697212031287,0.3342097774244833,2.505270044828123,0.18955868440371829,0.8654549124031068,1.643989873053573
1.71,1.0,2.29,-1.3748158387509906,0.6003562614633146,6.2441,19.040337,3.748684532203083,1.5001820660035892,0.5626365577896993,-0.4126896485765479,0.4126896485765479,0.035131589304946614,0.37755805927160124,0.3355257084207492,2.514461228794972,0.1922955306491935,0.8647195882845872,1.6500212441602788
1.72,1.0,2.2800000000000002,-1.3784754940933435,0.6045945149532207,6.198400000000001,19.102549333333336,3.7475186414860437,1.5052339403984376,0.5664323038318518,-0.41670936136313314,0.41670936136313314,0.035109739920713506,0.38159962144241966,0.3368448611254517,2.5237136043782686,0.1950808321351383,0.8639848889260078,1.6560927699792336
1.73,1.0,2.27,-1.3821516613323743,0.608877383846861,6.1529,19.164305666666664,3.7463616550713508,1.5103227746028465,0.5702687208710101,-0.42078044381582436,0.42078044381582436,0.035088064126472376,0.385692379689352,0.3381672232524501,2.533027705330434,0.19791557927054265,0.8632508137965481,1.6622048007655232
1.74,1.0,2.26,-1.385844287790791,0.6132054370755713,6.107599999999999,19.225607999999998,3.7452135274827585,1.515448876756127,0.5741463245153517,-0.4249036261067179,0.4249036261067179,0.035066560916099616,0.3898370651906183,0.3394927813216321,2.542404070246897,0.2008007849484483,0.862517362365839,1.6683576899522765
1.75,1.0,2.25,-1.3895533162959215,0.6175792516870762,6.0625,19.286458333333336,3.7440742133528992,1.5206125578014151,0.5780656377358405,-0.42907964862866516,0.42907964862866516,0.03504522928773533,0.3940344193409298,0.3408215206185567,2.5518432425874775,0.2037374850926437,0.8617845341039616,1.6745517941646972
1.76,1.0,2.24,-1.3932786850282475,0.6219994129590389,6.017600000000001,19.34685866666667,3.7429436674223133,1.5258141314968319,0.5820271909688578,-0.43330926208795584,0.43330926208795584,0.03502406824374199,0.39828519384421385,0.3421534251528849,2.56134577069663,0.20672673921797358,0.8610523284814477,1.6807874732333483
1.77,1.0,2.23,-1.3970203273654007,0.6264665145136327,5.9729,19.406811,3.7418218445384763,1.531053914425939,0.5860315222197476,-0.43759322759464836,0.43759322759464836,0.035003076790663314,0.402590150803985,0.3434884776155636,2.570912207822494,0.20976963100458157,0.8603207449692786,1.687065090206653
1.78,1.0,2.2199999999999998,-1.4007781717215004,0.6309811584331084,5.928399999999999,19.466317333333333,3.740708699654839,1.5363322260074534,0.5900791771672542,-0.441932316750322,0.441932316750322,0.03498225393918349,0.40695006281113855,0.3448266593347278,2.580543112134672,0.21286726888641405,0.8595897830388851,1.6933850113625595
1.79,1.0,2.21,-1.404552141381692,0.6355439553763312,5.8841,19.525379666666666,3.7396041878298707,1.5416493885041724,0.5941707092688222,-0.44632731173300827,0.44632731173300827,0.034961598704086765,0.4113657130289215,0.3461679502302816,2.590239046740656,0.2160207866543163,0.8588594421621473,1.6997476062193233
1.8,1.0,2.2,-1.4083421543317525,0.640155524696251,5.840000000000001,19.584000000000003,3.7385082642261067,1.5470057270310715,0.5983066798667336,-0.45077900537904575,0.45077900537904575,0.03494111010421724,0.4158378952748285,0.3475123287671233,2.600000579700852,0.21923134407405853,0.8581297218113938,1.706153247545363
1.81,1.0,2.19,-1.412148123082619,0.6448164945582735,5.7961,19.64218033333333,3.737420884109209,1.5524015695625226,0.6024876582950459,-0.45528820126158986,0.45528820126158986,0.034920787162439154,0.4203674140991507,0.34885977190697187,2.60982828404208,0.22250012751963338,0.8574006214594017,1.7126023113681224
1.82,1.0,2.1799999999999997,-1.4159699544896922,0.649527502059492,5.752399999999999,19.699922666666666,3.7363420028470204,1.557837246938583,0.606714221987296,-0.4598557137654911,0.4598557137654911,0.03490062890559721,0.4249550848598939,0.3502102550587581,2.6197227377695076,0.22582835062217232,0.8566721405793958,1.7190951769818987
1.83,1.0,2.17,-1.4198075495667724,0.654289193348743,5.7089,19.757229000000002,3.735271575908639,1.5633130928703154,0.6109869565849378,-0.4644823681582495,0.4644823681582495,0.03488063436447752,0.429601733793772,0.351563752027536,2.6296845238769038,0.22921725493483613,0.8559442786450487,1.725632226954573
1.84,1.0,2.16,-1.4236608032944666,0.6591022237474381,5.6656,19.814101333333337,3.7342095588634856,1.568829443944071,0.6153064560464658,-0.4691690006567235,0.4691690006567235,0.03486080257376857,0.43430819808295495,0.35292023496187513,2.6397142303551333,0.2326681106140349,0.8552170351304802,1.7322138471331834
1.85,1.0,2.15,-1.4275296044229135,0.6639672578711225,5.6225,19.87054166666667,3.7331559073803864,1.5743866396246944,0.6196733227571843,-0.4739164584892651,0.4739164584892651,0.03484113257202269,0.4390753259172424,0.35427967429968876,2.6498124501987936,0.2361822171173402,0.8544904095102568,1.738840426648281
1.86,1.0,2.1399999999999997,-1.4314138352686654,0.668884969751713,5.579599999999998,19.926551999999997,3.7321105772266563,1.5799850222575846,0.6240881676395751,-0.47872559995293235,0.47872559995293235,0.034821623401617714,0.44390397655131464,0.3556420387124526,2.6599797814108994,0.23976090391845764,0.8537644012593915,1.745512357917004
1.87,1.0,2.13,-1.4353133715055557,0.6738560429603547,5.536899999999999,19.982134333333335,3.7310735242671877,1.5856249370695557,0.628551610264208,-0.48359729446540967,0.48359729446540967,0.03480227410871893,0.4487950203566907,0.35700729504777046,2.670216827005508,0.2434055312396304,0.8530390098533431,1.7522300366447991
1.8800000000000001,1.0,2.12,-1.4392280819493897,0.6788811707308442,5.494400000000001,20.037290666666667,3.7300447044635505,1.5913067321684404,0.6330642789611501,-0.4885324226112545,0.4885324226112545,0.03478308374324144,0.45374933886801305,0.3583754082702388,2.6805241950081857,0.24711749080185066,0.8523142347680166,1.7589938618257295
1.8900000000000001,1.0,2.11,-1.4431578283362774,0.6839610560835439,5.4521,20.092022999999998,3.7290240738730893,1.5970307585413617,0.6376268109317993,-0.49353187618205696,0.49353187618205696,0.03476405135881263,0.45876782482324435,0.3597463414005612,2.6909024984541996,0.2508982065932554,0.8515900754797617,1.7658042357412862
1.9000000000000001,1.0,2.0999999999999996,-1.447102465094432,0.6890964119497296,5.409999999999998,20.14633333333333,3.728011588648036,1.6027973700516147,0.6422398523610932,-0.4985965582100909,0.4985965582100909,0.034745176012735135,0.4638513821973558,0.3611200554528651,2.7013523553843135,0.25474913565609236,0.8508665314653734,1.7726615639576322
1.9100000000000001,1.0,2.09,-1.4510618391092478,0.6942879612962909,5.368099999999999,20.200223666666666,3.7270072050346186,1.6086069234340852,0.6469040585300182,-0.5037273829950031,0.5037273829950031,0.0347264567659499,0.4690009262290532,0.36249650937016825,2.7118743888380865,0.2586717688926402,0.8501436022020911,1.7795662553212017
1.92,1.0,2.08,-1.4550357894814767,0.6995364372507099,5.3264000000000005,20.253695999999998,3.7260108793721813,1.6144597782891341,0.6516200939283501,-0.5089252761230731,0.5089252761230731,0.03470789268299964,0.4742173834400735,0.3638756599579453,2.7224692268445327,0.2626676318904738,0.8494212871675983,1.7865187219525724
1.93,1.0,2.0700000000000003,-1.4590241472782992,0.7048425832262314,5.284900000000001,20.306752333333332,3.725022568092311,1.620356297074873,0.6563886323675485,-0.5141911744785429,0.5141911744785429,0.03468948283199259,0.4795016916465503,0.36525746181573915,2.7331375024100164,0.2667382857674625,0.8486995858400226,1.7935193792385231
1.94,1.0,2.06,-1.463026735277101,0.7102071530471364,5.2436,20.35939466666667,3.7240422277179643,1.6262968450977486,0.6612103570937227,-0.5195260262464982,0.5195260262464982,0.034671226284566446,0.4848547999619318,0.3666418672667633,2.7438798535032514,0.27088532803689697,0.8479784976979344,1.8005686458221883
1.95,1.0,2.05,-1.467043367701747,0.715630911074023,5.2025,20.411624999999997,3.7230698148626042,1.632281790501358,0.6660859609005798,-0.524930790906752,0.524930790906752,0.03465312211585267,0.4902776687908993,0.3680288262854397,2.754696923037261,0.27511039349313715,0.8472580222203479,1.807666943591221
1.96,1.0,2.04,-1.47107384995115,0.7211146323289951,5.1616,20.463445333333333,3.722105286229341,1.6383115042534129,0.6710161462422701,-0.5304064392181614,0.5304064392181614,0.034635169404441016,0.49577126981372044,0.36941828642281466,2.7655893588481546,0.2794151551181785,0.8465381588867191,1.814814697663866
1.97,1.0,2.0300000000000002,-1.4751179783199169,0.7266591026206486,5.120900000000001,20.514857666666668,3.7211485986100796,1.6443863601307585,0.6760016253460212,-0.5359539531927681,0.5359539531927681,0.034617367232344404,0.5013365859604236,0.37081019272979354,2.776557813670568,0.283801325009529,0.845818907176947,1.8220123363728422
1.98,1.0,2.02,-1.4791755397108557,0.7322651186687404,5.0804,20.565863999999998,3.7201997088846688,1.6505067347023596,0.6810431203244613,-0.5415743260591339,0.5415743260591339,0.034599714684963936,0.50697461137417,0.3722044876781356,2.7876029451096116,0.2882706553297931,0.845100266571372,1.8292602912469358
1.99,1.0,2.01,-1.4832463113391252,0.7379334882284206,5.040099999999999,20.616466333333335,3.719258574020062,1.6566730073101592,0.6861413632875217,-0.5472685622142094,0.5472685622142094,0.03458221085105437,0.512686351363155,0.3736011110791453,2.7987254156091548,0.2928249392783559,0.8443822365507766,1.8365589969901888
2.0,1.0,2.0,-1.487330060427791,0.7436650302138955,5.0,20.666666666666668,3.7183251510694775,1.6628855600477053,0.6912970964537926,-0.5530376771630341,0.5530376771630341,0.03456485482268963,0.5184728223403444,0.375,2.8099258924162904,0.29746601208555823,0.8436648165963837,1.8439088914585773
2.0100000000000002,1.0,1.9899999999999998,-1.4914265438945626,0.7494605748213884,4.960099999999999,20.716467000000005,3.7173993971715675,1.6691447777364568,0.6965110722612214,-0.5588826974455477,0.5588826974455477,0.034547645695228835,0.5243350517503189,0.37640108867764765,2.8212050475417922,0.30219575202975285,0.8429480061898574,1.851310415634067
2.02,1.0,1.98,-1.4955355080294674,0.7553209636512462,4.9204,20.765869333333335,3.716481269549592,1.675451047899641,0.7017840534770012,-0.5648046605497368,0.5648046605497368,0.034530582567282364,0.5302740779824544,0.3778043084302089,2.832563557716376,0.30701608147762227,0.8422318048133024,1.8587640135959078
2.0300000000000002,1.0,1.9699999999999998,-1.499656688163223,0.7612470498290473,4.880899999999999,20.814875666666666,3.715570725510596,1.681804760733574,0.7071168133065285,-0.5708046148103265,0.5708046148103265,0.03451366454067834,0.5362909502696481,0.37920958756581785,2.8440021043425934,0.3119289679481438,0.841516211949263,1.8662701324890678
2.04,1.0,1.96,-1.5037898083260512,0.7672396981255364,4.8416,20.863488,3.7146677224445965,1.6882063090763124,0.7125101355012664,-0.5768836192921689,0.5768836192921689,0.034496890720429316,0.5423867285717396,0.38061685128883016,2.8555213734421363,0.3169364252005686,0.8408012270807232,1.8738292224896538
2.05,1.0,1.9500000000000002,-1.5079345808966889,0.773299785075225,4.8025,20.911708333333333,3.7137722178237684,1.6946560883735264,0.7179648144653653,-0.5830427436574545,0.5830427436574545,0.03448026021469918,0.5485624834427553,0.3820260216033316,2.867122055598362,0.3220405143467881,0.8400868496911068,1.8814417367671943
2.06,1.0,1.94,-1.5120907062413271,0.7794281990934676,4.7636,20.959538666666663,3.7128841692016423,1.7011544966414667,0.7234816553608705,-0.5892830680158235,0.5892830680158235,0.03446377213477042,0.5548192958810532,0.3834370172138718,2.8788048458938227,0.3272433449884405,0.8393730792642756,1.8891081314436466
2.07,1.0,1.9300000000000002,-1.516257872342217,0.7856258405918223,4.724900000000001,21.006980999999996,3.7120035342123017,1.7077019344268938,0.7290614742113387,-0.5956056827564111,0.5956056827564111,0.034447425595011544,0.5611582571613996,0.38484975342335287,2.890570443842563,0.33254707637910735,0.8386599152845308,1.8968288655489698
2.08,1.0,1.92,-1.520435754415674,0.7918936220914969,4.6864,21.054037333333333,3.711130270569591,1.7142988047638457,0.7347050980036874,-0.6020116883608229,0.6020116883608229,0.03443121971284482,0.5675804686479781,0.3862641420279959,2.9024195533169816,0.33795391861193963,0.8379473572366113,1.9046044009731296
2.09,1.0,1.9100000000000001,-1.5246240145191965,0.7982324683346578,4.6481,21.100709666666663,3.710264336066323,1.7209455131270925,0.740413364788068,-0.6085021951959767,0.6085021951959767,0.03441515360871419,0.5740870415872625,0.38768009120931135,2.9143528824689895,0.3434661338330319,0.8372354046056938,1.9124352024143618
2.1,1.0,1.9,-1.528822301147428,0.8046433163933832,4.609999999999999,21.147000000000002,3.709405688573496,1.7276424673821429,0.7461871237755646,-0.615078323285715,0.615078323285715,0.03439922640605353,0.5806790968796615,0.3890975054229935,2.9263711436452366,0.3490860374808604,0.8365240568773925,1.920321737323543
2.11,1.0,1.8900000000000001,-1.5330302488166672,0.8111271157760143,4.572100000000001,21.192910333333334,3.7085542860395155,1.7343900777316528,0.7520272354335021,-0.6217412020600244,0.6217412020600244,0.03438343723125515,0.5873577648287692,0.39051628528466126,2.9384750532961363,0.354815999552072,0.8358133135377588,1.9282644758444916
2.12,1.0,1.88,-1.5372474776376372,0.8176848285306582,4.5344,21.238442666666668,3.707710086489416,1.741188756658074,0.7579345715781224,-0.628491970080659,0.628491970080659,0.03436778521363838,0.5941241848670207,0.3919363274523642,2.9506653318784317,0.36065844589390356,0.8351031740732804,1.9362638907500294
2.13,1.0,1.87,-1.5414735928762175,0.8243174293455708,4.4969,21.283599,3.7068730480240975,1.7480389188623933,0.7639100154644012,-0.6353317747419024,0.6353317747419024,0.034352269485418654,0.6009795052564837,0.39335752450577066,2.962942703751013,0.36661585952348097,0.8343936379708815,1.944320457373617
2.14,1.0,1.8599999999999999,-1.545708184501833,0.8310259056461468,4.4596,21.32838133333333,3.706043128819556,1.754940981198784,0.7699544618727376,-0.6422617719451486,0.6422617719451486,0.034336889181676614,0.6079248827634719,0.3947797648219571,2.97530789706371,0.3726907819742339,0.8336847047179224,1.9524346535363777
2.15,1.0,1.85,-1.5499508267231972,0.8378112576882146,4.4225,21.372791666666664,3.7052202871261293,1.7618953626050071,0.7760688171922574,-0.649283125745925,0.649283125745925,0.03432164344032759,0.6149614823055973,0.3962029324477106,2.987761643638757,0.37888581466962784,0.8329763738021989,1.9606069594693125
2.16,1.0,1.8399999999999999,-1.5542010775110904,0.8446744986473318,4.385599999999999,21.416832,3.704404481267738,1.768902484028375,0.7822539995004388,-0.6563970079719116,0.6563970079719116,0.03430653140209125,0.6220904765698203,0.3976269069682598,3.0003046788446164,0.38520362032439437,0.8322686447119416,1.9688378577305026
2.17,1.0,1.83,-1.5584584781078639,0.8516166547037508,4.3489,21.460504333333333,3.703595669641142,1.7759627683470978,0.7885109386387719,-0.6636045978104589,0.6636045978104589,0.03429155221046155,0.6293130455999973,0.399051563372347,3.0129377414618492,0.3916469243734051,0.8315615169358163,1.9771278331170912
2.18,1.0,1.8199999999999998,-1.5627225525233401,0.8586387651227144,4.312399999999999,21.503810666666674,3.702793810715193,1.783076640286817,0.7948405762841307,-0.6709070813640285,0.6709070813640285,0.03427670501167685,0.6366303763523516,0.4004767719135517,3.0256615735406927,0.3982185164283065,0.8308549899629231,1.985477372571824
2.19,1.0,1.81,-1.5669928070167853,0.8657418823297156,4.2761,21.546753000000002,3.7019988630300964,1.7902445263321272,0.8012438660155355,-0.6783056511719182,0.6783056511719182,0.03426198895469032,0.6440436622172279,0.4019023979677744,3.0384769202500026,0.40492125176198673,0.8301490632827964,1.9938869650839244
2.2,1.0,1.7999999999999998,-1.5712687295646277,0.8729270719803488,4.239999999999999,21.589333333333336,3.7012107851966785,1.7974668546328814,0.807721773375956,-0.6858015056965665,0.6858015056965665,0.03424740319114054,0.651554102505426,0.4033283018867925,3.0513845297172084,0.4117580528209193,0.8294437363854039,2.002357101584068
2.21,1.0,1.79,-1.57554978931358,0.8801954130243463,4.2041,21.631553666666665,3.7004295358956547,1.804744054905062,0.8142752759287913,-0.6933958487726442,0.6933958487726442,0.03423294687532233,0.6591629018973219,0.40475433884779144,3.0643851528589,0.41873191076537014,0.8287390087611471,2.0108882748332153
2.22,1.0,1.7799999999999998,-1.5798354360188318,0.8875479977633888,4.168399999999999,21.673416,3.699655073876909,1.812076558326003,0.820905363308653,-0.7010898890170822,0.7010898890170822,0.034218619164157894,0.6668712698529243,0.4061803586987814,3.077479543201682,0.4258458870374191,0.8280348799008601,2.0194809793050488
2.23,1.0,1.77,-1.5841250994669671,0.8949859319022413,4.1329,21.714922333333334,3.6988873579587733,1.8194647974237237,0.827613037266038,-0.7088848391980871,0.7088848391980871,0.03420441921716809,0.674680419980919,0.40760620579980156,3.0906684566928737,0.43310311495668474,0.82733134929581,2.028135711061755
2.24,1.0,1.7599999999999998,-1.588418188883265,0.9025103345927643,4.0976,21.756074666666667,3.698126347027311,1.826909205960147,0.8343993117054838,-0.716781915561134,0.716781915561134,0.03419034619644391,0.6825915693646901,0.4090317188598203,3.103952651500673,0.4405068013435984,0.8266284164376957,2.03685296762289
2.25,1.0,1.75,-1.5927140923230327,0.9101223384703044,4.0625,21.796875,3.6973720000356116,1.8344102188079519,0.8412652127167595,-0.7247823371098234,0.7247823371098234,0.03417639926661835,0.6906059378432051,0.4104567307692308,3.117332887803337,0.448060228169996,0.8259260808186482,2.0456332478270354
2.2600000000000002,1.0,1.7399999999999998,-1.5970121760466192,0.9178230896819651,4.0276,21.837325333333336,3.6966242760030825,1.8419682718208004,0.8482117785986265,-0.7328873248394132,0.7328873248394132,0.03416257759483829,0.6987247472445749,0.41188106842784783,3.1308099275669465,0.45576675423674906,0.82522434193123,2.054477051685966
2.27,1.0,1.73,-1.6013117838777629,0.9256137479062213,3.9929,21.877427666666666,3.695883134014751,1.8495838016966912,0.8552400598746963,-0.7410981009207466,0.7410981009207466,0.034148880350736745,0.7069492205700099,0.4133045525683087,3.1443845343113135,0.4636298168780692,0.8245231992684348,2.0633848802310344
2.2800000000000002,1.0,1.7199999999999998,-1.6056122365449126,0.9334954863633215,3.9583999999999993,21.917184,3.695148533220571,1.8572572458341496,0.8623511193008627,-0.7494158878321968,0.7494158878321968,0.03413530670640534,0.7152805811257915,0.4147269975747777,3.158057472863535,0.47165293369205824,0.8238226523236869,2.0723572353514492
2.29,1.0,1.71,-1.6099128310051691,0.9414694918158883,3.9240999999999997,21.956596333333334,3.694420432834727,1.8649890421809843,0.8695460318637863,-0.7578419074371574,0.7578419074371574,0.034121855836366836,0.7237200516007906,0.4161482112968579,3.1718295090987296,0.4798397042969794,0.8231227005908411,2.0813946196241457
2.3000000000000003,1.0,1.6999999999999997,-1.6142128397504956,0.9495369645591153,3.8899999999999992,21.99566666666667,3.6936987921349576,1.8727796290753214,0.8768258847698746,-0.7663773800045176,0.7663773800045176,0.034108526917548114,0.7322688530869695,0.41756799485861185,3.1857014096674505,0.4881938121126558,0.8224233435641823,2.0904975361349076
2.31,1.0,1.69,-1.618511510095836,0.957699118399903,3.8560999999999996,22.034397,3.6929835704618657,1.8806294450786032,0.8841917774241638,-0.7750235231694389,0.7750235231694389,0.03409531912925318,0.7409282040401857,0.4189861424625918,3.1996739417092392,0.49671902616628355,0.8217245807384251,2.0996664882903997
2.32,1.0,1.6800000000000002,-1.622808063448791,0.9659571806242802,3.8224000000000005,22.072789333333333,3.692274727218249,1.8885389288002572,0.8916448213985058,-0.783781550831671,0.783781550831671,0.034082231653136494,0.7496993191785345,0.4204024411887819,3.213747872551807,0.5054192029218711,0.8210264116087131,2.1089019796207666
2.33,1.0,1.67,-1.6271016945604984,0.9743123919523943,3.7889,22.110845666666663,3.6915722218684266,1.8965085187137023,0.8991861403884103,-0.7926526719885166,0.7926526719885166,0.034069263673176475,0.7585834083153402,0.4218166707883555,3.227923969395272,0.5142982881323837,0.8203288356706193,2.1182045135724237
2.34,1.0,1.6600000000000001,-1.631391570757368,0.982766006480342,3.7556000000000003,22.148568,3.6908760139375727,1.9045386529633657,0.9068168701578778,-0.8016380894994554,0.8016380894994554,0.03405641437564926,0.7675816751238062,0.42322860347214825,3.2422029989808867,0.52336031871357,0.819631852420145,2.1275745932906736
2.35,1.0,1.65,-1.6356768311533216,0.9913192916080737,3.7224999999999997,22.185958333333335,3.6901860630110543,1.912629769162371,0.9145381584715262,-0.8107389987793249,0.8107389987793249,0.034043682949102566,0.7766953158302223,0.4246380036937542,3.2565857272436656,0.5326094246383204,0.8189354613537196,2.137012721391755
2.36,1.0,1.6400000000000001,-1.6399565858422027,0.9999735279525626,3.6896000000000004,22.223018666666665,3.6895023287337754,1.9207823041805412,0.9223511650132773,-0.8199565864168334,0.8199565864168334,0.03403106858432988,0.7859255178325035,0.42604462792714654,3.2710729189482963,0.5420498308502615,0.8182396619682007,2.146519399723924
2.37,1.0,1.63,-1.6442299150700108,1.0087300092454055,3.6569,22.259751,3.6888247708095228,1.9289966939223537,0.9302570612908427,-0.8292920287150721,0.8292920287150721,0.03401857047434482,0.7952734582407273,0.42744822443873226,3.2856653373077163,0.5516858591951683,0.8175444537608731,2.156095129117157
2.38,1.0,1.62,-1.6484958683866346,1.0175900422139719,3.6244000000000005,22.296157333333337,3.6881533490003204,1.9372733730944733,0.9382570305252096,-0.8387464901505569,0.8387464901505569,0.0340061878143557,0.8047403023362012,0.42884853305374676,3.3003637435836928,0.5615219303685971,0.8168498362294491,2.16574040912105
2.39,1.0,1.6099999999999999,-1.652753463776764,1.026554946445195,3.5920999999999994,22.332239666666666,3.687488023125785,1.9456127749624765,0.9463522675242971,-0.8483211217472333,0.8483211217472333,0.033993919801740276,0.814327201945493,0.430245284916901,3.3151688966687494,0.5715625658780075,0.8161558088720672,2.1754557377304695
2.4,1.0,1.6,-1.6570016867696564,1.0356260542310352,3.5600000000000005,22.368,3.686828753062486,1.9540153310963633,0.9545439785399076,-0.8580170593617145,0.8580170593617145,0.03398176563602071,0.8240352937256937,0.431638202247191,3.330081552648735,0.5818123900174353,0.8154623711872927,2.1852416110985082
2.41,1.0,1.5899999999999999,-1.6612394895274716,1.0448047103946363,3.5280999999999993,22.403440333333332,3.6861754987433155,1.962481471104457,0.9628333811070784,-0.8678354218759416,0.8678354218759416,0.033969724518838826,0.8338656973571028,0.43302699808678896,3.3451024643453473,0.5922761318526326,0.8147695226741168,2.19509852323628
2.42,1.0,1.58,-1.6654657899118606,1.0540922720961143,3.4964000000000004,22.43856266666667,3.685528220156854,1.971011622355253,0.9712217038648716,-0.8777773092932715,0.8777773092932715,0.03395779565393137,0.84381951363934,0.4344113760439309,3.3602323808378434,0.6029586272143429,0.8140772628319566,2.2050269656990626
2.43,1.0,1.5699999999999998,-1.6696794705285576,1.0634901086169157,3.4648999999999996,22.473369,3.684886877346751,1.9796062096868012,0.979710186357636,-0.887843800733925,0.887843800733925,0.033945978247105726,0.8538978224868192,0.4357910300297267,3.3754720469632296,0.6138648206972298,0.813385591160654,2.2150274272583164
2.44,1.0,1.56,-1.673879377749684,1.0729996011215923,3.4336,22.507861333333334,3.6842514304111,1.9882656551031521,0.9883000788156917,-0.8980359523255351,0.8980359523255351,0.033934271506215585,0.8641016808193196,0.43716564398881635,3.390822202794111,0.6249997676616916,0.8126945071604766,2.2251003935590385
2.45,1.0,1.5499999999999998,-1.678064320713542,1.0826221423958335,3.4024999999999994,22.542041666666666,3.683621839501823,1.9969903774574242,0.9969926419143864,-0.9083547949844519,0.9083547949844519,0.03392267464113699,0.874432120343315,0.43853489162380604,3.406283583093436,0.6363686362356114,0.8120040103321159,2.2352463467619654
2.46,1.0,1.54,-1.6822330703016553,1.0923591365595164,3.3716,22.575912000000002,3.682998064824065,2.00578079212101,1.0057891465103963,-0.9188013320832902,0.9188013320832902,0.03391118686374452,0.8848901452195457,0.439898436113418,3.4218569167452944,0.6479767093127989,0.811314100176688,2.2454657651700503
2.47,1.0,1.5299999999999998,-1.6863843580928608,1.1022119987535037,3.3408999999999995,22.60947433333333,3.6823800666355804,2.0146373106384345,1.014690873354116,-0.9293765370000883,0.9293765370000883,0.03389980738788766,0.8954767296122006,0.44125592982429884,3.4375429261609445,0.659829386544646,0.8106247761957328,2.2557591228386924
2.48,1.0,1.52,-1.6905168752942614,1.1121821547988562,3.3104,22.642730666666665,3.6817678052461336,2.0235603403673683,1.0236991127769248,-0.9400813505443004,0.9400813505443004,0.03388853542936733,0.9061928151149331,0.44260701401643304,3.4533423266591874,0.6719321863212036,0.8099360378912136,2.2661268891691324
2.49,1.0,1.5099999999999998,-1.6946292716488884,1.1222710408270786,3.2800999999999996,22.675683000000003,3.6811612410169,2.032550284103283,1.0328151643520842,-0.950916678254716,0.950916678254716,0.03387737020591271,0.9170393080488033,0.4439513185421176,3.469255825820212,0.684290747737617,0.809247884765517,2.2765695284844347
2.5,1.0,1.5,-1.698720154319943,1.132480102879962,3.25,22.708333333333336,3.6805603343598765,2.0416075396882185,1.0420403365279451,-0.9618833875642571,0.9618833875642571,0.033866310937158216,0.9280170766270989,0.4452884615384616,3.485284122811993,0.6969108325415151,0.8085603163214524,2.2870874995874626
2.5100000000000002,1.0,1.4899999999999998,-1.7027880867515166,1.1428107964775283,3.2200999999999995,22.740683666666673,3.679965045737288,2.0507324996031278,1.051375946232123,-0.9729823048264736,0.9729823048264736,0.0338553568446206,0.939126947981853,0.44661804911338154,3.501427907688313,0.7097983270566308,0.8078733320622515,2.297681255300231
2.52,1.0,1.48,-1.706831587505732,1.1532645861525217,3.1904,22.772736,3.679375335661005,2.0599255505432432,1.060823318445221,-0.9842142121984249,0.9842142121984249,0.033844507151676334,0.9503697050467486,0.4479396750250752,3.5176878606574444,0.7229592440775587,0.8071869314915682,2.308351241984007
2.5300000000000002,1.0,1.4699999999999998,-1.7108491290762713,1.1638429449498449,3.1608999999999994,22.804492333333336,3.6787911646919635,2.069187072975898,1.0703837857426413,-0.9955798443745024,0.9955798443745024,0.03383376108353914,0.9617460832909632,0.4492529203549622,3.5340646513205156,0.7363997247302003,0.8065011141134779,2.319097899039516
2.54,1.0,1.46,-1.714839136678312,1.1745473538892548,3.1315999999999997,22.835954666666666,3.6782124934395903,2.078517440680224,1.0800586878029672,-1.0070798851656229,1.0070798851656229,0.03382311786723772,0.9732567672983852,0.45055735317409634,3.5505589378785545,0.7501260402920263,0.8058158794324778,2.3299216583865925
2.5500000000000003,1.0,1.4499999999999997,-1.718799987014918,1.1853793013895988,3.102499999999999,22.867124999999998,3.677639282561229,2.087917020268137,1.089849370881344,-1.0187149639180975,1.0187149639180975,0.03381257673159368,0.9849023871865038,0.4518525282030621,3.567171366307192,0.764144593965898,0.8051312269534855,2.340822943922612
2.56,1.0,1.44,-1.7227300070199996,1.1963402826527776,3.0736,22.89800533333333,3.677071492761577,2.0973861706859935,1.099757187246214,-1.0304856517663639,1.0304856517663639,0.03380213690719963,0.9966835148591642,0.4531379864653826,3.5839025694979534,0.7784619226007142,0.8044471561818398,2.3518021709589934
2.57,1.0,1.4300000000000002,-1.7266274725779924,1.207431799005589,3.0449000000000006,22.92859766666666,3.6765090847921185,2.106925242696318,1.1097834945777347,-1.0423924577136594,1.0423924577136594,0.03379179762639745,1.008600660087262,0.45441325493448054,3.6007531663651036,0.7930846983517282,0.8037636666232993,2.3628597456351015
2.58,1.0,1.42,-1.7304906072204644,1.2186553571975103,3.0164,22.958904000000004,3.67595201945057,2.116534578338952,1.1199296553261113,-1.0544358245345957,1.0544358245345957,0.03378155812325682,1.020654266411339,0.45567784617424745,3.617723760916914,0.8080197302728486,0.8030807577840431,2.373996064308799
2.59,1.0,1.4100000000000001,-1.7343175807999267,1.2300124686524303,2.9881,22.988926333333332,3.675400257580327,2.1262145103709917,1.1301970360280391,-1.0666161244935144,1.0666161244935144,0.03377141763355384,1.0328447068599607,0.45693125797329404,3.6348149412902626,0.8232739658327567,0.8023984291706692,2.38521151292294
2.6,1.0,1.4,-1.7381065081411735,1.241504648672267,2.96,23.018666666666668,3.67485376006991,2.135965361684864,1.140587006579388,-1.0789336548723942,1.0789336548723942,0.03376137539474989,1.0451722794776444,0.458172972972973,3.6520272787474286,0.8388544923461263,0.8017166802901953,2.396506466347054
2.61,1.0,1.3900000000000001,-1.741855447670567,1.2531334155903358,2.9321,23.048127000000004,3.674312487852424,2.1457874447038625,1.151100939462183,-1.0913886333020255,1.0913886333020255,0.03375143064597067,1.0576372026560548,0.4594024582892807,3.669361326633917,0.8547685383106549,0.8010355106500577,2.4078812876934563
2.62,1.0,1.38,-1.74556240002373,1.2649002898722683,2.9044,23.077309333333336,3.6737764019050156,2.1556810607544783,1.1617402089238882,-1.1039811928900742,1.1039811928900742,0.033741582627985406,1.0702396102620888,0.46061916512877016,3.686817619296155,0.8710234746400416,0.8003549197581115,2.4193363276070263
2.63,1.0,1.37,-1.7492253066322156,1.2768067931622011,2.8769,23.106215666666664,3.6732454632483362,2.165646499414831,1.1725061901069278,-1.1167113771396235,1.1167113771396235,0.03373183058318621,1.0829795465564374,0.46182252839862353,3.7043966709578524,0.8876268157824054,0.7996749071226297,2.430871923527864
2.64,1.0,1.3599999999999999,-1.7528420482897864,1.288854447271902,2.8495999999999997,23.134847999999995,3.672719632946011,2.1756840378385123,1.1834002581263232,-1.1295791346517405,1.1295791346517405,0.03372217375556771,1.0958569608961728,0.46301196631106123,3.722098974553838,0.9045862207130138,0.7989954722523029,2.442488398926035
2.65,1.0,1.35,-1.756410443699043,1.3010447731104022,2.8225000000000002,23.16320833333333,3.6721988721041106,2.185793940053126,1.194423787093242,-1.142584313605581,1.142584313605581,0.033712611390706755,1.1088717022148744,0.4641868799822852,3.7399250005201274,0.921909493789479,0.7983166146562397,2.454186062507599
2.66,1.0,1.3399999999999999,-1.7599282479992266,1.3133792895516618,2.7955999999999994,23.19129866666667,3.6716831418706253,2.1959764562328203,1.205578149082214,-1.1557266560095627,1.1557266560095627,0.03370314273574237,1.1220235132738203,0.46534665302618405,3.757875195539007,0.9396045854569052,0.7976383338439652,2.46596520739112
2.67,1.0,1.33,-1.7633931512761318,1.325859512237693,2.7689000000000004,23.219121,3.671172403434949,2.2062318219440904,1.2168647130396852,-1.1690057917171304,1.1690057917171304,0.03369376703935585,1.1353120246777746,0.46649065114305316,3.7759499812378636,0.9576795927896947,0.7969606293254218,2.4778261102538184
2.68,1.0,1.3199999999999998,-1.7668027770551766,1.338486952314528,2.7423999999999995,23.24667733333334,3.670666618027361,2.2165602573641254,1.2282848436315295,-1.182421232200714,1.182421232200714,0.03368448355175106,1.1487367486489628,0.4676182217036173,3.7941497528405246,0.9761427598559862,0.7962835006109675,2.489769030446565
2.69,1.0,1.31,-1.7701546807787851,1.3512631150983092,2.7161,23.273969666666666,3.6701657469185176,2.2269619664709652,1.239839900027057,-1.195972364077497,1.195972364077497,0.0336752915246349,1.162297072552862,0.46872869332866984,3.8124748777698128,0.9950024778898489,0.7956069472113771,2.501794209076863
2.7,1.0,1.2999999999999998,-1.7734463482693776,1.3641894986687522,2.6899999999999995,23.301000000000002,3.669669751418943,2.237437136204745,1.2515312346170229,-1.2096584423807657,1.2096584423807657,0.03366619021119792,1.1759922521695678,0.469821375464684,3.830925694200074,1.014267285255578,0.7949309686378409,2.5139018680589906
2.71,1.0,1.29,-1.7766751941793852,1.37726759238712,2.6641000000000004,23.327770333333333,3.669178592878527,2.2479859355992797,1.2633601916630424,-1.2234785835706805,1.2234785835706805,0.03365717886609512,1.1898214047045854,0.47089555795578236,3.849502509558373,1.033945867187508,0.7942555644019639,2.5260922091304763
2.72,1.0,1.2799999999999998,-1.7798385604298501,1.3904988753358207,2.6383999999999994,23.354282666666663,3.6686922326860287,2.258608514883264,1.2753281058757961,-1.2374317582785164,1.2374317582785164,0.033648256745427,1.2037835015330893,0.4719505106124925,3.8682055989731032,1.0540470552879178,0.7935807340157667,2.538365412834048
2.73,1.0,1.27,-1.7829337146393265,1.4038848146766352,2.6129,23.380539,3.6682106322685795,2.2693050045503442,1.2874363009193095,-1.251516783778578,1.251516783778578,0.03363942310672063,1.2178773606718574,0.4729854827777566,3.8870352036687104,1.074579826764618,0.7929064769916845,2.5507216374642367
2.74,1.0,1.2599999999999998,-1.7859578485449468,1.4174268639245613,2.5875999999999992,23.406541333333333,3.6677337530911935,2.2800755143973435,1.2996860878385776,-1.2657323161822602,1.2657323161822602,0.03363067720891103,1.2321016389733492,0.4739997028907096,3.9059915293052967,1.0955533033889022,0.7922327928425663,2.5631610179778024
2.75,1.0,1.25,-1.7889080764176999,1.4311264611341599,2.5625,23.432291666666668,3.6672615566562845,2.2909201325299096,1.3120787634077147,-1.28007684234899,1.28007684234899,0.033622018312322685,1.2464548240366675,0.4749923780487805,3.9250747442618117,1.1169767501534906,0.7915596810816754,2.575683664867139
2.7600000000000002,1.0,1.2399999999999998,-1.7917814334741269,1.444985026995264,2.5375999999999994,23.457792,3.666794004503181,2.301838924334868,1.3246156083957754,-1.2945486715091121,1.2945486715091121,0.03361344567865118,1.260935225830461,0.4759626935687264,3.944284977861608,1.13885957360913,0.7908871412226886,2.5882896629958654
2.77,1.0,1.23,-1.7945748742868435,1.4590039628348321,2.5129,23.48304433333334,3.66633105820765,2.312831931418577,1.3372978857473463,-1.3091459265941627,1.3091459265941627,0.033604958570945066,1.2755409680232177,0.4769098125472562,3.963622318539119,1.1612113198574014,0.7902151727796957,2.6009790703957756
2.7800000000000002,1.0,1.2199999999999998,-1.7972852711964855,1.47318464852171,2.4883999999999995,23.508050666666666,3.665872679381422,2.323899170510601,1.350126838674965,-1.3238665352704204,1.3238665352704204,0.03359655625358782,1.2902699790168326,0.47783287542195785,3.9830868119464764,1.184041672176266,0.7895437752671994,2.613751917024375
2.79,1.0,1.21,-1.799909412727887,1.4875284402709807,2.4641,23.532812999999997,3.665418829671724,2.335040632332008,1.3631036886603658,-1.3387082206720853,1.3387082206720853,0.03358823799228008,1.3051199826798052,0.4787309995332981,4.002678458998854,1.2073604482537077,0.7888729482001152,2.6266082034822125
2.8000000000000003,1.0,1.1999999999999997,-1.8024440020135148,1.5020366683445958,2.4399999999999995,23.557333333333332,3.664969470760813,2.346256280427658,1.3762296333615571,-1.35366849183104,1.35366849183104,0.033580003054021985,1.320088488777018,0.4796032786885246,4.022397213857444,1.2311775970037673,0.7882026910937704,2.639547899689282
2.81,1.0,1.19,-1.8048856552274177,1.5167106346448889,2.4161,23.581613666666662,3.664524564365516,2.3575460499618255,1.3895058444226516,-1.3687446338007163,1.3687446338007163,0.033571850707095695,1.3351727830936206,0.48044878272836383,4.0422429818489025,1.2555031949380313,0.7875330034639042,2.6525709435197387
2.82,1.0,1.1800000000000002,-1.8072309000331837,1.531551610197613,2.3924000000000003,23.605655999999996,3.66408407223677,2.368909846476571,1.4029334651834129,-1.383933697472352,1.383933697472352,0.03356378022104797,1.350369917251304,0.4812665570974753,4.062215617320265,1.2803474420645484,0.7868638848266672,2.6656772393942676
2.83,1.0,1.17,-1.8094761740496559,1.5465608325210738,2.3689,23.629462333333333,3.6636479561591715,2.380347544612269,1.4165136082854146,-1.3992324890826415,1.3992324890826415,0.03355579086667319,1.3656766982159683,0.48205562241968847,4.082314921428282,1.305720657284878,0.7861953346986212,2.6788666568294133
2.84,1.0,1.1600000000000001,-1.811617823338426,1.5617395028779533,2.3456,23.65303466666667,3.6632161779505275,2.391858986789759,1.430247353171733,-1.4146375594126965,1.4146375594126965,0.033547881915996176,1.3810896774967003,0.4828149740791269,4.10254063986224,1.3316332732588279,0.7855273525967388,2.692139028943271
2.85,1.0,1.15,-1.8136521009173836,1.5770887834064207,2.3225,23.676375000000004,3.662788699461412,2.40344398185362,1.444135743477096,-1.4301451926791477,1.4301451926791477,0.033540052642255555,1.3966051400368922,0.48354358180839613,4.122892460499402,1.3580958307052062,0.7848599380384028,2.705494150916955
2.86,1.0,1.1400000000000001,-1.8155751653049146,1.5926097941271178,2.2996000000000003,23.699485333333335,3.6623654825747205,2.4151023036760964,1.458179784305397,-1.445751395119284,1.445751395119284,0.033532302319886916,1.412219092799397,0.48424038928509305,4.14337001099224,1.3851189721056858,0.7841930905414062,2.7189317784113114
2.87,1.0,1.13,-1.8173830790996182,1.608303609822671,2.2768999999999995,23.722367666666667,3.661946489205239,2.4268336897212883,1.4723804393915605,-1.4614518832732784,1.4614518832732784,0.03352463022450644,1.4279272530487719,0.4849043137379771,4.163972856286763,1.412713434777699,0.7835268096239515,2.73245162593841
2.88,1.0,1.12,-1.8190718076007413,1.624171256786376,2.2544000000000004,23.745023999999997,3.6615316812992065,2.4386378395692265,1.4867386281447161,-1.4772420719677803,1.4772420719677803,0.03351703563289449,1.443725036334886,0.4855342455642299,4.18470049607129,1.4408900432810288,0.7828610948046509,2.7460533651874033
2.89,1.0,1.1099999999999999,-1.8206372174748524,1.6402137094368043,2.2321,23.767456333333328,3.6611210208338907,2.450514413399565,1.5012552225697533,-1.4931170620065648,1.4931170620065648,0.03350951782297948,1.4596075441835854,0.48612904795932077,4.20555236215518,1.4696597011216381,0.7821959456025254,2.759736623304408
2.9,1.0,1.1,-1.8220750754746051,1.6564318867950953,2.21,23.789666666666665,3.6607144698171608,2.4624630304346393,1.5159310440643368,-1.509071627575358,1.509071627575358,0.03350207607382184,1.4755695515015361,0.48668755656108603,4.226527815777071,1.4990333817150185,0.7815313615370046,2.7735009811261455
2.91,1.0,1.0899999999999999,-1.823381047215805,1.6728266488218397,2.1880999999999995,23.811656999999997,3.6603119902870667,2.474483267341752,1.5307668600885782,-1.525100203369636,1.525100203369636,0.03349470966559817,1.4916054937040377,0.4872085791097299,4.247626144842391,1.529022118570303,0.7808673421279265,2.787345971367155
2.92,1.0,1.08,-1.824550696019358,1.6893987926105165,2.1664000000000003,23.83342933333333,3.6599135443114235,2.4865746565946085,1.545763380704649,-1.5411968714558906,1.5411968714558906,0.033487417879585514,1.5077094535763051,0.48769089512555386,4.268846561089955,1.5596369946552033,0.7802038868955371,2.801271076760482
2.93,1.0,1.0699999999999998,-1.825579481825035,1.7061490484346125,2.1449,23.85498566666667,3.6595190939874,2.4987366847939176,1.5609212549837246,-1.5573553478787683,1.5573553478787683,0.03348019999814591,1.5238751478806223,0.4881332556063219,4.2901881971877005,1.5908891309008464,0.7795409953604898,2.8152757281518634
2.94,1.0,1.06,-1.826462760184392,1.7230780756456527,2.1236,23.876328000000004,3.6591286014411084,2.5109687909472536,1.576241067277778,-1.5735689690284846,1.5735689690284846,0.033473055304710904,1.5400959137237737,0.48853438274627986,4.311650103757687,1.6227896738045324,0.7788786670438457,2.829359302547493
2.95,1.0,1.0499999999999998,-1.8271957813405748,1.7401864584195954,2.1024999999999996,23.897458333333333,3.6587420288271986,2.523270364708413,1.5917233333539318,-1.58983067778514,1.58983067778514,0.033465983083766415,1.5563646947013736,0.4888929696789537,4.333231246330749,1.655349782087606,0.7782169014670723,2.843521121115628
2.96,1.0,1.04,-1.827773689403151,1.7574747013491838,2.0816,23.918378666666666,3.6583593383284607,2.5356407445765674,1.6073684963892023,-1.6061330094588495,1.6061330094588495,0.03345898262083763,1.572674026838012,0.4892076802459647,4.354930502231317,1.688580612364704,0.7775556981520442,2.8577604471423674
2.97,1.0,1.0299999999999998,-1.8281915216265179,1.7749432248801147,2.0608999999999993,23.939090999999994,3.6579804921554273,2.5480792160556747,1.6231769228237254,-1.6224680775471279,1.6224680775471279,0.03345205320247416,1.5890160243446536,0.4894771487942162,4.376746657393172,1.7224933037800139,0.7768950566210417,2.8720764839421107
2.98,1.0,1.02,-1.8284442078008716,1.7925923605890897,2.0404,23.959597333333328,3.6576054525459787,2.5605850097747043,1.6391488980707305,-1.6388275593336061,1.6388275593336061,0.033445194116235186,1.6053823652173709,0.48969998000392084,4.398678403107087,1.7570989615654673,0.7762349763967515,2.8864683727233205
2.99,1.0,1.0099999999999998,-1.8285265697651645,1.8104223463021434,2.0200999999999993,23.979899666666665,3.6572341817649585,2.5731572995694054,1.6552846220818287,-1.6552026813550296,1.6552026813550296,0.03343840465067502,1.6217642767043545,0.48987474875006193,4.420724332701603,1.792408639475416,0.7755754570022655,2.9009351904104026
3.0,1.0,1.0,-1.8284333210518922,1.8284333210518922,2.0,24.0,3.6568666421037843,2.5857952005264653,1.6715842047664258,-1.6715842047664258,1.6715842047664258,0.03343168409532852,1.6381525206710972,0.49,4.442882938158366,1.8284333210518922,0.774916497961081,2.91547594742265
3.0100000000000002,1.0,0.9899999999999998,-1.8281590666740417,1.8466253198727698,1.9800999999999995,24.019900333333336,3.6565027958800704,2.5984977669910956,1.6880476612644275,-1.6879624106376283,1.6879624106376283,0.033425031740696935,1.6545373788969313,0.49007424875006317,4.465152606663813,1.8651838996745318,0.7742580987970998,2.930089585411415
3.02,1.0,0.98,-1.8276983030649374,1.8649982684336097,1.9604,24.03960266666667,3.6561426054372483,2.6112639905392205,1.7046749070717035,-1.7043270852175776,1.7043270852175776,0.03341844687823368,1.6709086383393439,0.49009598000408083,4.4875316170992186,1.9026711573491224,0.7736002590346287,2.9447749749568324
3.0300000000000002,1.0,0.9699999999999998,-1.8270454181822202,1.8835519775074439,1.9408999999999996,24.059109,3.655786033144197,2.6240927979156616,1.7214657530182114,-1.720667505206518,1.720667505206518,0.03341192880033046,1.6872555764061874,0.49006364879694986,4.51001813647148,1.9409057421891331,0.7729429781983784,2.959530913225658
3.04,1.0,0.96,-1.826194691787612,1.9022861372787625,1.9216,24.078421333333335,3.65543304139487,2.636983048939869,1.7384199000990517,-1.7369724230798183,1.7369724230798183,0.033405476800303376,1.7035669462795149,0.4899756802664446,4.532610216287318,1.9798981445449235,0.7722862558134637,2.9743561215919696
3.0500000000000003,1.0,0.9499999999999997,-1.8251402959146055,1.921200311489059,1.9024999999999994,24.097541666666665,3.6550835926079337,2.6499335343809873,1.7555369341592277,-1.7532300525111866,1.7532300525111866,0.0333990901723793,1.7198309623388073,0.48983046977660977,4.555305788873943,2.0196586717361993,0.7716300914054022,2.989249243222745
3.06,1.0,0.94,-1.8238762955366428,1.9402939314219605,1.8836,24.116471999999995,3.6547376492264045,2.662942973804237,1.7728163204333383,-1.769428053947057,1.769428053947057,0.03339276821168236,1.7360352857353747,0.48962638309619877,4.578102663649604,2.0601974213441925,0.7709744845001153,3.0042088406305485
3.0700000000000003,1.0,0.9299999999999997,-1.8223966494488075,1.959566289729901,1.8648999999999996,24.135214333333334,3.6543951737172917,2.6760100133908415,1.7902573979420129,-1.7855535203883015,1.7855535203883015,0.03338651021422059,1.752167010174081,0.4893617566357445,4.600998523347854,2.101524253021504,0.770319434623927,3.019233393195843
3.08,1.0,0.9199999999999999,-1.8206952113764874,1.9790165341048778,1.8463999999999998,24.153770666666667,3.654056128571246,2.689133223733952,1.807859373747439,-1.801592963439822,1.801592963439822,0.0333803154768727,1.7682126479629492,0.48903489774696707,4.623990920199736,2.143648758779114,0.7696649413035639,3.034321294661697
3.09,1.0,0.9100000000000001,-1.8187657313248773,1.9986436607965679,1.8281000000000003,24.172143,3.6537204763022064,2.702311097613304,1.825621317071005,-1.81753229969325,1.81753229969325,0.03337418329737506,1.7841581163958748,0.4886440850883431,4.64707727207862,2.186580231712234,0.7690110040661542,3.0494708506039747
3.1,1.0,0.8999999999999999,-1.8166018571836198,2.0184465079818,1.8099999999999998,24.19033333333334,3.6533881794470577,2.7155420477515904,1.843542153276725,-1.8333568375127651,1.8333568375127651,0.03336811297430872,1.7999887245384565,0.4881875690607735,4.6702548586127905,2.230327633129061,0.7683576224392284,3.064680275880368
3.11,1.0,0.8900000000000001,-1.814197136601254,2.038423748990173,1.7921000000000002,24.20834366666667,3.653059200565289,2.7288244045558043,1.861620657724835,-1.8490512642989825,1.8490512642989825,0.033362103807086776,1.8156891604918957,0.48766357231739305,4.6935208172714304,2.2748995580494085,0.7677047959507183,3.079947692061968
3.12,1.0,0.8799999999999999,-1.8115450191445077,2.058573885391486,1.7744,24.226176000000002,3.652733502238653,2.7421564138471526,1.879855449500769,-1.8645996343109514,1.8645996343109514,0.033356155095941635,1.8312434792150099,0.4870702903516681,4.71687213943017,2.3203041990436044,0.7670525241289566,3.0952711248514313
3.13,1.0,0.8700000000000001,-1.8086388587578273,2.0788952399515255,1.7569000000000004,24.243832333333334,3.6524110470708355,2.755536234583375,1.8982449850254814,-1.8799853571315033,1.8799853571315033,0.03335026614191269,1.8466350909895906,0.48640589216802316,4.740305666422831,2.366549308385822,0.7664008065026771,3.110648501492082
3.14,1.0,0.8599999999999999,-1.805471916538817,2.099385949463741,1.7395999999999998,24.261314666666664,3.652091797687123,2.768961936577699,1.9167875515540302,-1.895191186866482,1.895191186866482,0.033344436246833906,1.861846750619648,0.4856685210393194,4.763818085586637,2.4136421585005072,0.7657496426010134,3.126077648172731
3.15,1.0,0.8500000000000001,-1.8020373638455536,2.120043957465357,1.7225000000000001,24.278624999999998,3.6517757167340776,2.7824314982189238,1.9354812605702012,-1.9101992121737836,1.9101992121737836,0.03333866471332172,1.8768605474604618,0.4848562953555878,4.787405926308672,2.461589500685465,0.7650990319534999,3.1415562874333087
3.16,1.0,0.8399999999999999,-1.7983282857519582,2.1408670068475697,1.7055999999999998,24.295765333333332,3.6514627668792143,2.795942804197548,1.9543240410860119,-1.924990847223558,1.924990847223558,0.033332950844763024,1.891657896378795,0.4839673095684803,4.811065556082016,2.510397522100809,0.7644489740900703,3.1570820355768556
3.17,1.0,0.8300000000000001,-1.7943376848675867,2.1618526323705862,1.6889,24.312737666666667,3.651152910810683,2.8094936432431385,1.973313632855901,-1.9395468236963678,1.9395468236963678,0.03332729394530331,1.9062195297510645,0.4829996352359524,4.834793176580558,2.5600718010191086,0.7637994685410577,3.1726524000937624
3.18,1.0,0.8199999999999998,-1.7900584855383288,2.1829981530955234,1.6723999999999997,24.329544000000002,3.6508461112369526,2.8230817058785673,1.9924475795165604,-1.9538471839315708,1.9538471839315708,0.03332169331983495,1.9205254906117357,0.48195132217172926,4.858584819762194,2.6106172603390623,0.7631505148371944,3.1882647771046395
3.19,1.0,0.81,-1.7854835384445793,2.204300664746394,1.6561000000000001,24.34618633333334,3.6505423308865033,2.8367045821970907,2.0117232216644925,-1.9678712753435648,1.9678712753435648,0.033316148273985664,1.934555127069579,0.4808203997041241,4.882436344010691,2.662038119372494,0.7625021125096113,3.20391644882856
3.2,1.0,0.7999999999999998,-1.7806056256134217,2.225757032016778,1.6399999999999997,24.36266666666667,3.650241532507515,2.850359759668646,2.031137689884575,-1.9815977462288537,1.9815977462288537,0.03331065811410703,1.9482870881147467,0.4796048780487805,4.906343430327265,2.7143378439229005,0.7618542610898376,3.2196045810839236
3.21,1.0,0.79,-1.7754174658613258,2.247363880837121,1.6241,24.378987,3.6499436788675688,2.8640446209821415,2.0506878977441847,-1.995004543092058,1.995004543092058,0.03330522214726331,1.9616993209447946,0.4783027497998892,4.930301578583521,2.767519094682742,0.7612069601098006,3.2353262208295916
3.22,1.0,0.7799999999999998,-1.7699117206836659,2.269117590620085,1.6083999999999996,24.395149333333332,3.649648732753344,2.8777564419309205,2.070370534768728,-2.0080689096239843,2.0080689096239843,0.033299839681220224,1.974769069942764,0.47691199154439196,4.954306103848207,2.8215836739866766,0.7605602091018254,3.251078293754453
3.23,1.0,0.77,-1.7640810006071634,2.29101428650281,1.5929,24.411155666666662,3.6493566569703257,2.8914923893489934,2.090182059415788,-2.0207673874695917,2.0207673874695917,0.03329451002443408,1.9874728774451575,0.4754305656036161,4.978352132800847,2.876532470968435,0.7599140075986345,3.2668576019240056
3.24,1.0,0.7599999999999998,-1.757917872020986,2.3130498316065613,1.5775999999999997,24.427008,3.6490674143425106,2.90524951910605,2.110118692066484,-2.033075818928153,2.033075818928153,0.03328923248604084,1.9997865864421123,0.4738564219066937,5.00243460024614,2.9323654051807324,0.759268355133347,3.282660821493064
3.25,1.0,0.75,-1.7514148645018184,2.335219819335758,1.5625,24.442708333333332,3.648780967712122,2.9190247741696975,2.1301764080541132,-2.0449693517319485,2.0449693517319485,0.03328400637584552,2.0116853453561028,0.4721875,5.026548245743669,2.98908136874977,0.7586232512394793,3.2984845004941286
3.2600000000000002,1.0,0.7399999999999998,-1.7445644786476466,2.3575195657400636,1.5475999999999996,24.45825866666667,3.648497279939322,2.9328149827437726,2.1503509307515887,-2.05642244605347,2.05642244605347,0.033278831004311574,2.0231436150491584,0.4704217311966916,5.050687610368258,3.046678167149217,0.7579786954509434,3.3143250567114904
3.27,1.0,0.73,-1.7373591944343485,2.379944101964861,1.5329,24.473661000000003,3.6482163139019352,2.946616856492017,2.170637724740724,-2.067408883894225,2.067408883894225,0.03327370568255056,2.0341351782116743,0.4685570408702459,5.074847033616988,3.105152458692493,0.757334687302048,3.3301787756515786
3.2800000000000002,1.0,0.7199999999999998,-1.7297914801083523,2.4024881668171565,1.5183999999999997,24.488917333333333,3.64793803249517,2.960426988856828,2.1910319890879766,-2.0779017810107256,2.0779017810107256,0.03326862972231183,2.044633151288414,0.4665913508956796,5.099020650479692,3.164499692857161,0.7566912263274972,3.3460418086205803
3.29,1.0,0.71,-1.7218538016277212,2.425146199475664,1.5041,24.504029666666668,3.647662398631346,2.9742418534831856,2.211528650752774,-2.0878736015350956,2.0878736015350956,0.03326360243597246,2.054609999099123,0.4645225822418722,5.123202388690363,3.224714047570858,0.7560483120623903,3.3619101709207824
3.3000000000000003,1.0,0.6999999999999997,-1.7135386326629118,2.4479123323755894,1.4899999999999995,24.518999999999995,3.647389375239627,2.9880578027583033,2.232122358156195,-2.0972961754487733,2.0972961754487733,0.03325862313652729,2.064037552312246,0.4623486577181208,5.147385966177751,3.285788365604819,0.7554059440422217,3.3777797401776164
3.31,1.0,0.69,-1.7048384651672444,2.470780384300354,1.4761,24.533830333333327,3.6471189252657528,3.0018710664779076,2.2528074749393023,-2.106140719067975,2.106140719067975,0.03325369113757905,2.072887027930396,0.46006750487771825,5.17156488873396,3.3477140902382687,0.7547641218028807,3.393646254809768
3.3200000000000003,1.0,0.6799999999999997,-1.6957458205257185,2.493743853714293,1.4623999999999997,24.548522666666667,3.646851011671781,3.0156777506504664,2.273578073942064,-2.1143778586988553,2.1143778586988553,0.03324880575332874,2.0811290529455264,0.45767705908096273,5.195732447920669,3.4104812003751275,0.7541228448806503,3.409505312655206
3.33,1.0,0.6699999999999999,-1.6862532612892576,2.516795912372027,1.4488999999999999,24.563079,3.646585597435829,3.0294738364510096,2.2944279314352998,-2.1219776576184013,2.1219776576184013,0.03324396629856606,2.088733691319835,0.45517526671958036,5.219881719233089,3.4740781453130336,0.7534821128122083,3.4253523697663546
3.34,1.0,0.6600000000000001,-1.6763534034997214,2.5399293992420016,1.4356000000000002,24.577501333333334,3.6463226455518183,3.0432551793365827,2.315350521639734,-2.128909646534166,2.128909646534166,0.03323917208866003,2.0956704744455057,0.452560088604068,5.244005560542504,3.5384917793842314,0.7528419251346256,3.441182739388066
3.35,1.0,0.6499999999999999,-1.6660389296091374,2.5631368147832885,1.4224999999999999,24.59179166666667,3.6460621190292275,3.0570175083356292,2.336339011567645,-2.135142857671662,2.135142857671662,0.03323442243954976,2.101908435232112,0.44982950351493844,5.268096610838682,3.6037072967076114,0.7522022813853664,3.456991591132372
3.36,1.0,0.6400000000000001,-1.6553026019944803,2.586410315616375,1.4096000000000002,24.605952000000006,3.645803980892843,3.070756425523929,2.357386256224124,-2.1406458626325753,2.1406458626325753,0.033229716667735255,2.10741614596484,0.44698151191827473,5.292147289293979,3.669708166311542,0.7515631811022883,3.472773950364344
3.37,1.0,0.6299999999999999,-1.6441372770670677,2.6097417096302666,1.3968999999999998,24.61998433333333,3.645548194182519,3.0844674056999564,2.3784847942063547,-2.1453868141599304,2.1453868141599304,0.03322505409026857,2.112161760069662,0.44401413984537186,5.316149794671457,3.736476067907892,0.7509246238236412,3.488524697813686
3.38,1.0,0.6200000000000001,-1.6325359199731455,2.633122451569589,1.3844,24.633890666666666,3.6452947219529395,3.098145796272733,2.3996268437406014,-2.1493334919375515,2.1493334919375515,0.033220434024744894,2.1161130579128065,0.44092544293556785,5.340096105099604,3.803990828618302,0.7502866090880675,3.504238569426904
3.39,1.0,0.6099999999999999,-1.6204916198795727,2.656543639146841,1.3720999999999999,24.647672999999998,3.64504352727338,3.111786817375423,2.420804299197866,-2.1524533525409195,2.1524533525409195,0.03321585578929391,2.1192374967516256,0.4377135106406238,5.363977978236631,3.872230360974916,0.7496491364346016,3.5199101564751243
3.4,1.0,0.6000000000000001,-1.607997605835653,2.679996009726088,1.36,24.661333333333328,3.64479457322748,3.1253855622180353,2.442008728130236,-2.1547135836443267,2.1547135836443267,0.03321131870257122,2.1215022649417556,0.43437647058823536,5.3877869518474935,3.9411706025383646,0.7490122054026693,3.5355339059327373
3.41,1.0,0.5899999999999999,-1.5950472631990777,2.7034699376255564,1.3480999999999999,24.674873666666667,3.644547822913012,3.13893699769269,2.4632313688709995,-2.1560811625753127,2.1560811625753127,0.03320682208374994,2.122874340491563,0.43091249310140195,5.41151434481694,4.010785457496561,0.748375815532088,3.551104121142175
3.42,1.0,0.5800000000000001,-1.5816341506107194,2.7269554320874474,1.3364,24.688295999999998,3.6443032394416646,3.1524359652448655,2.4844631287423318,-2.156522919291459,2.156522919291459,0.03320236525251253,2.1233205540389464,0.4273197958695002,5.435151258621847,4.081046740627727,0.747739966363066,3.5666149627800765
3.43,1.0,0.5699999999999998,-1.567752017499527,2.7504421359640827,1.3248999999999997,24.701602333333334,3.6440607859388128,3.165877182024044,2.505694582915125,-2.1560056038366993,2.1560056038366993,0.033197947529042496,2.1228076563076566,0.4235966487659446,5.458688579286116,4.151924124030619,0.7471046574362022,3.5820604501401143
3.44,1.0,0.56,-1.5533948220951994,2.7739193251699987,1.3136,24.71479466666667,3.6438204255433106,3.179255242327007,2.526915973965939,-2.1544959583144427,2.1544959583144427,0.033193568234016584,2.121302390080426,0.4197413788063337,5.482116979841078,4.223385087043238,0.746469888292486,3.5974344627475423
3.45,1.0,0.5499999999999998,-1.5385567499224575,2.797375908949924,1.3024999999999998,24.727875,3.643582121407275,3.192564619346861,2.548117212176342,-2.151960793392688,2.151960793392688,0.03318922668859685,2.118771566704091,0.4157523752399232,5.505426923314118,4.295394869788751,0.7458356584732964,3.6127307423203736
3.46,1.0,0.54,-1.523232232746805,2.820800431012602,1.2916,24.740845333333333,3.6433458366958766,3.205799667240562,2.5692878766199247,-2.1483670693322376,2.1483670693322376,0.03318492221442294,2.1151821471178147,0.41162809476618145,5.528608666267683,4.367916430803038,0.7452019675204026,3.627942895091715
3.47,1.0,0.5299999999999998,-1.5074159679375294,2.8441810715802456,1.2809,24.753707666666664,3.643111534587136,3.218954623527395,2.5904172170820985,-2.143681981502868,2.143681981502868,0.0331806541336046,2.1105013273692634,0.4073670668670465,5.551652262910254,4.440910409212656,0.7445688149759626,3.643064394507447
3.48,1.0,0.52,-1.4911029382094585,2.8675056504028045,1.2704,24.766463999999996,3.642879178271723,3.2320236118303485,2.6114941568572227,-2.137873050323923,2.137873050323923,0.03317642176871416,2.104696628555209,0.4029678992443325,5.574547569800079,4.514335091943962,0.743936200382524,3.658088584312865
3.49,1.0,0.5099999999999998,-1.474288431700584,2.89076163078546,1.2600999999999998,24.779116333333334,3.6426487309527573,3.245000644971828,2.632507296466895,-2.130908215535459,2.130908215535459,0.033172224442779334,2.0977359910926796,0.39842928335052763,5.597284251161494,4.588146386454187,0.7433041232830224,3.673008682041322
3.5,1.0,0.5,-1.4569680623382475,2.913936124676495,1.25,24.791666666666664,3.6424201558456186,3.2578796284344724,2.653444918342084,-2.1227559346736675,2.1227559346736675,0.03316806147927605,2.0895878731943913,0.39375000000000004,5.619851784832581,4.662297799482392,0.7426725832207822,3.6878177829171546
3.5100000000000002,1.0,0.48999999999999977,-1.4391377904419782,2.9370158988611816,1.2400999999999998,24.804117000000005,3.6421934161777507,3.270654364197106,2.674294992510394,-2.1133852855900206,2.1133852855900206,0.03316393220212138,2.0802213533878993,0.3889289250463671,5.6422394688616215,4.736740422322687,0.7420415797395158,3.702508864184361
3.52,1.0,0.48,-1.42079394350656,2.9599873823053335,1.2304,24.816469333333337,3.641968475188482,3.283318554954987,2.6950451833279256,-2.1027660728176274,2.1027660728176274,0.03315983593566679,2.0696062368819605,0.38396503511053315,5.6644364287682745,4.8114229231231045,0.741411112383323,3.7170747898714724
3.5300000000000002,1.0,0.46999999999999975,-1.4019332371042288,2.98283667468985,1.2208999999999999,24.828725666666667,3.6417452961288377,3.295865808732562,2.715682857293086,-2.0908689375505776,2.0908689375505776,0.03315577200469129,2.0577131655458865,0.3788574133426159,5.68643162548383,4.886291546711197,0.7407811806966911,3.731508316002056
3.54,1.0,0.45999999999999996,-1.3825527958403983,3.005549556174779,1.2116,24.840888,3.6415238422613623,3.3082896438958476,2.7361950919771285,-2.0776654709631543,2.0776654709631543,0.033151739734394885,2.0445137312287596,0.37360525519973586,5.708213863982952,4.961290122441035,0.7401517842244946,3.745802096258966
3.5500000000000003,1.0,0.44999999999999973,-1.362650174292703,3.0281114984282307,1.2024999999999997,24.852958333333333,3.6413040768599463,3.320583494570374,2.756568686103299,-2.0631283305554833,2.0631283305554833,0.033147738450392164,2.0299805921050913,0.3682078742203741,5.729771802617322,5.036360080545915,0.7395229225119943,3.759948688109206
3.56,1.0,0.43999999999999995,-1.342223377858786,3.0505076769517867,1.1936,24.864938666666664,3.641085963209653,3.33274071646932,2.7767901708031095,-2.047231359171193,2.047231359171193,0.03314376747870591,2.014087591692487,0.3626647077747989,5.751093963159327,5.111440477466131,0.7388945951048376,3.7739405593947164
3.5700000000000003,1.0,0.4299999999999997,-1.32127088343389,3.0727229847299786,1.1848999999999998,24.876831,3.6408694646065514,3.3447545931350606,2.796845822074521,-2.029949706290899,2.029949706290899,0.03313982614576099,1.996809880145138,0.35697532276985383,5.772168741561488,5.186468030601703,0.7382668015490581,3.7877700953928515
3.58,1.0,0.41999999999999993,-1.2997916598352364,3.0947420472267537,1.1764,24.888637333333335,3.640654544357553,3.356618342595785,2.816721674462619,-2.01125995116338,2.01125995116338,0.033135913778378254,1.9781240373850018,0.3511394212852771,5.79298441943467,5.261377162915257,0.7376395413910748,3.8014296063485276
3.59,1.0,0.41000000000000014,-1.2777851878862274,3.1165492387468947,1.1681000000000001,24.900359666666667,3.6404411657802482,3.368325124437261,2.8364035359788224,-1.9911402272944398,1.9911402272944398,0.033132029703768634,1.9580081975906711,0.345156846117627,5.813529176245334,5.336100057780831,0.7370128141776923,3.8149113354782096
3.6,1.0,0.3999999999999999,-1.2552514800699155,3.1381287001747893,1.16,24.912000000000003,3.6402292922027555,3.3798680472880043,2.855877004269607,-1.9695703477721422,1.9695703477721422,0.03312817324952744,1.9364421745226148,0.33902758620689655,5.833791102228984,5.410566724439292,0.7363866194561001,3.8282074674438826
3.61,1.0,0.3900000000000001,-1.2321910996578334,3.1594643580970074,1.1521000000000001,24.923560333333334,3.6400188869635626,3.3912401767143114,2.8751274840403287,-1.9465319308666411,1.9465319308666411,0.03312434374362863,1.9134075871230125,0.3327517819199723,5.853758212013849,5.484705074380709,0.7357609567738724,3.84131013729308
3.62,1.0,0.3799999999999999,-1.2086051792173407,3.180539945308792,1.1443999999999999,24.935042666666668,3.6398099134113813,3.40243454351966,2.894140205733959,-1.9220085253039219,1.9220085253039219,0.033120540514419414,1.8888879847895024,0.3263297301642782,5.87341845894544,5.558441008928334,0.7351358256789681,3.854211439858842
3.63,1.0,0.3700000000000001,-1.1844954383981443,3.2013390226976863,1.1369,24.946449,3.6396023349049997,3.4134441524409023,2.9129002454582476,-1.8959857345756914,1.8959857345756914,0.03311676289061481,1.8628689716850766,0.3197618893042485,5.892759750099064,5.631698518247315,0.7345112257197298,3.8669034396111157
3.64,1.0,0.3599999999999999,-1.1598642008965394,3.2218450024903884,1.1296,24.95778133333333,3.6393961148131426,3.4242619912316377,2.931392546148415,-1.8684513396130118,1.8684513396130118,0.033113010201292495,1.8353383294117194,0.31304888385269114,5.911769961963812,5.704399791944739,0.733887156444884,3.8793781809487884
3.65,1.0,0.3500000000000001,-1.1347144104944462,3.242041172841274,1.1225,24.969041666666662,3.6391912165143303,3.4348810401208634,2.949601939945446,-1.8393954191196547,1.8393954191196547,0.03310928177588763,1.806286137343767,0.306191508908686,5.930436956777634,5.776465341365299,0.7332636174035406,3.891627698918965
3.66,1.0,0.33999999999999986,-1.1090496460692842,3.261910723733191,1.1156,24.980232,3.6389876033967474,3.4452942816328473,2.9675131717629992,-1.8088104668329492,1.8088104668329492,0.03310557694418801,1.7757048898887613,0.29919073431337384,5.948748599489307,5.84781413361992,0.7326406081451928,3.903644030347632
3.67,1.0,0.33000000000000007,-1.082874135470445,3.2814367741528634,1.1089,24.991354333333334,3.63878523885811,3.455494710751792,2.9851109240084024,-1.7766915049558538,1.7766915049558538,0.03310189503632918,1.7435896099195247,0.2920477084949049,5.96669277531909,5.918363737312406,0.7320181282197162,3.915419225363177
3.68,1.0,0.31999999999999984,-1.0561927681583565,3.3006024004948658,1.1023999999999998,25.00241066666667,3.6385840863055394,3.4654753454125857,3.0023798424156203,-1.7430361929843943,1.7430361929843943,0.0330982353827898,1.7099379576016045,0.28476376197387504,5.984257407885841,5.988030479852806,0.731396177177369,3.9269453592916364
3.69,1.0,0.31000000000000005,-1.029011106503226,3.319390666139438,1.0961,25.013403,3.6383841091554383,3.475229237296529,3.019304562940154,-1.7078449311403117,1.7078449311403117,0.033094597314387034,1.6747503338259246,0.2773404105008667,6.0014304778642655,6.0567296161653825,0.7307747545687917,3.938214544899812
3.7,1.0,0.2999999999999998,-1.001335395642212,3.3377846521407086,1.0899999999999999,25.02433333333333,3.6381852708333717,3.4847494829086374,3.035869739658004,-1.6711209576099098,1.6711209576099098,0.033090980162272236,1.6380299774476375,0.269779357798165,6.0182000421319435,6.124375508515063,0.7301538599450064,3.949218944959796
3.71,1.0,0.29000000000000004,-0.973172571796371,3.355767488953003,1.0841,25.035203666666664,3.6379875347739508,3.4940292349107076,3.0520600736026764,-1.632870438787522,1.632870438787522,0.033087383257926616,1.5997830555295953,0.2620824978784245,6.034554253361672,6.190881817088835,0.7295334928574166,3.9599507851057147
3.72,1.0,0.2799999999999998,-0.9445302689519668,3.3733223891141697,1.0783999999999998,25.046015999999995,3.6377908644207197,3.5030617136821047,3.067860342466351,-1.593102551725849,1.593102551725849,0.033083805933157115,1.560018745792692,0.25425191691394644,6.0504813800107415,6.256161700879396,0.7289136528578072,3.9704023669509394
3.73,1.0,0.27,-0.9154168238149252,3.390432680796019,1.0729,25.05677233333333,3.6375952232260484,3.5118402190778957,3.0832554310832707,-1.5518295580063068,1.5518295580063068,0.033080247520092414,1.5187493104862144,0.24628989463137296,6.065969826654726,6.320128028327,0.7282943394983437,3.980566081431383
3.74,1.0,0.2599999999999998,-0.885841278952104,3.4070818421234796,1.0675999999999999,25.06747466666667,3.6374005746510263,3.5203581423518573,3.098230362605755,-1.5090668682605768,1.5090668682605768,0.03307670735117904,1.4759901609093977,0.23819890520794287,6.081008154609786,6.382693597084076,0.7276755523315721,3.9904344223381107
3.75,1.0,0.25,-0.8558133840389085,3.423253536155634,1.0625,25.078125,3.637206882165361,3.528608978209711,3.1127703302755454,-1.4648330966002565,1.4648330966002565,0.03307318475917767,1.4317599118410789,0.22998161764705882,6.095585102783619,6.443771362175311,0.7270572909104187,4.0
3.7600000000000002,1.0,0.23999999999999977,-0.8253435951393222,3.4389316464138457,1.0575999999999999,25.088725333333336,3.637014109247283,3.53658633695604,3.1268607296860353,-1.4191501042447958,1.4191501042447958,0.03306967907715952,1.3860804251676364,0.22164089561270783,6.109689608691987,6.503274671735715,0.7264395547881897,4.00925555507505
3.77,1.0,0.22999999999999998,-0.7944430719519356,3.4541003128345027,1.0529,25.099277666666673,3.636822219383448,3.5442839566964497,3.14048719142396,-1.372043031679192,1.372043031679192,0.03306618963850287,1.3389768420406891,0.21317979670434037,6.123310829574398,6.5611175094206535,0.7258223435185706,4.018193972406762
3.7800000000000002,1.0,0.21999999999999975,-0.7631236729637028,3.4687439680168346,1.0484,25.109783999999998,3.6366311760688492,3.551695715554865,3.1536356139726966,-1.3235403187218477,1.3235403187218477,0.03306271577688975,1.290477602944958,0.20460157115604707,6.136438163539664,6.617214742496823,0.7252056566556262,4.026808294900116
3.79,1.0,0.20999999999999996,-0.7313979484622289,3.482847373629662,1.0441,25.120246333333334,3.63644094280673,3.5588156438643725,3.166292196753447,-1.2736737119398984,1.2736737119398984,0.03305925682630275,1.2406144551135956,0.19590965994636525,6.149061270669428,6.671482374542021,0.7245894937538003,4.035091737369979
3.8000000000000003,1.0,0.19999999999999973,-0.6992791313670186,3.4963956568350976,1.0399999999999998,25.130666666666663,3.636251483108501,3.565637936288645,3.1784434731751867,-1.2224782589135317,1.2224782589135317,0.03305581212102193,1.1894224467925096,0.1871076923076921,6.1611700940054215,6.723837801605958,0.7239738543679153,4.0430377003132
3.81,1.0,0.18999999999999995,-0.6667811258505889,3.509374346582048,1.0361,25.141046999999997,3.63606276049366,3.572156963829943,3.1900763435596895,-1.1699922889225765,1.1699922889225765,0.03305238099562194,1.1369399079269544,0.17819948262715948,6.172754880344336,6.774200070614898,0.7233587380531714,4.0506397835544785
3.8200000000000003,1.0,0.17999999999999972,-0.6339184937312554,3.521769409618091,1.0324,25.151389333333334,3.635874738489717,3.5783672856788002,3.201178107804066,-1.1162573797069564,1.1162573797069564,0.033048962784969174,1.083208416921987,0.16918902673382383,6.183806200762689,6.822490138740974,0.7227441443651473,4.057891799715032
3.83,1.0,0.16999999999999993,-0.6007064386310244,3.533567286064851,1.0289,25.161695666666667,3.635687380632125,3.5842636608598544,3.2117364976401213,-1.0613183100375554,1.0613183100375554,0.033045556824219204,1.0282727532133362,0.16008049757022058,6.194314970792888,6.868631132403249,0.7221300728597989,4.064787787452386
3.84,1.0,0.16000000000000014,-0.5671607879039324,3.5447549243995744,1.0256,25.171968,3.635500650464204,3.5898410596279664,3.22173970834771,-1.0052229979244036,1.0052229979244036,0.033042162448814125,0.9721808354755895,0.1508782402496101,6.204272470171169,6.912548604523351,0.7215165230934596,4.071322024419225
3.85,1.0,0.1499999999999999,-0.5332979723526282,3.5553198156841903,1.0225,25.18220833333334,3.6353145115370844,3.595094674568681,3.2311764297780226,-0.9480224243847493,0.9480224243847493,0.033038778994480274,0.914983645390269,0.14158676650366742,6.2136703620778535,6.954170788624333,0.7209034946228396,4.077489039889089
3.86,1.0,0.14000000000000012,-0.49913500376358416,3.5652500268827407,1.0196,25.192418666666672,3.6351289274096428,3.6000199313572496,3.2400358765423642,-0.8897705427931176,0.8897705427931176,0.033035405797225956,0.8567351369958917,0.13221074852883496,6.222500711790719,6.993428848338056,0.7202909870050258,4.083283626996951
3.87,1.0,0.1299999999999999,-0.46468945030415704,3.574534233108903,1.0169,25.202601,3.6349438616484435,3.604612499131,3.2483078172228583,-0.8305241739383838,0.8305241739383838,0.03303204219333925,0.7974921317450446,0.12275501224309164,6.230756004673133,7.030257120875019,0.7196789997974815,4.088700854543258
3.88,1.0,0.1200000000000001,-0.42997940983766036,3.5831617486471665,1.0144,25.212757333333332,3.6347592778276856,3.6088683004305606,3.2559826024631406,-0.770342887018094,0.770342887018094,0.0330286875193861,0.7373141994987078,0.11322452996845436,6.238429163419948,7.0645933530109755,0.7190675325580458,4.093736078310906
3.89,1.0,0.10999999999999988,-0.3950234812253795,3.591122556594363,1.0121,25.222889666666664,3.634575139529155,3.6127835206666132,3.2630511918000624,-0.7092888669064451,0.7092888669064451,0.03302534111220844,0.6762635257942367,0.10362441255804751,6.245513564486019,7.096378928158014,0.7184565848449337,4.098384951845842
3.9,1.0,0.10000000000000009,-0.35984073369724523,3.5984073369724494,1.01,25.232999999999997,3.634391410342174,3.6163546170701966,3.269505179101232,-0.6474267681388582,0.6474267681388582,0.03302200230892244,0.6144047658299359,0.0939599009900991,6.252003053624663,7.125559083113761,0.7178461562167354,4.102643436653596
3.91,1.0,0.08999999999999986,-0.3244506743852,3.6050074931688942,1.0081,25.243090333333335,3.634208053863562,3.6195783270863036,3.275336816478221,-0.5848235561611734,0.5848235561611734,0.03301867044691695,0.5518048857142565,0.08423635745461745,6.257891960466208,7.152083113121504,0.7172362462324161,4.106507811765908
3.92,1.0,0.08000000000000007,-0.2888732141254053,3.610915176567563,1.0064,25.253162666666668,3.634025033697595,3.622451676172519,3.280539036551273,-0.5215483364946386,0.5215483364946386,0.03301534486385202,0.48853299163078656,0.07445925596184427,6.263175112070307,7.175904563926,0.716626854451316,4.109974682633932
3.93,1.0,0.06999999999999984,-0.25312863164684773,3.616123309240691,1.0049,25.263219000000003,3.6338423134559696,3.624971984966676,3.285105472948311,-0.45767217256718346,0.45767217256718346,0.03301202489765759,0.42466014766952587,0.06463417250472668,6.267847845389513,7.196981409574468,0.7160179804331495,4.113040989306984
3.94,1.0,0.06000000000000005,-0.21723753627487702,3.6206256045812806,1.0036,25.273261333333334,3.6336598567577734,3.627136875790097,3.2890304789290865,-0.39326789305648724,0.39326789305648724,0.0330087098865323,0.3602591831699549,0.054766774810681595,6.2719060185860505,7.215276214789319,0.7154096237380048,4.1157040138587595
3.95,1.0,0.04999999999999982,-0.1812208292882514,3.6244165857650406,1.0025,25.283291666666667,3.633477627229453,3.6289442784557373,3.292309144034158,-0.3284098896792167,0.3284098896792167,0.03300539916894244,0.29540449051027423,0.04486281172069809,6.27534602114852,7.230756280828011,0.7148017839263445,4.117961387026037
3.96,1.0,0.040000000000000036,-0.14509966407766753,3.627491601941685,1.0016,25.293312,3.633295588504792,3.630392435353636,3.2949373086682257,-0.26317390644314925,0.26317390644314925,0.03300209208362096,0.2301718143595283,0.03492810223642176,6.278164782760503,7.243393773845217,0.7141944605590042,4.119811094028369
3.97,1.0,0.029999999999999805,-0.10889540526201026,3.6298468420670322,1.0009,25.303324333333332,3.633113704224892,3.6314799057892615,3.296911576537796,-0.19763682145295883,0.19763682145295883,0.03299878796956679,0.16463803348339204,0.024968524278149475,6.280359780878631,7.253165834882671,0.7135876531971926,4.121251479540911
3.98,1.0,0.020000000000000018,-0.07262958692599268,3.6314793462996313,1.0004,25.313330666666662,3.632931938038151,3.6322055695538267,3.2982293248744594,-0.13187642242600808,0.13187642242600808,0.032995486166044086,0.098880936259964,0.014990003198720531,6.28192904698365,7.2600546707309705,0.7129813614024916,4.122281251796442
3.99,1.0,0.009999999999999787,-0.036323870148986845,3.632387014898762,1.0001,25.323332999999998,3.6327502536002516,3.63256862970925,3.2988887123869346,-0.06597117713002429,0.06597117713002429,0.032992186012581734,0.032978991117442555,0.0049985000999897885,6.282871171474209,7.26404762503502,0.7123755847368551,4.122899485796738
4.0,1.0,0.0,-0.0,3.6325686145741525,1.0,25.333333333333332,3.6325686145741525,3.6325686145741525,3.2988886848972943,-0.0,0.0,0.03298888684897294,-0.03298888684897294,-0.005,6.283185307179586,7.265137229148305,0.7117703227626097,4.123105625617661
4.01,1.0,-0.009999999999999787,0.03632023782251778,3.6320237822518555,1.0001,25.343333666666666,3.6323869846300805,3.6322053789011655,3.29822897862964,0.06595798377421397,-0.06595798377421397,0.03298558801527502,-0.09894357178948898,-0.014999500099989788,6.282871171474209,7.2633212323804734,0.7111655750424535,4.122899485796738
4.0200000000000005,1.0,-0.020000000000000462,0.07261506052470237,3.6307530262350345,1.0004,25.353336,3.6322053274455284,3.6314791042397405,3.296910121132467,0.13182367537515166,-0.13182367537515166,0.0329822888518092,-0.16480596422696087,-0.024994003198720974,6.28192904698365,7.258602611425499,0.710561341139456,4.122281251796442
4.03,1.0,-0.03000000000000025,0.10886273174259017,3.6287577247529756,1.0009000000000001,25.363342333333335,3.632023606705254,3.630390298482637,3.2949334298292126,0.19751823937431753,-0.19751823937431753,0.0329789886991606,-0.23049722807347814,-0.03497752427814991,6.28035978087863,7.250989558902938,0.7099576206170585,4.12125147954091
4.04,1.0,-0.040000000000000036,0.14504160487624967,3.626040121906239,1.0016,25.373354666666668,3.631841786101289,3.6289397945982635,3.292301008204722,0.2629633393134765,-0.2629633393134765,0.03297568689817851,-0.295939026211655,-0.04494410223642176,6.278164782760503,7.240495451090733,0.7093544130390728,4.119811094028369
4.05,1.0,-0.04999999999999982,0.18113016605151772,3.622603321030367,1.0025,25.383375,3.6316598293329427,3.627128748554991,3.2890157396485233,0.32808137053850495,-0.32808137053850495,0.03297238278997645,-0.3610537533284814,-0.05488781172069808,6.27534602114852,7.227138795073052,0.7087517179696813,4.117961387026037
4.0600000000000005,1.0,-0.0600000000000005,0.2171070765308995,3.6184512755149614,1.0036,25.39340533333333,3.6314777001068155,3.6249586364475452,3.2850812789889114,0.3927956889982788,-0.3927956889982788,0.032969075715932716,-0.42576476471421154,-0.06480277481068204,6.2719060185860505,7.210943155669512,0.7081495349734369,4.1157040138587595
4.07,1.0,-0.07000000000000028,0.25295121439902285,3.6135887771288835,1.0049000000000001,25.403447666666665,3.6312953621368154,3.6224312508393806,3.2805020417644397,0.4570308347567155,-0.4570308347567155,0.032965765017690864,-0.4899965997744064,-0.07468317250472711,6.267847845389513,7.191937062650777,0.7075478636152623,4.113040989306984
4.08,1.0,-0.08000000000000007,0.28864171535327326,3.608021441915913,1.0064,25.413504,3.631112779144175,3.6195486963386836,3.275283191291766,0.5207127490129998,-0.5207127490129998,0.032962450037160335,-0.5536751990501602,-0.08452325596184426,6.263175112070307,7.170153898879001,0.70694670346045,4.109974682633932
4.09,1.0,-0.08999999999999986,0.3241580124364372,3.601755693738197,1.0081,25.42357633333333,3.6309299148574765,3.6163133844292674,3.2694306236005657,0.5837689834818975,-0.5837689834818975,0.032959130116517306,-0.6167281135984148,-0.09431735745461746,6.257891960466208,7.145631770138274,0.7063460540746617,4.106507811765908
4.1,1.0,-0.09999999999999964,0.3594798745557092,3.594798745557104,1.01,25.433666666666664,3.6307467330126753,3.61272802758103,3.26295095031738,0.6461289010529442,-0.6461289010529442,0.03295580459820554,-0.6790847056511498,-0.10405990099009865,6.252003053624663,7.118413357538819,0.7057459150239282,4.102643436653596
4.11,1.0,-0.11000000000000032,0.39458744364079223,3.5871585785526463,1.0121,25.443777,3.6305631973531334,3.6087956326678867,3.255851479590703,0.7077238667226133,-0.7077238667226133,0.03295247282493752,-0.7406763395475509,-0.11374541255804793,6.245513564486019,7.088545753488087,0.7051462858746489,4.098384951845842
4.12,1.0,-0.1200000000000001,0.42946127030319214,3.5788439191932646,1.0144,25.453909333333332,3.6303792716296477,3.6045194937240996,3.2481401951592597,0.768487427876797,-0.768487427876797,0.032949134139695524,-0.8014365620164925,-0.12336852996845438,6.238429163419948,7.056080282321106,0.7045471661935919,4.093736078310906
4.13,1.0,-0.1299999999999999,0.46408234786907643,3.569864214377514,1.0169,25.464065666666666,3.6301949196004935,3.599903184072713,3.239825733674214,0.8283554830910563,-0.8283554830910563,0.03294578788573309,-0.8613012709767894,-0.13292401224309164,6.230756004673133,7.021072306770606,0.7039485555478932,4.088700854543258
4.14,1.0,-0.13999999999999968,0.4984321446688931,3.560229604777816,1.0195999999999998,25.474248000000003,3.6300101050314604,3.5949505478623256,3.2309173603939088,0.8872664387115462,-0.8872664387115462,0.03294243340657629,-0.9202088721181225,-0.14240674852883453,6.22250071179072,6.983581021533575,0.7033504535050564,4.083283626996952
4.15,1.0,-0.15000000000000036,0.5324926344786173,3.549950896524106,1.0225000000000002,25.484458333333336,3.6298247916958992,3.5896656910506697,3.2214249433765705,0.9451613525799253,-0.9451613525799253,0.03293907004602545,-0.9781004226259508,-0.1518117665036678,6.213670362077853,6.943669235254974,0.7027528596329529,4.077489039889088
4.16,1.0,-0.16000000000000014,0.5662463250194653,3.5390395313716545,1.0256,25.494698666666668,3.629638943374769,3.5840529718754643,3.211358926302337,1.0019840643689049,-1.0019840643689049,0.03293569714815677,-1.0349197615170616,-0.1611342402496101,6.204272470171169,6.901403142300418,0.702155773499821,4.071322024419225
4.17,1.0,-0.16999999999999993,0.5996762844354523,3.5275075555026616,1.0289,25.504970999999998,3.6294525238566884,3.5781169908546415,3.200730300060669,1.0576813121009105,-1.0576813121009105,0.03293231405732421,-1.0906136261582347,-0.17036949757022057,6.194314970792888,6.85685208572779,0.701559194674266,4.064787787452386
4.18,1.0,-0.17999999999999972,0.6327661656807804,3.515367587115452,1.0324,25.515277333333334,3.6292654969379927,3.571862580359479,3.189550573243069,1.1122028345287707,-1.1122028345287707,0.03292892011816144,-1.1451317546469322,-0.17951302673382383,6.183806200762689,6.810088312893166,0.7009631227252597,4.057891799715032
4.19,1.0,-0.1900000000000004,0.6655002287620222,3.5026327829580044,1.0361000000000002,25.525619666666664,3.6290778264227894,3.5652947938051964,3.1778317416836095,1.1655014591639552,-1.1655014591639552,0.0329255146755839,-1.198426973839539,-0.18856048262715988,6.172754880344335,6.761186725138507,0.7003675572221401,4.050639783554478
4.2,1.0,-0.20000000000000018,0.6978633607928899,3.4893168039644467,1.04,25.535999999999998,3.6288894761230246,3.5584188945043844,3.1655862571914515,1.2175331758428671,-1.2175331758428671,0.0329220970747911,-1.2504552729176583,-0.1975076923076925,6.16117009400542,6.710224623008551,0.699772497734611,4.043037700313199
4.21,1.0,-0.20999999999999996,0.7298410938322906,3.475433780153765,1.0441,25.546420333333334,3.628700409858546,3.5512403442290696,3.15282699562005,1.268257195824558,-1.268257195824558,0.032918666661268955,-1.301175862485827,-0.20635065994636523,6.149061270669428,6.657281448431692,0.699177943832742,4.035091737369979
4.22,1.0,-0.21999999999999975,0.7614196204889139,3.4609982749496124,1.0484,25.55688266666667,3.628510591457174,3.5437647915274617,3.1395672244174184,1.3176359965124598,-1.3176359965124598,0.03291522278079222,-1.350551219293252,-0.21508557115604707,6.136438163539664,6.602438525275873,0.6985838950869678,4.026808294900116
4.23,1.0,-0.23000000000000043,0.7925858072880612,3.44602524907852,1.0529000000000002,25.567389000000002,3.6283199847547745,3.5359980598412584,3.1258205698002857,1.3656353519879705,-1.3656353519879705,0.03291176477942721,-1.3985471167673977,-0.22370879670434077,6.123310829574396,6.545778799655275,0.6979903510680882,4.0181939724067615
4.24,1.0,-0.2400000000000002,0.8233272058083222,3.4305300242013392,1.0576,25.577941333333335,3.628128553595337,3.5279461354690467,3.111600983692745,1.4122243496336222,-1.4122243496336222,0.032908292003534484,-1.4451326416371566,-0.2322168956127082,6.109689608691987,6.487386581318719,0.6973973113472676,4.00925555507505
4.25,1.0,-0.25,0.8536320616073065,3.414528246429226,1.0625,25.588541666666664,3.627936261831053,3.519615155420687,3.0969227105667465,1.4573753932078808,-1.4573753932078808,0.03290480379977168,-1.4902801970076525,-0.24060661764705882,6.095585102783619,6.4273472873961905,0.6968047754960348,4.0
4.26,1.0,-0.2599999999999998,0.8834893209664888,3.398035849871114,1.0675999999999999,25.599192,3.6277430733224008,3.511011395206676,3.0818002543177827,1.501064192811208,-1.501064192811208,0.03290129951509664,-1.5339654923263046,-0.2488749052079429,6.081008154609786,6.365747189717337,0.6962127430862826,3.9904344223381107
4.2700000000000005,1.0,-0.27000000000000046,0.912888635495689,3.381069020354398,1.0729000000000002,25.609894333333333,3.627548951938234,3.502141256605368,3.0662483453043565,1.543269742254036,-1.543269742254036,0.032897778496770454,-1.5761675207508066,-0.2570188946313733,6.065969826654726,6.30267316684574,0.6956212136902675,3.980566081431383
4.28,1.0,-0.28000000000000025,0.9418203646472973,3.3636441594546302,1.0784000000000002,25.620650666666666,3.627353861555874,3.493011255449604,3.050281907674404,1.583974284400656,-1.583974284400656,0.03289424009236078,-1.6168685244930168,-0.2650359169139468,6.05048138001074,6.238212461896568,0.6950301868806096,3.9704023669509385
4.29,1.0,-0.29000000000000004,0.9702755761993804,3.3457778489633805,1.0841,25.631462999999997,3.627157766061201,3.4836280094727488,3.0339160270957666,1.6231632651190337,-1.6231632651190337,0.032890683649745206,-1.6560539487687789,-0.2729234978784245,6.034554253361672,6.172452447123661,0.694439662230292,3.9599507851057147
4.3,1.0,-0.2999999999999998,0.9982460447748864,3.32748681591629,1.0899999999999999,25.642333333333333,3.6269606293487557,3.4739982262524887,3.0171659190013593,1.6608252765145086,-1.6608252765145086,0.03288710851711481,-1.6937123850316234,-0.280679357798165,6.0182000421319435,6.10548039617668,0.6938496393126606,3.949218944959796
4.3100000000000005,1.0,-0.3100000000000005,1.0257242484716467,3.308787898295629,1.0961000000000003,25.653263666666668,3.62676241532184,3.4641286912888103,3.0000468974525814,1.6969519901656818,-1.6969519901656818,0.03288351404297776,-1.7298355042086595,-0.2883014105008671,6.001430477864265,6.037383264840121,0.6932601177014237,3.938214544899811
4.32,1.0,-0.3200000000000003,1.0527033636843617,3.2896980115136274,1.1024000000000003,25.664255999999998,3.626563087892624,3.454026256250679,2.982574344717271,1.7315380811130758,-1.7315380811130758,0.032879899576163205,-1.764417980689239,-0.2957877619738754,5.98425740788584,5.968247480975375,0.692671096970652,3.9269453592916355
4.33,1.0,-0.33000000000000007,1.0791772582055585,3.2702341157744192,1.1089,25.67531233333333,3.6263626109822535,3.4436978274237364,2.964763681650741,1.7645811433758585,-1.7645811433758585,0.03287626446582507,-1.7974574078416836,-0.3031367084949049,5.96669277531909,5.898158744295102,0.692082576694778,3.915419225363177
4.34,1.0,-0.33999999999999986,1.1051404826973175,3.2504131844038757,1.1156,25.686434666666667,3.6261609485209636,3.4331503543892463,2.9466303389607518,1.796081597788912,-1.796081597788912,0.03287260806144614,-1.828954205850358,-0.3103467343133739,5.948748599489307,5.827201836507486,0.6914945564485958,3.903644030347632
4.3500000000000005,1.0,-0.35000000000000053,1.1305882606297286,3.230252173227791,1.1225000000000003,25.697625000000002,3.6259580644481963,3.42239081896218,2.928189729429155,1.8260425929625044,-1.8260425929625044,0.032868929712842276,-1.8589115226753465,-0.3174165089086864,5.930436956777633,5.755460442276686,0.6909070358072606,3.891627698918964
4.36,1.0,-0.3600000000000003,1.1555164767852157,3.2097679910700405,1.1296000000000002,25.708885333333335,3.6257539227127182,3.411426224414053,2.9094572211549803,1.8544699001696066,-1.8544699001696066,0.03286522877016666,-1.8873351289397733,-0.32434488385269145,5.911769961963812,5.683016981356303,0.690320014346289,3.8793781809487884
4.37,1.0,-0.3700000000000001,1.1799216644303954,3.1889774714335,1.1369,25.72021766666667,3.6255484872727464,3.400263585003756,2.8904481118756484,1.8813718029624247,-1.8813718029624247,0.03286150458391425,-1.914233307546339,-0.33113088930424844,5.892759750099064,5.609952452165538,0.6897334916415577,3.8669034396111157
4.38,1.0,-0.3799999999999999,1.2038009912587448,3.167897345417751,1.1443999999999999,25.731623999999996,3.6253417220960737,3.3889099158372993,2.8711776044150925,1.9067589823099174,-1.9067589823099174,0.03285775650492632,-1.9396167388148438,-0.3377737301642782,5.87341845894544,5.5363462869936235,0.6891474672693042,3.854211439858842
4.39,1.0,-0.3899999999999997,1.2271522442083826,3.1465442159189325,1.1520999999999997,25.743106333333333,3.625133591160201,3.3773722230749987,2.8516607832996397,1.930644398032912,-1.930644398032912,0.032853983884395144,-1.963498381917307,-0.344272781919972,5.85375821201385,5.462276218937476,0.6885619408061258,3.841310137293081
4.4,1.0,-0.40000000000000036,1.2499738132594735,3.1249345331486813,1.1600000000000004,25.754666666666665,3.6249240584524713,3.3656574945023143,2.831912592574899,1.9530431672930348,-1.9530431672930348,0.03285018607386884,-1.9858933533669036,-0.35062758620689677,5.833791102228983,5.387818160601173,0.6879769118289794,3.8282074674438817
4.41,1.0,-0.41000000000000014,1.2722646743153705,3.103084571500903,1.1681000000000001,25.766307000000005,3.624713087970205,3.353772690478253,2.811947814849435,1.9739724408668238,-1.9739724408668238,0.03284636242525625,-2.00681880329208,-0.35683784611762703,5.813529176245334,5.313046094514002,0.6873923799151819,3.8149113354782096
4.42,1.0,-0.41999999999999993,1.2940243712706188,3.081010407787188,1.1764,25.778029333333336,3.6245006437208476,3.3417247352729835,2.791781051583823,1.9934512779075244,-1.9934512779075244,0.0328425122908321,-2.0262937901983564,-0.3629034212852771,5.79298441943467,5.23803197515673,0.6868083446424086,3.8014296063485276
4.43,1.0,-0.4299999999999997,1.3152529973672928,3.0587279008541715,1.1848999999999998,25.789835666666665,3.624286689722107,3.3295205088041455,2.771426704636854,2.0115005198647085,-2.0115005198647085,0.03283863502324207,-2.0443391548879504,-0.36882432276985383,5.772168741561488,5.162845642424124,0.6862248055886944,3.7877700953928515
4.44,1.0,-0.4400000000000004,1.3359511759391156,3.0362526725888963,1.1936000000000004,25.801728,3.624071190002108,3.3171668387791895,2.7508989590740804,2.028142664196709,-2.028142664196709,0.03283472997550824,-2.0609773941722174,-0.37460070777479915,5.7510939631593265,5.087554746295066,0.6856417623324319,3.7739405593947155
4.45,1.0,-0.4500000000000002,1.3561200406401617,3.0136000903114692,1.2025000000000001,25.813708333333334,3.623854108599542,3.3046704932490876,2.730211767237792,2.043401738473192,-2.043401738473192,0.03283079650103445,-2.0762325349742268,-0.38023287422037433,5.729771802617321,5.012224682430718,0.6850592144523726,3.7599486881092052
4.46,1.0,-0.45999999999999996,1.3757612152520293,2.99078525054789,1.2116,25.825778666666665,3.6236354095638235,3.29203817357675,2.7093788340716363,2.057303175425805,-2.057303175425805,0.032826833953611946,-2.090130009379417,-0.3857212551997359,5.708213863982952,4.93691853837552,0.6844771615276255,3.745802096258966
4.47,1.0,-0.46999999999999975,1.394876793159936,2.9678229641700784,1.2208999999999999,25.837941,3.623415056955248,3.27927650782172,2.688413603687854,2.069873689463987,-2.069873689463987,0.03282284168742501,-2.102696531151412,-0.39106641334261594,5.68643162548383,4.8616970499960335,0.6838956031376575,3.731508316002056
4.48,1.0,-0.4800000000000004,1.4134693165845877,2.944727742884555,1.2304000000000004,25.850197333333337,3.6231930148451577,3.266392044540898,2.6673292471600165,2.0811411551313537,-2.0811411551313537,0.03281881905705686,-2.1139599741884103,-0.39626903511053335,5.664436428768274,4.786618567757728,0.6833145388622923,3.7170747898714716
4.49,1.0,-0.4900000000000002,1.4315417556526826,2.9215137870462895,1.2401000000000002,25.862549666666663,3.6229692473161044,3.2533912470034587,2.64613865151968,2.0911344879358813,-2.0911344879358813,0.03281476541749555,-2.123949253353377,-0.40132992504636733,5.642239468861621,4.7117390324107555,0.6827339682817114,3.70250886418436
4.5,1.0,-0.5,1.4490974873848093,2.8981949747696185,1.25,25.875,3.622743718462023,3.240280487816577,2.624854409931209,2.0998835279449675,-2.0998835279449675,0.03281068012414012,-2.1326942080691076,-0.40625,5.619851784832581,4.6371119596313894,0.6821538909764522,3.6878177829171546
4.51,1.0,-0.5099999999999998,1.4661402746750933,2.874784852304106,1.2600999999999998,25.887550333333333,3.622516392388403,3.2270660439571888,2.603488813015375,2.1074189264944696,-2.1074189264944696,0.03280656253280673,-2.1402254890272765,-0.4110302833505276,5.597284251161494,4.5627884331467445,0.6815743065274088,3.673008682041322
4.5200000000000005,1.0,-0.5200000000000005,1.4826742453325592,2.851296625639534,1.2704000000000004,25.900202666666672,3.6222872332124654,3.2137540922036747,2.582053841288966,2.113772036319684,-2.113772036319684,0.03280241199973504,-2.146574448319419,-0.41567189924433273,5.574547569800078,4.488817105855688,0.6809952145158316,3.658088584312864
4.53,1.0,-0.5300000000000002,1.4987038712495688,2.827743153301072,1.2809000000000004,25.912959,3.6220562050633442,3.2003507049602447,2.5605611586848838,2.11897480537589,-2.11897480537589,0.032798227881594685,-2.1517730332574847,-0.42017606686704667,5.551652262910253,4.415244208448859,0.6804166145233265,3.643064394507446
4.54,1.0,-0.54,1.51423394775815,2.80413694029287,1.2916,25.92582133333333,3.621823272082271,3.1868618464656246,2.5390221071145724,2.123059674577066,-2.123059674577066,0.032794009535491817,-2.1558536841125577,-0.4245440947661815,5.528608666267683,4.342113565024574,0.679838506131855,3.627942895091715
4.55,1.0,-0.5499999999999998,1.52926957323034,2.780490133146074,1.3024999999999998,25.938791666666667,3.6215883984227606,3.173293369376802,2.5174477020326944,2.126059479643734,-2.126059479643734,0.03278975631897584,-2.15884923596271,-0.42877737523992315,5.505426923314118,4.269466615195508,0.6792608889237337,3.6127307423203736
4.5600000000000005,1.0,-0.5600000000000005,1.5438161289741565,2.756814516025277,1.3136000000000005,25.951872,3.6213515482508054,3.15965101171766,2.495848628962108,2.128007357214953,-2.128007357214953,0.03278546759004626,-2.1607928248049992,-0.432877378806334,5.482116979841078,4.197342442182211,0.6786837624816343,3.5974344627475423
4.57,1.0,-0.5700000000000003,1.5578792594721784,2.733121507845926,1.3249000000000004,25.965064333333334,3.6211126857450684,3.1459403941816144,2.4742352409358928,2.1289366553452473,-2.1289366553452473,0.032781142707159656,-2.161717798052407,-0.43684564876594467,5.458688579286115,4.125777806394332,0.6781071263885827,3.5820604501401134
4.58,1.0,-0.5800000000000001,1.5714648530053177,2.709422160353996,1.3364,25.978370666666667,3.62087177509708,3.132167017776724,2.452617556812084,2.128880848475021,-2.128880848475021,0.0327767810292367,-2.1616576295042575,-0.44068379586950024,5.435151258621847,4.0548071840077755,0.6775309802279595,3.5666149627800765
4.59,1.0,-0.5899999999999999,1.5845790226999121,2.685727157118496,1.3480999999999999,25.991793,3.620628780511444,3.11833626180122,2.431005260416102,2.12787345693272,-2.12787345693272,0.03277238191566947,-2.160645838848389,-0.4443934931014019,5.41151434481694,3.98446281005637,0.676955323583499,3.551104121142175
4.6000000000000005,1.0,-0.6000000000000005,1.5972280880320766,2.662046813386792,1.3600000000000008,26.005333333333333,3.620383666206039,3.1044533821369225,2.4094077004653442,2.125947970998834,-2.125947970998834,0.032767944726328706,-2.1587159157251623,-0.4479764705882355,5.387786951847493,3.9147747255688095,0.6763801560392891,3.535533905932737
4.61,1.0,-0.6100000000000003,1.609418556819081,2.6383910767525904,1.3721000000000003,26.018993666666667,3.62013639641223,3.0905235098476935,2.3878338912303265,2.123137779535748,-2.123137779535748,0.03276346882157132,-2.155901248357319,-0.451434510640624,5.36397797823663,3.8457708282961733,0.6758054771797715,3.5199101564751234
4.62,1.0,-0.6200000000000001,1.6211571077235982,2.6147695285864483,1.3844,26.032776,3.6198869353750793,3.076551650069756,2.3662925138867346,2.1194761031635014,-2.1194761031635014,0.032758953562247964,-2.1522350567257496,-0.4547694429355678,5.340096105099604,3.7774769265912282,0.6752312865897405,3.504238569426904
4.63,1.0,-0.6299999999999999,1.632450573292823,2.591191386179085,1.3968999999999998,26.046682333333333,3.619635247353563,3.0625426811805827,2.344791918513188,2.114995931939736,-2.114995931939736,0.032754398309710726,-2.1477503302494467,-0.45798313984537187,5.316149794671457,3.7099167960184483,0.6746575838543435,3.488524697813686
4.64,1.0,-0.6399999999999997,1.6433059235508696,2.567665505548235,1.4095999999999995,26.060714666666666,3.6193812966207908,3.0485013542328714,2.3233401266899127,2.1097299674823264,-2.1097299674823264,0.03274980242582099,-2.1424797699081473,-0.4610775119182746,5.29214728929398,3.6431122382920487,0.6740843685590802,3.4727739503643447
4.65,1.0,-0.6500000000000004,1.6537302501594018,2.5442003848606167,1.4225000000000005,26.074875000000002,3.619125047464229,3.034432292640122,2.301944834654297,2.103710569455597,-2.103710569455597,0.03274516527295739,-2.136455734728554,-0.4640545035149386,5.268096610838681,3.577083142159038,0.6735116402898024,3.4569915911323714
4.66,1.0,-0.6600000000000001,1.663730751158199,2.5208041684215132,1.4356000000000002,26.089165333333334,3.618866464185925,3.020339992100343,2.280613416970175,2.0969697063253214,-2.0969697063253214,0.032740486214023846,-2.129710192539345,-0.466916088604068,5.244005560542504,3.5118475458644647,0.672939398632714,3.441182739388066
4.67,1.0,-0.6699999999999999,1.6733147162943183,2.49748465118555,1.4488999999999999,26.103587666666666,3.618605511102743,3.006228820744446,2.2593529306686353,2.0895389102739816,-2.0895389102739816,0.032735764612457856,-2.1222746748864396,-0.46966426671958034,5.219881719233089,3.447421700856581,0.6723676431743705,3.4253523697663546
4.68,1.0,-0.6799999999999997,1.6824895129456237,2.474249283743565,1.4623999999999997,26.118143999999997,3.618342152546589,2.992103019496078,2.2381701198193866,2.0814492361558843,-2.0814492361558843,0.032730999832238705,-2.114180235988123,-0.4723010590809627,5.195732447920669,3.3838201364107845,0.6717963735016783,3.409505312655206
4.69,1.0,-0.6900000000000004,1.6912625726418353,2.451105177741789,1.4761000000000006,26.132836333333334,3.618076352864656,2.97796670262978,2.217071420492921,2.0727312243616507,-2.0727312243616507,0.03272619123789603,-2.1054574155995467,-0.4748285048777184,5.171564888733959,3.321055724872011,0.6712255892018952,3.393646254809767
4.7,1.0,-0.7000000000000002,1.699641378183733,2.4280591116910464,1.4900000000000002,26.14766666666667,3.6178080764196596,2.9638238585145733,2.1960629660750532,2.06341486745307,-2.06341486745307,0.03272133819451829,-2.0961362056475883,-0.47724865771812086,5.147385966177749,3.2591397472363033,0.6706552898626296,3.377779740177616
4.71,1.0,-0.71,1.707633451358925,2.4051175371252467,1.5041,26.162637,3.6175372875900837,2.949678350530344,2.1751505928968524,2.053529580422531,-2.053529580422531,0.03271644006776155,-2.0862460204902926,-0.4795635822418722,5.123202388690363,3.198081958812907,0.67008547507184,3.3619101709207824
4.72,1.0,-0.7199999999999998,1.7152463412504657,2.382286585070092,1.5183999999999997,26.177749333333335,3.617263950770427,2.9355339181447095,2.1543398461445076,2.0431041744257707,-2.0431041744257707,0.032711496223858195,-2.075815670649629,-0.4817753508956796,5.099020650479692,3.1378906547287837,0.6695161444178354,3.3460418086205803
4.73,1.0,-0.7300000000000004,1.7224876131327314,2.3595720727845624,1.5329000000000006,26.193005666666668,3.616988030371457,2.92139417813833,2.133635986015132,2.032166833832666,-2.032166833832666,0.03270650602962598,-2.064873339862292,-0.48388604087024606,5.0748470336169875,3.0785727350571617,0.6689472974892742,3.330178775651578
4.74,1.0,-0.7400000000000002,1.7293648379472348,2.3369795107395057,1.5476000000000003,26.208408,3.61670949082046,2.907262625966998,2.1130439940861314,2.020745096438017,-2.020745096438017,0.032701468852476975,-2.053446565290494,-0.4858977311966917,5.050687610368256,3.0201337693712915,0.6683789338751646,3.314325056711489
4.75,1.0,-0.75,1.7358855823495214,2.3145141097993616,1.5625,26.223958333333332,3.6164282965615024,2.893142637249202,2.092568579867317,2.0088658366726246,-2.0088658366726246,0.032696384060426825,-2.0415622207330513,-0.4878125,5.026548245743669,2.9625780605431826,0.6678110531648637,3.2984845004941286
4.76,1.0,-0.7599999999999998,1.7420573993168893,2.2921807885748553,1.5775999999999997,26.239658666666667,3.6161444120556907,2.8790374693682557,2.0722141875065923,1.9965552516544245,-1.9965552516544245,0.03269125102210399,-2.0292465026765285,-0.4896324219066937,5.00243460024614,2.9059087076253243,0.6672436549480778,3.282660821493064
4.7700000000000005,1.0,-0.7700000000000005,1.7478878193054854,2.2699841809162136,1.5929000000000006,26.255511000000002,3.615857801781438,2.8649502631784616,2.051985002621584,1.9838388499197945,-1.9838388499197945,0.03268606910675923,-2.016524919026554,-0.4913595656036161,4.978352132800846,2.850127667670554,0.6666767388148616,3.266857601924005
4.78,1.0,-0.7800000000000002,1.7533843419442237,2.247928643518235,1.6084000000000005,26.271517333333332,3.61556843023473,2.8508840448052095,2.031884959231228,1.970741442676396,-1.970741442676396,0.03268083768427508,-2.003422280360671,-0.49299599154439194,4.954306103848206,2.795235816361893,0.6661103043556182,3.2510782937544525
4.79,1.0,-0.79,1.758554428252093,2.226018263610244,1.6241,26.287679666666666,3.615276261929398,2.8368417275292983,2.0119177467628533,1.9572871374209149,-1.9572871374209149,0.0326755561251755,-1.9899626935460903,-0.49454374979988913,4.930301578583521,2.74123300733975,0.6655443511610987,3.2353262208295916
4.8,1.0,-0.7999999999999998,1.763405493364583,2.2042568667057294,1.6399999999999997,26.304000000000002,3.6149812613973955,2.8228261137462485,1.992086817111937,1.9434993337677433,-1.9434993337677433,0.032670223800635764,-1.976169557568379,-0.49600487804878046,4.906343430327265,2.688118130128939,0.6649788788224019,3.2196045810839236
4.8100000000000005,1.0,-0.8100000000000005,1.767944899754333,2.182648024388064,1.6561000000000008,26.320480333333336,3.6146833931890745,2.808839896991724,1.9723953917331194,1.9294007213378743,-1.9294007213378743,0.0326648400824922,-1.9620655614203666,-0.49738139970412426,4.88243634401069,2.635889166581804,0.6644138869309739,3.2039164488285596
4.82,1.0,-0.8200000000000003,1.7721799509305458,2.161195062110421,1.6724000000000006,26.337122666666666,3.6143826218734696,2.7948856640246773,1.9528464687426654,1.915013279561092,-1.915013279561092,0.03265940434325234,-1.9476726839043443,-0.4986753221717292,4.858584819762193,2.584543245767066,0.6638493750786081,3.188264777104639
4.83,1.0,-0.8300000000000001,1.7761178856012934,2.13990106698951,1.6889,26.353928999999997,3.6140789120385834,2.7809658969602005,1.933442830013913,1.90035827924868,-1.90035827924868,0.03265391595610498,-1.933012195204785,-0.49988863523595245,4.834793176580558,2.534076697246148,0.6632853428574448,3.1726524000937624
4.84,1.0,-0.8399999999999999,1.7797658722824847,2.118768895574387,1.7055999999999998,26.370901333333336,3.6137722282916735,2.767082975444527,1.9141870482487344,1.8854562857984727,-1.8854562857984727,0.03264837429493042,-1.918104660093403,-0.5010233095684803,4.811065556082016,2.4844851026904164,0.6627217898599704,3.1570820355768556
4.8500000000000005,1.0,-0.8500000000000005,1.7831310043370785,2.097801181573032,1.722500000000001,26.388041666666666,3.6134625352595497,2.753239178865027,1.8950814940093421,1.8703271638989154,-1.8703271638989154,0.03264277873431093,-1.9029699426332263,-0.5020812953555878,4.787405926308672,2.435763345803229,0.6621587156790181,3.1415562874333083
4.86,1.0,-0.8600000000000003,1.7862202954279274,2.077000343520845,1.7396000000000007,26.405351999999997,3.613149797588864,2.73943668858843,1.8761283426960855,1.8549900836038553,-1.8549900836038553,0.03263712864954112,-1.8876272122533964,-0.5030645210393194,4.763818085586636,2.38790566052063,0.6615961199077667,3.1260776481727297
4.87,1.0,-0.8700000000000001,1.789040675367625,2.05636859237658,1.7569000000000004,26.422834333333334,3.6128339799464144,2.72567759022095,1.8573295814581712,1.8394635276550846,-1.8394635276550846,0.032631423416638626,-1.8720949510717233,-0.5039748921680232,4.740305666422831,2.3409056774734815,0.6610340021397407,3.110648501492082
4.88,1.0,-0.8799999999999999,1.7915989863486887,2.035907939032601,1.7744,26.440490666666665,3.612515047019447,2.7119638758843423,1.838687016025406,1.823765299935028,-1.823765299935028,0.032625662412354796,-1.8563909623473829,-0.5048142903516681,4.71687213943017,2.2947564687022104,0.66047236196881,3.0952711248514313
4.89,1.0,-0.8899999999999997,1.7939019795375286,2.015620201727561,1.7920999999999996,26.458323,3.612192963515961,2.6982974465023157,1.8202022774502293,1.8079125349374523,-1.8079125349374523,0.03261984501418556,-1.8405323799516378,-0.505584572317393,4.693520817271431,2.2494505906228017,0.6599111989891895,3.0799476920619684
4.9,1.0,-0.9000000000000004,1.795956312015755,1.9955070133508381,1.8100000000000005,26.476333333333336,3.611867694165018,2.684680114092108,1.8018768287504034,1.7919217081495724,-1.7919217081495724,0.03261397060038231,-1.8245356787499547,-0.5062875690607735,4.67025485861279,2.2049801252495445,0.659350512795439,3.0646802758803675
4.91,1.0,-0.9100000000000001,1.7977685440525806,1.975569828629209,1.8281000000000003,26.49452366666667,3.6115392037170575,2.6711136040563637,1.7837119714437442,1.7758086472444696,-1.7758086472444696,0.032608038549963095,-1.8084166857944328,-0.5069250850883431,4.64707727207862,2.161336719686241,0.6587903029824627,3.0494708506039747
4.92,1.0,-0.9199999999999999,1.7993451366923061,1.9558099311872894,1.8463999999999998,26.512895999999998,3.6112074569442107,2.6575995574708173,1.765708851967271,1.7595885439881815,-1.7595885439881815,0.03260204824272368,-1.7921905922309052,-0.5074988977469671,4.623990920199736,2.1185116239030433,0.6582305691455089,3.034321294661697
4.93,1.0,-0.9299999999999997,1.8006924496411494,1.9362284404743546,1.8648999999999996,26.53145233333333,3.610872418640623,2.6441395333636226,1.747868467974099,1.743275966771314,-1.743275966771314,0.03259599905924896,-1.775871965830563,-0.5080107566357445,4.600998523347854,2.076495726821122,0.6576713108801701,3.019233393195843
4.94,1.0,-0.9400000000000004,1.801816739437995,1.9168263185510577,1.8836000000000008,26.55019466666667,3.6105340536227737,2.630735010982476,1.7301916745022419,1.726884873680301,-1.726884873680301,0.03258989038092425,-1.7594747640612254,-0.5084623830961987,4.578102663649604,2.0352795907316383,0.6571125277823818,3.004208840630548
4.95,1.0,-0.9500000000000002,1.8027241578939905,1.897604376730516,1.9025000000000003,26.569125,3.6101923267298073,2.617387392046009,1.712679190010352,1.7104286260287351,-1.7104286260287351,0.03258372158994695,-1.743012347618682,-0.5088554697766098,4.555305788873943,1.9948534840793857,0.6565542194484236,2.9892492432227447
4.96,1.0,-0.96,1.8034207507862738,1.8785632820690352,1.9216,26.588245333333333,3.609847202823858,2.6040980029761767,1.6953316022761278,1.6939200022742331,-1.6939200022742331,0.032577492069338077,-1.7264974943435711,-0.5091916802664446,4.532610216287318,1.9552074126447079,0.6559963854749175,2.9743561215919696
4.97,1.0,-0.9699999999999998,1.8039124567915275,1.8597035637026063,1.9408999999999996,26.60755766666666,3.609498646790388,2.5908680971087312,1.6781493741539544,1.6773712122513638,-1.6773712122513638,0.0325712012029541,-1.709942413454318,-0.5094726487969499,4.51001813647148,1.9163311491602932,0.6554390254588284,2.959530913225658
4.98,1.0,-0.9800000000000004,1.8042051066454556,1.8410256190259744,1.9604000000000008,26.627064,3.6091466235385217,2.5776988568790404,1.661132849188878,1.660793911655887,-1.660793911655887,0.03256484837549878,-1.6933587600313857,-0.5096999800040808,4.487531617099218,1.8782142614017279,0.6548821389974636,2.944774974956832
4.99,1.0,-0.9900000000000002,1.8043044225147078,1.8225297197118255,1.9801000000000004,26.646766333333332,3.6087910980013866,2.5645913959808486,1.6442822570847495,1.6441992167202688,-1.6441992167202688,0.032558432972535134,-1.6767576496928038,-0.5098752487500632,4.465152606663812,1.8408461387928137,0.6543257256884728,2.9300895854114146
5.0,1.0,-1.0,1.8042160175682282,1.8042160175682282,2.0,26.66666666666667,3.6084320351364565,2.5515467614957625,1.6275977190248785,1.6275977190248787,-1.6275977190248787,0.03255195438049757,-1.6601496734053762,-0.51,4.442882938158366,1.8042160175682282,0.6537697851298473,2.91547594742265
5.01,1.0,-1.0099999999999998,1.8039453957354377,1.7860845502331069,2.0200999999999993,26.686767000000003,3.608069399925898,2.538565935991516,1.6110792528441205,1.6109995003936066,-1.6109995003936066,0.032545411986704076,-1.6435449123803108,-0.5100757487500619,4.420724332701603,1.7683130045375055,0.6532143169199199,2.9009351904104026
5.0200000000000005,1.0,-1.0200000000000005,1.8034979516391203,1.7681352467050193,2.040400000000001,26.707069333333333,3.607703157376923,2.525649839587254,1.5947267780517804,1.5944141478267164,-1.5944141478267164,0.03253880517936855,-1.626952953006085,-0.5101039800039209,4.398678403107086,1.7331260994952151,0.652659320657365,2.8864683727233196
5.03,1.0,-1.0300000000000002,1.8028789706913495,1.7503679327100476,2.0609000000000006,26.72757566666667,3.6073332725221383,2.5127993319843003,1.5785401207051863,1.577850768427718,-1.577850768427718,0.0325321333476132,-1.6103829017753313,-0.5100861487942161,4.37674665739317,1.6986442163230113,0.6521047959411976,2.87207648394211
5.04,1.0,-1.04,1.8020936293412284,1.7327823359050272,2.0816,26.748288,3.6069597104199045,2.5000152144610484,1.5625190181341804,1.561318004284731,-1.561318004284731,0.0325253958814811,-1.593843400166212,-0.5100236802459647,4.354930502231317,1.6648562028295804,0.6515507423707736,2.8577604471423674
5.05,1.0,-1.0499999999999998,1.8011469954637014,1.7153780909178111,2.1024999999999996,26.76920833333333,3.606582436154697,2.4872982318308257,1.546663123517188,1.5448240472704378,-1.5448240472704378,0.03251859217194888,-1.5773426394423866,-0.5099179696789536,4.333231246330749,1.6317508593748504,0.6509971595457894,2.843521121115628
5.0600000000000005,1.0,-1.0600000000000005,1.8000440288791288,1.6981547442255924,2.123600000000001,26.790338666666667,3.6062014148374697,2.474649074361715,1.530972010309823,1.528376653728021,-1.528376653728021,0.032511721610939424,-1.5608883753389604,-0.5097703827462798,4.311650103757686,1.5993169563247236,0.6504440470662812,2.8293593025474926
5.07,1.0,-1.0700000000000003,1.7987895819937716,1.6811117588726834,2.1449000000000007,26.811681,3.6058166116060195,2.462068379657506,1.515445176527334,1.511983159013704,-1.511983159013704,0.03250478359133479,-1.5444879426050389,-0.509582255606322,4.2901881971877005,1.5675432503824727,0.6498914045326254,2.815275728151863
5.08,1.0,-1.08,1.797388400551784,1.6642485190294296,2.1664000000000003,26.83323733333333,3.6054279916253567,2.4495567344990703,1.5000820488824371,1.4956504918694908,-1.4956504918694908,0.03249777750698913,-1.52814826937648,-0.5093548951255539,4.268846561089955,1.5364184998425308,0.6493392315455376,2.801271076760482
5.09,1.0,-1.0899999999999999,1.7958451244897446,1.6475643343942614,2.1880999999999995,26.855009666666668,3.6050355200880824,2.437114676645642,1.484881986780398,1.4793851886025629,-1.4793851886025629,0.03249070275274188,-1.5118758913553048,-0.50908957910973,4.247626144842391,1.5059314788119937,0.6487875277060728,2.787345971367155
5.1000000000000005,1.0,-1.1000000000000005,1.7941642888851748,1.6310584444410672,2.210000000000001,26.877,3.60463916221476,2.424742696595529,1.4698442861733394,1.4631934070503834,-1.4631934070503834,0.03248355872443082,-1.4956769657748141,-0.508787556561086,4.226527815777071,1.476070990444404,0.648236292615625,2.773500981126145
5.11,1.0,-1.1100000000000003,1.792350324990937,1.6147300225143573,2.232100000000001,26.899210333333333,3.604238883254298,2.4124412393060135,1.4549681832760837,1.4470809403131155,-1.4470809403131155,0.032476344818905475,-1.479557285132021,-0.5084500479593208,4.205552362155179,1.4468258792297448,0.6476855258759269,2.7597366233044074
5.12,1.0,-1.12,1.7904075613477883,1.5985781797748109,2.2544000000000004,26.921642666666667,3.603834648484334,2.4002107058721913,1.4402528581458707,1.4310532302372028,-1.4310532302372028,0.03246906043404051,-1.4635222906712433,-0.5080782455642299,4.18470049607129,1.4181850423836149,0.6471352270890494,2.7460533651874033
5.13,1.0,-1.13,1.7883402249677764,1.5826019689980322,2.2768999999999995,26.944299,3.603426423211619,2.3880514551647005,1.425697438128561,1.4151153806361934,-1.4151153806361934,0.0324617049687492,-1.4475770856049426,-0.5076733137379771,4.163972856286763,1.3901374403777351,0.6465853958574015,2.73245162593841
5.14,1.0,-1.1399999999999997,1.7861524425815558,1.5668003882294352,2.299599999999999,26.967181333333333,3.603014172772408,2.3759638054263297,1.4113010011739915,1.3992721702368678,-1.3992721702368678,0.0324542778229971,-1.4317264480598648,-0.5072363892850931,4.143370010992242,1.3626721066528404,0.6460360317837304,2.7189317784113123
5.15,1.0,-1.1500000000000004,1.7838482419430715,1.5511723842983225,2.3225000000000007,26.990291666666664,3.602597862532855,2.3639480358275917,1.3970625790232822,1.3835280653406026,-1.3835280653406026,0.03244677839781574,-1.4159748437384183,-0.5067685818083961,4.1228924604994015,1.335778156553991,0.6454871344711202,2.7054941509169548
5.16,1.0,-1.1600000000000001,1.7814315531854157,1.5357168561943237,2.3456,27.013632000000005,3.602177457889406,2.3520043879814465,1.3829811602709947,1.3678872321916389,-1.3678872321916389,0.03243920609531646,-1.4003264382869554,-0.5062709740791269,4.10254063986224,1.30944479552722,0.6449387035229929,2.692139028943271
5.17,1.0,-1.17,1.7789062102220292,1.520432658309427,2.3689,27.037204333333335,3.6017529242692015,2.3401330674174012,1.369055693305094,1.352353549045514,-1.352353549045514,0.03243156031870436,-1.3847851093642185,-0.5057446224196884,4.082314921428282,1.283661326615245,0.6443907385431068,2.6788666568294133
5.18,1.0,-1.1799999999999997,1.7762759521877463,1.5053186035489379,2.3923999999999994,27.06101066666666,3.601324227130478,2.328334245015309,1.3552850891277521,1.336930617932409,-1.336930617932409,0.03242384047229234,-1.3693544584047013,-0.5051905570974753,4.062215617320266,1.2584171572888632,0.6438432391355574,2.665677239394268
5.19,1.0,-1.1900000000000004,1.773544424914506,1.4903734663147103,2.416100000000001,27.085053000000002,3.6008913319629734,2.3166080583992303,1.341668224060063,1.321621776111481,-1.321621776111481,0.03241604596151519,-1.3540378220729963,-0.5046097827283639,4.042242981848902,1.2337018056493603,0.6432962049047762,2.6525709435197387
5.2,1.0,-1.2000000000000002,1.7707151824368879,1.475595985364073,2.4400000000000004,27.109333333333332,3.6004542042883387,2.3049546132917826,1.3282039423337677,1.3064301072135418,-1.3064301072135418,0.032408176192943935,-1.3388382834064858,-0.5040032786885246,4.0223972138574435,1.2095049060361251,0.6427496354555312,2.6395478996892816
5.21,1.0,-1.21,1.7677916885228933,1.4609848665478458,2.4641,27.133853666666663,3.600012809660547,2.2933739848294366,1.3148910585731122,1.291358452070505,-1.291358452070505,0.03240023057430007,-1.3237586826448051,-0.5033719995332981,4.002678458998854,1.1858162140723556,0.6422035303929257,2.6266082034822125
5.22,1.0,-1.2199999999999998,1.764777318225728,1.446538785430925,2.4883999999999995,27.158616,3.599567113666313,2.2818662188393013,1.3017283601699925,1.2764094192311448,-1.2764094192311448,0.03239220851447008,-1.308801627745615,-0.5027168754219579,3.9830868119464764,1.1626256111806184,0.6416578893223989,2.613751917024375
5.23,1.0,-1.2300000000000004,1.7616753594525745,1.4322563897988407,2.512900000000001,27.18362233333334,3.5991170819255083,2.270431333077917,1.288714609555492,1.2615853951635596,-1.2615853951635596,0.03238410942351996,-1.2939695045870796,-0.5020388125472561,3.963622318539118,1.1399231085987027,0.6411127118497248,2.600979070395775
5.24,1.0,-1.2400000000000002,1.7584890145466452,1.4181363020537459,2.5376000000000003,27.20887466666667,3.598662680091586,2.2590693184326827,1.2758485463709763,1.2468885541456576,-1.2468885541456576,0.032375932712709894,-1.2792644868583676,-0.5013386935687264,3.944284977861607,1.1176988509250834,0.6405679975810131,2.588289662995865
5.25,1.0,-1.25,1.755221401879027,1.4041771215032215,2.5625,27.234375,3.5982038738520052,2.247780140086492,1.2631288895418122,1.2323208678456707,-1.2323208678456707,0.03236767779450894,-1.2646885456401797,-0.5006173780487805,3.9250747442618117,1.0959431192220266,0.6400237461227075,2.575683664867139
5.26,1.0,-1.2599999999999998,1.7518755574470977,1.3903774265453157,2.5875999999999992,27.260125333333335,3.597740628928658,2.236563738646264,1.2505543392568386,1.217884114595468,-1.217884114595468,0.03235934408260994,-1.250243458678078,-0.4998757028907096,3.9059915293052967,1.0746463337032897,0.6394799570815863,2.5631610179778024
5.2700000000000005,1.0,-1.2700000000000005,1.7484544364764998,1.376735776753149,2.612900000000001,27.286127666666665,3.597272911078304,2.2254200312360024,1.2381235788566125,1.2035798883599815,-1.2035798883599815,0.03235093099194444,-1.235930819351926,-0.4991144827777565,3.8870352036687095,1.0537990560321087,0.638936630064762,2.5507216374642363
5.28,1.0,-1.2800000000000002,1.7449609150238943,1.3632507148624173,2.6384000000000007,27.312384000000005,3.596800686093003,2.214348912555092,1.2258352766334797,1.189409607406651,-1.189409607406651,0.03234243793869774,-1.2217520453453488,-0.49833451061249234,3.8682055989731023,1.0333919912541063,0.6383937646796806,2.538365412834047
5.29,1.0,-1.29,1.7413977915779106,1.3499207686650467,2.6641000000000004,27.338896333333334,3.5963239198005517,2.2033502559025098,1.2136880875464138,1.175374522679234,-1.175374522679234,0.03233386434032401,-1.207708387019558,-0.4975365579557824,3.849502509558373,1.0134159893885715,0.637851360534122,2.5260922091304763
5.3,1.0,-1.2999999999999998,1.7377677886559133,1.3367444528122414,2.6899999999999995,27.36566666666667,3.5958425780649286,2.192423914167687,1.2016806548535905,1.1614757258807937,-1.1614757258807937,0.03232520961556158,-1.1938009354963552,-0.49672137546468403,3.830925694200074,0.9938620467005514,0.637309417236199,2.5139018680589906
5.3100000000000005,1.0,-1.3100000000000005,1.7340735543943968,1.3237202705300735,2.7161000000000013,27.392697000000002,3.5953566267867343,2.1815697207887323,1.1898116116655568,1.1477141572709986,-1.1477141572709986,0.03231647318444821,-1.1800306304554469,-0.4958896933286697,3.8124748777698114,0.9747213066750656,0.6367679343943579,2.501794209076862
5.32,1.0,-1.3200000000000003,1.7303176641309825,1.310846715250744,2.742400000000001,27.41998933333333,3.594866031903641,2.1707874906787543,1.1780795824218406,1.1340906131832191,-1.1340906131832191,0.032307654468336576,-1.1663982676515556,-0.4950422217036172,3.7941497528405232,0.9559850607137861,0.636226911617377,2.4897690304465647
5.33,1.0,-1.33,1.7265026219761708,1.2981222721625343,2.7689000000000004,27.447545666666667,3.594370759390842,2.1600770211210096,1.1664831842937537,1.1206057532671398,-1.1206057532671398,0.03229875288990974,-1.1529045061570495,-0.4941796511430531,3.7759499812378636,0.9376447485734654,0.6356863485143673,2.4778261102538184
5.34,1.0,-1.3399999999999999,1.7226308623731632,1.2855454196814653,2.7955999999999994,27.475368000000003,3.593870775261504,2.1494380926336314,1.1550210285161258,1.1072601074628763,-1.1072601074628763,0.032289767873196804,-1.139549875336073,-0.49330265302618403,3.757875195539007,0.9196919585645054,0.6351462446947722,2.46596520739112
5.3500000000000005,1.0,-1.3500000000000005,1.7187047516442002,1.2731146308475554,2.8225000000000016,27.503458333333334,3.593366045567227,2.1388704698046723,1.1436917216506148,1.0940540827127228,-1.0940540827127228,0.032280698843588626,-1.1263347815563114,-0.49241187998228514,3.739925000520126,0.9021184275270538,0.6346065997683665,2.4541860625075986
5.36,1.0,-1.3600000000000003,1.7147265895220245,1.2608283746485471,2.8496000000000006,27.53181866666667,3.5928565363985006,2.128373902098203,1.1324938667831828,1.0809879694168503,-1.0809879694168503,0.032271545227853575,-1.1132595146447037,-0.4915079663110612,3.7220989745538375,0.8849160406011699,0.6340674133452567,2.442488398926035
5.37,1.0,-1.37,1.7106986106651887,1.2486851172738602,2.8769,27.560450999999993,3.5923422138851686,2.117948124632197,1.1214260646582603,1.0680619476393454,-1.0680619476393454,0.03226230645415348,-1.1003242540934988,-0.4905915283986236,3.7043966709578524,0.868076830806674,0.6335286850358807,2.430871923527864
5.38,1.0,-1.38,1.7066229861560775,1.2366833233015053,2.9044,27.58935733333333,3.591823044196892,2.107592858928959,1.1104869147520857,1.0552760930711185,-1.0552760930711185,0.03225298195205957,-1.087529075023178,-0.4896631651287701,3.686817619296155,0.8515929784475316,0.6329904144510071,2.4193363276070263
5.39,1.0,-1.3899999999999997,1.702501824980607,1.2248214568205809,2.9320999999999993,27.618539666666663,3.591298993543624,2.0973078136388055,1.0996750162875966,1.0426303827562222,-1.0426303827562222,0.032243571152568616,-1.0748739539087908,-0.48872345828928077,3.6693613266339176,0.83545681035475,0.6324526012017356,2.4078812876934563
5.4,1.0,-1.4000000000000004,1.6983371754886831,1.2130979824919161,2.960000000000001,27.647999999999996,3.5907700281760726,2.087092685237729,1.0889889691932084,1.0301247005881704,-1.0301247005881704,0.032234073488118985,-1.0623587740762894,-0.48777297297297295,3.652027278747428,0.8196607989810242,0.6319152448994958,2.396506466347054
5.41,1.0,-1.4100000000000001,1.694131026834618,1.2015113665493742,2.9881,27.67774033333333,3.5902361143861854,2.076947158699773,1.078427375007765,1.017758842582878,-1.017758842582878,0.03222448839260704,-1.0499833309754851,-0.4868122579732941,3.6348149412902626,0.8041975613596426,0.6313783451560481,2.38521151292294
5.42,1.0,-1.42,1.6898853103967704,1.1900600777442045,3.0164,27.70776266666667,3.589697218507619,2.0668709081448053,1.0679888377338331,1.0055325219347848,-1.0055325219347848,0.03221481530140334,-1.037747337236188,-0.4858418461742474,3.617723760916914,0.7890598579394009,0.6308419015834822,2.373996064308799
5.43,1.0,-1.4299999999999997,1.685601901175803,1.1787425882348277,3.0448999999999993,27.738069,3.589153306916226,2.056863597462414,1.057671964641506,0.9934453738627561,-0.9934453738627561,0.0322050536513692,-1.0256504275141254,-0.4848622549344806,3.6007531663651045,0.7742405913066622,0.6303059137942176,2.362859745635102
5.44,1.0,-1.4400000000000004,1.6812826191709944,1.1675573744243013,3.073600000000001,27.768661333333334,3.588604346030534,2.046924880912597,1.047475367024762,0.9814969602522493,-0.9814969602522493,0.032195202880873096,-1.0136921631331224,-0.48387398646538254,3.583902569497953,0.759732804804985,0.629770381401003,2.351802170958993
5.45,1.0,-1.4500000000000002,1.676929230734164,1.156502917747699,3.1025000000000005,27.799541666666666,3.588050302312237,2.0370544037039404,1.037397660912404,0.9696867741002325,-0.9696867741002325,0.03218526242980734,-1.0018720365300398,-0.482877528203062,3.567171366307191,0.745529681062175,0.6292353040169166,2.3408229439226114
5.46,1.0,-1.46,1.6725434499008036,1.1455777054115093,3.1315999999999997,27.830711999999995,3.5874911422666824,2.02725180254994,1.0274374677354952,0.9580142437692061,-0.9580142437692061,0.032175231739604765,-0.9901894755088109,-0.48187335317409635,3.5505589378785545,0.7316245404339694,0.6287006812553647,2.3299216583865925
5.47,1.0,-1.4699999999999998,1.6681269396981067,1.1347802310871475,3.1608999999999994,27.862174333333332,3.5869268324433636,2.017516706204132,1.0175934149531927,0.9464787370566569,-0.9464787370566569,0.032165110253255455,-0.9786438473099123,-0.4808619203549622,3.5340646513205156,0.7180108393730569,0.6281665127300823,2.319097899039516
5.48,1.0,-1.4800000000000004,1.663681313429632,1.1241089955605619,3.1904000000000012,27.893930666666662,3.5863573394364177,2.00784873597468,1.00786413663878,0.93507956508613,-0.93507956508613,0.03215489741532365,-0.9672344625014536,-0.4798436750250752,3.517687860657444,0.7046821687315455,0.6276327980551326,2.3083512419840067
5.49,1.0,-1.4900000000000002,1.6592081359364095,1.113562507339872,3.220100000000001,27.925983000000002,3.5857826298851228,1.9982475062190463,0.9982482740276594,0.9238159860260317,-0.9238159860260317,0.03214459267196467,-0.9559605786979963,-0.4788190491133815,3.5014279076883126,0.6916322520045165,0.6270995368449068,2.2976812553002306
5.5,1.0,-1.5,1.6547089248343383,1.1031392832228923,3.25,27.958333333333336,3.5852026704743998,1.9887126248193652,0.9887444760289823,0.9126872086421374,-0.9126872086421374,0.032134195470941915,-0.9448214041130792,-0.47778846153846155,3.485284122811993,0.6788549435217799,0.6265667287141238,2.2870874995874626
5.51,1.0,-1.5099999999999998,1.650185151727791,1.092837848826352,3.2800999999999996,27.99098366666667,3.5846174279353162,1.9792436936391338,0.9793513997025703,0.9016923956896932,-0.9016923956896932,0.03212370526164401,-0.9338161009513372,-0.4767523185421176,3.469255825820212,0.6663442265945259,0.6260343732778294,2.2765695284844347
5.5200000000000005,1.0,-1.5200000000000005,1.6456382433993797,1.082656739078539,3.3104000000000013,28.023936000000006,3.584026869045597,1.9698403089618133,0.970067710702693,0.8908306671508538,-0.8908306671508538,0.03211312149510196,-0.9229437886459557,-0.475711014016433,3.4533423266591865,0.65409421162309,0.6255024701513969,2.266126889169132
5.53,1.0,-1.5300000000000002,1.641069582975874,1.0725944986770417,3.340900000000001,28.057192333333337,3.5834309606301296,1.9605020619119136,0.9608920836902162,0.8801011033230747,-0.8801011033230747,0.03210244362400643,-0.9122035469470811,-0.4746649298242988,3.437542926160944,0.6420991341716552,0.6249710189505264,2.2557591228386924
5.54,1.0,-1.54,1.636480511070317,1.0626496825131926,3.3716,28.09075466666667,3.5828296695614803,1.9512285388591348,0.9518232027145885,0.8695027477639496,-0.8695027477639496,0.03209167110272507,-0.9015944188666747,-0.47361443611341797,3.4218569167452944,0.6303533530152999,0.6244400192912443,2.2454657651700503
5.55,1.0,-1.5499999999999998,1.631872326900408,1.0528208560647796,3.4024999999999994,28.124625,3.5822229627604116,1.9420193218061266,0.942859761567082,0.8590346100978558,-0.8590346100978558,0.03208080338731995,-0.8911154134851758,-0.472559891623806,3.406283583093436,0.6188513481644554,0.6239094707899033,2.2352463467619654
5.5600000000000005,1.0,-1.5600000000000005,1.6272462893832649,1.0431065957585028,3.4336000000000015,28.158805333333337,3.581610807196397,1.932873988760389,0.9340004641066241,0.8486956686896165,-0.8486956686896165,0.03206983993556506,-0.8807655086251815,-0.4715016439888164,3.39082220279411,0.6075877188714482,0.6233793730631819,2.225100393559038
5.57,1.0,-1.5700000000000003,1.622603618206699,1.0335054893036297,3.464900000000001,28.193297666666666,3.5809931698881474,1.9237921140908665,0.9252440245595513,0.8384848731902772,-0.8384848731902772,0.032058780206963906,-0.8705436533972412,-0.4704400300297267,3.3754720469632287,0.5965571816234982,0.6228497257280848,2.215027427258316
5.58,1.0,-1.58,1.617945494877167,1.024016135998207,3.4964000000000004,28.228104,3.5803700179041313,1.9147732688697165,0.9165891677945049,0.8284011469599116,-0.8284011469599116,0.032047623662767075,-0.8604487706226787,-0.46937537604393087,3.3602323808378434,0.5857545681261909,0.6223205284019417,2.2050269656990626
5.59,1.0,-1.5899999999999999,1.6132730637446049,1.0146371470091855,3.5280999999999993,28.263226333333336,3.579741318363107,1.9058170211997907,0.9080346295737108,0.8184433893722969,-0.8184433893722969,0.032036369765990086,-0.850479759138287,-0.46830799808678897,3.3451024643453473,0.5751748232811914,0.6217917807024074,2.19509852323628
5.6000000000000005,1.0,-1.6000000000000005,1.6085874330043355,1.0053671456277093,3.560000000000002,28.298666666666666,3.5791070384346475,1.8969229365282836,0.8995791567817717,0.8086104780060864,-0.8086104780060864,0.032025017981431085,-0.8406354959875175,-0.4672382022471909,3.330081552648735,0.5648130031616342,0.6212634822474616,2.185241611098508
5.61,1.0,-1.6100000000000003,1.603889675676312,0.9962047675008147,3.592100000000001,28.334427000000005,3.5784671453396775,1.8880905779470478,0.8912215076331043,0.7989012707270386,-0.7989012707270386,0.03201356777568875,-0.8309148385027274,-0.46616628491690093,3.3151688966687485,0.5546642729883992,0.6207356326554089,2.175455737730469
5.62,1.0,-1.62,1.5991808305619228,0.987148660840693,3.6244000000000005,28.370509333333338,3.577821606351008,1.879319506480017,0.8829604518590737,0.7893146076656546,-0.7893146076656546,0.03200201861718027,-0.8213166262828349,-0.4650925330537468,3.3003637435836928,0.5447239051101936,0.6202082315448777,2.16574040912105
5.63,1.0,-1.63,1.5944619031786529,0.9781974866126706,3.6569,28.406915666666663,3.577170388793875,1.8706092813581994,0.8747947708758598,0.7798493130945068,-0.7798493130945068,0.03199036997615931,-0.8118396830706661,-0.4640172244387322,3.2856653373077163,0.5349872769901669,0.6196812785348208,2.156095129117157
5.64,1.0,-1.6399999999999997,1.5897338666728715,0.9693499187029706,3.689599999999999,28.443648000000003,3.5765134600464794,1.8619594602826708,0.8667232579340337,0.7705041972093536,-0.7705041972093536,0.0319786213247341,-0.8024828185340876,-0.46294062792714663,3.2710729189482968,0.5254498692015237,0.6191547732445146,2.146519399723924
5.65,1.0,-1.6500000000000004,1.584997662711049,0.9606046440673022,3.722500000000001,28.480708333333336,3.575850787540533,1.8533695996759945,0.858744718250789,0.7612780578180265,-0.7612780578180265,0.03196677213688563,-0.7932448299549121,-0.4618630036937542,3.256585727243665,0.5161072634344134,0.618628715293559,2.1370127213917547
5.66,1.0,-1.6600000000000001,1.5802542023497166,0.9519603628612751,3.7556000000000003,28.518098666666667,3.5751823387618047,1.8448392549224741,0.8508579691257274,0.7521696819409455,-0.7521696819409455,0.03195482188848582,-0.7841245038294313,-0.4607846034721483,3.2422029989808867,0.5069551405161759,0.6181031043018771,2.1275745932906736
5.67,1.0,-1.67,1.5755043668844826,0.9434157885535825,3.7889,28.555820999999998,3.5745080812506687,1.8363679805976394,0.843061840041063,0.7431778473269685,-0.7431778473269685,0.03194277005731584,-0.7751206173842843,-0.45970567078835545,3.227923969395272,0.49798927844682234,0.6175779398897149,2.1182045135724237
5.68,1.0,-1.6799999999999997,1.5707490086784397,0.934969648022881,3.822399999999999,28.59387733333333,3.5738279826026593,1.8279553306873586,0.8353551727470826,0.734301323888185,-0.734301323888185,0.03193061612308449,-0.7662319400112695,-0.458626441188782,3.2137478725518074,0.4892055504514866,0.6170532216776412,2.1089019796207666
5.69,1.0,-1.6900000000000004,1.5659889519702932,0.9266206816392264,3.8561000000000014,28.632269666666666,3.5731420104690224,1.81960085879694,0.8277368213336403,0.7255388750571055,-0.7255388750571055,0.03191835956744652,-0.757457234624552,-0.45754714246259165,3.1996739417092384,0.48059992305138666,0.616528949286547,2.0996664882903993
5.7,1.0,-1.7000000000000002,1.5612249936625626,0.918367643330919,3.8900000000000006,28.670999999999996,3.5724501325572757,1.811304118350603,0.8202056522884638,0.7168892590696083,-0.7168892590696083,0.03190599987402124,-0.7487952589436295,-0.45646799485861184,3.18570140966745,0.4721684541547141,0.6160051223376455,2.090497536134907
5.71,1.0,-1.71,1.5564579040901925,0.9102093006375395,3.9240999999999997,28.71007033333333,3.5717523166317684,1.8030646627816522,0.8127605445429783,0.7083512301768523,-0.7083512301768523,0.031893536528411016,-0.7402447667052633,-0.4553892112968579,3.1718295090987296,0.4639072911686958,0.6154817404524716,2.0813946196241457
5.72,1.0,-1.7199999999999998,1.5516884277699317,0.9021444347499604,3.9583999999999993,28.749482666666665,3.5710485305142425,1.7948820457137142,0.805400389506362,0.6999235397892799,-0.6999235397892799,0.03188096901821983,-0.7318045088074997,-0.45431099757477766,3.158057472863535,0.4558126691339736,0.614958803252882,2.0723572353514492
5.73,1.0,-1.7300000000000004,1.5469172841308352,0.8941718405380548,3.9929000000000014,28.789239000000002,3.5703387420844,1.7867558211333554,0.7981240910884828,0.691604937555699,-0.691604937555699,0.03186829683307204,-0.723473234388771,-0.4532335525683087,3.144384534311313,0.4478809088822933,0.6144363103610545,2.063384880231034
5.74,1.0,-1.7400000000000002,1.5421451682262433,0.8862903265668063,4.027600000000001,28.829341333333335,3.5696229192804703,1.778685543554409,0.790930565712361,0.6833941723803297,-0.6833941723803297,0.03185551946463107,-0.7152496918449608,-0.45215706842784775,3.130809927566946,0.44010841521839605,0.613914261399488,2.0544770516859656
5.75,1.0,-1.75,1.5373727514275977,0.8784987151014844,4.0625,28.86979166666667,3.5689010300997803,1.7706707681743157,0.7838187423167553,0.6752899933805891,-0.6752899933805891,0.031842636406618184,-0.7071326297872074,-0.4510817307692308,3.117332887803337,0.43249167512688463,0.613392655991002,2.0456332478270354
5.76,1.0,-1.7599999999999998,1.532600682100453,0.8707958421025302,4.0976,28.910591999999998,3.568173042599328,1.7627110510227786,0.7767875623494572,0.6672911507882882,-0.6672911507882882,0.031829647154831366,-0.6991207979431195,-0.4500077188598203,3.103952651500673,0.4250272560047493,0.6128714937587367,2.03685296762289
5.7700000000000005,1.0,-1.7700000000000005,1.5278295862630487,0.8631805572107618,4.132900000000001,28.951744333333338,3.5674389248963583,1.7548059491030337,0.7698359797518497,0.6593963967968131,-0.6593963967968131,0.03181655120716421,-0.6912129480039773,-0.4489352057998016,3.0906684566928733,0.41771180392013435,0.6123507743261523,2.0281357110617546
5.78,1.0,-1.7800000000000002,1.5230600682277895,0.8556517237234771,4.168400000000001,28.99325066666667,3.566698645168943,1.7469550205259996,0.762962960935249,0.6516044863567524,-0.6516044863567524,0.031803348063624934,-0.6834078344203773,-0.4478643586987813,3.0774795432016813,0.4105420418978394,0.6118304973170289,2.0194809793050483
5.79,1.0,-1.79,1.5182927112260027,0.8482082185620128,4.2041,29.035112999999996,3.565952171656558,1.7391578246375885,0.7561674847495372,0.6439141779223482,-0.6439141779223482,0.03179003722635531,-0.6757042151487035,-0.44679533884779143,3.0643851528589,0.4035147682319701,0.6113106623554665,2.0108882748332153
5.8,1.0,-1.7999999999999998,1.5135280780163218,0.84084893223129,4.239999999999999,29.077333333333335,3.565199472660669,1.731413922139441,0.7494485424445705,0.6363242341510504,-0.6363242341510504,0.03177661819964978,-0.6681008523507003,-0.44572830188679247,3.0513845297172084,0.39662685482608023,0.6107912690658842,2.002357101584068
5.8100000000000005,1.0,-1.8100000000000005,1.5087667114770529,0.8335727687718522,4.276100000000001,29.11991366666667,3.5644405165453183,1.723722875203335,0.7428051376248129,0.6288334225583646,-0.6288334225583646,0.031763090489974645,-0.6605965130483392,-0.4446633979677744,3.038476920250002,0.3898752455610729,0.6102723170730204,1.993886965083924
5.82,1.0,-1.8200000000000003,1.5040091351828755,0.8263786457048765,4.312400000000001,29.162856,3.5636752717377105,1.71608424757952,0.7362362861976418,0.6214405161300935,-0.6214405161300935,0.03174945360598711,-0.6531899697360807,-0.44360077191355163,3.025661573540692,0.3832569546910659,0.6097538060019322,1.9854773725718236
5.83,1.0,-1.83,1.4992558539662246,0.8192654939706144,4.3489,29.206162333333335,3.5629037067288056,1.7084976046992015,0.7297410163157273,0.6141442938939872,-0.6141442938939872,0.031735707058554656,-0.6458800009525418,-0.442540563372347,3.0129377414618492,0.37676906526736154,0.6092357354779955,1.9771278331170912
5.84,1.0,-1.8399999999999999,1.4945073544636989,0.812232257860706,4.385599999999999,29.249834666666665,3.5621257900739116,1.7009625137714188,0.7233183683138961,0.6069435414527403,-0.6069435414527403,0.031721850360774226,-0.6386653918135146,-0.4414829069682598,3.0003046788446164,0.3704087275906175,0.608718105126904,1.9688378577305026
5.8500000000000005,1.0,-1.8500000000000005,1.489764105647838,0.805277894944777,4.422500000000002,29.293875000000003,3.561341490393278,1.6934785438745286,0.7169673946408484,0.5998370514801896,-0.5998370514801896,0.03170788302799154,-0.6315449345081812,-0.4404279324477105,2.9877616436387564,0.36417315769125,0.6082009145746701,1.960606959469312
5.86,1.0,-1.8600000000000003,1.4850265593446093,0.7984013759917252,4.459600000000002,29.338285333333335,3.560550776372699,1.686045266042513,0.7106871597860921,0.5928236241824967,-0.5928236241824967,0.031693804577820575,-0.6245174287603172,-0.439375764821957,2.9753078970637095,0.3580596358380684,0.6076841634476233,1.9524346535363772
5.87,1.0,-1.87,1.4802951507369264,0.7916016848860569,4.4969,29.38306766666667,3.5597536167641093,1.6786622533463078,0.7044767402024259,0.5859020677260053,-0.5859020677260053,0.031679614530162895,-0.6175816822561682,-0.4383265245057707,2.962942703751013,0.352065505075077,0.607167851372411,1.944320457373617
5.88,1.0,-1.88,1.4755702988545414,0.7848778185396497,4.5344,29.428223999999997,3.5589499803861875,1.6713290809703634,0.6983352242243098,0.5790711986334257,-0.5790711986334257,0.031665312407227114,-0.6107365110406529,-0.4372803274523641,2.9506653318784317,0.3461881697863663,0.6066519779759979,1.9362638907500294
5.89,1.0,-1.8899999999999997,1.4708524070506297,0.7782287867992751,4.572099999999999,29.473756333333334,3.558139836124965,1.6640453262846246,0.6922617119824257,0.5723298421499026,-0.5723298421499026,0.03165089773354848,-0.603980739883451,-0.4362372852846613,2.9384750532961372,0.34042509428895923,0.6061365428856651,1.9282644758444918
5.9,1.0,-1.9000000000000004,1.466141863465383,0.7716536123502015,4.610000000000001,29.519666666666666,3.55732315293443,1.6568105689121075,0.6862553153147154,0.5656768325804594,-0.5656768325804594,0.03163637003600838,-0.5973132026164678,-0.43519750542299346,2.926371143645236,0.3347738014534496,0.6056215457290111,1.9203217373235428
5.91,1.0,-1.9100000000000001,1.461439041476933,0.7651513306161951,4.6481,29.565956999999994,3.556499899837137,1.6496243907922645,0.6803151576741875,0.559111013600266,-0.559111013600266,0.03162172884385391,-0.59073274244412,-0.43416109120931135,2.9143528824689895,0.32923187135224935,0.60510698613395,1.9124352024143618
5.92,1.0,-1.92,1.456744300139907,0.7587209896562016,4.6864,29.61262933333333,3.555670045924823,1.6424863762403004,0.6744403740337483,0.5526312385390905,-0.5526312385390905,0.031606973688717586,-0.584238212227808,-0.43312814202799593,2.9024195533169816,0.32379693993521746,0.6045928637287129,1.9046044009731296
5.93,1.0,-1.9299999999999997,1.45205798461193,0.7523616500579948,4.724899999999999,29.65968566666666,3.554833560359019,1.6353961120026086,0.6686301107883121,0.5462363706412591,-0.5462363706412591,0.03159210410463695,-0.577828474745896,-0.4320987534233529,2.890570443842564,0.31846669773243663,0.6040791781418461,1.8968288655489702
5.94,1.0,-1.9400000000000004,1.4473804265683583,0.7460723848290506,4.763600000000002,29.707128,3.553990412371667,1.6283531873084875,0.6628835256544275,0.5399252833023718,-0.5399252833023718,0.03157711962807432,-0.5715024029304461,-0.43107301721387176,2.8788048458938222,0.3132388885838652,0.6035659290022117,1.8891081314436462
5.95,1.0,-1.9500000000000002,1.442711944605558,0.7398522792849016,4.8025,29.75495833333334,3.55314057126574,1.6213571939182971,0.6571997875676536,0.5336968602839874,-0.5336968602839874,0.031562019797936575,-0.565258880081924,-0.4300510216033316,2.867122055598362,0.3081113083955863,0.6030531159389872,1.8814417367671943
5.96,1.0,-1.96,1.4380528446329912,0.7337004309351997,4.8416,29.803178666666668,3.5522840064158623,1.6144077261681868,0.6515780765778838,0.5275499959074077,-0.5275499959074077,0.031546804155594826,-0.5590968000630026,-0.4290328512888302,2.8555213734421363,0.3030818039223396,0.6025407385816653,1.8738292224896538
5.97,1.0,-1.9699999999999998,1.4334034202544212,0.7276159493677266,4.880899999999999,29.851790999999995,3.551420687268936,1.6075043810115637,0.6460175837428426,0.5214835952276835,-0.5214835952276835,0.0315314722449044,-0.5530150674725879,-0.42801858756581784,2.8440021043425934,0.2981482715760318,0.6020287965600534,1.8662701324890678
5.98,1.0,-1.9800000000000004,1.4287639531384897,0.7215979561305502,4.920400000000002,29.90079733333333,3.5505505833447604,1.6006467580574149,0.640517511019928,0.5154965741888697,-0.5154965741888697,0.031516023612224546,-0.5470125978010942,-0.42700830843020887,2.8325635577163752,0.29330865625987723,0.601517289504273,1.8587640135959074
5.99,1.0,-1.9900000000000002,1.424134713378958,0.7156455846125416,4.960100000000001,29.95019966666667,3.5496736642366677,1.593834459605637,0.6350770711565983,0.5095878597615493,-0.5095878597615493,0.03150045780643843,-0.5410883175679877,-0.4260020886776476,2.821205047541792,0.28856095022783473,0.6010062170447604,1.8513104156340667
6.0,1.0,-2.0,1.4195159598448595,0.7097579799224297,5.0,30.0,3.5487898996121485,1.5870670906794837,0.6296954875794601,0.5037563900635682,-0.5037563900635682,0.031484774378973006,-0.5352411644425412,-0.42500000000000004,2.8099258924162904,0.2839031919689719,0.6004955788122659,1.8439088914585773
6.01,1.0,-2.01,1.4149079405208438,0.703934298766589,5.040099999999999,30.050200333333333,3.5478992592134846,1.5803442590552683,0.6243719942822362,0.49800111446490936,-0.49800111446490936,0.03146897288381898,-0.5294700873487284,-0.4240021110791453,2.7987254156091548,0.2793334651164021,0.5999853744378532,1.8365589969901888
6.0200000000000005,1.0,-2.0200000000000005,1.4103108928379522,0.6981737093257188,5.080400000000002,30.10080266666667,3.547001712858383,1.5736655752894309,0.6191058357127538,0.49232099367756965,-0.49232099367756965,0.031453052877550756,-0.5237740465551204,-0.4230084876781356,2.787602945109611,0.2748498973804104,0.5994756035528995,1.8292602912469356
6.03,1.0,-2.0300000000000002,1.4057250439950884,0.6924753911305853,5.120900000000001,30.151808999999997,3.5460972304406146,1.5670306527430948,0.6138962666591125,0.486714999831279,-0.486714999831279,0.031437013919346495,-0.5181520137506255,-0.4220191927297936,2.776557813670568,0.27045065950539365,0.5989662657890956,1.8220123363728422
6.04,1.0,-2.04,1.4011506112714138,0.6868385349369674,5.1616,30.20322133333333,3.5451857819306514,1.5604391076042077,0.608742552135154,0.48118211653584714,-0.48118211653584714,0.03142085557100811,-0.5126029721068552,-0.42103428642281465,2.7655893588481546,0.2661339642502199,0.5984573607784447,1.814814697663866
6.05,1.0,-2.05,1.3965878023299234,0.6812623425999627,5.2025,30.255041666666667,3.5442673373763056,1.5538905589073877,0.6036439672653784,0.4757213389309086,-0.4757213389309086,0.03140457739698132,-0.50712591632789,-0.4200538262854397,2.754696923037261,0.2618980653916243,0.5979488881532631,1.807666943591221
6.0600000000000005,1.0,-2.0600000000000005,1.3920368155124252,0.675746026947779,5.2436000000000025,30.307272,3.5433418669033756,1.5473846285515707,0.5985997971694206,0.4703316737237798,-0.4703316737237798,0.03138817896437575,-0.5017198526881556,-0.4190778672667632,2.743879853503251,0.2577412567502398,0.597440847546179,1.8005686458221881
6.07,1.0,-2.0700000000000003,1.3874978401261546,0.6702888116551471,5.284900000000001,30.359914333333336,3.5424093407162878,1.540920941315554,0.5936093368462033,0.4650121392161217,-0.4650121392161217,0.03137165984298501,-0.49638379905910673,-0.4181064618157392,2.7331375024100164,0.2536618712388681,0.5969332385901334,1.7935193792385231
6.08,1.0,-2.08,1.3829710567222495,0.6648899311164661,5.3264000000000005,30.412970666666666,3.5414697290987456,1.5344991248715378,0.5886718910578789,0.4597617653200614,-0.4597617653200614,0.03135501960530686,-0.49111678492536825,-0.4171396599579453,2.7224692268445327,0.24965827993258713,0.5964260609183786,1.7865187219525724
6.09,1.0,-2.09,1.378456637366302,0.6595486303188048,5.368099999999999,30.466442999999998,3.5405230024143757,1.5281188097967462,0.583786774213656,0.45457959356440497,-0.45457959356440497,0.031338257826563264,-0.4859178513909682,-0.41617750937016823,2.7118743888380865,0.24572889116030064,0.5959193141644787,1.7795662553212017
6.1000000000000005,1.0,-2.1000000000000005,1.3739547459012016,0.6542641647148577,5.410000000000002,30.52033333333334,3.5395691311073816,1.5217796295832275,0.5789533102536163,0.4494646770915321,-0.4494646770915321,0.03132137408472066,-0.4807860511762527,-0.41522005545286506,2.701352355384312,0.24187214961732253,0.5954129979623093,1.7726615639576315
6.11,1.0,-2.1100000000000003,1.3694655382024794,0.6490358000959617,5.4521000000000015,30.574643666666674,3.538608085703194,1.515481220645908,0.5741708325326029,0.44441608064554655,-0.44441608064554655,0.03130436796051005,-0.4757204486060566,-0.4142673414005612,2.690902498454199,0.23808653549860112,0.5949071119460568,1.765804235741286
6.12,1.0,-2.12,1.3649891624263515,0.6438628124652602,5.494400000000001,30.629375999999997,3.537639836809126,1.5092232223289792,0.5694386837042669,0.4394328805522153,-0.4394328805522153,0.03128723903744725,-0.47072011958966253,-0.4133194082702388,2.6805241950081857,0.23437056365217682,0.5944016557502186,1.7589938618257295
6.13,1.0,-2.13,1.3605257592506665,0.6387444879111112,5.536899999999999,30.684532333333337,3.5366643551150307,1.5030052769107067,0.5647562156053576,0.43451416469122134,-0.43451416469122134,0.03126998690185304,-0.4657841515930744,-0.41237629504777046,2.670216827005508,0.2307227827524829,0.5938966290096025,1.7522300366447991
6.140000000000001,1.0,-2.1400000000000006,1.3560754621089446,0.6336801224808151,5.579600000000003,30.74011466666667,3.5356816113939575,1.4968270296067239,0.5601227891403221,0.42965903246121195,-0.42965903246121195,0.031252611142873435,-0.4609116436040854,-0.41143803871245244,2.659979781410898,0.22714177449308723,0.5933920313593267,1.745512357917003
6.15,1.0,-2.1500000000000004,1.3516383974177062,0.628669022054747,5.622500000000001,30.796125000000004,3.5346915765028153,1.4906881285718945,0.5555377741662942,0.4248665947381174,-0.4248665947381174,0.031235111352499897,-0.4561017060906173,-0.4105046742996887,2.6498124501987936,0.22362615279848708,0.5928878624348193,1.738840426648281
6.16,1.0,-2.16,1.3472146847972584,0.6237105022209529,5.6656,30.852565333333335,3.533694221383031,1.4845882249007938,0.5510005493785225,0.4201359738271704,-0.4201359738271704,0.031217487125589565,-0.45135346095275997,-0.4095762349618752,2.6397142303551333,0.22017456305455835,0.5923841218718183,1.7322138471331834
6.17,1.0,-2.17,1.3428044372861392,0.6188038881502945,5.7089,30.909437666666665,3.5326895170612165,1.4785269726269004,0.5465105021963167,0.41546630340906565,-0.41546630340906565,0.031199738059885528,-0.44666604146895117,-0.4086527520275359,2.6296845238769038,0.21678568135728232,0.5918808093063712,1.725632226954573
6.18,1.0,-2.1799999999999997,1.3384077615493766,0.6139485144721911,5.752399999999999,30.966744000000002,3.5316774346498314,1.4725040287205406,0.5420670286495557,0.4108567284806452,-0.4108567284806452,0.031181863756037036,-0.44203859223668224,-0.4077342550587581,2.6197227377695076,0.2134582137793586,0.5913779243748346,1.7190951769818987
6.19,1.0,-2.1900000000000004,1.3340247580807436,0.6091437251510243,5.796100000000002,31.024486333333336,3.5306579453478535,1.4665190530856573,0.5376695332658132,0.4063064052904991,-0.4063064052904991,0.031163863817619816,-0.4374702691081189,-0.4068207719069719,2.6098282840420794,0.2101908956543276,0.590875466713874,1.712602311368122
6.2,1.0,-2.2,1.3296555213991754,0.6043888733632614,5.840000000000001,31.082666666666668,3.5296310204414474,1.4605717085554633,0.5333174289581563,0.4018145012698438,-0.4018145012698438,0.031145737851156336,-0.4329602391210001,-0.4059123287671233,2.600000579700852,0.20698249087782922,0.5903734359604639,1.706153247545363
6.21,1.0,-2.21,1.3253001402394993,0.5996833213753391,5.8841,31.141287,3.528596631304633,1.454661660887024,0.5290101369136487,0.3973801949590128,-0.3973801949590128,0.031127485466136008,-0.4285076804251488,-0.4050089502302816,2.590239046740656,0.20383179122562128,0.5898718317518868,1.6997476062193233
6.22,1.0,-2.2199999999999998,1.3209586977376548,0.5950264404223671,5.928399999999999,31.20034933333333,3.5275547493999606,1.4487885787548416,0.5247470864826185,0.3930026759299011,-0.3930026759299011,0.031109106275035547,-0.42411178220493667,-0.4041106593347278,2.580543112134672,0.2007376156879992,0.5893706537257339,1.6933850113625595
6.23,1.0,-2.2300000000000004,1.316631271610538,0.590417610587685,5.972900000000002,31.25985566666667,3.526505346279185,1.4429521337434772,0.5205277150687134,0.3886811447046596,-0.3886811447046596,0.03109059989333919,-0.41977174459799876,-0.4032174776155636,2.570912207822494,0.19769880982024976,0.588869901519904,1.687065090206653
6.24,1.0,-2.24,1.3123179343306348,0.585856220683319,6.017600000000001,31.319808,3.525448393583941,1.4371520003392702,0.5163514680197914,0.38441481267094285,-0.38441481267094285,0.031071965939558976,-0.4154867786105018,-0.4023294251528849,2.56134577069663,0.1947142451087872,0.5883695747726035,1.6807874732333483
6.25,1.0,-2.25,1.3080187532955787,0.5813416681313683,6.0625,31.380208333333336,3.5243838630464204,1.4313878559211972,0.5122177985196705,0.3802029019939822,-0.3802029019939822,0.031053204035255022,-0.41125610602923723,-0.40144652061855673,2.5518432425874775,0.19178281835261635,0.5878696731223465,1.6745517941646972
6.26,1.0,-2.26,1.3037337909927829,0.5768733588463641,6.107599999999999,31.441058666666667,3.523311726490053,1.425659380750921,0.5081261674807749,0.3760446455257552,-0.3760446455257552,0.031034313805055797,-0.40707895933081095,-0.4005687813216321,2.542404070246897,0.18890345105978265,0.5873701962079538,1.6683576899522765
6.2700000000000005,1.0,-2.2700000000000005,1.299463105159278,0.5724507071186246,6.1529000000000025,31.502361000000004,3.5222319558301862,1.4199662579620707,0.5040760434377014,0.3719392867114961,-0.3719392867114961,0.031015294876678347,-0.4029545815881745,-0.39969622325245,2.5330277053304333,0.18607508885846488,0.5868711436685534,1.6622048007655226
6.28,1.0,-2.2800000000000002,1.2952067489368984,0.5680731354986396,6.198400000000001,31.564117333333332,3.521144523074768,1.414308173548801,0.5000669024417363,0.36788607949379154,-0.36788607949379154,0.030996146880948587,-0.39888222637474013,-0.39882886112545174,2.5237136043782686,0.1832967009223798,0.5863725151435798,1.6560927699792336
6.29,1.0,-2.29,1.2909647710229366,0.5637400746825051,6.2441,31.626329666666667,3.52004940032503,1.4086848163536583,0.49609822795633496,0.36388428821447666,-0.36388428821447666,0.03097686945182151,-0.39486115766629815,-0.39796670842074916,2.514461228794972,0.18056727941016482,0.5858743102727739,1.6500212441602788
6.3,1.0,-2.3,1.2867372158164077,0.5594509633984381,6.289999999999999,31.688999999999997,3.5189465597761753,1.4030958780548108,0.49216951075360016,0.35993318751455666,-0.35993318751455666,0.030957462226401448,-0.3908906497409581,-0.3971097774244833,2.505270044828123,0.17788583891842233,0.5853765286961827,1.643989873053573
6.3100000000000005,1.0,-2.3100000000000005,1.2825241235600326,0.5552052482943863,6.336100000000003,31.75213033333333,3.5178359737180624,1.3975410531526655,0.48828024881176535,0.35603206223234407,-0.35603206223234407,0.030937924844962272,-0.38696998707730634,-0.3962580792680039,2.496139523545866,0.17525141594810248,0.5848791700541589,1.637998309567346
6.32,1.0,-2.3200000000000003,1.2783255304780767,0.5510023838267571,6.382400000000001,31.815722666666673,3.5167176145358954,1.3920200389559143,0.4844299472137063,0.3521802073000121,-0.3521802073000121,0.030918256950967598,-0.3830984642509797,-0.3954116239659062,2.4870691408134618,0.17266306838391735,0.584382233987361,1.632046209757756
6.33,1.0,-2.33,1.2741414689101456,0.546841832150277,6.4289000000000005,31.879779,3.515591454710916,1.3865325355670437,0.48061811804649385,0.3483769276387346,-0.3483769276387346,0.030898458191091042,-0.3792753858298257,-0.39457042045295465,2.478058377268889,0.17011987498647577,0.5838857201367526,1.6261332328128797
6.34,1.0,-2.34,1.2699719674410634,0.5427230630090015,6.475599999999999,31.944301333333335,3.5144574668210895,1.381078245867336,0.4768442803019995,0.34462153805259094,-0.34462153805259094,0.030878528215236272,-0.3755000662678272,-0.39373447661992717,2.4691067182975672,0.16762093489684404,0.5833896281436023,1.620259041036124
6.3500000000000005,1.0,-2.3500000000000005,1.2658170510269429,0.5386455536284862,6.522500000000003,32.00929166666667,3.5133156235418026,1.3756568755014036,0.47310795977857106,0.3409133631213927,-0.3409133631213927,0.030858466676557315,-0.37177182979795004,-0.39290379934840935,2.460213654006242,0.1651653671532345,0.5828939576494837,1.614423299829089
6.36,1.0,-2.3600000000000003,1.2616767411175525,0.5346087886091323,6.569600000000001,32.074752000000004,3.512165897646556,1.3702681328612774,0.4694086889837828,0.33725173709258627,-0.33725173709258627,0.0308382732314786,-0.36809001032406485,-0.3920783945445689,2.4513786791960954,0.1627523102195361,0.5823987082962748,1.6086256776739252
6.37,1.0,-2.37,1.2575510557750837,0.5306122598207105,6.6169,32.14068433333333,3.511008262007659,1.3649117290700776,0.46574600703826724,0.33363600377236874,-0.33363600377236874,0.030817947539715104,-0.36445395131208386,-0.39125826717193857,2.4426012933351187,0.16038092152540026,0.5819038797261581,1.6028658461152003
6.38,1.0,-2.38,1.2534400097894316,0.5266554662980805,6.6644,32.207090666666666,3.5098426895969275,1.3595873779653072,0.46211945958064476,0.33006551641616183,-0.33006551641616183,0.030797489264292485,-0.3608630056804543,-0.39044342128323634,2.433881000529818,0.15805037701761013,0.5814094715816198,1.5971434797413349
6.390000000000001,1.0,-2.3900000000000006,1.2493436147900732,0.5227379141381058,6.712100000000003,32.273973000000005,3.508669153486381,1.3542947960817777,0.45852859867354595,0.326539637618562,-0.326539637618562,0.0307768980715671,-0.35731653569012906,-0.38963386005125067,2.425217309496271,0.15575987072245812,0.58091548350545,1.5914582561656092
6.4,1.0,-2.4000000000000004,1.2452618793546546,0.5188591163977727,6.760000000000002,32.34133333333334,3.5074876268489446,1.3490337026342094,0.45497298271074116,0.323057739202893,-0.323057739202893,0.030756173631246102,-0.3538139128341391,-0.38882958579881655,2.41660973353061,0.15350861431886764,0.5804219151407424,1.5858098560067926
6.41,1.0,-2.41,1.2411948091143699,0.5150185929935144,6.8081000000000005,32.40917366666667,3.5062980829591455,1.3438038194995117,0.45145217632536905,0.31961920211046824,-0.31961920211046824,0.030735315616407445,-0.3503545177268757,-0.3880306000279079,2.408057790478939,0.15129583672199715,0.5799287661308935,1.5801979628694034
6.42,1.0,-2.42,1.2371424068562276,0.511215870601747,6.8564,32.477495999999995,3.505100495193818,1.3386048711987875,0.4479657502992806,0.31622341628967354,-0.31622341628967354,0.030714323703519873,-0.34693773999319344,-0.3872369034478735,2.3995610027067613,0.14912078367707457,0.5794360361196035,1.5746222633236466
6.43,1.0,-2.4299999999999997,1.2331046726223005,0.5074504825606175,6.904899999999999,32.54630233333333,3.5038948370328074,1.3334365848790688,0.4445132814734885,0.31286978058496934,-0.31286978058496934,0.03069319757246291,-0.34356297815743225,-0.3864484960028386,2.391118897067927,0.14698271736321095,0.5789437247508749,1.5690824468850384
6.44,1.0,-2.4400000000000004,1.2290816038060282,0.5037219687729623,6.953600000000002,32.61559466666667,3.502681082059671,1.32829869029481,0.44109435265972685,0.30955770262590127,-0.30955770262590127,0.030671936906546772,-0.34022963953244806,-0.3856653768982973,2.382731004873157,0.14488091600694955,0.5784518316690124,1.5635782059937482
6.45,1.0,-2.45,1.2250731952456757,0.5000298756104798,7.002500000000001,32.685375,3.5014592039623857,1.3231909197891594,0.4377085525531204,0.30628659871621416,-0.30628659871621416,0.030650541392532264,-0.3369371401087464,-0.38488754462691893,2.3743968618581683,0.14281467350531374,0.5779603565186237,1.558109235993685
6.46,1.0,-2.46,1.2210794393150175,0.49637375581911275,7.0516,32.755645333333334,3.5002291765340554,1.3181130082750299,0.4343554756459622,0.3030558937231458,-0.3030558937231458,0.03062901072065068,-0.33368490444379645,-0.38411499699359014,2.3661160081514376,0.1407832990581181,0.5774692989446175,1.5526752351113422
6.47,1.0,-2.4699999999999998,1.2171003260113273,0.4927531684256386,7.100899999999998,32.82640766666667,3.4989909736736164,1.3130646932159835,0.43103472214259625,0.2998650209669796,-0.2998650209669796,0.030607344584623608,-0.3304723655516032,-0.3833477311397147,2.3578879882416395,0.13878611680931677,0.576978658592205,1.5472759044344293
6.48,1.0,-2.4800000000000004,1.213135843040758,0.48916767864546684,7.150400000000002,32.897664000000006,3.497744569386547,1.3080457146069495,0.4277458978754013,0.2967134221109295,-0.2967134221109295,0.030585542681682707,-0.3272989647926122,-0.3825857435667934,2.349712350944782,0.13682246549716567,0.5764884351068984,1.5419109478903075
6.49,1.0,-2.49,1.209185975901181,0.4856168577916389,7.200100000000001,32.96941633333333,3.4964899377855794,1.3030558149547993,0.424488614221879,0.2936005470514239,-0.2936005470514239,0.030563604712589513,-0.3241641517640134,-0.3818290301593033,2.341588649371083,0.13489169811298143,0.5759986281345112,1.5365800722242526
6.5,1.0,-2.5,1.2052507079625534,0.48210028318502135,7.25,33.04166666666667,3.495227053091405,1.2980947392587778,0.4212624880228286,0.2905258538088472,-0.2905258538088472,0.030541530381655066,-0.3210673841905023,-0.3810775862068966,2.333516440891594,0.13299318156828174,0.575509237321158,1.531282986977553
6.51,1.0,-2.51,1.2013300205448993,0.478617538065697,7.300099999999999,33.114417,3.493955889633394,1.2931622349908296,0.4180671415016194,0.2874888084188065,-0.2874888084188065,0.03051931939675971,-0.3180081278155662,-0.3803314064259394,2.3254952871046224,0.13112629637010373,0.5750202623132538,1.5260194044654765
6.5200000000000005,1.0,-2.5200000000000005,1.197423892993954,0.4751682115055372,7.350400000000002,33.18766933333333,3.4926764218503017,1.2882580520758127,0.4149022021845418,0.28448888482396745,-0.28448888482396745,0.030496971469372566,-0.31498585629334,-0.3795904849804092,2.3175247538019623,0.12929043630429282,0.5745317027575141,1.5207890397551094
6.53,1.0,-2.5300000000000002,1.1935323027545555,0.4717518983219587,7.400900000000001,33.26142566666667,3.4913886242909844,1.2833819428716315,0.41176730282224094,0.28152556476652013,-0.28152556476652013,0.030474486314571232,-0.31200005108109136,-0.37885481550216865,2.3096044109349676,0.12748500812656802,0.5740435583009545,1.5155916106430933
6.54,1.0,-2.54,1.189655225441837,0.4683681989928492,7.4516,33.335688,3.490092471615115,1.2785336621492893,0.40866208131221826,0.27859833768131265,-0.27859833768131265,0.03045186365106126,-0.30905020133237393,-0.37812439111063395,2.3017338325804757,0.12570943126116518,0.5735558285908909,1.510426837633265
6.55,1.0,-2.55,1.1857926349102883,0.4650167195726621,7.5024999999999995,33.41045833333333,3.488787938593897,1.2737129670728817,0.405586180622401,0.2757067005897028,-0.2757067005897028,0.03042910320119564,-0.30613580379089844,-0.37739920443185604,2.293912596906628,0.12396313750687428,0.5730685132749384,1.5052944439142264
6.5600000000000005,1.0,-2.5600000000000005,1.1819445033207474,0.46169707160966694,7.553600000000003,33.48573866666668,3.4874750001107815,1.26891961717954,0.40253924871576763,0.2728501579941657,-0.2728501579941657,0.03040620469099424,-0.30325636268515993,-0.37667924761703026,2.286140286138587,0.12224557075028245,0.5725816120010115,1.5001941553368485
6.57,1.0,-2.5700000000000003,1.1781108012053827,0.4584088720643511,7.6049000000000015,33.561531,3.4861536311621846,1.2641533743593374,0.39952093847602477,0.27002822177369423,-0.27002822177369423,0.030383167850163213,-0.30041138962385744,-0.3759645123604518,2.2784164865241876,0.12055618668604479,0.5720951244173244,1.4951257003917295
6.58,1.0,-2.58,1.174291497530715,0.4551517432289593,7.6564000000000005,33.63783733333334,3.4848238068582043,1.259414002835164,0.3965309076343226,0.26724041108002505,-0.26724041108002505,0.03035999241211427,-0.29760040349213934,-0.37525498991693224,2.2707407882995194,0.11889445254400482,0.5716090501723895,1.4900888101866117
6.59,1.0,-2.59,1.1704865597587542,0.45192531264816765,7.708099999999999,33.71465966666666,3.4834855024233407,1.2547012691425905,0.39356881869700683,0.26448625223472655,-0.26448625223472655,0.030336678113983988,-0.29482293034871054,-0.37455067111869333,2.2631127856544864,0.11725984682299599,0.5711233889150182,1.48508321842378
6.6000000000000005,1.0,-2.6000000000000005,1.1666959539062827,0.44872921304087793,7.7600000000000025,33.792,3.482138693197214,1.2500149421097242,0.3906343388743943,0.2617652786271713,-0.2617652786271713,0.030313224696653,-0.2920785033238243,-0.37385154639175255,2.255532076698341,0.11565185903115408,0.5706381402943203,1.4801086613774461
6.61,1.0,-2.6100000000000003,1.1629196446023597,0.44556308222312624,7.812100000000002,33.869860333333335,3.4807833546352853,1.2453547928370656,0.3877271400105627,0.25907703061342496,-0.25907703061342496,0.030289631904765177,-0.28936666251819015,-0.3731576057718155,2.247998263425219,0.11406998943257923,0.5701533039597034,1.4751648778711297
6.62,1.0,-2.62,1.1591575951440791,0.44242656303209127,7.864400000000001,33.948242666666665,3.479419462309579,1.2407205946773812,0.3848468985141486,0.25642105541606963,-0.25642105541606963,0.030265899486746704,-0.2866869549028163,-0.37246883891968874,2.2405109516796813,0.11251374880018596,0.5696688795608736,1.47025160925505
6.63,1.0,-2.63,1.1554097675506483,0.43931930325119706,7.916899999999999,34.027149,3.4780469919094017,1.2361121232155925,0.38199329529014003,0.2537969070249892,-0.2537969070249892,0.030242027194825095,-0.2840389342198143,-0.37178523513622763,2.2330697511222946,0.1109826581745878,0.5691848667478341,1.465368599383536
6.640000000000001,1.0,-2.6400000000000006,1.1516761226158212,0.4362409555362958,7.969600000000003,34.10658133333334,3.476665919242065,1.231529156248699,0.3791660156726581,0.251204146099131,-0.251204146099131,0.03021801478504818,-0.28142216088417915,-0.3711067833768319,2.2256742751952467,0.1094762486288636,0.5687012651708854,1.4605155945924646
6.65,1.0,-2.6500000000000004,1.1479566199587492,0.43319117734292417,8.0225,34.18654166666667,3.4752762202336096,1.226971473765737,0.3763647493587161,0.24864233986926718,-0.24864233986926718,0.03019386201730301,-0.2788362018865702,-0.37043347226550327,2.2183241410880257,0.10799406103905868,0.5682180744806257,1.455692343676739
6.66,1.0,-2.66,1.1442512180732753,0.43016963085461474,8.075600000000001,34.267032,3.4738778709295275,1.2224388579277778,0.37358919034294247,0.24611106204176206,-0.24611106204176206,0.030169568655334666,-0.27628063069709674,-0.3697652901084749,2.211018969703159,0.10653564586027407,0.5677352943279493,1.4508985978678055
6.67,1.0,-2.67,1.1405598743757392,0.4271759829122619,8.1289,34.34805433333334,3.4724708474954857,1.217931093047985,0.37083903685326486,0.2436098927033712,-0.2436098927033712,0.030145134466765044,-0.2737550271701362,-0.36910222490742906,2.203758385622047,0.10510056290820699,0.567252924364048,1.446134110811233
6.68,1.0,-2.6799999999999997,1.1368825452513174,0.4242099049445215,8.182399999999998,34.42961066666666,3.471055126218052,1.2134479655717232,0.36811399128753847,0.2411384182270735,-0.2411384182270735,0.030120559223111538,-0.271258977450185,-0.36844426437231137,2.196542017070878,0.10368838114600157,0.5667709642404092,1.4413986385443471
6.69,1.0,-2.6900000000000004,1.133219186098951,0.42127107289923815,8.236100000000002,34.511703,3.4696306835054163,1.2089892640567341,0.3654137601511109,0.23869623117895322,-0.23869623117895322,0.03009584269980566,-0.26879207387875886,-0.36779139593375504,2.189369495886658,0.10229867847627834,0.5662894136088165,1.4366919394739364
6.7,1.0,-2.7,1.1295697513749006,0.41835916717588906,8.290000000000001,34.59433333333333,3.4681974958881208,1.2045547791533842,0.3627380539953145,0.23628293022613972,-0.23628293022613972,0.03007098467621158,-0.2663539149023513,-0.36714360675512664,2.182240457483348,0.10093104153821207,0.56580827212135,1.432013774354034
6.71,1.0,-2.71,1.1259341946349648,0.4154738725590276,8.344100000000001,34.67750366666667,3.4667555400197827,1.2001443035849824,0.3600865873568706,0.2338981200458094,-0.2338981200458094,0.030045984935644636,-0.26394410498145404,-0.3665008837442024,2.17515454081813,0.09958506550952831,0.5653275394303846,1.427363906263778
6.72,1.0,-2.7199999999999998,1.1223124685754033,0.41261487815272185,8.398399999999999,34.761216,3.4653047926778187,1.1957576321281838,0.3574590786982002,0.23154141123526026,-0.23154141123526026,0.03002084326538965,-0.2615622545006499,-0.3658632135644885,2.168111388357804,0.09826035391329822,0.564847215188591,1.4227421005853638
6.73,1.0,-2.7300000000000004,1.118704525072602,0.4097818773159714,8.452900000000003,34.84547233333333,3.463845230764176,1.1913945615934791,0.3548552503486296,0.2292124202230615,-0.2292124202230615,0.02999555945671932,-0.2592079796797808,-0.3652305826461924,2.1611106460453327,0.09695651842940795,0.564367299048935,1.4181481249820869
6.74,1.0,-2.74,1.1151103152215185,0.4069745675990943,8.5076,34.93027466666667,3.4623768313060546,1.1870548908057723,0.352274828446476,0.2269107691812836,-0.2269107691812836,0.029970133304912387,-0.256880902486196,-0.3646029771968593,2.1541519632665334,0.09567317871058684,0.5638877906646771,1.413581749376489
6.75,1.0,-2.75,1.1115297893729346,0.40419265068106713,8.5625,35.015625,3.4608995714566375,1.1827384205850537,0.34971754288200685,0.22463608593880732,-0.22463608593880732,0.029944564609271845,-0.25458065054807916,-0.3639803832116788,2.1472349928169274,0.09440996220287699,0.5634086896893725,1.409042745928602
6.76,1.0,-2.76,1.1079628971695663,0.4014358323078139,8.6176,35.10152533333333,3.4594134284958167,1.178444953727176,0.3471831272412615,0.22238800389572083,-0.22238800389572083,0.029918853173142954,-0.2523068570688638,-0.3633627864834757,2.1403593908687615,0.09316650397043583,0.5629299957768708,1.4045308890143076
6.7700000000000005,1.0,-2.7700000000000005,1.104409587581045,0.3987038222314241,8.672900000000002,35.187977666666676,3.457918379830919,1.174174294984727,0.3446713187507201,0.22016616193879665,-0.22016616193879665,0.02989299880393122,-0.2500591607427279,-0.36275017261239034,2.133524816938196,0.09194244652455903,0.5624517085813153,1.4000459552038067
6.78,1.0,-2.7800000000000002,1.1008698089378208,0.3959963341502952,8.7284,35.274984,3.4564144029974373,1.1699262510480164,0.34218185822281655,0.21797020435805647,-0.21797020435805647,0.02986700131312033,-0.2478372056711768,-0.36214252701526056,2.12673093385268,0.09073743965682031,0.561973827757144,1.3955877232402079
6.79,1.0,-2.79,1.0973435089640056,0.39331308565018114,8.7841,35.362546333333334,3.4549014756597565,1.1657006305261668,0.3397144900022757,0.2157997807644151,-0.2157997807644151,0.02984086051628991,-0.245640641280705,-0.36153983493471153,2.1199774077185,0.08955114027622206,0.5614963529590875,1.3911559740182369
6.8,1.0,-2.8,1.0938306348091928,0.3906537981461404,8.84,35.45066666666666,3.453379575611881,1.1614972439283218,0.3372689619132718,0.2136545460084075,-0.2136545460084075,0.029814576233133234,-0.24346912224154074,-0.3609420814479638,2.1132639078885354,0.08838321225025801,0.5610192838421705,1.3867504905630728
6.8100000000000005,1.0,-2.8100000000000005,1.0903311330792862,0.3880181968253687,8.896100000000004,35.53934700000001,3.451848680778164,1.1573159036449687,0.3348450252073926,0.21153416009999287,-0.21153416009999287,0.029788148287474878,-0.24132230838746777,-0.36034925147536556,2.1065901069301973,0.08723332624978777,0.5605426200617105,1.3823710580093116
6.82,1.0,-2.8200000000000003,1.0868449498663577,0.38540601059090696,8.9524,35.62858933333334,3.4503087692140357,1.1531564239293834,0.33244243451240096,0.2094382881294336,-0.2094382881294336,0.029761576507288185,-0.2391998646367218,-0.35976132978866004,2.0999556805935793,0.086101159597629,0.5600663612733178,1.378017463580066
6.83,1.0,-2.83,1.0833720307775698,0.3828169720062084,9.0089,35.718395666666666,3.4487598191067312,1.149018620879191,0.3300609477817795,0.20736660018924305,-0.20736660018924305,0.029734860724712733,-0.23710146091395579,-0.3591783010189923,2.0933603077798026,0.08498639612077132,0.5595905071328956,1.3736894965661923
6.84,1.0,-2.84,1.0799123209631896,0.38025081724055976,9.0656,35.808768,3.4472018087760183,1.1449023124180582,0.32770032624505424,0.20531877129720125,-0.20531877129720125,0.029708000776071632,-0.23502677207327288,-0.3586001496646664,2.086803670509585,0.0838887260061242,0.5591150572966391,1.369386948305666
6.8500000000000005,1.0,-2.8500000000000005,1.076465765143715,0.37770728601533854,9.122500000000002,35.899708333333336,3.4456347166749266,1.1408073182775067,0.3253603343588791,0.2032944813204287,-0.2032944813204287,0.029680996501888754,-0.23297547782231748,-0.35802686009865714,2.080285453892013,0.08280784565970697,0.5586400114210358,1.3651096121630892
6.86,1.0,-2.8600000000000003,1.0730323076361454,0.37518612155109976,9.179600000000002,35.99121866666667,3.444058521390476,1.136733459978859,0.32304073975887704,0.20129341490051597,-0.20129341490051597,0.029653847746905885,-0.23094726264742185,-0.3574584165758856,2.0738053460935397,0.08174345756919685,0.5581653691628651,1.3608572835093469
6.87,1.0,-2.87,1.069611892379417,0.3726870705154762,9.2369,36.083301,3.4424732016444026,1.1326805608153099,0.3207413132122212,0.19931526137969985,-0.19931526137969985,0.02962655436009966,-0.22894181573979952,-0.3568948032402646,2.0673630383072004,0.08069527016974877,0.5576911301791978,1.3566297597014045
6.88,1.0,-2.88,1.0662044629590297,0.37020988297188534,9.2944,36.17595733333333,3.440878736293891,1.1286484458341357,0.3184618285709525,0.19735971472808211,-0.19735971472808211,0.029599116194698606,-0.2269588309227807,-0.35633600413152006,2.0609582247220524,0.07966299771300683,0.5572172941273964,1.3524268400622557
6.890000000000001,1.0,-2.8900000000000006,1.0628099626308887,0.3677543123290271,9.352100000000004,36.26918966666667,3.4392751043322956,1.1246369418190327,0.3162020627260166,0.19542647347188075,-0.19542647347188075,0.029571533108199807,-0.22499800658008057,-0.3557820031917965,2.0545906024928438,0.07864636013922584,0.5567438606651142,1.3482483258610178
6.9,1.0,-2.9000000000000004,1.0594283343443829,0.3653201152911664,9.410000000000002,36.36300000000001,3.437662284889877,1.1206458772725953,0.3139617955620162,0.1935152406227092,-0.1935152406227092,0.029543804962385727,-0.22305904558509493,-0.35523278427205096,2.048259871709914,0.07764508295242643,0.5562708294502956,1.3440940202931806
6.91,1.0,-2.91,1.056059520764721,0.3629070518091825,9.468100000000002,36.457390333333336,3.436040257234521,1.1166750823989244,0.3117408099126612,0.1916257236078715,-0.1916257236078715,0.029515931623340683,-0.22114165523121218,-0.3546883311382431,2.04196573536932,0.07665889709850601,0.5557982001411754,1.3399637284610024
6.92,1.0,-2.92,1.0527034642945516,0.3605148850323807,9.526399999999999,36.55236266666667,3.434409000772471,1.1127243890863816,0.30953889151691527,0.18975763420166958,-0.18975763420166958,0.02948791296146741,-0.219245547163137,-0.3541486274773262,2.0357078993432083,0.07568753884623379,0.555325972396279,1.3358572573540668
6.93,1.0,-2.9299999999999997,1.0493601070948815,0.3581433812610518,9.584899999999998,36.647918999999995,3.432768495049054,1.1087936308904738,0.30735582897582003,0.18791068845771014,-0.18791068845771014,0.02945974885150337,-0.21737043730921352,-0.35361365690304547,2.029486072350409,0.0747307496710559,0.5548541458744218,1.331774415829989
6.94,1.0,-2.9400000000000004,1.0460293911053185,0.3557923098997681,9.643600000000003,36.74406133333334,3.4311187197494046,1.1048826430168843,0.305191413709994,0.1860846066422046,-0.1860846066422046,0.029431439172536985,-0.2155160458147416,-0.3530834029615496,2.0232999659272837,0.07378827614164171,0.5543827202347092,1.3277150145952816
6.95,1.0,-2.95,1.0427112580636564,0.35346144341140895,9.7025,36.84079166666667,3.429459654699196,1.1009912623046425,0.30304543991779254,0.18427911316825304,-0.18427911316825304,0.02940298380802382,-0.21368209697627685,-0.3525578491368204,2.0171492943988003,0.07285986980910258,0.553911695136536,1.3236788661863785
6.96,1.0,-2.96,1.0394056495248185,0.3511505572718981,9.7616,36.938112,3.4277912798653603,1.0971193272094306,0.3009177045341184,0.1824939365310996,-0.1824939365310996,0.029374382645802513,-0.21186831917690213,-0.3520369788559253,2.011033774849854,0.07194528709881538,0.5534410702395869,1.3196657849508113
6.97,1.0,-2.9699999999999998,1.0361125068791814,0.3488594299256504,9.820899999999998,37.03602433333334,3.426113575356819,1.09326667778704,0.2988080071898778,0.1807288092443539,-0.1807288092443539,0.029345635578110714,-0.2100744448224646,-0.3515207754940993,2.004953127096834,0.07104428920478784,0.5529708452038349,1.3156755870285521
6.98,1.0,-2.9800000000000004,1.0328317713703001,0.3465878427417114,9.880400000000003,37.13453066666667,3.4244265214252065,1.0894331556769628,0.2967161501720663,0.1789834677771664,-0.1789834677771664,0.02931674250160085,-0.20830021027876724,-0.3510092223796607,1.9989070736594248,0.0701566419865008,0.5525010196895426,1.311708090333511
6.99,1.0,-2.99,1.0295633841120433,0.344335579970583,9.940100000000001,37.233633,3.4227300984655926,1.0856186040861313,0.2946419383844801,0.1772576524923483,-0.1772576524923483,0.029287703317355716,-0.206545355809704,-0.3505023027987646,1.9928953397326614,0.06928211586816692,0.552031593357261,1.3077631145351956
7.0,1.0,-3.0,1.0263072861051623,0.34210242870172075,10.0,37.33333333333333,3.4210242870172074,1.0818228677727972,0.29258517930903977,0.17555110758542392,-0.17555110758542392,0.02925851793090398,-0.2048096255163279,-0.35,1.98691765315922,0.06842048574034415,0.5515625658678297,1.3038404810405297
7.01,1.0,-3.01,1.0230634182533118,0.3398881788216983,10.060099999999998,37.433633666666665,3.419309067764167,1.0780457930305567,0.2905456829677205,0.17386358102460978,-0.17386358102460978,0.029229186252235643,-0.20309276727684542,-0.349502297198835,1.9809737444019606,0.06757153086384794,0.5510939368823763,1.2999400129758347
7.0200000000000005,1.0,-3.0200000000000005,1.0198317213785326,0.337692622973024,10.120400000000004,37.53453600000001,3.4175844215361932,1.0742872276725168,0.2885232618850755,0.17219482449170542,-0.17219482449170542,0.02919970819581719,-0.2013945326875226,-0.34900917758191374,1.97506334651671,0.06673503477590291,0.5506257060623161,1.29606153516897
7.03,1.0,-3.0300000000000002,1.0166121362362168,0.3355155565136029,10.180900000000001,37.636042333333336,3.41585032930934,1.07054702101561,0.28651773105134926,0.17054459332388847,-0.17054459332388847,0.029170083680606817,-0.19971467700449527,-0.3485206243112102,1.9691861951252982,0.06591078519848007,0.5501578730693527,1.2922048741316379
7.04,1.0,-3.04,1.0134046035295652,0.3333567774768307,10.2416,37.73815466666666,3.414106772206709,1.0668250238650445,0.2845289078861632,0.16891264645640053,-0.16891264645640053,0.029140312630069283,-0.1980529590864698,-0.3480366205280425,1.9633420283888292,0.06509857394876399,0.5496904375654764,1.288369858041845
7.05,1.0,-3.05,1.010209063923561,0.33121608653231505,10.302499999999998,37.840875,3.4123537314991754,1.0631210884989062,0.2825566122027748,0.16729874636611758,-0.16729874636611758,0.029110394972190867,-0.19640914133830845,-0.34755714935695226,1.957530586981208,0.06429819685169912,0.5492233992129651,1.28455631672653
7.0600000000000005,1.0,-3.0600000000000005,1.0070254580584632,0.32909328694721013,10.363600000000003,37.944205333333336,3.410591188606108,1.0594350686529006,0.28060066617289403,0.16570265901598977,-0.16570265901598977,0.029080330639494063,-0.19478298965548382,-0.3470821939094523,1.9517516140629074,0.06350945365456212,0.5487567576743837,1.280764081644348
7.07,1.0,-3.0700000000000003,1.0038537265628429,0.3269881845481573,10.424900000000001,38.048147666666665,3.4088191250960853,1.0557668195052385,0.2786608942920517,0.16412415380034315,-0.16412415380034315,0.029050119569052103,-0.19317427336939524,-0.3466117372876479,1.9460048552549862,0.06273214794351165,0.5482905126125835,1.2769929858686222
7.08,1.0,-3.08,1.0006938100661675,0.32490058768382063,10.4864,38.152704,3.4070375226876166,1.0521161976616626,0.2767371233455087,0.1625630034910297,-0.1625630034910297,0.029019761702503432,-0.19158276519353312,-0.34614576258773266,1.9402900586133425,0.06196608706206527,0.5478246636907027,1.2732428640704478
7.09,1.0,-3.09,0.9975456492109542,0.3228303071880111,10.5481,38.25787633333333,3.40524636324986,1.0484830611406224,0.27482918237470255,0.16101898418441815,-0.16101898418441815,0.028989256986065994,-0.19000824117048415,-0.3456842529033665,1.9346069746032215,0.061211082031458,0.5473592105721652,1.2695135525019647
7.1000000000000005,1.0,-3.1000000000000005,0.9944091846644998,0.320777156343387,10.610000000000003,38.363666666666674,3.403445628803337,1.0448672693585848,0.27293690264421633,0.15949187524921213,-0.15949187524921213,0.028958605370551355,-0.1884504806197635,-0.345227191328935,1.9289553560739632,0.06046694747283448,0.546894152920681,1.2658048889797855
7.11,1.0,-3.1100000000000003,0.9912843571302019,0.31874095084572407,10.672100000000002,38.470077,3.4016353015206526,1.0412686831154936,0.27106011760926857,0.15798145927508644,-0.15798145927508644,0.028927806811378753,-0.1869092660864652,-0.34477456096269715,1.9233349582339945,0.05973350153123078,0.5464294904002461,1.262116712868585
7.12,1.0,-3.12,0.9881711073584812,0.31672150876874394,10.7344,38.57710933333333,3.3998153637272055,1.0376871645803647,0.2691986628837092,0.15648752202212932,-0.15648752202212932,0.028896861268588876,-0.18538438329071819,-0.3443263449098226,1.9177455386260625,0.05901056580130122,0.5459652226751419,1.2584488650648495
7.13,1.0,-3.13,0.9850693761573199,0.31471865052949516,10.796899999999999,38.68476566666667,3.397985797901906,1.0341225772770257,0.2673523762085195,0.1550098523710817,-0.1550098523710817,0.028865768706857635,-0.18387562107793934,-0.3438825262853226,1.9121868571027112,0.05829796525474815,0.5455013494099348,1.2548011879807823
7.140000000000001,1.0,-3.1400000000000006,0.9819791044024243,0.3127321988542752,10.859600000000004,38.793048000000006,3.3961465866778884,1.0305747860699956,0.2655210974208043,0.15354824227436104,-0.15354824227436104,0.02883452909550968,-0.18238277136987072,-0.3434430882168772,1.9066586758019992,0.05759552816941234,0.5450378702694764,1.2511735255283707
7.15,1.0,-3.1500000000000004,0.9789002330470262,0.31076197874508765,10.922500000000003,38.90195833333334,3.394297712843221,1.0270436571505053,0.26370466842327117,0.15210248670786067,-0.15210248670786067,0.0288031424085318,-0.18090562911639246,-0.34300801384756235,1.9011607591234605,0.05690308605998399,0.5445747849189029,1.2475657231036106
7.16,1.0,-3.16,0.9758327031313279,0.3088078174466227,10.985600000000002,39.01149866666667,3.392439159341619,1.0235290580226537,0.2619029331541852,0.15067238362351174,-0.15067238362351174,0.02877160862458618,-0.17944399224809793,-0.34257728633847945,1.8956928737042962,0.05622047361029396,0.5441120930236353,1.2439776275708831
7.17,1.0,-3.17,0.9727764557916084,0.30686954441375663,11.0489,39.121671,3.3905709092731553,1.0200308574897083,0.26011573755779743,0.1492577339025999,-0.1492577339025999,0.028739927727023478,-0.17799766162962335,-0.3421508888712903,1.8902547883958136,0.055547528607147616,0.5436497942493784,1.2404090872474947
7.18,1.0,-3.1799999999999997,0.9697314322689963,0.30494699127955865,11.112399999999997,39.23247733333333,3.3886929458949666,1.0165489256405391,0.2583429295552336,0.14785834130982375,-0.14785834130982375,0.028708099703895765,-0.17656644101371952,-0.3417288046506606,1.8848462742400978,0.054884091875662996,0.5431878882621216,1.2368599518883665
7.19,1.0,-3.1900000000000004,0.9666975739179191,0.3030399918237991,11.176100000000002,39.34391966666667,3.3868052526219614,1.0130831338361916,0.25658435901583976,0.1464740124480863,-0.1464740124480863,0.02867612454796927,-0.17515013699605558,-0.3413110169066132,1.8794671044469176,0.05423000721607699,0.5427263747281377,1.2333300726708827
7.2,1.0,-3.2,0.9636748222142434,0.30114838194195104,11.240000000000002,39.456,3.3849078130275303,1.0096333546965992,0.2548398777289772,0.14510455671400838,-0.14510455671400838,0.028644002256737047,-0.17374855897074543,-0.34089750889679715,1.8741170543708727,0.05358512134198416,0.5422652533139831,1.2298193021798913
7.21,1.0,-3.21,0.9606631187631058,0.29927199961467466,11.3041,39.56872033333334,3.383000610844244,1.0061994620874246,0.2531093393762557,0.1437497862541522,-0.1437497862541522,0.02861173283243132,-0.1723615190865835,-0.34048826390867026,1.8687959014887645,0.05294928381997234,0.5418045236864978,1.2263274943928564
7.22,1.0,-3.2199999999999998,0.9576624053064544,0.29741068487778094,11.368399999999998,39.68208266666666,3.381083629964564,1.002781331107044,0.25139259950420373,0.1424095159219478,-0.1424095159219478,0.02857931628203588,-0.1709888322039837,-0.3400832652616024,1.863503425377207,0.052322347010622605,0.5413441855128043,1.222854504665166
7.23,1.0,-3.2300000000000004,0.9546726237303023,0.2955642797926632,11.432900000000004,39.79608900000001,3.3791568544415402,0.9993788380736581,0.24968951549736373,0.14108356323530946,-0.14108356323530946,0.02854675261729811,-0.16963031585260757,-0.33968249630889796,1.858239407690463,0.051704166010839436,0.5408842384603083,1.2194001897155873
7.24,1.0,-3.24,0.9516937160717044,0.2937326284171927,11.497600000000002,39.910741333333334,3.3772202684895154,0.9959918605125458,0.24799994655181065,0.13977174833493364,-0.13977174833493364,0.02851404185474099,-0.16828579018967463,-0.3392859404397439,1.8530036321385166,0.05109459859747994,0.5404246821966981,1.2159644076118772
7.25,1.0,-3.25,0.9487256245254633,0.29191557677706564,11.5625,40.026041666666664,3.3752738564848213,0.9926202771434387,0.24632375364907927,0.1384738939432662,-0.1384738939432662,0.028481184015674798,-0.166955077958941,-0.3388935810810811,1.847795884465362,0.050493505172249195,0.5399655163899445,1.2125470177565363
7.26,1.0,-3.26,0.9457682914505767,0.29011297283760024,11.6276,40.141991999999995,3.37331760296648,0.9892639678680373,0.24466079953050326,0.13718982532413238,-0.13718982532413238,0.028448179126208797,-0.16563800445034116,-0.3385054016994049,1.8426159524275292,0.04990074870783313,0.5395067407082998,1.2091478808727172
7.2700000000000005,1.0,-3.2700000000000005,0.9428216593764299,0.28832466647597244,11.692900000000003,40.25859433333334,3.371351492636899,0.985922813757652,0.24301094867195144,0.13591937024301604,-0.13591937024301604,0.028415027217262617,-0.16433439746027864,-0.3381213858024955,1.8374636257728287,0.04931619469523768,0.5390483548202988,1.2057668589902748
7.28,1.0,-3.2800000000000002,0.9398856710087444,0.28655050945388544,11.758400000000002,40.37585066666667,3.369375510362567,0.9825966970409777,0.24137406725895974,0.13466235892798134,-0.13466235892798134,0.028381728324577523,-0.16304408725255887,-0.3377415169410804,1.832338696219323,0.048739711092305994,0.5385903583947577,1.2024038154319687
7.29,1.0,-3.29,0.9369602692352837,0.2847903553906638,11.8241,40.493763,3.3673896411747473,0.9792855010919931,0.239750023162249,0.13341862403122423,-0.13341862403122423,0.02834828248872748,-0.1617669065199517,-0.33736577871043044,1.8272409574345139,0.04817116827338466,0.5381327511007739,1.1990586147998055
7.3,1.0,-3.3,0.9340453971313338,0.28304405973676783,11.889999999999999,40.612333333333325,3.3653938702701693,0.9759891104179914,0.23813868591362555,0.13218800059124713,-0.13218800059124713,0.028314689755130074,-0.1605026903463772,-0.33699415475189237,1.8221702050147561,0.047610438980112336,0.537675532607726,1.195731122961529
7.3100000000000005,1.0,-3.3100000000000005,0.9311409979649543,0.2813114797477203,11.956100000000003,40.73156366666667,3.3633881830117196,0.9727074106477359,0.2365399266822558,0.13097032599564515,-0.13097032599564515,0.028280950174057195,-0.15925127616970233,-0.33662662875435967,1.8171262364648852,0.04705739827330321,0.537218702585274,1.192421207037253
7.32,1.0,-3.3200000000000003,0.9282470152020162,0.2795924744584386,12.022400000000001,40.851456,3.3613725649291326,0.9694402885197441,0.23495361825131114,0.1297654399444958,-0.1297654399444958,0.02824706380064564,-0.15801250374514145,-0.3362631844556827,1.8121088511780648,0.046511923485899415,0.5367622607033579,1.189128735386235
7.33,1.0,-3.33,0.9253633925110231,0.2778869046579649,12.0889,40.97201233333333,3.359347001719672,0.9661876318706915,0.2333796349949737,0.12857318441434082,-0.12857318441434082,0.028213030694907375,-0.1567862151092482,-0.33590380564402056,1.807117850415845,0.04597389417696646,0.5363062066321985,1.1858535775937926
7.34,1.0,-3.34,0.9224900737677341,0.27619463286459106,12.1556,41.09323466666667,3.357311479248823,0.9629493296239454,0.23181785285580148,0.12739340362275442,-0.12739340362275442,0.0281788509217398,-0.15557225454449422,-0.3355484761591365,1.8021530372884382,0.04544319208670754,0.5358505400422968,1.1825956044583574
7.3500000000000005,1.0,-3.3500000000000005,0.9196270030595827,0.2745155233013679,12.222500000000004,41.21512500000001,3.35526598355097,0.9597252717782174,0.23026814932244333,0.126225943993485,-0.126225943993485,0.02814452455093565,-0.15437046854442066,-0.33519717989363873,1.797214216735204,0.044919701092471724,0.5353952606044335,1.179354687978672
7.36,1.0,-3.3600000000000003,0.9167741246899066,0.272849441871996,12.289600000000002,41.33768533333333,3.3532105008300825,0.9565153493963409,0.228730403407701,0.12507065412216434,-0.12507065412216434,0.028110051657192835,-0.15318070577935716,-0.33484990079416743,1.792301195505346,0.04440330716573297,0.5349403679896695,1.1761307013411206
7.37,1.0,-3.37,0.9139313831819892,0.27119625613708875,12.356900000000001,41.46091766666667,3.3511450174603925,0.9533194545941656,0.22720449562692932,0.12392738474257327,-0.12392738474257327,0.028075432320124036,-0.1520028170626973,-0.33450662286253025,1.7874137821388127,0.04389389833001622,0.5344858618693444,1.1729235189071971
7.38,1.0,-3.38,0.9110987232829196,0.2695558352908046,12.424399999999999,41.584824,3.3490695199870726,0.9501374805295755,0.22569030797677236,0.12279598869345654,-0.12279598869345654,0.028040666624266103,-0.15083665531772264,-0.3341673301567883,1.7825517869474095,0.04339136461974899,0.5340317419150779,1.1697330162011104
7.390000000000001,1.0,-3.3900000000000006,0.908276089967278,0.2679280501378401,12.492100000000004,41.70940633333334,3.346983995126913,0.9469693213916235,0.22418772391422798,0.12167632088587713,-0.12167632088587713,0.02800575465908928,-0.1496820755449664,-0.3338320067922927,1.777715021996111,0.04289559804001569,0.533578007798768,1.1665590698975212
7.4,1.0,-3.4000000000000004,0.9054634284406518,0.26631277307077994,12.560000000000002,41.83466666666667,3.3448884297689965,0.943814872389786,0.222696628336037,0.12056823827110284,-0.12056823827110284,0.027970696519006254,-0.1485389347901091,-0.3335006369426752,1.7729033010845827,0.04240649252719425,0.533124659192592,1.163401557809416
7.41,1.0,-3.41,0.9026606841429824,0.2647098780477954,12.628100000000002,41.960607,3.3427828109753657,0.9406740297433303,0.22121690755838894,0.11947159980901421,-0.11947159980901421,0.027935492303380917,-0.14740709211239514,-0.3331732048407916,1.7681164397288933,0.041923943910452934,0.5326716957690055,1.160260358876107
7.42,1.0,-3.42,0.8998678027517576,0.26311924057068936,12.696399999999999,42.08722933333333,3.3406671259817,0.9375466906708019,0.21974844929694307,0.11838626643702868,-0.11838626643702868,0.02790014211653708,-0.14628640855356576,-0.33284969477962256,1.763354255143437,0.04144784987408862,0.5322191172007424,1.157135353151369
7.43,1.0,-3.4299999999999997,0.8970847301850438,0.26154073766327807,12.764899999999997,42.21453566666666,3.3385413621979776,0.9344327533796235,0.21829114264715607,0.11731210103952956,-0.11731210103952956,0.02786464606776682,-0.1451767471072964,-0.3325300911131306,1.7586165662230455,0.04097810992068534,0.5317669231608146,1.1540264217917018
7.44,1.0,-3.4400000000000004,0.8943114126043711,0.2599742478501078,12.833600000000002,42.342528,3.3364055072091445,0.9313321170558089,0.21684487806491373,0.1162489684177944,-0.1162489684177944,0.027829004271338775,-0.1440779726891332,-0.33221437825707517,1.7539031935253,0.040514625335074765,0.5313151133225119,1.150933447044721
7.45,1.0,-3.45,0.8915477964174715,0.258419651135499,12.902500000000002,42.47120833333334,3.334259548775776,0.9282446818537892,0.21540954734746057,0.11519673526041292,-0.11519673526041292,0.0277932168465061,-0.14298995210691903,-0.3319025406897888,1.7492139592530365,0.04005729914907947,0.5308636873594017,1.1478563122376801
7.46,1.0,-3.46,0.888793828280875,0.25687682898291186,12.9716,42.600578666666664,3.33210347483474,0.9251703488863496,0.21398504361462248,0.11415527011418694,-0.11415527011418694,0.02775728391751437,-0.1419125540317013,-0.33159456295291245,1.7445486872370397,0.03960603610702024,0.5304126449453287,1.1447949017661136
7.47,1.0,-3.4699999999999998,0.8860494551023703,0.25534566429463124,13.040899999999999,42.730641,3.3299372734998562,0.9221090202146782,0.21257126129031848,0.1131244433555054,-0.1131244433555054,0.027721205613609138,-0.14084564896911453,-0.33129042965209454,1.7399072029189322,0.03916074263197038,0.5299619857544148,1.1417491010826073
7.48,1.0,-3.4800000000000004,0.88331462404333,0.2538260413917615,13.110400000000004,42.861397333333336,3.327760933062551,0.9190605988385215,0.21116809608435547,0.11210412716218528,-0.11210412716218528,0.027684982069043348,-0.13978910923122861,-0.33099012545765194,1.7352893333342485,0.038721326792738806,0.5295117094610585,1.1387187966856922
7.49,1.0,-3.49,0.8805892825209117,0.2523178459945306,13.180100000000001,42.992849666666665,3.325574441992513,0.9160249886864517,0.20977544497450348,0.1110941954857728,-0.1110941954857728,0.027648613423084535,-0.13874280890885735,-0.33069363510519645,1.730694907095698,0.03828769827156556,0.5290618157399355,1.135703876108862
7.5,1.0,-3.5,0.8778733782101292,0.25082096520289404,13.25,43.125,3.323377788938346,0.9130020946062368,0.20839320618884397,0.11009452402429493,-0.11009452402429493,0.027612099820021822,-0.13770662384431676,-0.3304009433962264,1.7261237543766097,0.03785976833251231,0.5286123042659973,1.1327042279097084
7.51,1.0,-3.51,0.8751668590458064,0.24933528747743774,13.320099999999998,43.25785033333332,3.321170962728218,0.9099918223553214,0.2070212791883897,0.10910499019545619,-0.10910499019545619,0.0275754414091727,-0.1366804316046289,-0.3301120351986847,1.721575706894564,0.03743744979053277,0.5281631747144719,1.12971974165918
7.5200000000000005,1.0,-3.5200000000000005,0.8724696732244137,0.24786070262057205,13.390400000000003,43.39140266666667,3.3189539523705087,0.9069940785914089,0.2056595646499697,0.10812547311027204,-0.10812547311027204,0.02753863834488955,-0.1356641114551616,-0.3298268954474847,1.7170505978952024,0.03702065698120623,0.5277144267608632,1.126750307930959
7.53,1.0,-3.5300000000000002,0.8697817692057903,0.24639710175801424,13.460900000000002,43.525659000000005,3.3167267470544544,0.9040087708631505,0.20430796444937602,0.10715585354713239,-0.10715585354713239,0.027501690786566058,-0.13465754433369845,-0.32954550914500513,1.71254826213622,0.036609305731119646,0.5272660600809509,1.1237958182909564
7.54,1.0,-3.54,0.8671030957147566,0.24494437732055274,13.531600000000001,43.66062133333333,3.3144893361507917,0.9010358076009343,0.20296638164476696,0.10619601392628736,-0.10619601392628736,0.02746459889864329,-0.13366061282493064,-0.32926786136155367,1.7080685358715302,0.03620331332888243,0.5268180743507899,1.1208561652869196
7.55,1.0,-3.55,0.8644336017426208,0.2435024230260904,13.6025,43.79629166666667,3.3122417092123944,0.8980750981077792,0.2016347204603243,0.10524583828474932,-0.10524583828474932,0.02742736285061561,-0.13267320113536493,-0.3289939372358023,1.7036112568356123,0.035802598496760214,0.5263704692467105,1.117931242438163
7.5600000000000005,1.0,-3.5600000000000005,0.8617732365485815,0.24207113386196105,13.673600000000004,43.932672000000004,3.3099838559749117,0.8951265525503267,0.2003128862701582,0.10430521225160355,-0.10430521225160355,0.027389982817036366,-0.13169519506863991,-0.32872372197519306,1.6991762642280266,0.03540708136291262,0.525923244445318,1.1150209442254055
7.57,1.0,-3.5700000000000003,0.8591219496610337,0.24065040606751642,13.744900000000001,44.06976433333334,3.307715766357407,0.8921900819499375,0.19900078558245907,0.10337402302372209,-0.10337402302372209,0.02735245897752342,-0.1307264820012455,-0.32845720085631763,1.6947633986981088,0.035016683434221624,0.5254763996234926,1.1121251660807265
7.58,1.0,-3.58,0.856479690878773,0.2392401371169757,13.8164,44.207570666666676,3.305437430462983,0.8892655981738796,0.19769832602388698,0.1024521593418713,-0.1024521593418713,0.02731479151676432,-0.12976695085863563,-0.3281943592252685,1.690372502329827,0.03463132756969626,0.5250299344583887,1.10924380437763
7.59,1.0,-3.59,0.8538464102721107,0.23784022570253782,13.8881,44.346092999999996,3.3031488385794154,0.8863530139266205,0.19640541632420097,0.10153951146721026,-0.10153951146721026,0.027276980624521354,-0.1288164920917316,-0.3279351824979659,1.686003418626814,0.03425093795444126,0.5245838486274353,1.106376756421221
7.6000000000000005,1.0,-3.6000000000000005,0.8512220581838971,0.23645057171774914,13.960000000000004,44.48533333333334,3.300849981179779,0.8834522427412136,0.19512196630112005,0.10063597115817079,-0.10063597115817079,0.02723902649563637,-0.12787499765380717,-0.32767965616045847,1.681655992497564,0.03387544007417608,0.5241381418083354,1.1035239204384935
7.61,1.0,-3.6100000000000003,0.8486065852304561,0.23507107624112356,14.032100000000002,44.62529366666667,3.29854084892307,0.8805631989707811,0.19384788684541385,0.09974143164771403,-0.09974143164771403,0.02720092933003532,-0.12694236097774936,-0.32742776576920063,1.6773300702407956,0.03350476069029205,0.5236928136790657,1.100685195568723
7.62,1.0,-3.62,0.8459999423024357,0.23370164152000986,14.1044,44.765976,3.296221432654827,0.8776857977800893,0.19258308990621795,0.09885578762095643,-0.09885578762095643,0.027162689332732606,-0.12601847695368903,-0.327179496951306,1.6730254995309757,0.03313882781543488,0.5232478639178767,1.0978604818539694
7.63,1.0,-3.63,0.8434020805655775,0.23234217095470458,14.1769,44.90738233333333,3.2938917234077514,0.8748199551372214,0.19132748847657252,0.09797893519316046,-0.09797893519316046,0.027124306713835217,-0.12510324190699568,-0.3269348354047782,1.66874212940401,0.03277757068960133,0.5228032922032921,1.0950496802296859
7.640000000000001,1.0,-3.6400000000000006,0.8408129514614051,0.23099256908280355,14.249600000000004,45.049514666666674,3.2915517124023186,0.8719655878053405,0.19008099657917824,0.09711077188808229,-0.09711077188808229,0.027085781688546588,-0.12419655357662887,-0.32669376689872,1.6644798102430893,0.03242091975673752,0.5223590982141089,1.0922526925154308
7.65,1.0,-3.6500000000000004,0.8382325067078362,0.22965274156379073,14.322500000000003,45.192375000000006,3.2892013910473934,0.8691226133345444,0.188843529252367,0.0962511966166716,-0.0962511966166716,0.027047114477170273,-0.12329831109384187,-0.32645627727352067,1.6602383937646978,0.032068806641827985,0.5219152816293968,1.0894694214056866
7.66,1.0,-3.66,0.8356606982997213,0.22832259516385828,14.395600000000002,45.335965333333334,3.2868407509408386,0.8662909500538125,0.18761500253628427,0.0954001096561172,-0.0954001096561172,0.027008305305113337,-0.12240841496123053,-0.3262223524410236,1.6560177330047747,0.031721164128464006,0.5214718421284985,1.0866997704607784
7.67,1.0,-3.67,0.8330974785093086,0.22700203774095604,14.4689,45.48028766666667,3.2844697838701187,0.8634705170630405,0.1863953334592786,0.09455741262923269,-0.09455741262923269,0.02696935440288956,-0.12152676703212224,-0.3259919783846733,1.6518176823050341,0.031377926136880625,0.5210287793910288,1.083943644097898
7.68,1.0,-3.6799999999999997,0.8305427998866417,0.2256909782300657,14.542399999999997,45.62534399999999,3.282088481812907,0.860661234225166,0.18518444002449652,0.09372300848417693,-0.09372300848417693,0.02693026200612238,-0.12065327049029931,-0.32576514115964356,1.6476380972994358,0.031039027702451556,0.5205860930968749,1.081200947582225
7.69,1.0,-3.6900000000000004,0.8279966152598875,0.2243893266286958,14.616100000000003,45.77113633333334,3.2796968369376813,0.8578630221583804,0.18398224119667747,0.09289680147450273,-0.09289680147450273,0.02689102835554758,-0.1197878298300503,-0.32554182689294686,1.6434788349008098,0.03070440495463164,0.5201437829261958,1.0784715870181494
7.7,1.0,-3.7,0.8254588777356024,0.22309699398259525,14.690000000000001,45.91766666666667,3.2772948416043244,0.8550758022284284,0.18278865688914758,0.09207869713952976,-0.09207869713952976,0.02685165369701578,-0.11893035083654555,-0.3253220217835262,1.639339753287631,0.030373995096336995,0.5197018485594225,1.075755469340594
7.71,1.0,-3.71,0.8229295406989318,0.2218138923716797,14.7641,46.06493699999999,3.274882488364716,0.8522994965409928,0.18160360795100744,0.09126860228503433,-0.09126860228503433,0.026812138281494688,-0.11808074056652902,-0.3251057121023293,1.63522071189094,0.03004773638375244,0.5192602896772575,1.0730525023064301
7.72,1.0,-3.7199999999999998,0.8204085578137512,0.2205399348961697,14.838399999999998,46.21294933333333,3.2724597699633238,0.8495340279341645,0.18042701615451145,0.09046642496425258,-0.09046642496425258,0.026772482365071026,-0.11723890732932361,-0.3248928841923657,1.6311215713814131,0.02972556810655727,0.5188191059606743,1.0703625944859947
7.73,1.0,-3.7300000000000004,0.8178958830227488,0.2192750356629353,14.912900000000004,46.36170566666667,3.270026679337789,0.8467793199709966,0.17925880418263587,0.0896720744591906,-0.0896720744591906,0.026732686208952316,-0.11640476066814293,-0.32468352446874854,1.6270421936565769,0.02940743056855947,0.5183782970909177,1.0676856552546987
7.74,1.0,-3.74,0.8153914705474508,0.21801910977204567,14.987600000000002,46.511208,3.267583209619512,0.8440352969321423,0.1780988956168324,0.0888854612622372,-0.0888854612622372,0.02669275007946838,-0.11557821134170558,-0.32447761941871944,1.6229824418281673,0.029093265068729567,0.5179378627495034,1.0650215947847328
7.75,1.0,-3.75,0.812895274888191,0.2167720733035176,15.0625,46.66145833333333,3.265129354134234,0.8413018838085727,0.1769472149249633,0.08810649705807302,-0.08810649705807302,0.0266526742480726,-0.11475917130614563,-0.32427515560165976,1.6189421802096282,0.028783013882624744,0.5174978026182173,1.0623703240368638
7.76,1.0,-3.76,0.8104072508240284,0.2155338433042629,15.137599999999999,46.812458666666664,3.26266510640261,0.838579006294378,0.1758036874494166,0.08733509470587231,-0.08733509470587231,0.026612458991342885,-0.1139475536972152,-0.3240761196490857,1.614921274303753,0.02847662024419497,0.5170581163791163,1.0597317547523244
7.7700000000000005,1.0,-3.7700000000000005,0.8079273534126147,0.21430433777522934,15.212900000000003,46.964211000000006,3.260190460140787,0.835866590779648,0.17466823939539788,0.08657116822179203,-0.08657116822179203,0.026572104590982488,-0.11314327281277452,-0.32388049826463067,1.6109195907904654,0.02817402832796236,0.5166188037145267,1.0571057994447952
7.78,1.0,-3.7800000000000002,0.8054555379900102,0.21308347565873284,15.288400000000001,47.11671733333334,3.2577054092609714,0.833164564343433,0.17354079781939563,0.08581463276174296,-0.08581463276174296,0.026531611333820485,-0.11234624409556344,-0.323688278224013,1.6069369975147358,0.027875183231565476,0.5161798643070454,1.0544923713924752
7.79,1.0,-3.79,0.8029917601704539,0.2118711768259773,15.3641,47.269979666666664,3.255209947871998,0.8304728547467812,0.1724212906178171,0.08506540460443851,-0.08506540460443851,0.02649097951181204,-0.11155638411625055,-0.32349944637499106,1.6029733634746335,0.027580030958660424,0.5157412978395385,1.0518913846302413
7.8,1.0,-3.8,0.800535975846087,0.21066736206475978,15.44,47.42399999999999,3.252704070279891,0.8277913904258558,0.17130964651579292,0.0843234011347167,-0.0843234011347167,0.026450209422038424,-0.11077361055675512,-0.3233139896373057,1.599028558809515,0.027288518402170957,0.5153031039951417,1.0493027539418982
7.8100000000000005,1.0,-3.8100000000000005,0.7980881411866317,0.20947195306735739,15.516100000000003,47.57878033333334,3.2501877709884246,0.8251201004851271,0.17020579505614655,0.08358854082713031,-0.08358854082713031,0.026409301366706762,-0.10999784219383707,-0.3231318950026102,1.5951024547883446,0.02700059332787973,0.5148652824572599,1.0467263948525123
7.82,1.0,-3.8200000000000003,0.795648212639028,0.2082848724185937,15.592400000000001,47.73432266666667,3.2476610446996808,0.8224589146906427,0.16910966658852747,0.08286074322980103,-0.08286074322980103,0.026368255653149552,-0.10922899888295058,-0.3229531495343886,1.5911949237981458,0.02671620435835326,0.5144278329095671,1.0441622236208354
7.83,1.0,-3.83,0.7932161469270282,0.20710604358408047,15.6689,47.890629,3.2451238863145986,0.8198077634633694,0.16802119225870293,0.08213992894853274,-0.08213992894853274,0.02632707259382391,-0.10846700154235665,-0.32277774036786244,1.5873058393325807,0.02643530095719297,0.5139907550360059,1.0416101572318097
7.84,1.0,-3.84,0.7907919010507529,0.20593539089863358,15.7456,48.047701333333336,3.242576290933525,0.8171665778726128,0.16694030399800924,0.08142601963118018,-0.08142601963118018,0.026285752506310538,-0.10771177213749072,-0.3226056547098872,1.5834350759806635,0.026157833413605527,0.5135540485207877,1.0390701133891607
7.8500000000000005,1.0,-3.8500000000000005,0.7883754322862077,0.2047728395548591,15.822500000000003,48.205541666666676,3.240018253856759,0.8145352896295069,0.1658669345129562,0.08071893795226814,-0.08071893795226814,0.0262442957133125,-0.10696323366558064,-0.3224368798388371,1.579582509415593,0.025883752827285073,0.5131177130483918,1.0365420105080698
7.86,1.0,-3.8600000000000003,0.7859666981847631,0.20361831559190752,15.899600000000003,48.364152000000004,3.2374497705850933,0.8119138310805797,0.16480101727498603,0.08001860759785731,-0.08001860759785731,0.026202702542653684,-0.10622131014051099,-0.3222714031044806,1.575748016383719,0.025613011093600778,0.5126817483035659,1.0340257677079336
7.87,1.0,-3.87,0.7835656565725995,0.20247174588439262,15.9769,48.52353433333333,3.2348708368203525,0.8093021352013863,0.16374248651038073,0.07932495325065231,-0.07932495325065231,0.02616097332727702,-0.10548592657792932,-0.32210921192784586,1.5719314746936248,0.02534556088908269,0.5122461539713256,1.0315213048052003
7.88,1.0,-3.88,0.7811722655501161,0.20133305813147323,16.0544,48.683690666666664,3.232281448465924,0.8067001355902156,0.16269127719031806,0.07863790057534809,-0.07863790057534809,0.026119108405242425,-0.10475700898059051,-0.3219502938010763,1.5681327632053383,0.025081355657199673,0.5118109297369536,1.0290285423062882
7.890000000000001,1.0,-3.8900000000000006,0.7787864834913096,0.200202180846095,16.132100000000005,48.844623000000006,3.22968160162729,0.804107766461867,0.1616473250210731,0.07795737620421078,-0.07795737620421078,0.02607710811972454,-0.10403448432393532,-0.3217946362872781,1.5643517618196612,0.024820349594422916,0.5113760752860007,1.0265474014005855
7.9,1.0,-3.9000000000000004,0.7764082690431188,0.19907904334438942,16.21,49.00633333333334,3.2270712926125524,0.8015249626414945,0.1606105664343623,0.0772833077228887,-0.0772833077228887,0.026034972819010127,-0.10331828054189883,-0.32164222702035783,1.56058835146762,0.02456249763656871,0.5109415903042844,1.0240778039535265
7.91,1.0,-3.91,0.7740375811247386,0.19796357573522727,16.2881,49.16882366666666,3.2244505179329552,0.7989516595585201,0.15958093857782835,0.07661562365644967,-0.07661562365644967,0.02599270285649526,-0.10260832651294492,-0.32149305370485204,1.5568424141000319,0.024307755445414414,0.5105074744778895,1.0216196724997453
7.92,1.0,-3.92,0.7716743789269068,0.19685570890992524,16.3664,49.332096,3.2218192743034,0.796387793240615,0.15855837930566416,0.07595425345564126,-0.07595425345564126,0.02595029859068222,-0.10190455204632348,-0.32134710411574935,1.5531138326771932,0.024056079395581832,0.5100737274931669,1.0191729302363088
7.930000000000001,1.0,-3.9300000000000006,0.7693186219111607,0.19575537453210196,16.444900000000004,49.49615233333334,3.219177558642964,0.7938333003077479,0.15754282716937276,0.07529912748336991,-0.07529912748336991,0.025907760385176185,-0.10120688786854609,-0.32120436609830405,1.5494024911586786,0.023807426561681968,0.5096403490367347,1.0167375010160231
7.94,1.0,-3.9400000000000004,0.7669702698090667,0.19466250502768187,16.523600000000002,49.660994666666674,3.2165253680754047,0.7912881179662973,0.1565342214086612,0.07465017700139498,-0.07465017700139498,0.025865088608681544,-0.10051526561007652,-0.3210648275678424,1.5457082744932582,0.023561754705715685,0.5092073387954769,1.0143133093408163
7.95,1.0,-3.95,0.7646292826214239,0.19357703357504402,16.6025,49.826625,3.213862699929668,0.7887521840032312,0.1555325019424668,0.07400733415723461,-0.07400733415723461,0.02582228363499804,-0.09982961779223265,-0.32092847650956186,1.5420310686089251,0.023319022264724473,0.5087746964565434,1.011900280355196
7.96,1.0,-3.96,0.7622956206174435,0.192498894095314,16.6816,49.993045333333335,3.21118955174039,0.78622543678035,0.15453760936011302,0.07337053197127946,-0.07337053197127946,0.025779345843016617,-0.09914987781429607,-0.3207953009783234,1.5383707604030359,0.02307918833868622,0.5083424217073503,1.0094983398397777
7.97,1.0,-3.9699999999999998,0.7599692443339029,0.1914280212427967,16.7609,50.16025766666666,3.208505921248391,0.783707815228594,0.15354948491259401,0.07273970432411125,-0.07273970432411125,0.025736275616714967,-0.09847597994082621,-0.32066528909843744,1.5347272377325631,0.022842212678650515,0.507910514235579,1.007107414204889
7.98,1.0,-3.9800000000000004,0.7576501145742779,0.1903643503955472,16.840400000000002,50.328264000000004,3.2058118064011736,0.7811992588424128,0.15256807050398377,0.07211478594402215,-0.07211478594402215,0.02569307334515289,-0.09780785928917504,-0.32053842906344265,1.5311003894044533,0.022608055675108332,0.5074789737291763,1.0047274304842426
7.99,1.0,-3.99,0.7553381924078515,0.18930781764607804,16.9201,50.497066333333336,3.2031072053534055,0.7786997076741979,0.15159330868297033,0.07149571239473188,-0.07149571239473188,0.025649739422467257,-0.09714545181719914,-0.3204147091358798,1.5274901051660978,0.0223766783465911,0.5070477998763542,1.002358316328683
8.0,1.0,-4.0,0.7530334391688017,0.18825835979220043,17.0,50.666666666666664,3.200392116467407,0.7762091023287752,0.15062514263451074,0.07088242006329917,-0.07088242006329917,0.025606274247866826,-0.096488694311166,-0.32029411764705884,1.5238962756959047,0.02214804232849417,0.5066169923655895,1.0
8.01,1.0,-4.01,0.7507358164552703,0.18721591432799758,17.080099999999998,50.837067,3.1976665383136313,0.7737273839579606,0.14966351617160734,0.0702748461482246,-0.0702748461482246,0.025562678225626707,-0.0958375243738513,-0.32017664299682086,1.5203187925939814,0.021922109862119964,0.5061865508856239,0.9976524103648133
8.02,1.0,-4.02,0.7484452861284104,0.186180419434928,17.160399999999996,51.008269333333324,3.1949304696711374,0.7712544942551738,0.14870837372720097,0.06967292864774108,-0.06967292864774108,0.02551895176508259,-0.09519188041282367,-0.3200622736532948,1.5167575483729183,0.021698843783936043,0.5057564751254634,0.9953154768885261
8.03,1.0,-4.029999999999999,0.746161810311416,0.18515181397305613,17.240899999999996,51.18027566666665,3.1921839095280626,0.7687903754501111,0.14775966034618068,0.06907660634828905,-0.06907660634828905,0.025475095280624666,-0.09455170162891371,-0.31995099815264866,1.513212436448675,0.021478207515043434,0.5053267647743781,0.9929891296293437
8.040000000000001,1.0,-4.040000000000001,0.7438853513885346,0.18413003747240952,17.321600000000007,51.353088000000014,3.1894268570820903,0.7663349703034794,0.14681732167750866,0.0684858188131737,-0.0684858188131737,0.02543110919169135,-0.09391692800486505,-0.3198428050988361,1.5096833511315717,0.021260165050850897,0.5048974195219024,0.9906732992323624
8.05,1.0,-4.050000000000001,0.7416158720040614,0.1831150301244596,17.402500000000007,51.526708333333346,3.186659311740909,0.7638882221017852,0.14588130396645657,0.06790050637140053,-0.06790050637140053,0.025386993922762616,-0.09328750029416315,-0.31973768316333856,1.506170187617379,0.021044680950950672,0.5044684390578341,0.9883679169237218
8.06,1.0,-4.0600000000000005,0.7393533350613178,0.18210673277372355,17.483600000000003,51.70113866666668,3.1838812731226738,0.761450074652182,0.14495155404695337,0.06732061010668634,-0.06732061010668634,0.025342749903353147,-0.0926633600100395,-0.3196356210849024,1.502672841978505,0.020831720329191186,0.5040398230722352,0.9860729145048223
8.07,1.0,-4.07,0.7370977037216134,0.18110508690948732,17.5649,51.87638100000001,3.181092741056454,0.7590204722773743,0.1440280193340421,0.06674607184664316,-0.06674607184664316,0.02529837756800516,-0.09204444941464832,-0.3195366076692723,1.4991912111552843,0.02062124884394301,0.5036115712554302,0.9837882243466088
8.08,1.0,-4.08,0.7348489414031962,0.18011003465764613,17.6464,52.05243733333334,3.1782937155826865,0.756599359810578,0.14311064781644411,0.06617683415213213,-0.06617683415213213,0.025253877356280995,-0.09143071150841313,-0.3194406317889201,1.495725192947363,0.020413232688553603,0.5031836832980074,0.981513779383917
8.09,1.0,-4.09,0.7326070117801844,0.17912151877266122,17.728099999999998,52.229309666666666,3.175484196953615,0.7541866825905348,0.14219938804922902,0.06561284030678377,-0.06561284030678377,0.025209249712755365,-0.09082209001953914,-0.3193476823827709,1.4922746860051783,0.02020763858198693,0.5027561588908177,0.9792495131098828
8.1,1.0,-4.1,0.7303718787814886,0.17813948262963136,17.81,52.407000000000004,3.1726641856337343,0.7517823864565825,0.1412941891465886,0.0650540343066831,-0.0650540343066831,0.025164495087007417,-0.09021852939369052,-0.3192577484559236,1.4888395898215352,0.020004433759644176,0.5023289977249746,0.9769953595704141
8.11,1.0,-4.109999999999999,0.7281435065897179,0.17716387021647642,17.892099999999996,52.585510333333325,3.169833682300217,0.7493864177437772,0.14039500077471276,0.06450036085021542,-0.06450036085021542,0.02511961393361238,-0.0896199747838278,-0.3191708190793702,1.485419804723274,0.01980358596436153,0.5019021994918543,0.9747512533587236
8.120000000000001,1.0,-4.120000000000001,0.7259218596400766,0.17619462612623213,17.97440000000001,52.764842666666674,3.1669926878433485,0.7469987232780722,0.13950177314476744,0.06395176532807123,-0.06395176532807123,0.025074606712133095,-0.08902637204020433,-0.3190868833897098,1.4820152318630337,0.019605063437581453,0.5014757638830949,0.9725171296099234
8.13,1.0,-4.130000000000001,0.7237069026192483,0.17523169554945475,18.056900000000006,52.94499900000002,3.1641412033669507,0.7446192503715459,0.13861445700597072,0.06340819381340751,-0.06340819381340751,0.025029473887111138,-0.08843766770051864,-0.3190059305888608,1.4786257732111052,0.01940883491069394,0.5010496905905968,0.9702929239956793
8.14,1.0,-4.140000000000001,0.7214986004642677,0.17427502426673133,18.139600000000005,53.12598133333334,3.1612792301888004,0.7422479468176836,0.1377330036387667,0.06286959305216147,-0.06286959305216147,0.02498421592805774,-0.08785380898021922,-0.31892794994376944,1.4752513315473736,0.019214869596543616,0.5006239793065219,0.968078572718923
8.15,1.0,-4.15,0.7192969183613843,0.17332455864129742,18.222500000000004,53.307791666666674,3.1584067698410427,0.7398847608867103,0.1368573648480961,0.06233591045351614,-0.06233591045351614,0.024938833309444325,-0.08727474376296046,-0.31885293078611604,1.4718918104533532,0.019023137181100002,0.5001986297232938,0.9658740125086249
8.16,1.0,-4.16,0.7171018217449147,0.17238024561175833,18.305600000000002,53.490432000000006,3.1555238240706034,0.7375296413209745,0.13598749295676132,0.061807094080513866,-0.061807094080513866,0.024893326510692912,-0.08670042059120678,-0.3187808625120182,1.4685471143043074,0.01883360781528694,0.49977364153359743,0.9636791806146245
8.17,1.0,-4.17,0.7149132762960864,0.1714420326849128,18.3889,53.67390433333333,3.152630394839593,0.7351825373303824,0.13512334079888477,0.06128309264081586,-0.06128309264081586,0.024847696016166116,-0.08613078865698198,-0.31871173458173135,1.465217148261459,0.018646252106968093,0.4993490144303789,0.9614940148025173
8.18,1.0,-4.18,0.7127312479418728,0.1705098679286777,18.472399999999997,53.85821066666666,3.1497264843257056,0.7328433985878801,0.1342648617134586,0.06076385547760518,-0.06076385547760518,0.024801942315156925,-0.0855657977927621,-0.3186455365193478,1.4619018182642844,0.018461041113085223,0.4989247481068449,0.9593184533485983
8.19,1.0,-4.1899999999999995,0.7105557028538191,0.16958369996511197,18.556099999999997,54.043352999999996,3.146812094922614,0.7305121752249869,0.1334120095379855,0.060249332560630656,-0.060249332560630656,0.024756065901878125,-0.08500539846250878,-0.3185822579124924,1.4586010310228938,0.018277946331946043,0.4985008422564632,0.9571524350348628
8.2,1.0,-4.199999999999999,0.7083866074468623,0.16866347796353867,18.639999999999993,54.22933333333332,3.14388722924036,0.7281888178273764,0.132564738602208,0.05973947447738989,-0.05973947447738989,0.02471006727545157,-0.08444954175284146,-0.3185218884120172,1.455314694010497,0.018096939695658662,0.4980772965729617,0.9549958991440615
8.21,1.0,-4.210000000000001,0.7062239283781413,0.16774915163376275,18.724100000000007,54.41615366666668,3.1409518901057383,0.7258732774305039,0.13172300372192533,0.05923423242444822,-0.05923423242444822,0.024663946939897024,-0.08389817936434524,-0.31846441773169337,1.4520427154559494,0.01791799356270931,0.4976541107503285,0.952848785454809
8.22,1.0,-4.220000000000001,0.7040676325458034,0.16684067121938467,18.808400000000006,54.603816000000016,3.1380060805626755,0.7235655055152831,0.1308867601928968,0.05873355819889246,-0.05873355819889246,0.024617705404120813,-0.08335126360301327,-0.318409835647902,1.4487850043363846,0.017741080710680826,0.4972312844828121,0.9507110342367496
8.23,1.0,-4.23,0.7019176870878011,0.16593798749120595,18.892900000000004,54.79232233333334,3.1350498038726053,0.7212654540038085,0.13005596378483,0.058237404189915874,-0.058237404189915874,0.024571343181904154,-0.08280874737182004,-0.3183581319993225,1.4455414703699225,0.017566174329108387,0.49680881746492034,0.9485825862457729
8.24,1.0,-4.24,0.6997740593806858,0.16504105174072778,18.977600000000002,54.98167466666666,3.132083063514836,0.7189730752551233,0.1292305707354523,0.05774572337053344,-0.05774572337053344,0.024524860791891197,-0.08227058416242464,-0.31830929668662,1.4423120240084641,0.017393248012470254,0.4963867093914209,0.9464633827192838
8.25,1.0,-4.25,0.6976367170383939,0.16414981577373974,19.0625,55.171875,3.129105863186914,0.7166883220610344,0.12841053774466524,0.057258469289424484,-0.057258469289424484,0.024478258757576806,-0.08173672804700129,-0.3182633196721312,1.4390965764305608,0.0172222757533104,0.49596495995734047,0.9443533653715249
8.26,1.0,-4.26,0.6955056279110302,0.1632642319039977,19.147599999999997,55.36292533333332,3.126118206804986,0.7144111476419714,0.1275958219687797,0.05677559606290098,-0.05677559606290098,0.024431537607294055,-0.08120713367019504,-0.31822019097954835,1.4358950395343641,0.01705323193549037,0.4955435688579652,0.9422524763889499
8.27,1.0,-4.27,0.6933807600836429,0.162384252946989,19.232899999999997,55.55482766666667,3.123120098504144,0.7121415056428898,0.1267863810148305,0.05629705836699888,-0.05629705836699888,0.024384697874201337,-0.08068175624120022,-0.31817990069360313,1.4327073259306542,0.016886091327567763,0.4951225357888401,0.9401606584256478
8.28,1.0,-4.279999999999999,0.6912620818749994,0.16150983221378493,19.318399999999993,55.74758399999999,3.1201115426387815,0.7098793501292197,0.1259821729349708,0.05582281142969141,-0.05582281142969141,0.024337740096269395,-0.0801605515259608,-0.31814243895974825,1.429533348935942,0.01672082907629876,0.4947018604457685,0.9380778545988173
8.290000000000001,1.0,-4.290000000000001,0.6891495618363525,0.16064092350497722,19.404100000000007,55.94119633333335,3.1170925437829298,0.707624635582855,0.1251831562209421,0.05535281102322103,-0.05535281102322103,0.02429066481626784,-0.07964347583948887,-0.3181077959838385,1.4263730225656488,0.016557420700262022,0.4942815425248126,0.9360040084842908
8.3,1.0,-4.300000000000001,0.6870431687502088,0.1597774811046997,19.490000000000006,56.13566666666668,3.114063106730598,0.7053773168981907,0.12438928979862264,0.05488701345654974,-0.05488701345654974,0.02424347258175156,-0.0791304860383013,-0.3180759620318112,1.4232262615273619,0.01639584208360181,0.49386158172229266,0.9339390641121091
8.31,1.0,-4.3100000000000005,0.6849428716290883,0.15891945977473043,19.576100000000004,56.33099700000002,3.1110232364961012,0.703137349378195,0.12360053302264848,0.05442537556792362,-0.05442537556792362,0.024196163945046693,-0.07862153951297032,-0.3180469274293654,1.4200929812141603,0.0162360694698873,0.4934419777347871,0.9318829659621412
8.32,1.0,-4.32,0.682848639714285,0.15806681474867706,19.6624,56.52718933333334,3.107972938314388,0.7009046887305305,0.12281684567111045,0.053967854717552007,-0.053967854717552007,0.02414873946323643,-0.07811659418078844,-0.3180206825616405,1.4169730976980184,0.016078079456086445,0.4930227302591319,0.9298356589597552
8.33,1.0,-4.33,0.6807604424746236,0.15721950172624105,19.7489,56.724245666666675,3.1049122176413615,0.6986792910637133,0.12203818794032326,0.05351440878039786,-0.05351440878039786,0.024101199698146496,-0.07761560847854435,-0.3179972178728942,1.4138665277232774,0.015921848986651516,0.4926038389924207,0.9277970884715359
8.34,1.0,-4.34,0.6786782496052141,0.15637747686756084,19.8356,56.922168,3.10184108015419,0.6964611128833121,0.12126452043966542,0.05306499613907802,-0.05306499613907802,0.02405354521633028,-0.0771185413554083,-0.31797652386618,1.4107731887001909,0.015767355347714295,0.49218530363200463,0.9257672003010474
8.35,1.0,-4.35,0.676602031026204,0.1555406967876331,19.922499999999996,57.12095833333332,3.09875953175162,0.6942501110881918,0.12049580418649165,0.05261957567687176,-0.05261957567687176,0.0240057765890538,-0.07662535226592557,-0.3179585911030242,1.4076929986985403,0.015614576161388696,0.49176712387549193,0.9237459406846448
8.36,1.0,-4.359999999999999,0.6745317568815291,0.15470911855080946,20.009599999999995,57.320618666666654,3.095667578554276,0.6920462429667911,0.1197320006011127,0.052178106770835134,-0.052178106770835134,0.02395789439228024,-0.07613600116311538,-0.3179434102031025,1.4046258764413189,0.015463489380178464,0.4913492994207475,0.9217332562873286
8.370000000000001,1.0,-4.370000000000001,0.6724673975376639,0.1538826996653693,20.09690000000001,57.52115100000002,3.0925652269049615,0.6898494661934448,0.11897307150184518,0.05174054928502042,-0.05174054928502042,0.02390989920665434,-0.07565044849167477,-0.3179309718439162,1.4015717412984856,0.015314073281488113,0.4909318299658933,0.9197290941986467
8.38,1.0,-4.380000000000001,0.67040892358237,0.15306139807816663,20.184400000000007,57.722557333333356,3.0894524833689476,0.687659738824744,0.11821897910012877,0.05130686356379816,-0.05130686356379816,0.023861791617486392,-0.07516865518128456,-0.3179212667604685,1.398530513280789,0.015166306462234852,0.4905147152093076,0.9177334019286412
8.39,1.0,-4.390000000000001,0.668356305823442,0.15224517216934894,20.272100000000005,57.92483966666668,3.0863293547342594,0.6854770192959301,0.11746968599570823,0.05087701042527998,-0.05087701042527998,0.023813572214735977,-0.07469058264001596,-0.3179142857449401,1.3955021130336518,0.015020167833559315,0.49009795484962504,0.915746127403835
8.4,1.0,-4.4,0.6663095152874563,0.15143398074714914,20.360000000000003,58.128,3.083195848011957,0.6833012664173344,0.11672515517188324,0.05045095115484147,-0.05045095115484147,0.023765241592995427,-0.07421619274783689,-0.31791001964636545,1.3924864618311297,0.014875636615633509,0.48968154858573615,0.9137672189632688
8.41,1.0,-4.41,0.6642685232185173,0.15062778304274768,20.4481,58.33204033333333,3.0800519704364087,0.6811324393708487,0.1159853499908207,0.05002864749874261,-0.05002864749874261,0.02371680035147301,-0.07374544785021563,-0.31790845937030826,1.3894834815699308,0.014732692332563678,0.4892654961167874,0.9117966253545748
8.42,1.0,-4.42,0.6622333010770036,0.14982653870520443,20.5364,58.53696266666667,3.07689772946556,0.6789704977064374,0.11525023418893182,0.04961006165784449,-0.04961006165784449,0.023668249093975798,-0.07327831075182029,-0.3179095958785376,1.3864930947635024,0.014591314807386341,0.4888497971421809,0.9098342957300978
8.43,1.0,-4.43,0.6602038205383154,0.14903020779645948,20.624899999999997,58.74276899999999,3.0737331327811965,0.6768154013386841,0.11451977187231101,0.04919515628142079,-0.04919515628142079,0.023619588428892273,-0.07281474471031307,-0.31791342018870394,1.3835152245361806,0.014451484157155622,0.4884344513615741,0.907880179643055
8.44,1.0,-4.4399999999999995,0.658180053491621,0.14823875078640117,20.713599999999996,58.94946133333333,3.0705581882891986,0.6746671105433746,0.1137939275122365,0.0487838944610623,-0.0487838944610623,0.023570818969174612,-0.07235471343023692,-0.31791992337401515,1.3805497946174026,0.014313180788119998,0.4880194584748796,0.9059342270437394
8.45,1.0,-4.449999999999999,0.656161972038605,0.14745212854800116,20.802499999999995,59.15704166666666,3.0673729041197935,0.6725255859541162,0.11307266594073181,0.04837623972467317,-0.04837623972467317,0.023521941332320738,-0.07189818105699392,-0.3179290965629131,1.3775967293359834,0.014176385390986776,0.48760481818226514,0.9039963882757626
8.46,1.0,-4.460000000000001,0.6541495484922157,0.14667030235251471,20.891600000000007,59.36551200000002,3.0641772886277976,0.6703907885589926,0.11235595234618698,0.047972156030557135,-0.047972156030557135,0.023472956140356004,-0.07144511217091314,-0.3179409309387505,1.3746559536144545,0.01404107893627244,0.487190530184153,0.9020666140723403
8.47,1.0,-4.470000000000001,0.6521427553754169,0.14589323386474648,20.980900000000005,59.57487433333335,3.0609713503928604,0.6682626796972538,0.11164375226903862,0.04757160776159292,-0.04757160776159292,0.02342386401981473,-0.07099547178140765,-0.3179554177394678,1.371727392963461,0.013907242669737375,0.48677659418122005,0.9001448555526169
8.48,1.0,-4.48,0.6501415654199352,0.14512088513837837,21.070400000000003,59.785130666666674,3.057755098219688,0.6661412210560388,0.11093603159750759,0.04717455971949596,-0.04717455971949596,0.023374665601721238,-0.0705492253212172,-0.3179725482572709,1.3688109734762217,0.013774858107902873,0.4863630098743976,0.8982310642180279
8.49,1.0,-4.49,0.6481459515650142,0.14435321861136174,21.160100000000003,59.996283000000005,3.054528541138276,0.6640263746671342,0.11023275656339432,0.04678097711916679,-0.04678097711916679,0.02332536152157081,-0.07010633864073759,-0.3179923138383089,1.3659066218230478,0.013643907033649342,0.485949776964871,0.8963251919487045
8.5,1.0,-4.5,0.6461558869561682,0.14359019710137072,21.25,60.20833333333333,3.051291688404128,0.6619181029037678,0.10953389373793075,0.04639082558312361,-0.04639082558312361,0.023275952419310283,-0.0696667780024339,-0.3180147058823529,1.3630142652459214,0.013514371491893714,0.48553689515407944,0.8944271909999159
8.51,1.0,-4.51,0.6441713449439358,0.14283178380131614,21.3401,60.42128366666665,3.0480445494984667,0.6598163684774311,0.10883941002768628,0.04600407113601764,-0.04600407113601764,0.023226438939318278,-0.06923051007533593,-0.3180397158424749,1.360133831553131,0.0133862337853446,0.4851243641437157,0.8925370139985481
8.52,1.0,-4.52,0.6421922990826385,0.14207794227492004,21.430399999999995,60.63513599999999,3.0447871341284456,0.6577211344347393,0.10814927267053011,0.04562068019923065,-0.04562068019923065,0.023176821730385284,-0.06879750192961594,-0.3180673352247275,1.3572652491139663,0.013259476470333738,0.4847121836357261,0.8906546139396235
8.53,1.0,-4.529999999999999,0.6402187231291386,0.14132863645234853,21.520899999999994,60.849892333333315,3.0415194522273463,0.6556323641543216,0.10746344923164623,0.04524061958555241,-0.04524061958555241,0.023127101445693344,-0.06836772103124575,-0.31809755558782393,1.3544084468534674,0.013134082352722105,0.48430035333231036,0.8887799441828554
8.540000000000001,1.0,-4.540000000000001,0.638250591041602,0.1405838306259035,21.61160000000001,61.06555466666669,3.038241513954777,0.6535500213437431,0.10678190759960175,0.04486385649393768,-0.04486385649393768,0.02307727874279554,-0.06794113523673323,-0.3181303685428196,1.3515633542472334,0.013010034483879345,0.4838888729359208,0.8869129584492399
8.55,1.0,-4.550000000000001,0.6362878769782607,0.13984348944577157,21.702500000000008,61.282125000000015,3.0349533296968585,0.6514740700364611,0.10610461598246795,0.0444903585043409,-0.0444903585043409,0.02302735428359512,-0.06751771278793603,-0.31816576575279343,1.348729901316286,0.012887316156735079,0.4834777421492631,0.885053610817687
8.56,1.0,-4.5600000000000005,0.6343305552961797,0.13910757791582887,21.793600000000005,61.499605333333335,3.0316549100664085,0.6494044745888097,0.10543154290399198,0.04412009357262715,-0.04412009357262715,0.02297732873432441,-0.06709742230695157,-0.3182037389325306,1.3459080186219836,0.01276591090190045,0.48306696067529514,0.8832018557216824
8.57,1.0,-4.57,0.6323786005500248,0.13837606138950215,21.884900000000002,61.71799766666667,3.0283462659031155,0.6473411996770165,0.10476265719981975,0.043753030025558845,-0.043753030025558845,0.022927202765523357,-0.0666802327910822,-0.31824427984820586,1.3430976372609968,0.012645802483858928,0.4826565282172273,0.8813576479459903
8.58,1.0,-4.58,0.6304319874908351,0.13764890556568452,21.9764,61.937304,3.025027408273709,0.645284210294251,0.10409792801376878,0.04338913655585638,-0.04338913655585638,0.022876977052017886,-0.06626611360787427,-0.3182873803170674,1.3402986888603319,0.012526974897224706,0.48224644447852205,0.8795209426233876
8.59,1.0,-4.59,0.6284906910647973,0.1369260764847053,22.068099999999998,62.15752633333333,3.0216983484721247,0.6432334717477021,0.10343732479415046,0.043028382217331865,-0.043028382217331865,0.022826652272897915,-0.06585503449022978,-0.3183330322071225,1.33751110557241,0.012409412363067534,0.48183670916289395,0.8776916952314358
8.6,1.0,-4.6,0.6265546864120229,0.13620754052435283,22.159999999999997,62.37866666666666,3.018359098019658,0.6411889496556858,0.10278081729014041,0.0426707364200944,-0.0426707364200944,0.02277622911149511,-0.0654469655315895,-0.31838122743682307,1.3347348200701992,0.012293099325302604,0.4814273219743092,0.875869861589285
8.61,1.0,-4.609999999999999,0.6246239488653288,0.13549326439594986,22.252099999999995,62.60072699999999,3.0150096686651153,0.6391506099447826,0.1021283755481969,0.04231616892582613,-0.04231616892582613,0.02272570825536032,-0.06504187718118645,-0.318431957974753,1.3319697655423952,0.012178020447144304,0.4810182826169855,0.8740553978545135
8.620000000000001,1.0,-4.620000000000001,0.6226984539490208,0.13478321514048067,22.34440000000001,62.82370933333335,3.0116500723849575,0.6371184188470036,0.10147996990852648,0.04196464984312778,-0.04196464984312778,0.0226750903962408,-0.06463974023936858,-0.31848521583931544,1.3292158756886583,0.012064160607622545,0.4806095907953918,0.8722482605199994
8.63,1.0,-4.630000000000001,0.6207781773776819,0.1340773601247693,22.43690000000001,63.047615666666694,3.0082803213834377,0.6350923428969869,0.100835571001596,0.04161614962293269,-0.04161614962293269,0.0226243762300571,-0.06424052585298978,-0.31854099309842265,1.326473084714896,0.011951504898160553,0.4802012462142484,0.870448406410828
8.64,1.0,-4.640000000000001,0.6188630950549617,0.13337566703770726,22.529600000000006,63.27244800000001,3.0049004280927303,0.6330723489292199,0.10019514974469,0.04127063905398778,-0.04127063905398778,0.022573566456879687,-0.06384420551086746,-0.3185992818691854,1.323741327328598,0.0118400386192127,0.4797932485785264,0.8686557926812285
8.65,1.0,-4.65,0.6169531830723706,0.1326781038865313,22.622500000000002,63.49820833333334,3.001510405173055,0.6310584040752926,0.09955867733851381,0.04092808925840108,-0.04092808925840108,0.02252266178090529,-0.06345075103930636,-0.3186600743176042,1.3210205387342202,0.011729747276961548,0.4793855975934473,0.8668703768115459
8.66,1.0,-4.66,0.615048417708078,0.1319846389931498,22.715600000000002,63.72489866666666,2.9981102655127936,0.6290504757611765,0.0989261252638406,0.040588471687254345,-0.040588471687254345,0.022471662910432982,-0.06306013459768733,-0.3187233626582613,1.3183106546286187,0.011620616580072707,0.4789782929644833,0.865092116605244
8.67,1.0,-4.67,0.613148775425714,0.13129524099051693,22.808899999999998,63.95252099999999,2.994700022228601,0.6270485317045329,0.09829746527820266,0.04025175811627973,-0.04025175811627973,0.022420570557839962,-0.06267232867411969,-0.3187891391540144,1.31561161119653,0.011512632436506534,0.47857133439735683,0.8633209701859406
8.68,1.0,-4.68,0.6112542328731742,0.1306098788190543,22.902399999999997,64.18107733333332,2.991279688665509,0.6250525399120467,0.09767266941262517,0.03991792064159964,-0.03991792064159964,0.022369385439557063,-0.0622873060811567,-0.3188573961156909,1.3129233451061,0.01140578095038549,0.4781647215980403,0.861556895994472
8.69,1.0,-4.6899999999999995,0.6093647668814292,0.12992852172311925,22.996099999999995,64.41056966666666,2.9878492783970216,0.6230624686767882,0.09705170996840341,0.03958693167552863,-0.03958693167552863,0.02231810827604401,-0.06190503995157264,-0.3189281259017833,1.310245793504461,0.011300048418916188,0.4777584542727559,0.8597998527859924
8.700000000000001,1.0,-4.700000000000001,0.6074803544633375,0.12925113924751858,23.09000000000001,64.64100000000002,2.9844088052252054,0.6210782865756004,0.0964345595139209,0.03925876394243639,-0.03925876394243639,0.022266739791764346,-0.06152550373420074,-0.31900132091814637,1.3075788940133526,0.011195421329364965,0.4773525321279754,0.8580497996270984
8.71,1.0,-4.710000000000001,0.6056009728124643,0.1285777012340688,23.184100000000008,64.87237033333336,2.980958283180776,0.6190999624665152,0.09582119088151014,0.03893339047467123,-0.03893339047467123,0.0222152807151602,-0.06114867118983143,-0.3190769736176949,1.3049225847247938,0.011091886356086177,0.4769469548704202,0.8563066958929905
8.72,1.0,-4.720000000000001,0.6037265993019005,0.12790817781819924,23.278400000000005,65.10468266666668,2.97749772652317,0.6171274654861909,0.09521157716435244,0.03861078460854211,-0.03861078460854211,0.02216373177862662,-0.06077451638716873,-0.3191550765001031,1.3022768041967934,0.01098943035760183,0.4765417222070607,0.8545705012646571
8.73,1.0,-4.73,0.6018572114830897,0.12724253942560035,23.372900000000005,65.337939,2.974027149740615,0.6151607650473785,0.094605691713419,0.03829091998035946,-0.03829091998035946,0.022112093718485718,-0.06040301369884518,-0.3192356221115052,1.2996414914491112,0.010888040373731998,0.4761368338451162,0.8528411757260941
8.74,1.0,-4.74,0.5999927870846584,0.12658075676891525,23.4676,65.57214133333333,2.970546567550196,0.6131998308364146,0.09400350813445187,0.037973770522533354,-0.037973770522533354,0.022060367274960628,-0.06003413779749398,-0.3193186030441971,1.297016585959063,0.010787703622774826,0.4757322894920548,0.8511186795615505
8.75,1.0,-4.75,0.598133304011249,0.12592280084447346,23.5625,65.80729166666666,2.967055994897906,0.6112446328107348,0.09340500028498251,0.0376593104597277,-0.0376593104597277,0.02200855319214901,-0.05966786365187671,-0.31940401193633955,1.2944020276573651,0.010688407498735147,0.47532808885559336,0.8494029733528036
8.76,1.0,-4.76,0.5962787403423598,0.1252686429290672,23.6576,66.043392,2.9635554469586998,0.6092951411964168,0.09281014227139038,0.03734751430507052,-0.03734751430507052,0.021956652217996447,-0.05930416652306697,-0.3194918414716624,1.2917977569240293,0.010590139568600974,0.4749242316436967,0.847694017976463
8.77,1.0,-4.77,0.5944290743311871,0.1246182545767688,23.752899999999997,66.28044433333332,2.960044939136531,0.6073513264857435,0.09221890844599806,0.037038356856418445,-0.037038356856418445,0.021904665104269475,-0.058943021960687916,-0.3195820843791705,1.2892037145842938,0.010492887569666761,0.4745207175645781,0.8459917746013023
8.78,1.0,-4.779999999999999,0.5925842844034731,0.12397160761578938,23.848399999999994,66.51845066666665,2.9565244870643905,0.6054131594347942,0.09163127340420489,0.03673181319267535,-0.03673181319267535,0.021852592606528397,-0.05858440579920375,-0.31967473343285085,1.2866198419046022,0.010396639406902719,0.4741175463266986,0.8442962046856191
8.790000000000001,1.0,-4.790000000000001,0.5907443491563575,0.12332867414537733,23.94410000000001,66.75741300000001,2.9529941066043306,0.6034806110610557,0.09104721198165629,0.03642785867016372,-0.03642785867016372,0.02180043548409977,-0.05822829415426349,-0.3197697814513805,1.2840460805886198,0.010301383150369174,0.4737147176387669,0.8426072699746218
8.8,1.0,-4.800000000000001,0.5889092473572359,0.12268942653275747,24.040000000000006,66.99733333333334,2.9494538138474904,0.6015536526410616,0.09046669925145076,0.03612646891904855,-0.03612646891904855,0.021748194500048768,-0.05787466341909732,-0.31986722129783696,1.2814823727732965,0.010207107032675328,0.47331223120973925,0.8409249324978453
8.81,1.0,-4.8100000000000005,0.5870789579426186,0.1220538374101078,24.136100000000006,67.23821366666668,2.9459036251141035,0.5996322557080498,0.089889710521381,0.03582761983981194,-0.03582761983981194,0.021695870421151044,-0.057523490260962984,-0.3199670458794089,1.2789286610249648,0.010113799446481227,0.47291008674881935,0.8392491545665911
8.82,1.0,-4.82,0.5852534600169985,0.12142187967157644,24.232400000000002,67.480056,2.9423435569535092,0.597716392049647,0.08931622133121182,0.03553128759977889,-0.03553128759977889,0.021643464017864572,-0.05717475161764346,-0.32006924814710885,1.2763848883354838,0.01002144894204259,0.4725082839654577,0.8375798987713963
8.83,1.0,-4.83,0.5834327328517211,0.12079352647033564,24.3289,67.72286233333334,2.938773626144149,0.595806033705574,0.08874620744999188,0.035237448629692324,-0.035237448629692324,0.021590976064301076,-0.0568284246939934,-0.32017382109548725,1.2738509981184183,0.00993004422479731,0.4721068225693517,0.8359171279795271
8.84,1.0,-4.84,0.5816167558838607,0.1201687512156737,24.4256,67.96663466666666,2.9351938496935595,0.5939011529653743,0.08817964487340021,0.034946079620337446,-0.034946079620337446,0.021538407338197244,-0.05648448695853469,-0.3202807577623477,1.2713269342052627,0.009839574152993065,0.47170570227044556,0.8342608053324999
8.85,1.0,-4.85,0.5798055087151001,0.11954752757012371,24.522499999999997,68.21137499999999,2.9316042448383586,0.5920017223661646,0.08761650982112634,0.03465715751921401,-0.03465715751921401,0.021485758620885708,-0.056142916140099725,-0.32039005122846365,1.2688126408416993,0.009750027735355183,0.4713049227789299,0.8326108942436267
8.86,1.0,-4.859999999999999,0.5779989711106155,0.11892982944662872,24.619599999999995,68.45708533333332,2.92800482904422,0.5901077146904067,0.08705677873428361,0.03437065952725619,-0.03437065952725619,0.02143303069726568,-0.05580369022452187,-0.3205016946172968,1.266308062683899,0.00966139412879403,0.47090448380524136,0.8309673583955868
8.870000000000001,1.0,-4.870000000000001,0.5761971229979678,0.11831563100574284,24.71690000000001,68.70376766666669,2.9243956200058463,0.588219102963702,0.08650042827285555,0.03408656309559909,-0.03408656309559909,0.02138022435577345,-0.05546678745137254,-0.3206156810947166,1.263813144794855,0.0095736626361512,0.4705043850600628,0.8293301617380227
8.88,1.0,-4.880000000000001,0.5743999444659968,0.11770490665286817,24.814400000000006,68.95142400000002,2.920776635646933,0.5863358604526084,0.08594743531317518,0.03380484592239141,-0.03380484592239141,0.02132734038835254,-0.05513218631074396,-0.3207320038687214,1.2613278326407644,0.009486822703983827,0.47010462625432303,0.8276992684851628
8.89,1.0,-4.890000000000001,0.5726074157637207,0.11709763103552569,24.912100000000006,69.20005633333335,2.91714789412012,0.5844579606624746,0.08539777694543467,0.03352548594965301,-0.03352548594965301,0.02127437959042363,-0.05479986554007664,-0.3208506561891611,1.258852072087433,0.00940086392038613,0.4697052070991961,0.8260746431134649
8.9,1.0,-4.9,0.5708195172992414,0.1164937790406615,25.010000000000005,69.44966666666669,2.9135094138069446,0.5825853773352996,0.08485143047122835,0.033248461360177436,-0.033248461360177436,0.021221342760854217,-0.054469804121031654,-0.320971631347461,1.2563858093967297,0.009315776012847778,0.46930612730610183,0.8244562503592882
8.91,1.0,-4.91,0.5690362296386545,0.11589332579198665,25.1081,69.70025700000001,2.90986121331778,0.5807180844476113,0.08430837340112575,0.032973750574478156,-0.032973750574478156,0.02116823070192806,-0.054141981276406216,-0.3210949226763475,1.253928991223071,0.009231548846148187,0.4689073865867049,0.8228440552165862
8.92,1.0,-4.92,0.5672575335049634,0.11529624664735029,25.2064,69.95182933333334,2.9062033114917702,0.5788560562083646,0.08376858345227532,0.032701332247777916,-0.032701332247777916,0.02111504421931433,-0.053816376467092246,-0.32122052354957475,1.2514815646099426,0.00914817242028614,0.4685089846529152,0.8212380229346248
8.93,1.0,-4.93,0.5654834097770002,0.11470251719614609,25.304899999999996,70.20438566666665,2.902535727396757,0.5769992670568611,0.08323203854603874,0.03243118526704084,-0.03243118526704084,0.02106178412203655,-0.0534929693890774,-0.32134842738165337,1.249043476986457,0.009065636868444143,0.4681109212168873,0.8196381190157229
8.94,1.0,-4.9399999999999995,0.5637138394883495,0.11411211325675093,25.403599999999994,70.457928,2.898858480329197,0.5751476916606882,0.08269871680565453,0.03216328874804623,-0.03216328874804623,0.021008451222441257,-0.053171739970487485,-0.32147862762758034,1.2466146761639465,0.00898393245498677,0.4677131959910203,0.8180443092130174
8.950000000000001,1.0,-4.950000000000001,0.5619488038262784,0.11352501087399561,25.502500000000012,70.71245833333336,2.8951715898140744,0.5733013049136779,0.08216859655393148,0.03189762203250354,-0.03189762203250354,0.020955046336166388,-0.05285266836866993,-0.32161111778257034,1.244195110332591,0.008903049573492446,0.4673158086879577,0.8164565595282494
8.96,1.0,-4.960000000000001,0.5601882841306732,0.11294118631666797,25.60160000000001,70.96797866666668,2.8914750756048075,0.5714600819338863,0.08164165631097102,0.03163416468520845,-0.03163416468520845,0.020901570282109566,-0.05253573496731802,-0.32174589138178866,1.2417847280580818,0.008822978744818131,0.46691875902058727,0.814874836209575
8.97,1.0,-4.970000000000001,0.5584322618929766,0.11236061607504558,25.700900000000008,71.22449100000001,2.88776895768314,0.5696239980615896,0.08111787479191745,0.03137289649123802,-0.03137289649123802,0.02084802388239592,-0.05222092037363394,-0.3218829420000856,1.2393834782783144,0.008743710615196009,0.46652204670204056,0.8132991057493961
8.98,1.0,-4.98,0.5566807187551351,0.11178327685846087,25.800400000000003,71.48199733333334,2.884053256259034,0.5677930288573022,0.0805972309047373,0.031113797453186133,-0.031113797453186133,0.020794407962345846,-0.05190820541553198,-0.32202226325173255,1.2369913103001218,0.008665235954362015,0.4661256714456929,0.8117293348822154
8.99,1.0,-4.99,0.5549336365085485,0.11120914559289549,25.900100000000002,71.74049966666668,2.8803279917705527,0.5659671500998125,0.08007970374802591,0.03085684778843706,-0.03085684778843706,0.020740723350442462,-0.05159757113887952,-0.32216384879015914,1.2346081737960357,0.008587545653715273,0.46572963296516307,0.8101654905825121
9.0,1.0,-5.0,0.5531909970930249,0.11063819941860498,26.0,72.0,2.8765931848837294,0.5641463377842367,0.07956527260884153,0.030602027926477506,-0.030602027926477506,0.020686970878298797,-0.0512889988047763,-0.3223076923076923,1.232234018801084,0.008510630724508075,0.4653339309743134,0.80860754006264
9.01,1.0,-5.01,0.5514527825957418,0.11007041568777282,26.100099999999998,72.26050033333334,2.872848856492439,0.5623305681200922,0.0790539169605664,0.030349318506246156,-0.030349318506246156,0.020633151380624788,-0.05098246988687094,-0.3224537875352968,1.229868795709619,0.008434482296065748,0.464938565187249,0.8070554507707458
9.02,1.0,-5.02,0.5497189752502115,0.10950577196219353,26.200399999999995,72.52200266666667,2.869095027718255,0.5605198175293881,0.07854561646079462,0.030098700373520186,-0.030098700373520186,0.020579265695194037,-0.05067796606871422,-0.32260212824231693,1.2275124552721783,0.008359091614035936,0.46454353531831827,0.8055091903887098
9.03,1.0,-5.029999999999999,0.5479895574352517,0.10894424601098444,26.300899999999995,72.784509,2.8653317199103,0.5587140626447351,0.07804035094924625,0.029850154578338273,-0.029850154578338273,0.020525314662810296,-0.050375469241148566,-0.32275270823622004,1.2251649485923786,0.008284450038666697,0.46414884108211196,0.8039687268301071
9.040000000000001,1.0,-5.040000000000001,0.5462645116739613,0.10838581580832564,26.40160000000001,73.04802133333335,2.861558954645091,0.5569132803074709,0.07753810044570691,0.02960366237245946,-0.02960366237245946,0.020471299127273763,-0.05007496149973322,-0.3229055213623417,1.222826227123837,0.008210549043112962,0.4637544821934635,0.8024340282381879
9.05,1.0,-5.050000000000001,0.5445438206327021,0.10783045953122813,26.50250000000001,73.31254166666669,2.8577767537263745,0.5551174475658068,0.07703884514799407,0.029359205206857468,-0.029359205206857468,0.02041721993534714,-0.04977642514220461,-0.3230605615036317,1.2204962426671313,0.008137380211770821,0.4633604583674486,0.8009050629838818
9.06,1.0,-5.0600000000000005,0.5428274671200841,0.10727815555732888,26.603600000000004,73.578072,2.853985139184955,0.5533265416729877,0.07654256542994714,0.029116764729249605,-0.029116764729249605,0.020363077936721416,-0.049479842665971024,-0.32321782258040266,1.2181749473667816,0.008064935238639047,0.4629667693193851,0.7993817996638176
9.07,1.0,-5.07,0.5411154340859569,0.10672888246271336,26.704900000000002,73.84461433333335,2.8501841332785145,0.5515405400854712,0.07604924183944331,0.028876322781660104,-0.028876322781660104,0.02030887398398149,-0.04918519676564159,-0.32337729855007885,1.2158622937082677,0.007993205925707519,0.46257341476483255,0.7978642070983671
9.08,1.0,-5.08,0.5394077046204064,0.10618261901976506,26.8064,74.11217066666667,2.84637375849143,0.5497594204611251,0.07555885509643805,0.02863786139801729,-0.02863786139801729,0.020254608932571576,-0.04889247033058887,-0.32353898340694764,1.2135582345150777,0.00792218418137199,0.46218039441959224,0.7963522543297066
9.09,1.0,-5.09,0.5377042619527568,0.10563934419504063,26.908099999999997,74.38074300000001,2.8425540375345726,0.5479831606574396,0.07507138609102931,0.02840136280178378,-0.02840136280178378,0.020200283640760253,-0.048601646442544034,-0.32370287118191177,1.2112627229457826,0.007851862018874662,0.46178770799970703,0.7948459106198981
9.1,1.0,-5.1,0.5360050894505761,0.10509903714717178,27.009999999999998,74.65033333333331,2.8387249933451097,0.5462117387297555,0.07458681588154567,0.028166809403619618,-0.028166809403619618,0.020145898969605485,-0.0483127083732251,-0.32386895594224363,1.2089757124911413,0.007782231554770217,0.46139535522146097,0.7933451454489897
9.11,1.0,-5.109999999999999,0.5343101706186886,0.10456167722479229,27.112099999999995,74.92094366666666,2.8348866490862905,0.5444451329295118,0.07410512569265844,0.027934183799077507,-0.027934183799077507,0.020091455782919244,-0.04802563958199675,-0.32403723179134036,1.2066971569712375,0.007713285007416785,0.4610033358013791,0.7918499285131367
9.120000000000001,1.0,-5.120000000000001,0.5326194890981919,0.10402724396449059,27.214400000000012,75.19257600000002,2.831039028147234,0.5426833217025069,0.07362629691351665,0.027703468766329974,-0.027703468766329974,0.020036954947232087,-0.04774042371356206,-0.3242076928684814,1.2044270105326402,0.0076450146954913974,0.46061164945622735,0.7903602297227381
9.13,1.0,-5.130000000000001,0.5309330286654798,0.10349571708878745,27.316900000000008,75.46523233333335,2.8271821541426987,0.5409262836871781,0.07315031109590538,0.027474647263927784,-0.027474647263927784,0.019982397331757377,-0.04745704459568516,-0.3243803333485864,1.2021652276455996,0.007577413036529579,0.4602202959030124,0.7888760192005961
9.14,1.0,-5.140000000000001,0.529250773231267,0.10296707650413753,27.419600000000006,75.73891466666669,2.82331605091285,0.5391739977128931,0.07267714995242572,0.027247702428588906,-0.027247702428588906,0.019927783808355328,-0.04717548623694423,-0.3245551474419758,1.199911763101262,0.007510472545488447,0.4598292748589813,0.78739726728009
9.15,1.0,-5.15,0.5275727068396237,0.10244130229895604,27.522500000000004,76.01362500000002,2.819440742523018,0.5374264427982619,0.07220679535469837,0.027022617573018198,-0.027022617573018198,0.01987311525149687,-0.04689573282451506,-0.3247321293941321,1.197666572008921,0.007444185833333165,0.4594385860416213,0.7859239445033703
9.16,1.0,-5.16,0.5258988136670119,0.10191837474166897,27.625600000000002,76.28936533333335,2.8155562532634506,0.5356835981494615,0.07173922933158845,0.02679937618375683,-0.02679937618375683,0.0198183925382273,-0.04661776872198413,-0.3249112734854628,1.1954296097932922,0.007378545605646137,0.45904822916865967,0.7844560216195723
9.17,1.0,-5.17,0.5242290780213286,0.10139827427878696,27.7289,76.56613766666666,2.8116626076490556,0.5339454431585762,0.07127443406745207,0.02657796191906114,-0.02657796191906114,0.01976361654812972,-0.046341578467190864,-0.32509257403106506,1.193200832191814,0.007313544661258612,0.45865820395806356,0.7829934695830431
9.18,1.0,-5.18,0.5225634843409519,0.1008809815330023,27.832399999999996,76.843944,2.807759830419133,0.532211957401953,0.07081239190040457,0.026358358606810454,-0.026358358606810454,0.019708788163288197,-0.046067146770098655,-0.32527602538049183,1.1909801952519778,0.007249175890904292,0.4582685101280398,0.7815362595515912
9.19,1.0,-5.1899999999999995,0.5209020171937953,0.1003664773013093,27.936099999999996,77.12278633333332,2.8038479465371067,0.5304831206385734,0.0703530853206098,0.02614055024244364,-0.02614055024244364,0.019653908268250874,-0.04579445851069451,-0.32546162191751893,1.1887676553286834,0.007185432275894583,0.45787914739703456,0.7800843628847502
9.200000000000001,1.0,-5.200000000000001,0.5192446612763639,0.0998547425531469,28.04000000000001,77.4026666666667,2.79992698119024,0.5287589128084378,0.06989649696859028,0.025924520986923643,-0.025924520986923643,0.019598977749992724,-0.04552349873691637,-0.32564935805991446,1.1865631690816214,0.00712230688681504,0.4574901154837331,0.778637751142061
9.21,1.0,-5.210000000000001,0.5175914014128188,0.09934575842856405,28.14410000000001,77.68358700000003,2.7959969597893504,0.527039314030967,0.06944260963355807,0.02571025516472991,-0.02571025516472991,0.019543997497878225,-0.04525425266260814,-0.32583922825920886,1.1843666934726804,0.007059792882242745,0.45710141410706007,0.777196396081371
9.22,1.0,-5.220000000000001,0.5159422225540425,0.09883950623640661,28.248400000000007,77.96554933333334,2.792057907968509,0.5253243046034153,0.06899140625176546,0.025497737261877887,-0.025497737261877887,0.01948896840362372,-0.04498670566550161,-0.32603122700046727,1.1821781857633806,0.0069978835074840755,0.45671304298617865,0.7757602696571494
9.23,1.0,-5.23,0.5142971097767138,0.09833596745252653,28.352900000000005,78.24855566666668,2.78810985158474,0.5236138649993004,0.0685428699048764,0.025286951923965698,-0.025286951923965698,0.019433891361259704,-0.0447208432852254,-0.3262253488020626,1.179997603512333,0.006936572093332711,0.45632500184049063,0.77432934401882
9.24,1.0,-5.24,0.5126560482823841,0.09783512371801223,28.457600000000003,78.532608,2.784152816717705,0.5219079758668466,0.06809698381835723,0.02507788395424715,-0.02507788395424715,0.01937876726709283,-0.044456651221339974,-0.32642158821545036,1.1778249045727227,0.006875852054847367,0.45593729038963626,0.7729035915091108
9.25,1.0,-5.25,0.511019023396561,0.09733695683744019,28.5625,78.81770833333333,2.7801868296693852,0.5202066180274417,0.06765373135988717,0.024870518311730948,-0.024870518311730948,0.01932359701966777,-0.04419411533139872,-0.3266199398249453,1.1756600470898193,0.006815716890148985,0.4555499083534941,0.7714829846624178
9.26,1.0,-5.26,0.5093860205677954,0.09684144877714741,28.667599999999997,79.10385866666667,2.7762119169637507,0.518509772474108,0.06721309603778781,0.024664840109305558,-0.024664840109305558,0.019268381519728858,-0.043933221629034416,-0.3268203982474989,1.1735029894985083,0.006756160179237008,0.4551628554521805,0.7700674962031878
9.27,1.0,-5.27,0.5077570253667746,0.0963485816635246,28.772899999999996,79.391061,2.7722281053464264,0.5168174203699873,0.06677506149947206,0.024460834611889505,-0.024460834611889505,0.019213121670181594,-0.0436739562820711,-0.32702295813247884,1.17135369052085,0.006697175582824436,0.4547761314060498,0.7686570990443151
9.28,1.0,-5.279999999999999,0.5061320234854199,0.09585833778132954,28.878399999999992,79.67931733333332,2.7682354217843463,0.515129543046839,0.06633961152991129,0.024258487234606597,-0.024258487234606597,0.019157818376053896,-0.0434163056106605,-0.3272276141614494,1.1692121091636611,0.00663875684119131,0.45438973593569376,0.7672517662855545
9.290000000000001,1.0,-5.290000000000001,0.5045110007359886,0.09537069957202053,28.98410000000001,79.96862966666669,2.764233893465401,0.513446122003551,0.06590673005012135,0.0240577835409857,-0.0240577835409857,0.019102472544457228,-0.043160256085442925,-0.32743436104795387,1.1670782047161192,0.0065808977730562965,0.45400366876194165,0.7658514712119495
9.3,1.0,-5.300000000000001,0.5028939430501829,0.09488564963210995,29.090000000000007,80.25900000000001,2.760223547798079,0.5117671389046664,0.06547640111566704,0.023858709241184953,-0.023858709241184953,0.01904708508454754,-0.042905794325732494,-0.3276431935372981,1.1649519367473935,0.006523592274466135,0.4536179296058601,0.764456187292278
9.31,1.0,-5.3100000000000005,0.5012808364782596,0.09440317071153666,29.196100000000005,80.55043033333334,2.756204412411096,0.5100925755789191,0.06504860891518381,0.023661250190239517,-0.023661250190239517,0.018991656907485985,-0.0426529070977255,-0.3278541064063351,1.162833265104294,0.006466834317702477,0.4532325181887524,0.7630658881775093
9.32,1.0,-5.32,0.49967166718815054,0.09392324571205837,29.302400000000002,80.84292266666667,2.7521765151530193,0.5084224140177865,0.06462333776891839,0.02346539238633326,-0.02346539238633326,0.018936188926399544,-0.042401581312732806,-0.32806709446325216,1.1607221499089495,0.006410617950206015,0.45284743423215873,0.7616805476992798
9.33,1.0,-5.33,0.498066421464582,0.09344585768566267,29.4089,81.13647900000001,2.7481398840918847,0.5067566363740527,0.06420057212728596,0.023271121969093308,-0.023271121969093308,0.018880682056341393,-0.0421518040254347,-0.32828215254735815,1.158618551556503,0.0063549372935174505,0.45246267745785607,0.7603001398683822
9.34,1.0,-5.34,0.4964650857082032,0.09297098983299686,29.5156,81.43110133333332,2.744094547514802,0.5050952249603838,0.06378029656944519,0.023078425217907636,-0.023078425217907636,0.018825137214251164,-0.0419035624321588,-0.3284992755288728,1.1565224307128334,0.00629978654223508,0.45207824758785753,0.7589246388732687
9.35,1.0,-5.35,0.4948676464347176,0.09249862550181637,29.622499999999995,81.72679166666666,2.740040533927555,0.5034381622479188,0.06336249580189046,0.022887288550265106,-0.022887288550265106,0.018769555318915002,-0.04165684386918011,-0.32871845830871804,1.1544337483122975,0.0062451599629887,0.4516941443444125,0.7575540190785702
9.36,1.0,-5.359999999999999,0.49327409027401936,0.0920287481854514,29.729599999999994,82.02355199999997,2.735977872054195,0.5017854308648695,0.06294715465706067,0.022697698520117673,-0.022697698520117673,0.018713937290925506,-0.04141163581104318,-0.328939695818309,1.152352465555494,0.006191051893429539,0.45131036745000647,0.7561882550236295
9.370000000000001,1.0,-5.370000000000001,0.49168440396933444,0.09156134152129132,29.83690000000001,82.32138433333337,2.731906590836618,0.500137013595133,0.06253425809196456,0.022509641816264397,-0.022509641816264397,0.018658284052641378,-0.041167925868905775,-0.32916298301934854,1.1502785439070495,0.006137456741235938,0.4509269166273605,0.7548273214210472
9.38,1.0,-5.380000000000001,0.4900985743763683,0.09109638928928777,29.94440000000001,82.62029066666668,2.7278267194341494,0.4984928933769207,0.06212379118682351,0.0223231052607573,-0.0223231052607573,0.018602596528147185,-0.040925701788904485,-0.3293883149036214,1.1482119450934276,0.0060843689831345926,0.4505437915994314,0.753471193155245
9.39,1.0,-5.390000000000001,0.4885165884624541,0.09063387541047385,30.052100000000006,82.92027300000002,2.7237382872231017,0.4968530533013922,0.06171573914372901,0.022138075807327896,-0.022138075807327896,0.01854687564321259,-0.04068495145054049,-0.3296156864927909,1.1461526311007555,0.0060317831639368855,0.45016099208941135,0.752119845281039
9.4,1.0,-5.4,0.4869384333057104,0.09017378394550192,30.160000000000004,83.22133333333335,2.7196413237963384,0.49521747661130644,0.06131008728531746,0.021954540539835164,-0.021954540539835164,0.01849112232525175,-0.04044566286508691,-0.3298450928381963,1.144100564172675,0.005979693895590312,0.44977851782072775,0.7507732530222296
9.41,1.0,-5.41,0.4853640960942009,0.08971609909319794,30.2681,83.52347366666667,2.715535858962825,0.4935861466996832,0.0609068210534603,0.02177248667073389,-0.02177248667073389,0.01843533750328242,-0.040207824174016304,-0.3300765290206521,1.1420557068082131,0.0059280958562445574,0.44939636851704273,0.7494313917702045
9.42,1.0,-5.42,0.4837935641250989,0.08926080518913264,30.3764,83.826696,2.7114219227471685,0.49195904710847466,0.0605059260079696,0.0215919015395633,-0.0215919015395633,0.01837952210788488,-0.039971423647448184,-0.3303099901502482,1.1400180217596738,0.005876983789332023,0.4490145439022536,0.7480942370825543
9.43,1.0,-5.43,0.4822268248038576,0.0888078867042095,30.484899999999996,84.13100233333333,2.707299545389156,0.4903361615272507,0.06010738782531952,0.021412772611455834,-0.021412772611455834,0.018323677071160827,-0.039736449682616665,-0.33054547136615176,1.1379874720305483,0.005826352502662597,0.44863304370049195,0.7467617646817026
9.44,1.0,-5.4399999999999995,0.4806638656433841,0.08835732824326915,30.593599999999995,84.43639466666666,2.7031687573432785,0.48871747379189345,0.05971119229738252,0.021235087475665555,-0.021235087475665555,0.018267803326692013,-0.03950289080235757,-0.3307829678364102,1.1359640208734467,0.0057761968675323705,0.44825186763612385,0.7454339504535477
9.450000000000001,1.0,-5.450000000000001,0.47910467426321823,0.08790911454370975,30.70250000000001,84.74287500000004,2.6990295892782497,0.4871029678833045,0.05931732533018089,0.021058833844116002,-0.021058833844116002,0.018211901809498793,-0.039270735653614795,-0.3310224747577559,1.1339476317880515,0.005726511817846085,0.4478710154337496,0.7441107704461193
9.46,1.0,-5.460000000000001,0.47754923838871693,0.08746323047412397,30.81160000000001,85.05044533333336,2.6948820720765188,0.4854926279261234,0.058925772942653325,0.02088399954996736,-0.02088399954996736,0.018155973455998578,-0.03903997300596594,-0.3312639873554116,1.131938268519087,0.005677292349253135,0.44749048681820347,0.7427922008682477
9.47,1.0,-5.470000000000001,0.4759975458502407,0.08701966103295075,30.920900000000007,85.35910766666669,2.6907262368337674,0.48388643818745486,0.05853652126543539,0.020710572546202188,-0.020710572546202188,0.01810001920396402,-0.03881059175016621,-0.331507500882898,1.1299358950543104,0.0056285335182967335,0.44711028151455356,0.7414782180882437
9.48,1.0,-5.48,0.47444958458234754,0.08657839134714371,31.030400000000004,85.66886400000001,2.6865621148584085,0.4822843830756096,0.05814955653965534,0.020538540904230122,-0.020538540904230122,0.018044039992481213,-0.038582580896711335,-0.3317530106218418,1.1279404756225218,0.005580230441576241,0.44673039924810154,0.7401687986325939
9.49,1.0,-5.49,0.47290534262299005,0.08613940667085429,31.140100000000004,85.97971633333333,2.68238973767107,0.48068644713885417,0.05776486511574361,0.02036789281251071,-0.02036789281251071,0.01798803676190768,-0.03835592957441839,-0.33200051188178586,1.125951974691593,0.005532378294922257,0.4463508397443824,0.7388639191846663
9.5,1.0,-5.5,0.4713648081127169,0.08570269238413035,31.25,86.29166666666666,2.6782091370040733,0.4790926150641724,0.05738243345225681,0.020198616575194405,-0.020198616575194405,0.017932010453830256,-0.03813062702902466,-0.33225,1.123970356966516,0.005484972312584342,0.44597160272916436,0.737563556583431
9.51,1.0,-5.51,0.4698279692938786,0.08526823399162951,31.3601,86.604717,2.674020344800901,0.47750287167603617,0.057002248114715263,0.02003070061078128,-0.02003070061078128,0.01787596201102282,-0.0379066626218041,-0.33250147034129357,1.1219955873874692,0.0054380077864311345,0.44559268792844875,0.7362676878221893
9.52,1.0,-5.52,0.4682948145098392,0.08483601712134768,31.470399999999994,86.91886933333333,2.6698233932156596,0.4759172019351878,0.056624295774454575,0.019864133450797527,-0.019864133450797527,0.01781989237740395,-0.037684025828201476,-0.33275491829782905,1.1200276311279018,0.005391480065162674,0.4452140950684695,0.7349762900473186
9.53,1.0,-5.529999999999999,0.4667653322041904,0.08440602752336175,31.580899999999993,87.23412566666664,2.6656183146125345,0.47433559093743194,0.05624856320749069,0.019698903738488992,-0.019698903738488992,0.017763802497994422,-0.037462706236483415,-0.3330103392889373,1.1180664535926372,0.005345384553534685,0.44483582387569326,0.7336893405570266
9.540000000000001,1.0,-5.540000000000001,0.46523951091997173,0.08397825106858695,31.69160000000001,87.55048800000003,2.661405141565231,0.4727580239124378,0.05587503729339828,0.019535000227531994,-0.019535000227531994,0.017707693318874618,-0.03724269354640661,-0.3332677287609335,1.1161120204159942,0.005299716711594676,0.44445787407681914,0.7324068168001191
9.55,1.0,-5.550000000000001,0.46371733929889497,0.08355267374754863,31.80250000000001,87.86795833333336,2.657183906856416,0.4711844862225525,0.05550370501420269,0.01937241178076094,-0.01937241178076094,0.017651565787141818,-0.03702397756790276,-0.33352708218693505,1.1141642974599275,0.005254472053929635,0.44408024539877844,0.7311286963747788
9.56,1.0,-5.5600000000000005,0.462198806080571,0.08312928166916744,31.913600000000006,88.18653866666668,2.6529546434771425,0.46961496336162145,0.05513455345328427,0.019211127368912343,-0.019211127368912343,0.017595420850867332,-0.036806548219779675,-0.33378839506668007,1.1122232508121817,0.005209646148925062,0.4437029375687343,0.7298549570273555
9.57,1.0,-5.57,0.46068390010174387,0.08270806105955904,32.0249,88.506231,2.6487173846262726,0.46804944095382195,0.05476756979429631,0.019051136069385414,-0.019051136069385414,0.017539259459053606,-0.03659039552843902,-0.3340516629263479,1.110288846784467,0.00516523461803528,0.4433259503140819,0.7285855766511672
9.58,1.0,-5.58,0.4591726102955273,0.08228899826084718,32.1364,88.82703733333332,2.6444721637098896,0.4664879047525047,0.05440274132009547,0.018892427065018653,-0.018892427065018653,0.017483082561591163,-0.03637550962660982,-0.33431688131838044,1.1083610519106506,0.005121233135064735,0.4429492833624479,0.7273205332853149
9.59,1.0,-5.59,0.45766492569064615,0.08187207972999037,32.248099999999994,89.14895966666666,2.640219014340702,0.4649303406390451,0.05404005541168463,0.018734989642882352,-0.018734989642882352,0.01742689110921547,-0.03616188075209782,-0.3345840458213042,1.1064398329449656,0.005077637425460129,0.4425729364416903,0.7260598051135057
9.6,1.0,-5.6,0.45616083541068175,0.08145729203762174,32.36,89.472,2.6359579703374396,0.4633767346217044,0.05367949954716837,0.018578813193086702,-0.018578813193086702,0.017370686053463688,-0.03594949924655039,-0.334853152039555,1.1045251568602352,0.00503444326561321,0.44219690927989863,0.7248033704628887
9.61,1.0,-5.609999999999999,0.4546603286733228,0.08104462186690246,32.4721,89.79616033333332,2.631689065724243,0.4618270728345006,0.05332106130072078,0.01842388720760552,-0.01842388720760552,0.017314468346631348,-0.035738355554236864,-0.33512419560330253,1.1026169908461159,0.00499164648217408,0.4418212016053932,0.7235512078029018
9.620000000000001,1.0,-5.620000000000001,0.45316339478961787,0.0806340560123875,32.58440000000002,90.12144266666671,2.6274123347300407,0.46028134153608696,0.05296472834156498,0.01827020127911486,-0.01827020127911486,0.01725823894172891,-0.03552844022084377,-0.3353971721682769,1.100715302307355,0.0049492429513747355,0.441445813146725,0.7223032957441285
9.63,1.0,-5.630000000000001,0.4516700231632361,0.08022558137890516,32.696900000000014,90.44784900000003,2.623127811787925,0.4587395271086432,0.0526104884329654,0.01811774509984709,-0.01811774509984709,0.01720199879243827,-0.03531974389228536,-0.335672077415596,1.0988200588620691,0.004907228598362849,0.441070743632676,0.721059613037167
9.64,1.0,-5.640000000000001,0.4501802032897276,0.07981918498044814,32.8096,90.77538133333334,2.6188355315345118,0.45720161605677145,0.05225832943123086,0.017966508460459257,-0.017966508460459257,0.017145748853069125,-0.03511225731352838,-0.3359489070515947,1.0969312283400305,0.004865599396545409,0.4406959927922585,0.7198201385715076
9.65,1.0,-5.65,0.44869392475579084,0.07941485393907802,32.9225,91.10404166666667,2.614535528809296,0.45566759500640414,0.05190823928473008,0.017816481248916397,-0.017816481248916397,0.017089490078515263,-0.03490597132743166,-0.3362276568076543,1.0950487787809775,0.004824351366942244,0.4403215603547151,0.7185848513744224
9.66,1.0,-5.66,0.4472111772385444,0.07901257548384176,33.0356,91.433832,2.610227838654003,0.45413745070372097,0.05156020603291865,0.017667653449389115,-0.017667653449389115,0.01703322342421087,-0.03470087687359999,-0.33650832244003437,1.0931726784329372,0.004783480577549175,0.4399474460495181,0.7173537306098654
9.67,1.0,-5.67,0.44573195050480136,0.07861233694970042,33.1489,91.76475433333334,2.605912496311924,0.4526111700140728,0.05121421780537698,0.01752001514116532,-0.01752001514116532,0.01697694984608661,-0.034496964987251924,-0.33679089972970444,1.0913028957505642,0.004742983142710644,0.43957364960636996,0.7161267555773821
9.68,1.0,-5.68,0.4442562344103485,0.07821412577646981,33.2624,92.09681066666667,2.6015895372272495,0.45108873992091625,0.050870262820860004,0.017373556497575927,-0.017373556497575927,0.016920670300525735,-0.034294226798101665,-0.33707538448217805,1.0894393993934948,0.004702855222501672,0.43920017075520285,0.7149039057110299
9.69,1.0,-5.6899999999999995,0.44278401889922975,0.07781792950777325,33.376099999999994,92.43000299999999,2.5972589970443902,0.44957014752475527,0.050528329386357554,0.0172282677849344,-0.0172282677849344,0.01686438574432008,-0.03409265352925448,-0.3373617725273474,1.0875821582247167,0.004663093022119017,0.43882700922617823,0.7136851605783077
9.700000000000001,1.0,-5.700000000000001,0.44131529400303277,0.07742373579000573,33.49000000000001,92.76433333333337,2.5929209116072927,0.4480553800420924,0.05018840589616596,0.017084139361489756,-0.017084139361489756,0.016808097134625985,-0.03389223649611574,-0.3376500597193192,1.0857311413089545,0.00462369279128132,0.43845416474968674,0.7124704998790964
9.71,1.0,-5.710000000000001,0.43985004984018217,0.07703153237131034,33.60410000000001,93.0998036666667,2.588575316958751,0.44654442480438933,0.049850480830970725,0.01694116167639323,-0.01694116167639323,0.016751805428920245,-0.03369296710531347,-0.33794024193625183,1.083886317911069,0.004584650823638206,0.43808163705634845,0.7112599034446093
9.72,1.0,-5.720000000000001,0.4383882766152326,0.07664130710056513,33.71840000000001,93.43641600000002,2.584222249339696,0.4450372692570329,0.0495145427569392,0.016799325268677768,-0.016799325268677768,0.016695511584955795,-0.03349483685363357,-0.3382323150801936,1.0820476574944724,0.004545963456188022,0.437709425877012,0.7100533512363517
9.73,1.0,-5.73,0.43692996461816946,0.07625304792638209,33.8329,93.77417233333335,2.579861745188493,0.4435339009583122,0.049180580324824474,0.016658620766250853,-0.016658620766250853,0.01663921656071754,-0.033297837326968394,-0.3385262750769222,1.080215129719558,0.004507627068704254,0.4373375309427548,0.7088508233450898
9.74,1.0,-5.74,0.4354751042237121,0.07586674289611708,33.9476,94.11307466666668,2.5754938411402244,0.44203430757840323,0.0488485822690796,0.01651903888490008,-0.01651903888490008,0.01658292131437807,-0.03310196019927815,-0.33882211787578503,1.0783887044421432,0.004469638083170362,0.4369659519848827,0.70765229998983
9.75,1.0,-5.75,0.43402368589062074,0.07548238015489056,34.0625,94.453125,2.57111857402596,0.4405384768983609,0.048518537406981914,0.016380570427311322,-0.016380570427311322,0.016526626804253212,-0.03290719723156453,-0.33911983944954127,1.0765683517119295,0.004431992963222932,0.4365946887349299,0.7064577615168082
9.76,1.0,-5.76,0.4325757001610081,0.07509994794461947,34.1776,94.79432533333333,2.5667359808720263,0.43904639680911967,0.04819043463776774,0.016243206282099514,-0.016243206282099514,0.016470333988757708,-0.032713540270857225,-0.3394194357942044,1.0747540417709753,0.004394688213603031,0.43622374092465876,0.7052671883984863
9.77,1.0,-5.77,0.43113113765965466,0.07471943460305973,34.292899999999996,95.13667766666664,2.562346098899267,0.43755805531050274,0.047864262941777244,0.016106937422851655,-0.016106937422851655,0.016414043826360726,-0.03252098124921238,-0.3397209029288861,1.072945745052181,0.0043577203796155905,0.4358531082860594,0.7040805612325604
9.78,1.0,-5.779999999999999,0.4296899890933266,0.07434082856285928,34.40839999999999,95.48018399999998,2.557948965522287,0.4360734405102375,0.047540011379608914,0.015971754907181935,-0.015971754907181935,0.016357757275541347,-0.032329512182723286,-0.34002423689564176,1.0711434321777922,0.00432108604659672,0.4354827905513497,0.702897860740976
9.790000000000001,1.0,-5.790000000000001,0.4282522452501001,0.07396411835062176,34.52410000000001,95.82484633333335,2.5535446183487016,0.43459254062298014,0.04721766909128416,0.01583764987579895,-0.01583764987579895,0.01630147529474404,-0.03213912517054299,-0.340329433759316,1.0693470739579116,0.004284781839388818,0.43511278745297505,0.7017190677689543
9.8,1.0,-5.800000000000001,0.42681789699868744,0.07358929258598058,34.64000000000001,96.1706666666667,2.549133095178368,0.4331153439693487,0.04689722529542181,0.015704613551584666,-0.015704613551584666,0.016245198842334118,-0.03194981239391878,-0.34063648960739035,1.0675566413890312,0.0042488044218233585,0.4347430987236084,0.7005441632840261
9.81,1.0,-5.8100000000000005,0.42538693528776755,0.07321633998068287,34.7561,96.51764700000001,2.5447144340026124,0.43164183897496117,0.046578669288421574,0.015572637238684966,-0.015572637238684966,0.016188928876553092,-0.03176156611523806,-0.3409454005498316,1.0657721056525702,0.00421315049621119,0.43437372409614944,0.6993731283750747
9.82,1.0,-5.82,0.42395935114531963,0.07284524933768378,34.872400000000006,96.86578933333335,2.5402886730034444,0.43017201416948286,0.04626199044365744,0.015441712321611721,-0.015441712321611721,0.016132666355474,-0.03157437867708572,-0.3412561627189411,1.0639934381134324,0.004177816802840285,0.434004663303725,0.6982059442513878
9.83,1.0,-5.83,0.4225351356779628,0.07247600955025091,34.9889,97.21509566666667,2.535855850552774,0.42870585818568246,0.045947178210680624,0.015311830264356298,-0.015311830264356298,0.016076412236956834,-0.031388242501313134,-0.34156877226920535,1.0622206103185745,0.004142800119480801,0.43363591607968877,0.6970425922417188
9.84,1.0,-5.84,0.42111428007029655,0.07210860960107818,35.105599999999995,97.56556799999998,2.53141600521161,0.42724335975849276,0.04563422211443122,0.015182982609514055,-0.015182982609514055,0.016020167478603763,-0.031203150088117818,-0.3418832253771478,1.0604535939955873,0.0041080972608973036,0.4332674821576207,0.6958830537933554
9.85,1.0,-5.85,0.4196967755842469,0.07174303856140973,35.2225,97.91720833333332,2.526969175729254,0.42578450772408055,0.045323111754459404,0.015055160977419976,-0.015055160977419976,0.015963933037714463,-0.03101909401513444,-0.34219951824118106,1.05869236105129,0.004073705078368074,0.43289936127132733,0.6947273104711972
9.86,1.0,-5.859999999999999,0.418282613558416,0.07137928559017338,35.33959999999999,98.27001866666663,2.5225154010424906,0.42432929101892397,0.04501383680415567,0.014928357065295153,-0.014928357065295153,0.015907709871241394,-0.030836066936536545,-0.34251764708146104,1.056936883570339,0.004039620459211389,0.4325315531548413,0.6935753439568428
9.870000000000001,1.0,-5.870000000000001,0.41687178540743386,0.0710173399331233,35.45690000000001,98.62400100000005,2.5180547202747605,0.4228776986788951,0.04470638700998959,0.01480256264640388,-0.01480256264640388,0.015851498935745004,-0.030654061582148884,-0.3428376081397415,1.0551871338138459,0.004005840326318616,0.4321640575424212,0.6924271360476831
9.88,1.0,-5.880000000000001,0.4154642826213171,0.0706571909219927,35.57440000000001,98.97915733333338,2.513587172735338,0.4214297198383529,0.04440075219075816,0.01467776956922157,-0.01467776956922157,0.015795301187349075,-0.030473070756570644,-0.34315939767923004,1.0534430842180125,0.00397236163769411,0.43179687416855156,0.6912826686560052
9.89,1.0,-5.890000000000001,0.4140600967648274,0.0702988279736549,35.6921,99.33548966666669,2.509112797918488,0.41998534372923985,0.04409692223684194,0.014553969756612752,-0.014553969756612752,0.015739117581695862,-0.030293087338308614,-0.34348301198444475,1.0517047073927739,0.0039391813860016585,0.4314300027679423,0.6901419238081022
9.9,1.0,-5.9,0.41265921947683554,0.06994224058929414,35.81,99.69300000000001,2.5046316355026237,0.4185445596801872,0.04379488710947045,0.014431155205019584,-0.014431155205019584,0.01568294907390137,-0.03011410427892095,-0.3438084473610723,1.049971976120457,0.0039062965981175165,0.43106344307552874,0.6890048836433931
9.91,1.0,-5.91,0.41126164246968994,0.06958741835358544,35.9281,100.05169033333333,2.500143725349453,0.41710735711562796,0.043494636839996,0.014309317983660497,-0.014309317983660497,0.015626796618510602,-0.029936114602171097,-0.34413570013582684,1.0482448633544497,0.003873704334689863,0.4306971948264716,0.6878715304135491
9.92,1.0,-5.92,0.4098673575285869,0.06923435093388293,36.0464,100.41156266666667,2.4956491075031173,0.41567372555491466,0.04319616152917563,0.014188450233738725,-0.014188450233738725,0.015570661169452764,-0.02975911140319149,-0.34446476665630965,1.0465233422178832,0.003841401689704544,0.43033125775615644,0.686741846481629
9.93,1.0,-5.93,0.40847635651094577,0.0688830280794175,36.164899999999996,100.77261899999999,2.4911478221893257,0.41424365461144613,0.04289945134646177,0.014068544167660815,-0.014068544167660815,0.01551454367999655,-0.029583087847657365,-0.3447956432908704,1.0448073860023248,0.0038093857900570725,0.42996563160019374,0.6856158143212218
9.94,1.0,-5.9399999999999995,0.4070886313457864,0.06853343962050278,36.28359999999999,101.1348613333333,2.486639909814474,0.4128171339917987,0.04260449652930067,0.013949592068264783,-0.013949592068264783,0.015458445102705337,-0.029408037170970118,-0.345128326428469,1.0430969681664837,0.003777653795130736,0.4296003160944186,0.6844934165155969
9.950000000000001,1.0,-5.950000000000001,0.40570417403311143,0.06818557546774981,36.40250000000001,101.4982916666667,2.482125410964763,0.41139415349486597,0.04231128738243933,0.01383158628805791,-0.01383158628805791,0.015402366389392484,-0.029233952677450395,-0.3454628124785386,1.041392062334928,0.0037462028963807315,0.4292353109748904,0.6833746357568624
9.96,1.0,-5.960000000000001,0.40432297664329164,0.06783942561129053,36.521600000000014,101.86291200000004,2.477604366405309,0.40997470301100475,0.042019814277240386,0.01371451924846407,-0.01371451924846407,0.015346308491076632,-0.029060827739540704,-0.34579909787084906,1.039692642296814,0.0037150303169242588,0.42887061597789317,0.6822594548451314
9.97,1.0,-5.970000000000001,0.402945031316454,0.06749498012000904,36.64090000000001,102.22872433333336,2.4730768170792397,0.40855877252118633,0.04173006765100462,0.013598383439080241,-0.013598383439080241,0.015290272357936958,-0.0288886557970172,-0.34613717905537256,1.0379986820046254,0.0036841333111364088,0.4285062308399346,0.6811478566876945
9.98,1.0,-5.98,0.40157033026187405,0.0671522291407816,36.760400000000004,102.59573066666667,2.4685428041067885,0.4071463520961555,0.04144203800630166,0.013483171416942356,-0.013483171416942356,0.015234258939268518,-0.028717430356210875,-0.34647705250214905,1.0363101555729253,0.0036535091642518358,0.4281421552977465,0.6800398242982005
9.99,1.0,-5.99,0.4001988657573713,0.06681116289772476,36.880100000000006,102.963933,2.4640023687843793,0.4057374318955953,0.041155715910308206,0.013368875805800208,-0.013368875805800208,0.01517826918343758,-0.02854714498923779,-0.3468187147011532,1.0346270372771178,0.00362315519197208,0.4277783890882842,0.6789353407958448
10.0,1.0,-6.0,0.3988306301487088,0.06647177169145146,37.0,103.33333333333334,2.4594555525837043,0.4043320021672989,0.04087109199415415,0.013255489295401345,-0.013255489295401345,0.015122304037837035,-0.02837779333323838,-0.34716216216216217,1.0329493015522242,0.0035930687400784573,0.42741493194872665,0.6778343894045651
10.01,1.0,-6.01,0.39746561584899437,0.06613404589833517,37.1201,103.70393366666667,2.4549023971507915,0.40293005324634634,0.040588156952275876,0.013143004640783724,-0.013143004640783724,0.015066364448841756,-0.02820936908962548,-0.3475073914146244,1.0312769229916654,0.0035632471840504293,0.427051783616476,0.6767369534522427
10.02,1.0,-6.02,0.396103815338088,0.06579797596978205,37.240399999999994,104.07573599999999,2.4503429443050715,0.4015315755542895,0.04030690154177752,0.013031414661577251,-0.013031414661577251,0.015010451361764116,-0.02804186602334137,-0.34785439900752946,1.0296098763460586,0.003533687928689384,0.4266889438291576,0.6756430163699136
10.03,1.0,-6.029999999999999,0.39474522116200866,0.06546355243151057,37.360899999999994,104.44874233333331,2.4457772360384227,0.4001365595983405,0.040027316581799074,0.012920712241313696,-0.012920712241313696,0.014954565720809365,-0.02787527796212306,-0.3482031815092784,1.0279481365220235,0.003504388407747703,0.42632641232461965,0.6745525616909847
10.040000000000001,1.0,-6.040000000000001,0.39338982593234906,0.06513076588283924,37.481600000000014,104.82295466666669,2.441205314514228,0.398744995970569,0.039749392952892273,0.012810890326745353,-0.012810890326745353,0.01489870846903128,-0.027709598795776634,-0.34855373550755575,1.026291678580999,0.003475346083563093,0.4259641888409331,0.6734655730504565
10.05,1.0,-6.050000000000001,0.3920376223256899,0.06479960699598179,37.602500000000006,105.19837500000001,2.436627222066406,0.397356875347104,0.03947312159640349,0.012701941927171922,-0.012701941927171922,0.014842880548287625,-0.027544822475459547,-0.34890605760920157,1.0246404777380724,0.0034465584466980537,0.4256022731163916,0.6723820341841564
10.06,1.0,-6.0600000000000005,0.3906886030830193,0.06447006651534971,37.723600000000005,105.57500533333335,2.432043001198447,0.3959721884873414,0.039198493513863654,0.012593860113775657,-0.012593860113775657,0.014787082899195872,-0.02738094301297153,-0.34926014444008524,1.022994509360815,0.0034180230155843932,0.42524066488951096,0.671301928927973
10.07,1.0,-6.07,0.3893427610091551,0.06414213525686245,37.8449,105.95284766666667,2.427452694582434,0.39459092623315817,0.038925499766385416,0.01248663801896475,-0.01248663801896475,0.0147313164610888,-0.027217954480053548,-0.3496159926449799,1.0213537489681324,0.003389737336172771,0.42487936389902914,0.6702252412171028
10.08,1.0,-6.08,0.3880000889721704,0.06381580410726487,37.9664,106.331904,2.422856345058061,0.39321307950813256,0.038654131474067245,0.012380268835724684,-0.012380268835724684,0.014675582171970267,-0.02705585100769495,-0.3499735988874373,1.019718172229122,0.0033616989815871334,0.42451836988390623,0.6691519550853
10.09,1.0,-6.09,0.38666057990282243,0.06349106402345196,38.0881,106.71217633333333,2.4182539956316407,0.39183863931676904,0.038384379815404254,0.012274745816977581,-0.012274745816977581,0.01461988096847099,-0.026894626785448572,-0.3503329598496643,1.0180877549619427,0.003333905551783994,0.4241576825833241,0.6680820546641347
10.1,1.0,-6.1,0.3853242267939846,0.06316790603180075,38.209999999999994,107.09366666666665,2.4136456894751066,0.39046759674373044,0.03811623602670612,0.01217006227494935,-0.01217006227494935,0.014564213785804407,-0.026734276060753757,-0.3506940722323999,1.016462473132693,0.0033063546732164753,0.423797301736686,0.6670155241822568
10.11,1.0,-6.109999999999999,0.3839910227000816,0.06284632122750927,38.33209999999999,107.47637699999997,2.4090314699250075,0.38909994295307454,0.03784969140152147,0.012066211580544568,-0.012066211580544568,0.014508581557722607,-0.026574793138267175,-0.351056932754793,1.0148423028542997,0.003279043998503045,0.42343722708361686,0.6659523479646673
10.120000000000001,1.0,-6.120000000000001,0.3826609607365273,0.06252630077394235,38.454400000000014,107.86030933333336,2.4044113804814895,0.38773566918749625,0.03758473729006888,0.011963187162728924,-0.011963187162728924,0.014452985216472257,-0.02641617237920118,-0.35142153815428145,1.0132272203854162,0.003251971206100853,0.42307745836396266,0.664892510431994
10.13,1.0,-6.130000000000001,0.381334034079168,0.06220783590198498,38.57690000000001,108.24546566666669,2.399785464807285,0.3863747667675781,0.03732136509867509,0.011860982507919416,-0.011860982507919416,0.014397425692750794,-0.02625840820067021,-0.35178788518647175,1.0116172021293328,0.0032251339999836673,0.4227179953177906,0.663835996099778
10.14,1.0,-6.140000000000001,0.38001023596372496,0.06189091790940146,38.699600000000004,108.631848,2.395153766726673,0.38501722709104097,0.037059566289218554,0.01175959115938159,-0.01175959115938159,0.014341903915662424,-0.026101495075044015,-0.3521559706250194,1.0100122246328906,0.0031985301093242027,0.4223588376853885,0.6627827895777598
10.15,1.0,-6.15,0.3786895596852437,0.061575538160202226,38.822500000000005,109.01945833333335,2.390516330224451,0.3836630416320059,0.03679933237858057,0.011659006716634451,-0.011659006716634451,0.014286420812674443,-0.025945427529308895,-0.35252579126151073,1.0084122645854128,0.003172157288180937,0.42199998520726506,0.6617328755691786
10.16,1.0,-6.16,0.37737199859754444,0.061261688084016955,38.9456,109.40829866666668,2.3858731994448905,0.3823122019402578,0.03654065493810211,0.011559222834862425,-0.011559222834862425,0.014230977309573496,-0.02579020014443592,-0.3528973439053449,1.006817298817639,0.0031460133151892363,0.4216414376241493,0.6606862388700728
10.17,1.0,-6.17,0.3760575461126759,0.06094935917547421,39.0689,109.798371,2.3812244186906844,0.38096469964051566,0.03628352559304708,0.01146023322433447,-0.01146023322433447,0.014175574330421969,-0.02563580755475644,-0.35327062538361714,1.0052273043006723,0.0031200959932567445,0.42128319467699055,0.6596428643685895
10.18,1.0,-6.18,0.3747461957003732,0.060638542993587896,39.1924,110.18967733333332,2.376570032421894,0.3796205264317086,0.036027936022071896,0.011362031649830292,-0.011362031649830292,0.014120212797514506,-0.025482244447344798,-0.35364563254100284,1.0036422581449351,0.003094403149263015,0.42092525610695825,0.6586027370442981
10.19,1.0,-6.1899999999999995,0.3734379408875169,0.06032923116114976,39.31609999999999,110.58221966666665,2.3719100852548793,0.37827967408625596,0.035773877956701006,0.011264611930073394,-0.011264611930073394,0.014064893631334523,-0.025329505561407915,-0.35402236223964223,1.0020621375991328,0.0030689326337632558,0.4205676216554418,0.6575658419675117
10.200000000000001,1.0,-6.200000000000001,0.37213277525759725,0.060021415364128576,39.44000000000001,110.97600000000004,2.3672446219612318,0.3769421344493537,0.035521343180808664,0.011167967937171078,-0.011167967937171078,0.014009617750510937,-0.025177585687682014,-0.35440081135902646,1.0004869200492277,0.0030436823206961743,0.4202102910640503,0.6565321642986127
10.21,1.0,-6.210000000000001,0.37083069245018,0.05971508735107568,39.56410000000001,111.37102033333336,2.362573687466694,0.3756078994382661,0.03527032353010666,0.011072093596061192,-0.011072093596061192,0.013954386071774932,-0.025026479667836124,-0.35478097679588316,0.9989165830174221,0.0030186501070958603,0.4198532640746123,0.6555016892873863
10.22,1.0,-6.220000000000001,0.3695316861603755,0.059410238932536254,39.68840000000001,111.76728266666669,2.3578973268500723,0.37427696104162134,0.03502081089163783,0.010976982883965454,-0.010976982883965454,0.01389919950991679,-0.024876182393882243,-0.3551628554640651,0.9973511041611491,0.002993833912807583,0.41949654042917595,0.6544744022723575
10.23,1.0,-6.23,0.3682357501383107,0.05910686198046721,39.812900000000006,112.16478900000001,2.3532155853421433,0.3729493113187131,0.0347727972032756,0.010882629829849472,-0.010882629829849472,0.013844058977742916,-0.024726688807592385,-0.35554644429443727,0.9957904612720728,0.0029692316802075306,0.4191401198700083,0.6534502886801359
10.24,1.0,-6.24,0.36694287818860505,0.05880494842766106,39.9376,112.56354133333335,2.3485285083245566,0.37162494239880794,0.03452627445322933,0.010789028513889217,-0.010789028513889217,0.013788965386032916,-0.024577993899922133,-0.35593174023476626,0.994234632275098,0.002944841373926378,0.4187840021395955,0.6524293340247646
10.25,1.0,-6.25,0.3656530641698478,0.05850449026717565,40.0625,112.96354166666667,2.3438361413287243,0.3703038464804556,0.03428123467955521,0.010696173066943907,-0.010696173066943907,0.01373391964349681,-0.024430092710440717,-0.35631874024960997,0.992683595227387,0.0029206609805766314,0.4184281869806424,0.651411523907076
10.26,1.0,-6.26,0.3643663019940797,0.058205479551769926,40.187599999999996,113.364792,2.3391385300347087,0.3689860158308068,0.034037669969673105,0.010604057670035217,-0.010604057670035217,0.013678922656732345,-0.02428298032676756,-0.3567074413202082,0.9911373283173863,0.002896688508483708,0.41807267413607263,0.6503968440140534
10.27,1.0,-6.27,0.36308258562627693,0.0579079083933456,40.31289999999999,113.76729433333331,2.3344357202701014,0.36767144278493374,0.0337955724598887,0.010512676553832753,-0.010512676553832753,0.013623975330182468,-0.02413665188401522,-0.35709784044437387,0.9895958098638605,0.002872921987420682,0.41771746334902815,0.6493852801181959
10.28,1.0,-6.279999999999999,0.3618019090838372,0.05761176896239447,40.438399999999994,114.17105066666664,2.329727758008892,0.3663601197451567,0.03355493433492139,0.010422023998145638,-0.010422023998145638,0.01356907856609285,-0.02399110256423849,-0.35748993463638523,0.9880590183149358,0.0028493594683466445,0.41736255436286906,0.6483768180768913
10.290000000000001,1.0,-6.290000000000001,0.36052426643607066,0.05731705348745161,40.56410000000001,114.57606300000003,2.3250146893703363,0.36505203918037527,0.03331574782743756,0.010332094331420258,-0.010332094331420258,0.013514233264469605,-0.023846327595889862,-0.35788372092687876,0.986526932247151,0.0028259990231486263,0.4170079469211736,0.6473714438317937
10.3,1.0,-6.300000000000001,0.35924965180369217,0.057023754254554304,40.69000000000001,114.98233333333334,2.320296560617815,0.363747193625405,0.03307800521758946,0.010242881930243973,-0.010242881930243973,0.013459440323037157,-0.02370232225328113,-0.35827919636274275,0.9849995303645173,0.002802838744387038,0.416653640767738,0.646369143408206
10.31,1.0,-6.3100000000000005,0.35797805935831606,0.056731863606706186,40.816100000000006,115.38986366666668,2.3155734181576806,0.3624455756803164,0.03284169883255899,0.010154381218854678,-0.010154381218854678,0.013404700637196112,-0.02355908185605079,-0.3586763580070119,0.9834767914975847,0.0027798767450445375,0.416299635646576,0.6453699029144676
10.32,1.0,-6.32,0.3567094833219555,0.056441373943347396,40.942400000000006,115.79865600000001,2.3108453085381067,0.36114717800978213,0.032606821046107314,0.010066586668656367,-0.010066586668656367,0.013350015099981443,-0.02341660176863781,-0.35907520293876277,0.9819586946025187,0.002757111158278332,0.41594593130191887,0.644373708541348
10.33,1.0,-6.33,0.3554439179665231,0.05615227771982987,41.0689,116.20871233333334,2.306112278447921,0.35985199334242585,0.03237336427812933,0.009979492797740314,-0.009979492797740314,0.013295384602020652,-0.023274877399760967,-0.359475728253009,0.9804452187601832,0.002734540137175813,0.4155925274782151,0.643380546561446
10.34,1.0,-6.34,0.35418135761333486,0.055864567446898244,41.1956,116.62003466666667,2.3013743747154414,0.3585600144701777,0.03214132099421351,0.009893094170412066,-0.009893094170412066,0.013240810031492222,-0.02313390420190429,-0.35987793106059873,0.9789363431752321,0.0027121618545135036,0.41523942392013063,0.6423904033285924
10.35,1.0,-6.35,0.35292179663261725,0.05557823569017595,41.3225,117.03262499999997,2.2966316443072956,0.35727123424763324,0.031910683705206805,0.009807385396723973,-0.009807385396723973,0.013186292274084082,-0.022993677670808055,-0.3602818084881118,0.9774320471752086,0.002689974502519255,0.414886620372548,0.6414032652772598
10.36,1.0,-6.359999999999999,0.3516652294430166,0.0552932750696567,41.44959999999999,117.44648533333331,2.291884134327242,0.3559856455914174,0.03168144496678455,0.009722361132013326,-0.009722361132013326,0.013131832212952325,-0.02285419334496565,-0.36068735767775806,0.9759323102096518,0.0026679762926376475,0.41453411658056655,0.6404191189219759
10.370000000000001,1.0,-6.370000000000001,0.3504116505111108,0.05500967825920106,41.576900000000016,117.86161766666669,2.2871318920149775,0.35470324147955246,0.03145359737902543,0.009638016076445906,-0.009638016076445906,0.013077430728680027,-0.02271544680512593,-0.36109457578727616,0.9744371118492112,0.002646165455298545,0.41418191228950235,0.6394379508567427
10.38,1.0,-6.380000000000001,0.3491610543509261,0.054727437986038574,41.70440000000001,118.27802400000004,2.2823749647449474,0.3534240149508322,0.031227133585991516,0.009554344974565076,-0.009554344974565076,0.01302308869923625,-0.022577433673801325,-0.36150345998983324,0.9729464317847702,0.002624540239688789,0.4138300072448879,0.6384597477544612
10.39,1.0,-6.390000000000001,0.3479134355234529,0.054446547030274316,41.832100000000004,118.69570633333335,2.2776134000251385,0.35214795910419766,0.031002046275312917,0.009471342614845994,-0.009471342614845994,0.01296880699993518,-0.022440149614781173,-0.36191400747392555,0.9714602498265735,0.0026030989135269,0.41347840119247165,0.6374844963663587
10.4,1.0,-6.4,0.346668788636167,0.054166998224401096,41.96000000000001,119.11466666666666,2.2728472454958704,0.3508750670981193,0.030778328177777425,0.009389003829255269,-0.009389003829255269,0.012914586503395414,-0.022303590332650683,-0.36232621544327936,0.9699785459033659,0.0025818397628408524,0.4131270938782182,0.6365121835214237
10.41,1.0,-6.41,0.3454271083425532,0.053888784452816405,42.088100000000004,119.53490700000002,2.2680765489285823,0.3496053321499832,0.030555972066925015,0.009307323492815755,-0.009307323492815755,0.012860428079499471,-0.022167751572315226,-0.3627400811167527,0.9685013000615357,0.002560761091748803,0.41277608504830815,0.6355427961258443
10.42,1.0,-6.42,0.3441883893416308,0.053611898651344365,42.2164,119.95642933333333,2.263301358224614,0.3483387475354817,0.03033497075864702,0.009226296523176483,-0.009226296523176483,0.012806332595353458,-0.02203262911852994,-0.3631556017282383,0.9670284924642676,0.0025398612222427477,0.4124253744491374,0.6345763211624511
10.43,1.0,-6.43,0.3429526263774821,0.05333633380676238,42.344899999999996,120.37923566666664,2.258521721413972,0.3470753065880072,0.030115317110789804,0.009145917880187622,-0.009145917880187622,0.01275230091524683,-0.02189821879543445,-0.36357277452656633,0.9655601033907002,0.002519138493975066,0.4120749618273177,0.6336127456901659
10.44,1.0,-6.4399999999999995,0.3417198142387839,0.053062082956332905,42.47359999999999,120.80332799999996,2.253737686654101,0.345815002698052,0.029897004022763424,0.00906618256548051,-0.00906618256548051,0.012698333900612445,-0.021764516466092954,-0.3639915967754087,0.9640961132350934,0.0024985912640479225,0.4117248469296758,0.6326520568434539
10.450000000000001,1.0,-6.450000000000001,0.3404899477583409,0.05278913918733966,42.60250000000001,121.22870833333339,2.2489493022286386,0.3445578293126105,0.029680024435154502,0.008987085622052535,-0.008987085622052535,0.012644432409986701,-0.021631518032039235,-0.3644120657531835,0.962636502506,0.0024782179068054528,0.41137502950325366,0.6316942418317815
10.46,1.0,-6.460000000000001,0.33926302181262336,0.05251749563662899,42.731600000000014,121.6553786666667,2.244156616546176,0.34330377993458777,0.02946437132934397,0.008908622133857007,-0.008908622133857007,0.012590597298969953,-0.021499219432826962,-0.36483417875296037,0.9611812518254482,0.002458016813628742,0.41102550929530834,0.6307392879390783
10.47,1.0,-6.470000000000001,0.33803903132130464,0.05224714549015527,42.86090000000001,122.08334100000003,2.2393596781389964,0.34205284812220965,0.029250037727128857,0.00883078722539768,-0.00883078722539768,0.012536829420186975,-0.021367616645584654,-0.3652579330823665,0.9597303419281263,0.0024379863927334825,0.4106762860533113,0.6297871825232032
10.48,1.0,-6.48,0.33681797124680407,0.05197808198253149,42.99040000000001,122.51259733333336,2.2345585356618223,0.3408050274884391,0.029037016690348933,0.008753576061328159,-0.008753576061328159,0.012483129623247768,-0.021236705684575925,-0.3656833260634933,0.9582837536605779,0.0024181250689703504,0.4103273595249488,0.6288379130154161
10.49,1.0,-6.49,0.3355998365938307,0.05171029839658408,43.1201,122.94314966666667,2.229753237890545,0.3395603117003953,0.028825301320517402,0.00867698384605592,-0.00867698384605592,0.012429498754708427,-0.021106482600764347,-0.36611035503280376,0.9568414679804023,0.00239843128362801,0.40997872945812147,0.627891466919853
10.5,1.0,-6.5,0.33438462240893035,0.05144378806291236,43.25,123.375,2.2249438337209595,0.33831869447877805,0.02861488475845619,0.008601005823350993,-0.008601005823350993,0.0123759376580323,-0.020976943481383292,-0.36653901734104044,0.9554034659554619,0.002378903494238722,0.409630395600944,0.6269478318130057
10.51,1.0,-6.51,0.3331723237800355,0.05117854435945246,43.3801,123.80815033333333,2.2201303721674837,0.3370801695972952,0.028405760183935324,0.0085256372759592,-0.0085256372759592,0.012322447173551323,-0.020848084449510522,-0.3669693103531343,0.953969728763097,0.002359540174386526,0.4092823577017451,0.6260069953432073
10.52,1.0,-6.52,0.33196293583601666,0.050914560711045505,43.5104,124.24260266666666,2.215312902361874,0.3358447308820939,0.028197920815316517,0.008450873525219886,-0.008450873525219886,0.012269028138427476,-0.02071990166364736,-0.36740123144811354,0.952540237689346,0.002340339813517941,0.4089346155090675,0.6250689452301191
10.53,1.0,-6.529999999999999,0.3307564537462373,0.050651830589010315,43.640899999999995,124.67835899999999,2.21049147355194,0.334612372211197,0.02799135990920116,0.008376709930688118,-0.008376709930688118,0.01221568138661457,-0.020592391317302686,-0.3678347780190142,0.9511149741281727,0.002321300916755169,0.4085871687716674,0.6241336692642254
10.540000000000001,1.0,-6.540000000000001,0.32955287272011063,0.050390347510720274,43.771600000000014,125.11542133333337,2.2056661351002442,0.33338308751394186,0.027786070760082153,0.008303141889761272,-0.008303141889761272,0.01216240774882012,-0.020465549638581392,-0.3682699474727906,0.9496939195807004,0.002302422004711743,0.40824001723851444,0.6232011553063294
10.55,1.0,-6.550000000000001,0.32835218800666016,0.050130105039184754,43.90250000000001,125.55379166666668,2.2008369364828093,0.332156870770425,0.027582046700000203,0.008230164837310008,-0.008230164837310008,0.012109208052467593,-0.0203393728897776,-0.36870673723022607,0.9482770556544522,0.0022837016133106197,0.4078931606587917,0.622271391287055
10.56,1.0,-6.5600000000000005,0.32715439489408016,0.049871096782634176,44.03360000000001,125.99347200000003,2.1960039272878005,0.3309337160109478,0.02737928109820366,0.008157774245313396,-0.008157774245313396,0.012056083121658607,-0.020213857366972003,-0.3691451447258457,0.9468643640625971,0.002265138293604619,0.40754659878189536,0.6213443652063527
10.57,1.0,-6.57,0.32595948870930186,0.04961331639410987,44.1649,126.43446433333334,2.191167157214223,0.329713617315469,0.027177767360812885,0.008085965622498439,-0.008085965622498439,0.01200303377713565,-0.02008899939963409,-0.36958516740782843,0.9454558266232033,0.00224673061159925,0.40720033135743433,0.6204200651330091
10.58,1.0,-6.58,0.32476746481755914,0.04935675757105762,44.2964,126.87677066666669,2.1863266760705966,0.3284965688130588,0.026977498930488165,0.008014734513983626,-0.008014734513983626,0.011950060836244758,-0.01996479535022838,-0.37002680273792,0.944051425258497,0.0022284771480778403,0.4068543581352304,0.6194984792041605
10.59,1.0,-6.59,0.32357831862195946,0.04910141405492557,44.4281,127.320393,2.1814825337736385,0.3272825646813584,0.026778469286101888,0.007944076500926732,-0.007944076500926732,0.011897165112898636,-0.019841241613825368,-0.3704700481913474,0.9426511419941278,0.002210376498428948,0.406508678865318,0.6185795956248107
10.6,1.0,-6.6,0.3223920455630547,0.048847279630765864,44.559999999999995,127.76533333333332,2.1766347803469266,0.3260715991460418,0.026580671942414237,0.00787398720017657,-0.00787398720017657,0.011844347417539786,-0.019718334617716354,-0.3709149012567325,0.9412549589584409,0.0021924272724760264,0.4061632932979437,0.6176634026673541
10.61,1.0,-6.609999999999999,0.321208641118416,0.04859434812684055,44.69209999999999,128.21159366666663,2.17178346591957,0.3248636664802821,0.02638410044975299,0.007804462263928848,-0.007804462263928848,0.011791608557104052,-0.0195960708210329,-0.3713613594360077,0.9398628583817531,0.00217462809430931,0.4058182011835665,0.6167498886711
10.620000000000001,1.0,-6.620000000000001,0.3200281008022107,0.04834261341423122,44.82440000000001,128.65917600000003,2.1669286407248665,0.3236587610042215,0.026188748393696937,0.007735497379385946,-0.007735497379385946,0.011738949334984294,-0.01947444671437024,-0.3718094202443313,0.9384748225956369,0.0021569776021198813,0.4054734022728572,0.6158390420418027
10.63,1.0,-6.630000000000001,0.31885042016478193,0.048092069406452775,44.95690000000001,129.10808233333339,2.1620703550989573,0.32245687708444526,0.02599460939476326,0.007667088268420661,-0.007667088268420661,0.011686370550994328,-0.01935345881941499,-0.3722590812100034,0.9370908340322109,0.0021394744480359084,0.4051288963166988,0.6149308512511966
10.64,1.0,-6.640000000000001,0.31767559479222957,0.04784271005907072,45.089600000000004,129.5583146666667,2.1572086594794753,0.32125800913345826,0.025801677108098286,0.007599230687243737,-0.007599230687243737,0.011633873001333086,-0.019233103688576822,-0.3727103398743835,0.9357108752234338,0.0021221172979609803,0.4047846830661856,0.6140253048365321
10.65,1.0,-6.65,0.3165036203059946,0.047594529369322486,45.222500000000004,130.00987500000002,2.1523436044041864,0.32006215160916557,0.02560994522317212,0.007531920426075277,-0.007531920426075277,0.011581457478549011,-0.019113377904624286,-0.3731631937918072,0.9343349288004058,0.0021049048314145604,0.4044407622726235,0.6131223914001175
10.66,1.0,-6.66,0.3153344923624457,0.0473475213757426,45.3556,130.46276533333332,2.1474752405096313,0.31886929901435757,0.025419407463476942,0.00746515330881992,-0.00746515330881992,0.011529124771504749,-0.018994278080324667,-0.37361764052950464,0.9329629774926756,0.0020878357413744984,0.4040971336875297,0.6122220996088644
10.67,1.0,-6.67,0.314168206652468,0.04710168015779131,45.4889,130.91698766666667,2.142603618529753,0.3176794458961969,0.025230057586228673,0.007398925192745715,-0.007398925192745715,0.011476875665341979,-0.018875800858087693,-0.37407367766751887,0.9315950041275537,0.0020709087341215684,0.40375379706263265,0.6113244181938369
10.68,1.0,-6.68,0.31300475890105445,0.0468569998354872,45.6224,131.37254399999998,2.137728789294531,0.31649258684571124,0.025041889382072517,0.007333231968166709,-0.007333231968166709,0.011424710941446654,-0.018757942909613363,-0.37453130279862523,0.9302309916294298,0.002054122529086028,0.4034107521498715,0.6104293359498035
10.69,1.0,-6.6899999999999995,0.31184414486689904,0.04661347456904321,45.756099999999996,131.82943633333332,2.132850803728598,0.31530871649728676,0.02485489667479159,0.007268069558129113,-0.007268069558129113,0.011372631377414314,-0.018640700935543427,-0.37499051352825086,0.9288709230190971,0.0020374758586961393,0.4030679987013963,0.6095368417347943
10.700000000000001,1.0,-6.700000000000001,0.31068636034199254,0.046371098558506345,45.890000000000015,132.28766666666672,2.1279697128498567,0.31412782952816704,0.02466907332101929,0.0072034339181010765,-0.0072034339181010765,0.011320637747015755,-0.018524071665116833,-0.37545130747439537,0.9275147814130815,0.002020967468228648,0.4027255364695677,0.6086469244696601
10.71,1.0,-6.710000000000001,0.30953140115122196,0.04612986604340118,46.02410000000001,132.74723700000004,2.1230855677681006,0.3129499206579558,0.024484413209955206,0.007139321035666071,-0.007139321035666071,0.011268730820162996,-0.01840805185582907,-0.3759136822675512,0.9261625500229774,0.0020045961156611933,0.4023833652069568,0.6077595731376367
10.72,1.0,-6.720000000000001,0.30837926315196895,0.04588977130237633,46.15840000000001,133.20814933333338,2.118198419683608,0.3117749846481204,0.02430091026308393,0.0070757269302195915,-0.0070757269302195915,0.011216911362875335,-0.018292638293094927,-0.37637763555062576,0.9248142121547873,0.0019883605715265832,0.40204148466634465,0.6068747767839122
10.73,1.0,-6.73,0.3072299422337148,0.04565080865285509,46.2929,133.67040566666668,2.1133083198857556,0.3106030163015023,0.024118558433897822,0.007012647652669519,-0.007012647652669519,0.011165180137245887,-0.018177827789915404,-0.37684316497886283,0.9234697512082676,0.0019722596187689728,0.4016998946007227,0.6059925245151968
10.74,1.0,-6.74,0.3060834343176438,0.04541297245068899,46.427600000000005,134.134008,2.1084153197516082,0.30943401046182756,0.023937351707622602,0.006950079285139715,-0.006950079285139715,0.01111353790140819,-0.018063617186547906,-0.3773102682197659,0.9221291506762807,0.001956292052601857,0.40135859476329216,0.605112805499298
10.75,1.0,-6.75,0.30493973535625185,0.04517625708981508,46.5625,134.59895833333334,2.103519470744515,0.3082679620132231,0.02375728410094649,0.006888017940677104,-0.006888017940677104,0.01106198540950321,-0.017950003350180314,-0.37777894295302017,0.9207923941441505,0.0019404566803678963,0.4010175849074637,0.6042356089646981
10.76,1.0,-6.76,0.3037988413329558,0.04494065700191654,46.697599999999994,135.06525866666667,2.0986208244126976,0.3071048658797355,0.023578349661752585,0.0068264597629620165,-0.0068264597629620165,0.011010523411646576,-0.017836983174608592,-0.3782491868704173,0.919459465289025,0.0019247523214005234,0.4006768647868578,0.6033609242001351
10.77,1.0,-6.77,0.30266074826170525,0.044706166656086455,46.832899999999995,135.53291099999998,2.093719432387831,0.30594471702485254,0.023400542468854275,0.006765400926021812,-0.006765400926021812,0.010959152653896053,-0.017724553579917864,-0.37872099767577916,0.9181303478792427,0.0019091778068873147,0.4003364341553042,0.6024887405541877
10.78,1.0,-6.779999999999999,0.301525452186597,0.044472780558495136,46.96839999999999,136.0019173333333,2.0888153463836225,0.3047875104510286,0.023223856631733965,0.006704837633947773,-0.006704837633947773,0.010907873878219333,-0.017612711512167104,-0.3791943730848826,0.9168050257737048,0.0018937319797351047,0.3999962927668416,0.6016190474348625
10.790000000000001,1.0,-6.790000000000001,0.300392949181491,0.044240493252060524,47.10410000000001,136.47227966666674,2.0839086181943847,0.303633241199213,0.02304828629028486,0.006644766120615157,-0.006644766120615157,0.010856687822462074,-0.01750145394307723,-0.3796693108253847,0.9154834829212527,0.0018784136944368119,0.3996564403757179,0.6007518343091867
10.8,1.0,-6.800000000000001,0.29926323534963034,0.0440092993161221,47.24000000000001,136.94400000000002,2.0789992996936086,0.3024819043483829,0.022873825614556066,0.006585182649406487,-0.006585182649406487,0.010805595220316289,-0.017390777869722776,-0.3801458086367485,0.9141657033600507,0.00186322181693997,0.3993168767363898,0.5998870907028016
10.81,1.0,-6.8100000000000005,0.2981363068232605,0.04377919336611755,47.37610000000001,137.41708033333336,2.0740874428325218,0.30133349501507667,0.022700468804500308,0.006526083512937836,-0.006526083512937836,0.010754596801288874,-0.01728068031422671,-0.38062386427017003,0.9128516712169717,0.0018481552245168994,0.3989776016035226,0.5990248061995608
10.82,1.0,-6.82,0.2970121597632536,0.043550170053263,47.51240000000001,137.89152266666667,2.069173099638653,0.3001880083529331,0.022528210089725154,0.006467465032788306,-0.006467465032788306,0.010703693290670578,-0.017171158323458884,-0.3811034754885041,0.9115413707069915,0.0018332128056365493,0.3986386147319898,0.5981649704411317
10.83,1.0,-6.83,0.2958907903587337,0.04332222406423627,47.6489,138.36732899999998,2.0642563222143875,0.29904543955223256,0.022357043729246996,0.006409323559232512,-0.006409323559232512,0.010652885409505174,-0.017062208968737686,-0.3815846400661925,0.9102347861325847,0.0018183934598379509,0.3982999158768735,0.5973075731265998
10.84,1.0,-6.84,0.2947721948267038,0.04309535012086313,47.785599999999995,138.84450133333334,2.059337162735517,0.29790578383944144,0.022186964011248003,0.00635165547097604,-0.00635165547097604,0.010602173874558923,-0.016953829345534962,-0.3820673557891917,0.9089319018831271,0.0018036960976052674,0.3979615047934638,0.5964526040120761
10.85,1.0,-6.85,0.2936563694116762,0.042869542979806746,47.92249999999999,139.32304166666665,2.0544156734497885,0.2967690364767597,0.02201796525283608,0.006294457174893931,-0.006294457174893931,0.01055155939829037,-0.0168460165731843,-0.3825516204549011,0.9076327024343025,0.001789119640244426,0.39762338123725866,0.5956000529103083
10.86,1.0,-6.859999999999999,0.2925433103853041,0.04264479743226008,48.05959999999999,139.80295199999995,2.049491906675446,0.29563519276167183,0.021850041799807714,0.006237725105772041,-0.006237725105772041,0.010501042688820388,-0.016738767794592428,-0.38303743187209216,0.9063371723475152,0.0017746630197613001,0.3972855449639637,0.5947499096902944
10.870000000000001,1.0,-6.870000000000001,0.2914330140460155,0.042421108303641264,48.196900000000014,140.2842343333334,2.0445659147997683,0.2945042480265002,0.02168318802641359,0.006181455726051315,-0.006181455726051315,0.010450624449902536,-0.01663208017595385,-0.38352478786083755,0.9050452962693049,0.0017603251787414232,0.3969479957294922,0.5939021642768998
10.88,1.0,-6.880000000000001,0.2903254767186507,0.04219847045329225,48.33440000000001,140.7668906666667,2.0396377502776093,0.2933761976379631,0.021517398335127294,0.006125645525574985,-0.006125645525574985,0.010400305380893768,-0.016525950906468752,-0.38401368625244137,0.9037570589307697,0.0017461050702312327,0.39661073328996493,0.593056806650478
10.89,1.0,-6.890000000000001,0.2892206947540988,0.04197687877417979,48.472100000000005,141.25092300000003,2.0347074656299204,0.29225103699673294,0.02135266715641644,0.006070291021338431,-0.006070291021338431,0.010350086176725335,-0.016420377198063767,-0.38450412488936936,0.9024724451469903,0.0017320016576207668,0.3962737574017097,0.5922138268464932
10.9,1.0,-6.9,0.2881186645289398,0.041756328192599966,48.61000000000001,141.73633333333333,2.029775113442285,0.2911287615370008,0.02118898894851697,0.00601538875724201,-0.00601538875724201,0.0102999675278741,-0.01631535628511611,-0.38499610162518005,0.9011914398164609,0.0017180139145278734,0.3959370678212615,0.5913732149551462
10.91,1.0,-6.91,0.2870193824450865,0.04153681366788517,48.7481,142.22312366666668,2.024840746363433,0.2900093667260412,0.021026358197209865,0.005960935303846515,-0.005960935303846515,0.010249950120334061,-0.016210885424180577,-0.3854896143244557,0.8999140279205247,0.0017041408246838408,0.39560066430536195,0.5905349611210045
10.92,1.0,-6.92,0.2859228449294298,0.04131833019211414,48.8864,142.711296,2.019904417103769,0.2888928480637819,0.020864769415600844,0.005906927258131414,-0.005906927258131414,0.010200034635588289,-0.016106961893719702,-0.38598466086273486,0.8986401945228125,0.001690381381820471,0.39526454661095967,0.589699055542634
10.93,1.0,-6.93,0.2848290484334858,0.04110087278982479,49.024899999999995,143.20085233333333,2.0149661784338813,0.2877792010823756,0.02070421714390259,0.005853361243255772,-0.005853361243255772,0.010150221750581098,-0.01600358299383687,-0.38648123912644394,0.8973699247686875,0.001676734589558563,0.3949287144952094,0.5888654884722343
10.94,1.0,-6.9399999999999995,0.2837379894330439,0.04088443651772967,49.163599999999995,143.69179466666665,2.010026083183054,0.2866684213457743,0.020544695949219597,0.005800233908321768,-0.005800233908321768,0.010100512137690525,-0.01590074604601229,-0.38697934701283065,0.8961032038846933,0.001663199461297776,0.3945931677154726,0.5880342502152763
10.950000000000001,1.0,-6.950000000000001,0.282649664427819,0.04066901646443439,49.302500000000016,144.18412500000005,2.005084184237777,0.2855605044493078,0.020386200425335784,0.005747541928140913,-0.005747541928140913,0.010050906464701182,-0.015798448392842095,-0.3874789824298971,0.8948400171780065,0.00164977502010788,0.39425790602931654,0.5872053311301437
10.96,1.0,-6.960000000000001,0.28156406994110494,0.04045460775015875,49.441600000000015,144.67784533333338,2.0001405345402494,0.28445544601926437,0.020228725192504658,0.005695282003002833,-0.005695282003002833,0.010001405394777388,-0.01569668739778022,-0.3879801432963335,0.8935803500358949,0.0016364602986213529,0.3939229291945148,0.5863787216277769
10.97,1.0,-6.970000000000001,0.28048120251942876,0.040241205526460364,49.58090000000001,145.1729576666667,1.995195187086879,0.28335324171247384,0.020072264897241905,0.0056434508584465425,-0.0056434508584465425,0.009952009586436614,-0.015595460444883157,-0.38848282754145247,0.8923241879251773,0.001623254338927303,0.3935882369690466,0.5855544121713188
10.98,1.0,-6.98,0.2794010587322087,0.04002880497596113,49.720400000000005,145.66946400000003,1.990248194926778,0.2822538872158941,0.01991681421212067,0.005592045245034322,-0.005592045245034322,0.009902719693523247,-0.01549476493855757,-0.38898703310512384,0.891071516391691,0.001610156192466719,0.39325382911109663,0.5847323932757648
10.99,1.0,-6.99,0.2783236351714143,0.039817401312076436,49.8601,146.16736633333335,1.9852996111602623,0.28115737824620124,0.01976236783556937,0.005541061938128077,-0.005541061938128077,0.009853536365182722,-0.015394598303310799,-0.3894927579377097,0.8898223210597607,0.0015971649199290187,0.3929197053790554,0.5839126555076153
11.0,1.0,-7.0,0.27724892845122706,0.03960698977874672,50.0,146.66666666666669,1.980349488937336,0.28006371054938084,0.019608920491671844,0.005490497737668115,-0.005490497737668115,0.00980446024583592,-0.015294957983504037,-0.39,0.8885765876316731,0.001584279591149869,0.39258586553151836,0.58309518948453
11.01,1.0,-7.01,0.27617693520770464,0.03939756565017185,50.1401,147.16736699999998,1.9753978814561814,0.27897287990032343,0.019456466929970072,0.005440349467954401,-0.005440349467954401,0.009755491975153924,-0.015195841443108326,-0.39050875726314865,0.8873343018871559,0.0015714992850102752,0.3922523093272862,0.5822799858749865
11.02,1.0,-7.02,0.2751076520984465,0.03918912423054794,50.28039999999999,147.66946933333332,1.9704448419616423,0.2778848821024224,0.0193050019252693,0.005390613977430191,-0.005390613977430191,0.009706632188033103,-0.015097246165463294,-0.3910190277086101,0.8860954496828594,0.0015588230893369163,0.3919190365253647,0.5814670353979399
11.03,1.0,-7.029999999999999,0.2740410758022615,0.03898166085380676,50.42089999999999,148.17297566666664,1.965490423743705,0.27679971298717426,0.019154520277445512,0.005341288138468054,-0.005341288138468054,0.009657881514570522,-0.014999169653038576,-0.3915308093280762,0.884860016951843,0.0015462501008037053,0.391586046884964,0.580656328822486
11.040000000000001,1.0,-7.040000000000001,0.2729772030188375,0.03877517088335759,50.56160000000001,148.67788800000005,1.9605346801359738,0.275717368413782,0.019005016811255302,0.005292368847158211,-0.005292368847158211,0.009609240580039662,-0.014901609427197874,-0.3920441001234139,0.8836279897030671,0.0015337794248345615,0.39125334016549923,0.5798478569675277
11.05,1.0,-7.050000000000001,0.27191603046841406,0.03856964971183178,50.70250000000001,149.18420833333337,1.9555776645141512,0.27463784426876225,0.018856486376148226,0.005243853023099254,-0.005243853023099254,0.009560710004866555,-0.01480456302796581,-0.39255889810660227,0.8823993540208872,0.001521410175507392,0.3909209161265898,0.5790416107014431
11.06,1.0,-7.0600000000000005,0.2708575548914549,0.038365092760829306,50.84360000000001,149.6919386666667,1.9506194302945012,0.27356113646555236,0.01870892384608114,0.005195737609191041,-0.005195737609191041,0.009512290404606112,-0.014708028013797152,-0.393075201299672,0.8811740960645519,0.001509141475459224,0.39058877452805923,0.5782375809417565
11.07,1.0,-7.07,0.26980177304832487,0.038161495480668294,50.9849,150.20108100000002,1.945660030932325,0.2724872409441236,0.018562324119335213,0.005148019571429971,-0.005148019571429971,0.00946398238991894,-0.014612001961348911,-0.393593007734643,0.8799522020677063,0.0014969724557925303,0.3902569151299354,0.5774357586548113
11.08,1.0,-7.08,0.26874868171896704,0.03795885335013658,51.126400000000004,150.71163733333336,1.940699519920423,0.2714161536705946,0.018416682118334953,0.005100695898706401,-0.005100695898706401,0.009415786566548403,-0.014516482465254804,-0.39411231545346437,0.8787336583378984,0.001484902255982685,0.3899253376924496,0.5766361348554478
11.09,1.0,-7.09,0.2676982777025832,0.03775716187624587,51.2681,151.22360966666668,1.9357379507875607,0.2703478706368489,0.018271992789469598,0.005053763602604328,-0.005053763602604328,0.009367703535298063,-0.014421467137902391,-0.39463312250795324,0.8775184512560894,0.0014729300237865603,0.3895940419760372,0.5758387006066804
11.1,1.0,-7.1,0.2666505578173151,0.03755641659398805,51.41,151.737,1.9307753770969256,0.2692823878601542,0.018128251102916628,0.005007219717203191,-0.005007219717203191,0.009319733892009439,-0.01432695360921263,-0.3951554269597355,0.8763065672761678,0.0014610549151522292,0.3892630277413372,0.5750434470193796
11.11,1.0,-7.109999999999999,0.26560551889992895,0.037356613066094085,51.55209999999999,152.2518103333333,1.9258118524445884,0.268219701382785,0.01798545205246759,0.0049610612988818924,-0.0049610612988818924,0.009271878227540144,-0.014232939526422036,-0.39567922688018525,0.8750979929244679,0.0014492760941297869,0.38893229474919155,0.5742503652519555
11.120000000000001,1.0,-7.120000000000001,0.2645631578054999,0.037157746882794926,51.694400000000016,152.76804266666673,1.9208474304579546,0.2671598072716473,0.017843590655355932,0.004915285426124847,-0.004915285426124847,0.009224137127742317,-0.014139422553867164,-0.39620452035036685,0.8738927147992909,0.0014375927327832383,0.3886018427606458,0.573459446510044
11.13,1.0,-7.130000000000001,0.26352347140710214,0.03695981366158515,51.836900000000014,153.28569900000002,1.9158821647942237,0.26610270161790706,0.01770266195208722,0.0048698891993302785,-0.0048698891993302785,0.009176511173441503,-0.014046400372771781,-0.3967313054609748,0.8726907195704315,0.0014260040111034858,0.38827167153694836,0.5726706820461959
11.14,1.0,-7.140000000000001,0.262486456595496,0.03676280904698824,51.979600000000005,153.80478133333335,1.91091610913883,0.2650483805366193,0.017562661006271137,0.004824869740620394,-0.004824869740620394,0.009129000940415712,-0.013953870681036106,-0.3972595803122764,0.8714919939787062,0.00141450911692234,0.38794178083955055,0.5718840631595674
11.15,1.0,-7.15,0.2614521102788215,0.03656672871032468,52.1225,154.32529166666671,1.9059493172038982,0.26399684016636166,0.017423582904455875,0.004780224193653778,-0.004780224193653778,0.009081606999375014,-0.013861831193028792,-0.39778934301405344,0.8702965248354867,0.0014031072458276052,0.38761217043010626,0.5710995811956137
11.16,1.0,-7.16,0.26042042938229115,0.036371568349482006,52.2656,154.847232,1.9009818427266867,0.26294807666887,0.017285422755964484,0.004735949723439727,-0.004735949723439727,0.009034329915941374,-0.0137702796393811,-0.3983205916855446,0.869104299022236,0.0013917976010791805,0.3872828400704719,0.5703172275457853
11.17,1.0,-7.17,0.2593914108478859,0.03617732368868702,52.408899999999996,155.37060433333332,1.896013739468029,0.2619020862286759,0.017148175692733195,0.004692043516154585,-0.004692043516154585,0.008987170250628848,-0.013679213766783434,-0.39885332445538824,0.8679153034900492,0.0013805793935261768,0.3869537895227065,0.5695369936472255
11.18,1.0,-7.18,0.2583650516340525,0.03598399047828029,52.5524,155.89541066666666,1.8910450612107772,0.2608588650527476,0.017011836869151892,0.004648502778960071,-0.004648502778960071,0.00894012855882418,-0.01358863133778425,-0.39938753946156597,0.8667295252591971,0.0013694518415250413,0.3866250185490707,0.5687588709824722
11.19,1.0,-7.1899999999999995,0.25734134871540315,0.0357915644944928,52.696099999999994,156.42165299999996,1.8860758617582416,0.25981840937013334,0.016876401461906547,0.004605324739823557,-0.004605324739823557,0.008893205390767735,-0.013498530130591293,-0.39992323485134573,0.8655469514186731,0.0013584141708586708,0.38629652691202765,0.5679828510791597
11.200000000000001,1.0,-7.200000000000001,0.25632029908241655,0.03560004153922451,52.84000000000002,156.94933333333339,1.8811061949326238,0.25878071543160625,0.016741864669823494,0.00456250664734024,-0.00456250664734024,0.008846401291534736,-0.013408907938874975,-0.4004604087812264,0.8643675691257441,0.0013474656146564912,0.38596831437424206,0.5672089255097239
11.21,1.0,-7.210000000000001,0.255301899741142,0.03540941743982551,52.98410000000001,157.47845366666672,1.8761361145734592,0.257745779509314,0.016608221713715975,0.004520045770557288,-0.004520045770557288,0.00879971680101699,-0.013319762571574278,-0.40099905941688174,0.8631913656055054,0.001336605413315523,0.3856403806985805,0.566437085891111
11.22,1.0,-7.220000000000001,0.2542861477129036,0.03521968804887861,53.128400000000006,158.00901600000003,1.8711656745360425,0.256713597896428,0.01647546783623223,0.004477939398799765,-0.004477939398799765,0.008753152453904808,-0.013231091852704574,-0.4015391849331055,0.8620183281504374,0.0013258328144223656,0.3853127256481107,0.565667323884486
11.23,1.0,-7.23,0.253273040034008,0.03503084924398451,53.27290000000001,158.54102233333336,1.8661949286898627,0.25568416690679735,0.01634359830170575,0.004436184841498494,-0.004436184841498494,0.008706708779669404,-0.013142893621167898,-0.40208078351375653,0.8608484441199675,0.001315147072676145,0.384985348986102,0.5648996311949455
11.24,1.0,-7.24,0.2522625737554537,0.03484289692754885,53.4176,159.07447466666667,1.8612239309170335,0.25465748287460455,0.016212608396007376,0.004394779428019731,-0.004394779428019731,0.008660386302545637,-0.01305516573056537,-0.4026238533517043,0.8596817009400344,0.0013045474498123782,0.3846582504760246,0.5641339995712312
11.25,1.0,-7.25,0.2512547459426413,0.03465582702657121,53.5625,159.609375,1.8562527351107205,0.25363354215402356,0.01608249342639921,0.004353720507496636,-0.004353720507496636,0.008614185541515077,-0.012967906049011713,-0.4031683926487748,0.8585180861026553,0.0012940332145277465,0.38433142988155,0.563370420805447
11.26,1.0,-7.26,0.2502495536750869,0.034469635492436215,53.7076,160.14572533333333,1.8512813951735672,0.2526123411188805,0.01595324872139041,0.004313005448662548,-0.004313005448662548,0.008568107010289473,-0.01288111245895202,-0.4037143996156969,0.8573575871654986,0.0012836036424057756,0.38400488696655016,0.5626088867327774
11.27,1.0,-7.27,0.2492469940461367,0.034284318300706565,53.85289999999999,160.68352766666663,1.8463099650161203,0.25159387616231654,0.01582486963059477,0.004272631639686032,-0.004272631639686032,0.00852215121729457,-0.012794782856980602,-0.4042618724720488,0.8562001917514568,0.0012732580158434019,0.38367862149509785,0.5618493892312081
11.28,1.0,-7.279999999999999,0.24824706416268347,0.034099871450918064,53.99839999999999,161.22278399999996,1.8413384985552537,0.25057814369645376,0.015697351524590158,0.004232596488007658,-0.004232596488007658,0.00847631866565429,-0.012708915153661949,-0.4048108094462058,0.8550458875482252,0.0012629956239784167,0.3833526332314663,0.5610919202212491
11.290000000000001,1.0,-7.290000000000001,0.247249761144885,0.03391629096637654,54.144100000000016,161.7634963333334,1.8363670497125886,0.24956514015206252,0.015570689794779652,0.004192897420178511,-0.004192897420178511,0.008430609853175291,-0.012623507273353802,-0.40536120877528675,0.8538946623078826,0.001252815762617775,0.3830269219401289,0.5603364716656597
11.3,1.0,-7.300000000000001,0.24625508212588526,0.03373357289395688,54.29000000000001,162.30566666666672,1.8313956724129195,0.24855486197823287,0.015444879853254599,0.004153531881700444,-0.004153531881700444,0.008385025272331923,-0.012538557154032367,-0.4059130687051023,0.8527465038464759,0.0012427177341667662,0.3827014873857592,0.5595830355691758
11.31,1.0,-7.3100000000000005,0.2452630242515352,0.03355171330390359,54.43610000000001,162.84929700000004,1.8264244205826263,0.24754730564204594,0.015319917132659127,0.004114497336867931,-0.004114497336867931,0.008339565410251456,-0.012454062747119387,-0.4064663874901031,0.8516014000436064,0.0012327008475590125,0.38237632933323085,0.5588316039782385
11.32,1.0,-7.32,0.24427358468011806,0.033370708289633615,54.58240000000001,163.39438933333335,1.8214533481480981,0.24654246762824988,0.01519579708605666,0.004075791268611667,-0.004075791268611667,0.008294230748699791,-0.01237002201731146,-0.4070211633933283,0.8504593388420219,0.0012227644181873134,0.38205144754761716,0.5580821689807266
11.33,1.0,-7.33,0.2432867605820746,0.03319055396754087,54.7289,163.94094566666666,1.8164825090341479,0.24554034443893724,0.015072515186797985,0.0040374111783437715,-0.0040374111783437715,0.008249021764067482,-0.012286432942411253,-0.407577394686354,0.8493203082472086,0.001212907767835307,0.3817268417941908,0.5573347227056886
11.34,1.0,-7.34,0.24230254913973132,0.033011246476802626,54.8756,164.48896799999997,1.8115119571624303,0.2445409325932248,0.014950066928391027,0.003999354585804625,-0.003999354585804625,0.008203938927356148,-0.012203293513160773,-0.408135079649243,0.8481842963269896,0.0012031302246099406,0.38140251183842433,0.556589257323079
11.35,1.0,-7.35,0.2413209475470297,0.03283278197918772,55.022499999999994,165.03845833333332,1.806541746449856,0.24354422862693575,0.014828447824372289,0.003961619028911311,-0.003961619028911311,0.00815898270416524,-0.012120601733076553,-0.4086942165704939,0.8470512912111234,0.0011934311228747412,0.3810784574459893,0.5558457650434954
11.36,1.0,-7.359999999999999,0.24034195300925823,0.032655156658866605,55.16959999999999,165.58941866666666,1.8015719308070068,0.2425502290922843,0.014707653408179899,0.003924202063607642,-0.003924202063607642,0.008114153554679216,-0.012038355618286858,-0.4092548037469911,0.8459212810909077,0.0011838098031838771,0.38075467838275623,0.5551042381179179
11.370000000000001,1.0,-7.370000000000001,0.23936556274278487,0.03247836672222318,55.31690000000002,166.14185100000003,1.796602564136548,0.2415589305575625,0.014587679233028325,0.003887101263715744,-0.003887101263715744,0.008069451933655047,-0.011956553197370792,-0.4098168394839553,0.8447942542187843,0.001174265612216996,0.38043117441479485,0.5543646688374504
11.38,1.0,-7.380000000000001,0.2383917739747933,0.032302408397668465,55.46440000000001,166.69575733333338,1.7916337003316432,0.24057032960682972,0.014468520871784674,0.003850314220789223,-0.003850314220789223,0.00802487829041014,-0.011875192511199362,-0.4103803220948934,0.8436701989079494,0.001164797902714839,0.3801079453083736,0.5536270495330646
11.39,1.0,-7.390000000000001,0.2374205839430187,0.03212727793545585,55.612100000000005,167.2511396666667,1.7866653932743641,0.2395844228396037,0.014350173916846506,0.003813838543967794,-0.003813838543967794,0.007980433068810595,-0.011794271612778389,-0.41094524990155024,0.842549103531964,0.0011554060334156,0.37978499082995937,0.5528913725753443
11.4,1.0,-7.4,0.2364519898954873,0.03195297160749828,55.760000000000005,167.80800000000002,1.7816976968341043,0.23860120687055464,0.014232633980021302,0.0037776718598334876,-0.0037776718598334876,0.00793611670725988,-0.011713788567093366,-0.4115116212338594,0.8414309565243692,0.001146089368992047,0.37946231074621756,0.5521576303742327
11.41,1.0,-7.41,0.2354859890902566,0.031779485707187125,55.908100000000005,168.36634033333334,1.7767306648659886,0.2376206783292013,0.01411589669240744,0.0037418118122683162,-0.0037418118122683162,0.007891929638687845,-0.01163374145095616,-0.4120794344298948,0.8403157463783044,0.0011368472799893798,0.3791399048240117,0.5514258153787827
11.42,1.0,-7.42,0.23452257879515812,0.031606816549212685,56.0564,168.92616266666667,1.7717643512092858,0.23664283385960946,0.013999957704276682,0.00370625606231342,-0.00370625606231342,0.007847872290540153,-0.011554128352853573,-0.4126486878358225,0.8392034616461276,0.0011276791427638124,0.37881777283040363,0.5506959200769066
11.43,1.0,-7.43,0.23356175628754106,0.031434960469386417,56.204899999999995,169.487469,1.7667988096858163,0.2356676701200922,0.01388481268495815,0.0036710022880296587,-0.0036710022880296587,0.007803945084768043,-0.011474947372797702,-0.4132193798058532,0.8380940909390382,0.0011185843394218803,0.3784959145326529,0.5499679369951298
11.44,1.0,-7.4399999999999995,0.2326035188540188,0.031263913824464896,56.35359999999999,170.05026133333328,1.7618340940983648,0.2346951837829133,0.013770457322723861,0.00363604818435967,-0.00363604818435967,0.007760148437818514,-0.011396196622178185,-0.4137915087021947,0.8369876229267041,0.001109562257760459,0.37817432969821685,0.549241858698345
11.450000000000001,1.0,-7.450000000000001,0.23164786379021612,0.031093672991975314,56.50250000000002,170.61454166666675,1.7568702582290858,0.23372537153399162,0.013656887324675605,0.0036013914629913096,-0.0036013914629913096,0.007716482760624837,-0.011317874223616147,-0.41436507289500474,0.8358840463368905,0.0011006122912074795,0.3778530180947504,0.5485176777895691
11.46,1.0,-7.460000000000001,0.2306947884005201,0.030924234370042908,56.651600000000016,171.18031200000001,1.7519073558379232,0.2327582300726101,0.013544098416633524,0.0035670298522225696,-0.0035670298522225696,0.00767294845859756,-0.01123997831082013,-0.4149400707623439,0.8347833499550923,0.00109173383876335,0.3775319794901061,0.5477953869097022
11.47,1.0,-7.470000000000001,0.22974428999782925,0.030755594377219444,56.80090000000001,171.74757433333338,1.7469454406610043,0.2317937561111229,0.013432086343025682,0.0035329610968277553,-0.0035329610968277553,0.007629545931615677,-0.011162507028443432,-0.4155165006901299,0.8336855226241675,0.0010829263049430356,0.37721121365233334,0.5470749787372867
11.48,1.0,-7.48,0.22879636590330882,0.030587749452314014,56.95040000000001,172.3163306666667,1.7419845664090643,0.23083194637466956,0.013320846866779581,0.0034991829579251853,-0.0034991829579251853,0.0075862755740184395,-0.011085458531943624,-0.41609436107209086,0.8325905532439757,0.0010741890997188433,0.37689072034967885,0.5463564459882703
11.49,1.0,-7.49,0.22785101344614436,0.030420696054224882,57.100100000000005,172.88658300000003,1.7370247867658464,0.22987279760088752,0.01321037576921465,0.0034656932128461324,-0.0034656932128461324,0.007543137774597335,-0.011008830987443468,-0.41667365030971926,0.831498430771018,0.0010655216384638513,0.3765704993505862,0.5456397814157691
11.5,1.0,-7.5,0.22690822996329912,0.030254430661773215,57.25,173.45833333333334,1.7320661553865166,0.2289163065396292,0.013100668849936369,0.0034324896550051625,-0.0034324896550051625,0.007500132916588572,-0.010932622571593734,-0.41725436681222705,0.8304091442180794,0.0010569233418960076,0.37625055042369576,0.544924977809834
11.51,1.0,-7.51,0.225968012799272,0.030088949773538216,57.400099999999995,174.03158366666665,1.727108725896071,0.22796246995267985,0.012991721926731616,0.003399570093771768,-0.003399570093771768,0.007457261377665874,-0.010856831471437641,-0.41783650899650004,0.8293226826538752,0.0010483936360228716,0.3759308733378443,0.5442120279972175
11.52,1.0,-7.52,0.22503035930585807,0.029924249907693896,57.550399999999996,174.60633599999997,1.7221525518877467,0.22701128461347844,0.012883530835465428,0.0033669323543433238,-0.0033669323543433238,0.007414523529933695,-0.010781455884277018,-0.4184200752870527,0.8282390352026976,0.001039931952087002,0.37561146786206523,0.543500924841143
11.53,1.0,-7.529999999999999,0.22409526684191064,0.029760327601847367,57.70089999999999,175.1825923333333,1.7171976869214345,0.22606274730684048,0.012776091429979103,0.003334574277619332,-0.003334574277619332,0.007371919739920812,-0.010706494017540143,-0.41900506411598426,0.8271581910440681,0.0010315377265119738,0.375292333765588,0.5427916612410755
11.540000000000001,1.0,-7.540000000000001,0.22316273277310458,0.029597179412878587,57.85160000000001,175.7603546666667,1.7122441845220873,0.2251168548286827,0.012669399581989552,0.0033024937200769283,-0.0033024937200769283,0.00732945036857427,-0.010631944088651198,-0.41959147392293394,0.8260801394123896,0.0010232104008490199,0.3749734708178382,0.5420842301324942
11.55,1.0,-7.550000000000001,0.22223275447170227,0.029434801916781755,58.00250000000001,176.33962500000004,1.707292098178134,0.22417360398575048,0.012563451180990021,0.0032706885536476753,-0.0032706885536476753,0.007287115771253738,-0.010557804324901414,-0.4201793031550365,0.8250048695966032,0.0010149494217242963,0.37465487878843745,0.5413786244866667
11.56,1.0,-7.5600000000000005,0.22130532931632044,0.029273191708507992,58.153600000000004,176.92040533333338,1.7023414813398905,0.22323299159534662,0.012458242134152024,0.0032391566655955713,-0.0032391566655955713,0.007244916297726231,-0.010484072963321803,-0.4207685502668794,0.8239323709398463,0.0010067542407867437,0.3743365574472029,0.5406748373104252
11.57,1.0,-7.57,0.22038045469169926,0.029112345401809677,58.3049,177.50269766666668,1.697392387417973,0.22229501448506303,0.012353768366228595,0.003207895958396308,-0.003207895958396308,0.007202852292161216,-0.010410748250557524,-0.4213592137204592,0.8228626328391132,0.0009986243146565615,0.3740185065641474,0.5399728616459434
11.58,1.0,-7.58,0.21945812798847303,0.02895225962908615,58.4564,178.086504,1.6924448697817116,0.22135966949251396,0.012250025819458754,0.0031769043496177444,-0.0031769043496177444,0.007160924093126087,-0.010337828442743831,-0.4219512919851377,0.8217956447449195,0.0009905591048742703,0.37370072590947917,0.5392726905705161
11.59,1.0,-7.59,0.21853834660294258,0.02879293104123091,58.6081,178.67182633333334,1.6874989817575652,0.22042695346507185,0.012147010453473238,0.003146179771801572,-0.003146179771801572,0.007119132033582049,-0.01026531180538362,-0.4225447835375997,0.8207313961609677,0.0009825580778503624,0.37338321525360163,0.5385743171963402
11.6,1.0,-7.6,0.21762110793684958,0.02863435630748021,58.76,179.25866666666667,1.682554776627537,0.21949686325960485,0.012044718245201418,0.00311572017234618,-0.00311572017234618,0.007077476440880352,-0.010193196613226532,-0.42313968686181075,0.8196698766438155,0.000974620704815528,0.3730659743671134,0.537877734670297
11.61,1.0,-7.609999999999999,0.2167064093971523,0.028476532115263117,58.91209999999999,179.84702699999994,1.677612307627592,0.21856939574221682,0.011943145188779446,0.003085523513390682,-0.003085523513390682,0.007035957636758936,-0.010121481150149618,-0.42373600044897397,0.8186110758025474,0.0009667464617714569,0.3727490030208079,0.5371829361737361
11.620000000000001,1.0,-7.620000000000001,0.21579424839580277,0.02831945517005285,59.06440000000001,180.43690933333338,1.67267162794607,0.21764454778798858,0.011842287295459511,0.003055587771700093,-0.003055587771700093,0.00699457593733939,-0.010050163709039484,-0.42433372279748893,0.8175549832984469,0.0009589348294421968,0.37243230098567315,0.5364899149222614
11.63,1.0,-7.630000000000001,0.21488462234952727,0.02816312219521982,59.21690000000001,181.0283156666667,1.667732790722113,0.21672231628072322,0.011742140593520457,0.0030259109385517005,-0.0030259109385517005,0.0069533316531244175,-0.009979242591676117,-0.4249328524129092,0.816501588844674,0.000951185293226083,0.37211586803289215,0.5357986641655182
11.64,1.0,-7.640000000000001,0.21397752867960604,0.028007529931885603,59.369600000000005,181.62124800000007,1.6627958490440757,0.21580269811269062,0.011642701128179271,0.002996491019622488,-0.002996491019622488,0.006912225088995522,-0.00990871610861801,-0.42553338780790173,0.8154508822059418,0.0009434973431481971,0.371799703933842,0.5351091771869819
11.65,1.0,-7.65,0.2130729648116567,0.02785267513877865,59.52250000000001,182.21570833333337,1.6578608559479524,0.21488569018437648,0.011543964961503958,0.002967326034877744,-0.002967326034877744,0.006871256544211194,-0.009838582579088938,-0.42613532750220506,0.8144028531981978,0.0009358704738133864,0.37148380846009416,0.5344214473037487
11.66,1.0,-7.66,0.21217092817541852,0.027698554592091192,59.6756,182.81169866666667,1.6529278644157972,0.21397128940423216,0.011445928172327417,0.0029384140184607445,-0.0029384140184607445,0.00683042631240542,-0.009768840330866165,-0.4267386700225888,0.8133574916883068,0.0009283041843598117,0.37116818138341406,0.533735467866327
11.67,1.0,-7.67,0.21127141620453874,0.027545165085337515,59.8289,183.40922099999997,1.6479969273741495,0.2130594926884271,0.011348586856162482,0.0029097530185835355,-0.0029097530185835355,0.006789734681586595,-0.00969948770017013,-0.42734341390281283,0.812314787593736,0.000920797978413025,0.3708528224757611,0.5330512322584312
11.68,1.0,-7.68,0.21037442633635986,0.027392503429213524,59.9824,184.00827733333333,1.6430680976924572,0.21215029696060286,0.011251937125117996,0.0028813410974187826,-0.0028813410974187826,0.006749181934136776,-0.009630523031555559,-0.4279495576835872,0.8112747308822422,0.0009133513640405694,0.3705377315092886,0.5323687338967767
11.69,1.0,-7.6899999999999995,0.20947995601171002,0.02724056645145774,60.13609999999999,184.60886966666664,1.6381414281815077,0.21124369915162972,0.011155975107816062,0.0028531763309927157,-0.0028531763309927157,0.006708768346811373,-0.00956194467780409,-0.4285570999125317,0.8102373115715625,0.0009059638537070992,0.3702229082563432,0.5316879662308764
11.700000000000001,1.0,-7.700000000000001,0.2085880026746932,0.027089350996713404,60.29000000000001,185.21100000000004,1.6332169715918514,0.21033969619936455,0.011060696949310243,0.0028252568090790793,-0.0028252568090790793,0.006668494190739146,-0.009493750999818225,-0.4291660391441367,0.8092025197291055,0.0008986349642300017,0.3699083524894651,0.5310089227428382
11.71,1.0,-7.710000000000001,0.20769856377248325,0.026938853926392118,60.44410000000001,185.8146703333334,1.628294780612238,0.20943828504841178,0.010966098811004946,0.002797580635094182,-0.002797580635094182,0.0066283597314226415,-0.009425940366516825,-0.4297763739397229,0.8081703454716462,0.0008913642167355329,0.3695940639813877,0.5303315969471649
11.72,1.0,-7.720000000000001,0.20681163675511735,0.026789072118538513,60.59840000000001,186.41988266666672,1.6233749078680446,0.2085394626498852,0.010872176870575716,0.0027701459259929146,-0.0027701459259929146,0.006588365228738956,-0.009358511154731871,-0.4303881028674025,0.8071407789650222,0.0008841511366154389,0.36928004250503776,0.5296559823905549
11.73,1.0,-7.73,0.20592721907529293,0.026640002467696367,60.752900000000004,187.02663900000002,1.6184574059197108,0.20764322596117255,0.01077892732189064,0.0027429508121658273,-0.0027429508121658273,0.0065485109369408994,-0.009291461749106727,-0.43100122450204026,0.8061138104238329,0.0008769952534840762,0.36896628783353447,0.5289820726517045
11.74,1.0,-7.74,0.20504530818816524,0.02649164188477587,60.9076,187.63494133333336,1.6135423272611749,0.20674957194570168,0.010686346374932718,0.0027159934373371876,-0.0027159934373371876,0.006508797104658521,-0.009224790541995709,-0.43161573742521464,0.8050894301111398,0.0008698961011360116,0.3686527997401902,0.5283098613411116
11.75,1.0,-7.75,0.20416590155114728,0.02634398729692223,61.0625,188.24479166666669,1.6086297243183136,0.2058584975727093,0.01059443025572329,0.002689271958464049,-0.002689271958464049,0.006469223974901034,-0.009158495933365082,-0.4322316402251791,0.8040676283381706,0.0008628532175041058,0.36833957799850986,0.5276393421008814
11.76,1.0,-7.76,0.20328899662371092,0.026197035647385427,61.2176,188.85619199999996,1.603719649447382,0.20496999981701108,0.010503175206246381,0.0026627845456362854,-0.0026627845456362854,0.006429791785059084,-0.00909257633069537,-0.4328489314968244,0.8030483954640236,0.000855866144618065,0.36802662238219064,0.5269705086045324
11.77,1.0,-7.77,0.20241459086718935,0.02605078389539117,61.372899999999994,189.4691443333333,1.5988121549334524,0.2040840756587736,0.010412577484374005,0.0026365293819775844,-0.0026365293819775844,0.006390500766907375,-0.009027030148884958,-0.43346760984164023,0.8020317218953759,0.0008489344285634594,0.36771393266512203,0.5263033545568047
11.78,1.0,-7.779999999999999,0.20154268174458256,0.025905229016013186,61.52839999999999,190.08365066666667,1.5939072929888654,0.20320072208328932,0.010322633363792546,0.002610504663547436,-0.002610504663547436,0.006351351146607732,-0.008961855810155168,-0.4340876738676773,0.8010175980861924,0.0008420576194412073,0.36740150862138576,0.5256378736934695
11.790000000000001,1.0,-7.790000000000001,0.20067326672036273,0.025760368000046562,61.684100000000015,190.69971300000003,1.5890051157516725,0.20231993608075222,0.010233339133929915,0.0025847085992440205,-0.0025847085992440205,0.006312343144712466,-0.008897051743956486,-0.43470912218951085,0.8000060145374377,0.0008352352713275076,0.3670893500252555,0.5249740597811395
11.8,1.0,-7.800000000000001,0.19980634326028276,0.025616197853882403,61.84000000000001,191.31733333333335,1.584105675284088,0.2014417146460365,0.010144691099883798,0.002559139410708073,-0.002559139410708073,0.006273476976168142,-0.008832616386876215,-0.43533195342820186,0.7989969617967904,0.0008284669422342302,0.3667774566511966,0.5243119066170822
11.81,1.0,-7.8100000000000005,0.19894190883118515,0.0254727155993835,61.996100000000006,191.93651366666668,1.5792090235709395,0.20056605477847606,0.010056685582350665,0.00253379533222763,-0.00253379533222763,0.006234752850319701,-0.00876854818254733,-0.4359561662112617,0.7979904304583577,0.0008217521940697398,0.36646582827386603,0.5236514080290315
11.82,1.0,-7.82,0.1980799609008136,0.025329918273761326,62.15240000000001,192.55725600000002,1.5743152125181237,0.1996929534816471,0.009969318917555817,0.0025086746106437238,-0.0025086746106437238,0.006196170970914963,-0.008704845581558686,-0.43658175917261444,0.7969864111623944,0.0008150905926001675,0.3661544646681124,0.5229925578750045
11.83,1.0,-7.83,0.1972204969376257,0.02518780292945411,62.3089,193.17956233333334,1.5694242939510632,0.19882240776315188,0.00988258745718426,0.002483775505256962,-0.002483775505256962,0.006157731536109483,-0.008641507041366445,-0.4372087309525605,0.7959848945950223,0.0008084817074111117,0.3658433656089754,0.5223353500431167
11.84,1.0,-7.84,0.19636351441060734,0.02504636663400604,62.465599999999995,193.80343466666665,1.5645363196131674,0.19795441463440475,0.00979648756831246,0.002459096287735,-0.002459096287735,0.006119434738471787,-0.008578531026206787,-0.4378370801977408,0.7949858714879524,0.0008019251118697665,0.365532530871686,0.5216797784513996
11.85,1.0,-7.85,0.19550901078908878,0.024905606469947616,62.622499999999995,194.42887499999998,1.5596513411642945,0.1970889711104199,0.009711015633340982,0.002434635242020894,-0.002434635242020894,0.006081280764988956,-0.00851591600700985,-0.4384668055611002,0.7939893326182087,0.0007954203830874724,0.36522196023166603,0.5210258370476195
11.86,1.0,-7.859999999999999,0.19465698354256253,0.02476551953467717,62.77959999999999,195.0558853333333,1.5547694101792187,0.19622607420960125,0.009626168049927985,0.0024103906642423322,-0.0024103906642423322,0.006043269797072589,-0.008453660461314922,-0.43909790570185214,0.7929952688078538,0.0007889671018826872,0.3649116534645282,0.5203735198090982
11.870000000000001,1.0,-7.870000000000001,0.19380743014050214,0.024626102940343345,62.936900000000016,195.6844676666667,1.5498905781460954,0.19536572095353372,0.0095419412309235,0.002386360862621704,-0.002386360862621704,0.006005402010565096,-0.0083917628731868,-0.4397303792854431,0.7920036709237173,0.0007825648527443627,0.36460161034607574,0.5197228207425336
11.88,1.0,-7.880000000000001,0.19296034805218404,0.02448735381372894,63.094400000000014,196.3146240000001,1.5450148964649395,0.19450790836677762,0.00945833160430469,0.002362544157387056,-0.002362544157387056,0.0059676775757464195,-0.008330221733133476,-0.44036422498351685,0.791014529877126,0.0007762132237957389,0.36429183065230286,0.5190737338838236
11.89,1.0,-7.890000000000001,0.19211573474650936,0.024349269296135533,63.252100000000006,196.94635633333337,1.5401424164460944,0.19365263347666323,0.009375335613111716,0.0023389388806838492,-0.0023389388806838492,0.005930096657341038,-0.008269035538024886,-0.44099944147388,0.7900278366236341,0.0007699118067585276,0.36398231415939336,0.5184262532978885
11.9,1.0,-7.9,0.19127358769182806,0.024211846543269373,63.410000000000004,197.5796666666667,1.535273189308711,0.19279989331308836,0.009292949715384564,0.002315543376487559,-0.002315543376487559,0.005892659414525353,-0.008208202791012913,-0.4416360274404668,0.7890435821627587,0.0007636601969175011,0.3636730606437217,0.5177803730784977
11.91,1.0,-7.91,0.19043390435576532,0.024075082725128358,63.5681,198.214557,1.530407266179232,0.19194968490831796,0.009211170384100636,0.0022923560005171156,-0.0022923560005171156,0.005855366000935477,-0.008147722001452593,-0.4422739815733049,0.7880617575377146,0.0007574579930854739,0.3633640698818521,0.5171360873480954
11.92,1.0,-7.92,0.1895966822050485,0.02393897502588996,63.7264,198.85102933333332,1.525544698089874,0.1911020052967847,0.009129994107113081,0.0022693751201491256,-0.0022693751201491256,0.005818216564675312,-0.008087591684824438,-0.4429133025684802,0.7870823538351512,0.0007513047975686674,0.3630553416505388,0.5164933902576283
11.93,1.0,-7.93,0.1887619187053362,0.02380352064380028,63.884899999999995,199.48908566666663,1.5206855359771163,0.19025685151489233,0.009049417387089947,0.00224659911433291,-0.00224659911433291,0.005781211248325023,-0.008027810362657933,-0.44355398912810384,0.7861053621848934,0.0007452002161324595,0.3627468757267257,0.5158522759863753
11.94,1.0,-7.9399999999999995,0.18792961132104902,0.023668716791064106,64.0436,200.12872799999994,1.5158298306801932,0.1894142206008201,0.008969436741454036,0.002224026373506332,-0.002224026373506332,0.005744350188949858,-0.00796837656245619,-0.44419603996027707,0.7851307737596807,0.000739143857967513,0.3624386718875461,0.5152127387417768
11.950000000000001,1.0,-7.950000000000001,0.18709975751520133,0.023534560693736013,64.20250000000001,200.7699583333334,1.5109776329395868,0.18857410959432971,0.008890048702323568,0.0022016552995123982,-0.0022016552995123982,0.005707633518109292,-0.00790928881762169,-0.44483945377905854,0.7841585797749125,0.0007331353356562753,0.36213072991032264,0.5145747727592664
11.96,1.0,-7.960000000000001,0.18627235474923595,0.02340104959161255,64.36160000000001,201.41277866666672,1.5061289933955306,0.18773651553657406,0.008811249816453579,0.002179484305516658,-0.002179484305516658,0.005671061361866586,-0.007850545667383245,-0.44548422930443,0.783188771488392,0.0007271742651398519,0.36182304957256733,0.5139383723021043
11.97,1.0,-7.970000000000001,0.1854474004828584,0.023268180738125272,64.52090000000001,202.05719100000005,1.501283962586507,0.18690143546990684,0.008733036645177938,0.0021575118159253247,-0.0021575118159253247,0.005634633840798612,-0.007792145656723937,-0.4461303652622639,0.7822213402000718,0.0007212602656852359,0.36151563065198106,0.5133035316612093
11.98,1.0,-7.98,0.18462489217387482,0.02313595140023494,64.6804,202.70319733333338,1.4964425909477561,0.1860688664376954,0.008655405764352232,0.002135736266304192,-0.002135736266304192,0.005598351070006084,-0.007734087336310275,-0.44677786038428957,0.7812562772518044,0.0007153929598529056,0.3612084729264537,0.5126702451549957
11.99,1.0,-7.99,0.18380482727802985,0.02300435885832664,64.8401,203.35079966666666,1.4916049288097855,0.18523880548413466,0.008578353764297268,0.002114156103298272,-0.002114156103298272,0.005562213159124113,-0.007676369262422385,-0.4474267134080608,0.780293574027091,0.0007095719734647737,0.36090157617406377,0.512038507129208
12.0,1.0,-8.0,0.18298720324884712,0.02287340040610589,65.0,204.0,1.486771026396883,0.18441124965406244,0.008501877249743236,0.0020927697845521806,-0.0020927697845521806,0.005526220212333102,-0.007618989996885282,-0.4480769230769231,0.7793332219508342,0.000703796935572489,0.3605949401730783,0.5114083119567588
12.01,1.0,-8.01,0.1821720175374709,0.02274307335049574,65.1601,204.65080033333328,1.4819409338256375,0.1835861959927778,0.008425972839774656,0.0020715757786312484,-0.0020715757786312484,0.005490372328370007,-0.007561948107001256,-0.44872848813998134,0.7783752124890916,0.000698067478426084,0.36028856470195275,0.5107796540375674
12.02,1.0,-8.02,0.18135926759250925,0.02261337501153482,65.32039999999999,205.30320266666664,1.4771147011034589,0.1827636415458602,0.00835063716777592,0.0020505725649433526,-0.0020505725649433526,0.005454669600539902,-0.007505242165483254,-0.4493814073520676,0.7774195371488314,0.0006923832374429679,0.3599824495393309,0.5101525277983988
12.030000000000001,1.0,-8.030000000000001,0.18054895085987888,0.02248430272227632,65.48090000000002,205.95720900000012,1.472292378127104,0.18194358335899047,0.008275866881377478,0.002029758633661454,-0.002029758633661454,0.005419112116727909,-0.007448870750389363,-0.4500356794737092,0.7764661874776895,0.0006867438511772536,0.3596765944640445,0.5095269276927049
12.040000000000001,1.0,-8.040000000000001,0.17974106478265237,0.0223558538286881,65.64160000000001,206.6128213333334,1.467474014681213,0.181126018477775,0.008201658642402824,0.002009132485646867,-0.002009132485646867,0.005383699959411493,-0.00739283244505836,-0.4506913032710964,0.7755151550637293,0.0006811489612894292,0.3593709992551132,0.5089028482004665
12.05,1.0,-8.05,0.17893560680090445,0.022228025689553347,65.80250000000001,207.2700416666667,1.4626596604368343,0.18031094394756889,0.008128009126815832,0.00198869263237316,-0.00198869263237316,0.005348433205672988,-0.007337125838046148,-0.4513482775160519,0.7745664315352004,0.0006755982125163434,0.35906566369174453,0.5082802838280354
12.06,1.0,-8.06,0.1781325743515631,0.02210081567637259,65.96360000000001,207.928872,1.4578493649499713,0.17949835681330387,0.008054915024669037,0.0019684375958508157,-0.0019684375958508157,0.0053133119272125865,-0.007281749523063402,-0.4520066009859984,0.7736200085603033,0.0006700912526415351,0.3587605875533335,0.5076592291079791
12.07,1.0,-8.07,0.17733196486825992,0.021974221173266407,66.12490000000001,208.58931433333333,1.453043177660124,0.17868825411931644,0.007982373040052351,0.0019483659085525258,-0.0019483659085525258,0.005278336190361577,-0.007226702098914102,-0.45266627246392815,0.7726758778469521,0.000664627732465876,0.35845577061946254,0.5070396785989262
12.08,1.0,-8.08,0.17653377578118284,0.021848239576879064,66.2864,209.25137066666667,1.4482411478888364,0.17788063290917772,0.00791037989104241,0.001928476113339167,-0.001928476113339167,0.005243506056095937,-0.007171982169435104,-0.4533272907383717,0.7717340311425399,0.0006592073057785327,0.3581512126699015,0.5064216268854117
12.09,1.0,-8.09,0.17573800451693058,0.021722868296283136,66.4481,209.915043,1.4434433248382514,0.17707549022552607,0.007838932309652595,0.001908766763386447,-0.001908766763386447,0.0052088215800502645,-0.007117588343436712,-0.45398965460336715,0.7707944602337073,0.0006538296293282468,0.35784691348460723,0.5058050685777253
12.1,1.0,-8.1,0.17494464849836802,0.021598104752884942,66.61,210.58033333333333,1.438649757589666,0.17627282310990014,0.007768027041783536,0.001889236422112194,-0.001889236422112194,0.005174282812532012,-0.007063519234644206,-0.45465336285842967,0.7698571569461101,0.000648494362794924,0.3575428728437235,0.5051899983117591
12.11,1.0,-8.11,0.1741537051444838,0.021473946380330927,66.7721,211.2472436666666,1.4338604951020946,0.17547262860257476,0.007697660847174284,0.0018698836631043038,-0.0018698836631043038,0.005139889798536059,-0.0070097734616403635,-0.45531841430852105,0.7689221131441908,0.0006432011687615315,0.3572390905275809,0.5045764107488574
12.120000000000001,1.0,-8.120000000000001,0.17336517187024883,0.021350390624414874,66.93440000000001,211.91577600000005,1.4290755862108353,0.174674903742398,0.007627830499354001,0.0018507070700493169,-0.0018507070700493169,0.005105642577759606,-0.006956349647808923,-0.4559848077640198,0.76798932073095,0.000637949712686298,0.3569355663166967,0.5039643005756668
12.13,1.0,-8.13,0.1725790460864771,0.02122743494298611,67.09690000000002,212.5859323333334,1.4242950796260452,0.17387964556663063,0.0075585327855942725,0.001831705236661647,-0.001831705236661647,0.005071541184617406,-0.006903246421279053,-0.4566525420406905,0.7670587716477213,0.0006327396628752178,0.35663229999177476,0.5033536625039884
12.14,1.0,-8.14,0.1717953251996872,0.02110507680585838,67.2596,213.25771466666671,1.4195190239313125,0.1730868511107862,0.007489764506861867,0.0018128767666134081,-0.0018128767666134081,0.005037585648257265,-0.006850462414870673,-0.45732161595965487,0.7661304578739454,0.000627570690454846,0.3563292913337051,0.50274449127063
12.15,1.0,-8.15,0.1710140066119657,0.02098331369471972,67.4225,213.93112500000004,1.4147474675822402,0.17229651740847365,0.007421522477772116,0.0017942202734648742,-0.0017942202734648742,0.005003775992575905,-0.006797996266040779,-0.45799202834736175,0.7652043714269472,0.0006224424693453883,0.35602654012356394,0.5021367816372593
12.16,1.0,-8.16,0.17023508772083226,0.02086214310304317,67.5856,214.60616533333334,1.4099804589050344,0.1715086414912418,0.007353803526542826,0.001775734380595555,-0.001775734380595555,0.004970112236235128,-0.0067458466168306835,-0.4586637780355579,0.7642805043617147,0.0006173546762340845,0.35572404614261344,0.5015305283902588
12.17,1.0,-8.17,0.1694585659191061,0.020741562535998303,67.74889999999999,215.28283766666667,1.4052180460950952,0.17072322038842508,0.00728660449494869,0.001757417721135865,-0.001757417721135865,0.0049365943926782925,-0.006694012113814158,-0.4593368638612582,0.763358848770679,0.000612306990548874,0.3554218091723018,0.5009257263405821
12.18,1.0,-8.18,0.16868443859477403,0.020621569510363574,67.91239999999999,215.961144,1.400460277215615,0.1699402511269912,0.00721992223827621,0.0017392689378993942,-0.0017392689378993942,0.004903222470147093,-0.006642491408046487,-0.4600112846667177,0.7624393967834955,0.0006072990944323445,0.3551198289942627,0.5003223703236093
12.19,1.0,-8.19,0.16791270313085963,0.020502161554439517,68.0761,216.64108633333328,1.3957072001961799,0.16915973073139048,0.007153753625279134,0.001721286683315763,-0.001721286683315763,0.004869996471698649,-0.006591283155014412,-0.4606870392994017,0.761522140566827,0.000602330672715961,0.35481810539031555,0.4997204551990057
12.200000000000001,1.0,-8.200000000000001,0.1671433569052945,0.02038333620796274,68.24000000000002,217.32266666666678,1.3909588628313778,0.16838165622340664,0.007088095538134375,0.0017034696193640641,-0.0017034696193640641,0.0048369163952229,-0.006540386014586964,-0.4613641266119579,0.7606070723241282,0.0005974014128945701,0.3545166381424649,0.4991199758505796
12.21,1.0,-8.21,0.16637639729079123,0.020265091022020853,68.40410000000001,218.00588700000006,1.386215312779417,0.1676060246220105,0.007022944872398497,0.001685816417506894,-0.001685816417506894,0.004803982233460342,-0.0064897986509672365,-0.46204254546218726,0.759694184295432,0.0005925110051011811,0.3542154270329008,0.4985209271861426
12.22,1.0,-8.22,0.1656118216547164,0.020147423558967932,68.56840000000001,218.6907493333334,1.381476597560737,0.16683283294321313,0.006958298536964515,0.0016683257586249144,-0.0016683257586249144,0.004771193974019977,-0.006439519732644891,-0.4627222947130165,0.7587834687571368,0.0005876591420820066,0.35391447184399816,0.49792330413736957
12.23,1.0,-8.23,0.16484962735896697,0.02003033139234106,68.7329,219.37725566666668,1.376742764556639,0.16606207819992277,0.006894153454019317,0.0016509963329520208,-0.0016509963329520208,0.004738551599397643,-0.006389547932349664,-0.46340337323246944,0.7578749180217951,0.0005828455191717812,0.35361377235831676,0.4973271016596604
12.24,1.0,-8.24,0.16408981175984663,0.019913812106777503,68.8976,220.065408,1.3720138610079136,0.16529375740180247,0.0068305065590014815,0.0016338268400110376,-0.0016338268400110376,0.004706055086994606,-0.006339881927005644,-0.4640857798936393,0.7569685244379043,0.0005780698342693361,0.3533133283586014,0.49673231473200236
12.25,1.0,-8.25,0.16333237220794494,0.019797863297932723,69.0625,220.75520833333337,1.3672899340134785,0.1645278675551297,0.006767354800559574,0.00161681598854998,-0.00161681598854998,0.004673704409136456,-0.006290520397686437,-0.4647695135746607,0.7560642803896991,0.0005733317878134363,0.353013139627781,0.4961389383568338
12.26,1.0,-8.26,0.1625773060480172,0.019682482572399174,69.2276,221.44665866666668,1.362571030529021,0.1637644056626575,0.006704695140510861,0.0015999624964788527,-0.0015999624964788527,0.004641499533092296,-0.006241462029571149,-0.4654545731586824,0.7551621782969437,0.0005686310827588758,0.35271320594896943,0.49554696755990835
12.27,1.0,-8.27,0.16182461061886538,0.0195676675476258,69.3929,222.13976099999996,1.3578571973656424,0.163003368723477,0.006642524553800451,0.0015832650908069767,-0.0015832650908069767,0.004609440421094193,-0.00619270551190117,-0.46614095753383994,0.7542622106147271,0.0005639674245528231,0.3524135271054644,0.49495639739016006
12.280000000000001,1.0,-8.280000000000001,0.1610742832532217,0.01945341585183837,69.55840000000002,222.83451733333342,1.3531484811885144,0.1622447537328824,0.006580840028460915,0.0015667225075808634,-0.0015667225075808634,0.004577527030356958,-0.006144249537937821,-0.4668286655932282,0.7533643698332594,0.0005593405211114219,0.3521141028807481,0.4943672229195697
12.290000000000001,1.0,-8.290000000000001,0.16032632127763322,0.01933972512396058,69.72410000000002,223.53092966666674,1.3484449285155402,0.16148855768223708,0.006519638565572303,0.0015503334918226094,-0.0015503334918226094,0.004545759313098201,-0.0060960928049208106,-0.4675176962348744,0.7524686484776687,0.0005547500827966391,0.35181493305848643,0.493779439243032
12.3,1.0,-8.3,0.15958072201234694,0.019226593013535773,69.89000000000001,224.22900000000007,1.3437465857160156,0.160734777558841,0.006458917179222524,0.001534096797468792,-0.001534096797468792,0.004514137216558623,-0.006048234014027415,-0.46820804836171137,0.7515750391078012,0.0005501958223933544,0.35151601742252925,0.4931930414782239
12.31,1.0,-8.31,0.15883748277119797,0.019114017180649572,70.05610000000001,224.92873033333333,1.3390534990093048,0.15998341034580046,0.006398672896468194,0.0015180111873099042,-0.0015180111873099042,0.004482660683022656,-0.00600067187033256,-0.46889972088155074,0.7506835343180199,0.0005456774550866968,0.3512173557569099,0.4926080247654728
12.32,1.0,-8.32,0.15809660086149802,0.019001995295853124,70.22240000000001,225.6301226666667,1.3343657144635166,0.15923445302189926,0.00633890275729586,0.0015020754329302772,-0.0015020754329302772,0.004451329649839328,-0.005953405082769605,-0.4695927127070565,0.7497941267370074,0.0005411946984396181,0.3509189478458454,0.49202438426762696
12.33,1.0,-8.33,0.157358073583926,0.018890525040087158,70.3889,226.33317899999997,1.329683277994191,0.15848790256147136,0.00627960381458361,0.001486288314648516,-0.001486288314648516,0.004420144049443442,-0.0059064323640919585,-0.47028702275571865,0.7489068090275685,0.0005367472723707049,0.3506207934737359,0.4914421151699262
12.34,1.0,-8.34,0.15662189823241954,0.01877960410460666,70.5556,227.03790133333334,1.3250062353629855,0.15774375593427506,0.006220773134063035,0.0014706486214584162,-0.0014706486214584162,0.004389103809376978,-0.0058597524308353945,-0.4709826499498268,0.7480215738864344,0.0005323348991322208,0.350322892425165,0.49086121267987337
12.35,1.0,-8.35,0.15588807209406852,0.01866923019090641,70.7225,227.7442916666666,1.3203346321763785,0.15700201010536952,0.006162407794281638,0.0014551551509703895,-0.0014551551509703895,0.004358208852310832,-0.005813364003281221,-0.47167959321644454,0.747138414044069,0.0005279573032883852,0.3500252444848992,0.49028167202710676
12.36,1.0,-8.36,0.1551565924490095,0.018559401010647073,70.88959999999999,228.452352,1.3156685138843665,0.15626266203499173,0.006104504886565511,0.0014398067093533515,-0.0014398067093533515,0.004327459096066744,-0.005767265805420095,-0.47237785148738315,0.7462573222644756,0.0005236142116938755,0.34972784943788765,0.48970348846327394
12.370000000000001,1.0,-8.370000000000001,0.1544274565703221,0.01845011428558209,71.05690000000001,229.1620843333334,1.3110079257791782,0.15552570867843604,0.006047061514982439,0.001424602111277104,-0.001424602111277104,0.004296854453639558,-0.005721456564916662,-0.4730774236991763,0.7453782913450043,0.0005193053534725575,0.34943070706926244,0.489126657261905
12.38,1.0,-8.38,0.1537006617239268,0.018341367747485293,71.22440000000002,229.8734906666667,1.306352912993992,0.1547911469859354,0.005990074796305365,0.001409540179855189,-0.001409540179855189,0.00426639483321972,-0.005675935013074909,-0.47377830879305416,0.7445013141161634,0.000515030459996442,0.34913381716433844,0.4885511737182889
12.39,1.0,-8.39,0.15297620516848331,0.01823315913807906,71.39210000000001,230.58657300000002,1.3017035205016543,0.15405897390254297,0.005933541859976104,0.0013946197465881944,-0.0013946197465881944,0.004236080138216002,-0.005630699884804196,-0.47448050571491807,0.7436263834414292,0.0005107892648648536,0.34883717950861254,0.4879770331493484
12.4,1.0,-8.4,0.15225408415529185,0.01812548620896331,71.56,231.30133333333336,1.2970597931134147,0.1533291863680167,0.0058774598480695,0.001379839651307541,-0.001379839651307541,0.0042059102672785354,-0.005585749918586076,-0.4751840134153158,0.7427534922170577,0.0005065815038838265,0.348540793887764,0.4874042308935172
12.41,1.0,-8.41,0.15153429592819453,0.018018346721545127,71.7281,232.0177736666667,1.292421775477661,0.15260178131670496,0.005821825915257861,0.0013651987421197166,-0.0013651987421197166,0.004175885114322074,-0.005541083856441791,-0.475888830849416,0.7418826333718994,0.0005024069150457109,0.34824466008765415,0.4868327623106174
12.42,1.0,-8.42,0.1508168377234791,0.01791173844696901,71.8964,232.73589599999997,1.2877895120786629,0.15187675567743356,0.005766637228775712,0.0013506958753509632,-0.0013506958753509632,0.004146004568549502,-0.005496700443900465,-0.47659495697698356,0.7410137998672132,0.0004982652385089938,0.3479487778943264,0.48626262278173804
12.43,1.0,-8.43,0.1501017067697834,0.017805659166047854,72.0649,233.4557023333333,1.283163047235322,0.15115410637339466,0.005711890968384877,0.0013363299154924106,-0.0013363299154924106,0.0041162685144755925,-0.005452598429968003,-0.4773023907623545,0.7401469846964824,0.0004941562165783303,0.34765314709400574,0.48569380770911447
12.44,1.0,-8.44,0.14938890028800195,0.017700106669194544,72.2336,234.17719466666662,1.2785424250999309,0.1504338303220371,0.005657584326339863,0.001322099735145651,-0.001322099735145651,0.0040866768319510315,-0.005408776567096683,-0.4780111311744119,0.7392821808852321,0.0004900795936847823,0.34735776747309904,0.48512631251600796
12.450000000000001,1.0,-8.450000000000001,0.14867841549119315,0.017595078756354215,72.40250000000002,234.9003750000001,1.2739276896569365,0.1497159244349584,0.005603714507353544,0.001308004214968749,-0.001308004214968749,0.004057229396186649,-0.0053652336111553985,-0.47872117718656126,0.7384193814908478,0.0004860351163662639,0.34706263881819444,0.48456013264658726
12.46,1.0,-8.46,0.1479702495844891,0.017490573236937243,72.57160000000002,235.6252453333334,1.2693188847217152,0.14900038561779855,0.005550278728563167,0.0012940422436226945,-0.0012940422436226945,0.004027926077777947,-0.005321968321400641,-0.4794325277767061,0.7375585796023949,0.00048202253324819183,0.3467677609160615,0.4839952635658095
12.47,1.0,-8.47,0.14726439976500508,0.017386587929752666,72.74090000000001,236.3518076666667,1.2647160539393458,0.14828721077013435,0.005497274219496562,0.0012802127177182544,-0.0012802127177182544,0.003998766742729776,-0.00527897946044803,-0.48014518192722394,0.7366997683404394,0.00047804159502433055,0.3464731335536509,0.48343170075930325
12.48,1.0,-8.48,0.14656086322175219,0.017283120662942474,72.91040000000001,237.08006400000002,1.2601192407834012,0.14757639678537687,0.005444698222038748,0.0012665145417632756,-0.0012665145417632756,0.003969751252481339,-0.005236265794244615,-0.48085913862494245,0.7358429408568703,0.00047409205443784346,0.3461787565180943,0.48286943973325164
12.49,1.0,-8.49,0.14585963713555025,0.017180169273916402,73.0801,237.81001633333335,1.255528488554738,0.1468679405506689,0.005392547990398703,0.0012529466281103881,-0.0012529466281103881,0.0039408794639313625,-0.0051938260920417504,-0.4815743968611154,0.7349880903347228,0.0004701736662625366,0.3458846295967044,0.482308476014276
12.5,1.0,-8.5,0.14516071867894279,0.017077731609287387,73.25,238.54166666666669,1.250943840380301,0.14616183894678536,0.005340820791076505,0.0012395078969051276,-0.0012395078969051276,0.00391215122946354,-0.0051516591263686675,-0.48229095563139934,0.7341352099880026,0.00046628618728429723,0.3455907525769745,0.48174880514932117
12.51,1.0,-8.51,0.144464105016113,0.016975805524807642,73.42009999999999,239.275017,1.2463653392119294,0.1454580888480342,0.005289513902830654,0.0012261972760344614,-0.0012261972760344614,0.0038835663969721697,-0.005109763673006631,-0.4830088139358295,0.7332842930615121,0.00046242937628272485,0.3452971252465783,0.4811904227055411
12.52,1.0,-8.52,0.14376979330280112,0.0168743888853053,73.59039999999999,240.01006933333332,1.2417930278251708,0.14475668712215914,0.0052386246166456684,0.0012130137010757137,-0.0012130137010757137,0.003855124809888013,-0.005068138510963727,-0.4837279707787972,0.7324353328306767,0.0004586029940129501,0.34500374739337014,0.4806333242701848
12.530000000000001,1.0,-8.530000000000001,0.14307778068622343,0.016773479564621736,73.76090000000002,240.74682566666678,1.2372269488181078,0.14405763063024407,0.0051881502356999586,0.0011999561152458995,-0.0011999561152458995,0.003826826307204412,-0.005026782422450311,-0.4844484251690259,0.7315883226013723,0.0004548068031876436,0.34471061880538434,0.48007750545048355
12.540000000000001,1.0,-8.540000000000001,0.14238806430499287,0.016673075445549516,73.93160000000002,241.48528800000008,1.232667144610189,0.14336091622661934,0.005138088075333942,0.001187023469351451,-0.001187023469351451,0.0037986707235035913,-0.004985694192855042,-0.48517017611954844,0.7307432557097562,0.0004510405684592113,0.3444177392708358,0.4795229618735395
12.55,1.0,-8.55,0.14170064128904009,0.016573174419770766,74.1025,242.2254583333334,1.2281136574410634,0.14266654075876847,0.005088435463018337,0.0011742147217383163,-0.0011742147217383163,0.0037706578889831637,-0.00494487261072148,-0.485893222647684,0.7299001255220953,0.00044730405640216634,0.3441251085781188,0.47896968918621313
12.56,1.0,-8.56,0.14101550875953664,0.016473774387796333,74.2736,242.96733866666668,1.2235665293694298,0.1419745010672373,0.005039189738322742,0.001161528838242462,-0.001161528838242462,0.0037427876294828795,-0.004904316467725342,-0.48661756377501564,0.7290589254345987,0.0004435970354956898,0.3438327265158077,0.4784176830550134
12.57,1.0,-8.57,0.14033266382881965,0.016374873258905444,74.4449,243.71093100000002,1.2190258022718898,0.1412847939855444,0.00499034825288443,0.001148964792140753,-0.001148964792140753,0.0037150597665115614,-0.004864024558652314,-0.48734319852736724,0.7282196488732499,0.0004399192761063671,0.3435405928726565,0.47786693916598755
12.58,1.0,-8.58,0.1396521036003176,0.01627646895108597,74.6164,244.45623733333338,1.214491517841811,0.1405974163400932,0.004941908370377377,0.0011365215641022052,-0.0011365215641022052,0.003687474117274265,-0.00482399568137647,-0.4880701259347811,0.7273822892936405,0.0004362705504711021,0.34324870743759855,0.47731745322461205
12.59,1.0,-8.59,0.13897382516847723,0.016178559390975233,74.7881,245.2032596666666,1.2099637175881948,0.13991236495008505,0.004893867466481447,0.0011241981421396088,-0.0011241981421396088,0.0036600304946996123,-0.004784228636839221,-0.48879834503149566,0.7265468401808047,0.00043265063268020534,0.3429570699997467,0.476769220955684
12.6,1.0,-8.6,0.13829782561869217,0.016081142513801414,74.96,245.95199999999994,1.2054424428345538,0.13922963662743423,0.004846222928851844,0.0011119935215615224,-0.0011119935215615224,0.0036327287074673417,-0.004744722229028864,-0.48952785485592315,0.7257132950490561,0.0004290592986606568,0.3426656803483929,0.47622223810321396
12.61,1.0,-8.61,0.13762410202723274,0.01598421626332552,75.1321,246.7024603333333,1.2009277347177993,0.13854922817668427,0.004798972157088731,0.0010999067049246322,-0.0010999067049246322,0.0036055685600360626,-0.004705475264960695,-0.49025865445062755,0.7248816474418227,0.0004254963261595382,0.34237453827300796,0.4756765004303178
12.620000000000001,1.0,-8.620000000000001,0.13695265146117738,0.01588777859178392,75.30440000000002,247.45464266666676,1.1964196341871332,0.13787113639492599,0.004752112562707071,0.0010879367019864692,-0.0010879367019864692,0.003578549852671184,-0.004666486554657653,-0.49099074286230293,0.7240518909314869,0.0004219614947276365,0.3420836435632418,0.47513200371911163
12.63,1.0,-8.63,0.13628347097834534,0.01579182745983144,75.47690000000001,248.20854900000006,1.1919181820029519,0.13719535807171676,0.004705641569106645,0.0010760825296584875,-0.0010760825296584875,0.0035516723814730546,-0.004627754911131542,-0.49172411914175074,0.7232240191192236,0.00041845458570321354,0.341792996008923,0.4745887437706054
12.64,1.0,-8.64,0.13561655762723004,0.015696360836484957,75.6496,248.9641813333334,1.1874234187357526,0.1365218899890012,0.004659556611542236,0.0010643432119594794,-0.0010643432119594794,0.0035249359384052566,-0.004589279150364736,-0.4924587823438591,0.7223980256348406,0.00041497538219593906,0.3415025954000588,0.4740467164045986
12.65,1.0,-8.65,0.13495190844693494,0.015601376699067623,75.8225,249.7215416666667,1.182935384765055,0.1358507289210335,0.004613855137094032,0.001052717779969359,-0.001052717779969359,0.0034983403113231218,-0.004551058091292481,-0.49319473152758087,0.7215739041366191,0.0004115236690709914,0.34121244152683455,0.47350591745957527
12.66,1.0,-8.66,0.13428952046710987,0.015506873033153564,75.9956,250.48063199999999,1.178454120278325,0.13518187163430112,0.004568534604638167,0.0010412052717832748,-0.0010412052717832748,0.0034718852840024024,-0.004513090555785677,-0.4939319657559122,0.7207516483111575,0.0004080992329333163,0.3409225341796141,0.47296634279260114
12.67,1.0,-8.67,0.13362939070788887,0.015412847832513137,76.1689,251.24145433333334,1.1739796652699097,0.13451531488744997,0.004523592484817455,0.001029804732466068,-0.001029804732466068,0.003445570636168123,-0.004475375368634191,-0.4946704840958711,0.7199312518732126,0.0004047018621120467,0.3406328731489395,0.4724279882792205
12.68,1.0,-8.68,0.1329715161798301,0.015319299099058766,76.3424,252.00401066666666,1.169512059539984,0.13385105543121145,0.00447902626001231,0.0010185152140070747,-0.0010185152140070747,0.0034193961435236377,-0.004437911357530713,-0.4954102856184768,0.7191127085655461,0.0004013313466450823,0.3403434582255305,0.4718908498133543
12.69,1.0,-8.69,0.13231589388385556,0.015226224842791203,76.5161,252.76830299999995,1.1650513426934959,0.1331890900083297,0.0044348334243117385,0.0010073357752752431,-0.0010073357752752431,0.0033933615777797937,-0.004400697353055037,-0.49615136939872784,0.7182960121587684,0.0003979874782638217,0.3400542892002849,0.47135492330719836
12.700000000000001,1.0,-8.700000000000001,0.1316625208111936,0.015133623081746388,76.69000000000001,253.53433333333342,1.1605975541391307,0.1325294153534918,0.004391011483484587,0.0009962654819745968,-0.0009962654819745968,0.0033674667066843312,-0.004363732188658928,-0.4968937345155823,0.7174811564511852,0.0003946700503780515,0.3397653658642781,0.4708202046911225
12.71,1.0,-8.71,0.1310113939433223,0.01504149184194286,76.86410000000002,254.30210366666674,1.1561507330882805,0.13187202819325874,0.004347557954950908,0.0009853034066000224,-0.0009853034066000224,0.003341711294051421,-0.004327014700651444,-0.4976373800519359,0.7166681352686455,0.0003913788580609896,0.33947668800876285,0.4702866899135709
12.72,1.0,-8.72,0.13036251025191362,0.014949829157329543,77.03840000000001,255.07161600000006,1.1517109185540164,0.13121692524599723,0.004304470367753406,0.0009744486283933648,-0.0009744486283933648,0.003316095099791341,-0.004290543728184706,-0.4983823050946022,0.7158569424643897,0.0003881136980344748,0.33918825542516945,0.46975437494096206
12.73,1.0,-8.73,0.12971586669877933,0.014858633069734171,77.2129,255.8428723333334,1.1472781493500777,0.13056410322181392,0.004261746262529119,0.000963700233299856,-0.000963700233299856,0.003290617879940348,-0.004254318113240204,-0.4991285087342918,0.7150475719188982,0.0003848743686543096,0.33890006790510535,0.4692232557575899
12.74,1.0,-8.74,0.12907146023581845,0.014767901628812178,77.3876,256.6158746666667,1.1428524640898654,0.12991355882249064,0.004219383191481184,0.0009530573139248547,-0.0009530573139248547,0.0032652793866906928,-0.004218336700615548,-0.49987599006559197,0.7142400175397431,0.0003816606698957501,0.3386121252403551,0.4686933283655262
12.75,1.0,-8.75,0.12842928780496554,0.014677632891996065,77.5625,257.390625,1.1384339011854447,0.12926528874142076,0.004177378718350721,0.0009425189694908957,-0.0009425189694908957,0.0032400793684207773,-0.004182598337911673,-0.500624748186946,0.7134342732614383,0.0003784724033391411,0.3383244272228801,0.46816458878452233
12.76,1.0,-8.76,0.12778934633814065,0.014587824924445282,77.7376,258.16712533333333,1.1340224988465575,0.12861928966354746,0.004135730418388882,0.0009320843057950493,-0.0009320843057950493,0.003215017569725476,-0.004147101875520525,-0.5013747822006339,0.7126303330452922,0.0003753093721556951,0.33803697364481844,0.4676370330519125
12.77,1.0,-8.77,0.12715163275720032,0.014498475798996617,77.9129,258.9453776666666,1.1296182950796434,0.12797555826530327,0.004094435878329008,0.0009217524351665872,-0.0009217524351665872,0.003190093731446601,-0.004111846166613188,-0.5021260912127516,0.7118281908792616,0.00037217138109341634,0.3377497642984849,0.46711065722251804
12.780000000000001,1.0,-8.780000000000001,0.12651614397388958,0.014409583596114984,78.08840000000002,259.7253840000001,1.1252213276868657,0.12733409121455017,0.004053492696358845,0.0009115224764249404,-0.0009115224764249404,0.003165307590703482,-0.004076830067128423,-0.5028786743331917,0.7110278407778048,0.00036905823646316173,0.3374627989763707,0.4665854573685507
12.790000000000001,1.0,-8.790000000000001,0.12588287688979657,0.014321146403844886,78.26410000000001,260.5071463333334,1.1208316342651568,0.1266948851705231,0.004012898482093009,0.0009013935548379794,-0.0009013935548379794,0.003140658880923755,-0.004042052435761735,-0.5036325306756227,0.710229276781738,0.00036596974612484865,0.33717607747114364,0.46606142957951885
12.8,1.0,-8.8,0.1252518283963064,0.01423316231776209,78.44000000000001,261.2906666666667,1.1164492522052585,0.12605793678377236,0.003972650856545387,0.0008913648020805561,-0.0008913648020805561,0.0031161473318742023,-0.004007512133954758,-0.5043876593574708,0.7094324929580897,0.0003629057194737911,0.33688959957564707,0.4655385699621316
12.81,1.0,-8.81,0.1246229953745578,0.01414562944092597,78.6161,262.07594700000004,1.1120742186907802,0.12542324269610894,0.003932747452101761,0.0008814353561933629,-0.0008814353561933629,0.003091772669691773,-0.003973208025885136,-0.5051440594998988,0.7086374833999599,0.00035986596742718015,0.3366033650829009,0.46501687464020636
12.82,1.0,-8.82,0.12399637469540083,0.014058545883832292,78.7924,262.86298933333336,1.1077065706972675,0.12479079954055129,0.0038931859124925142,0.000871604361542077,-0.000871604361542077,0.0030675346169147517,-0.003939138978456829,-0.5059017302277885,0.707844242226376,0.00035685030241069677,0.3363173737861006,0.4644963397545747
12.83,1.0,-8.83,0.12337196321935524,0.013971909764366392,78.9689,263.65179566666666,1.1033463449912733,0.12416060394127254,0.0038539638927653857,0.0008618709687767805,-0.0008618709687767805,0.003043432892514005,-0.0039053038612907854,-0.5066606706697194,0.7070527635821531,0.00035385853834525723,0.33603162547861753,0.4639769614629902
12.84,1.0,-8.84,0.12274975779657074,0.01388571920775687,79.1456,264.442368,1.0989935781294422,0.12353265251354982,0.0038150790592583615,0.000852234334791673,-0.000852234334791673,0.003019467211924386,-0.003871701546716059,-0.5074208799579509,0.7062630416377532,0.0003508904906338917,0.3357461199539985,0.4634587359400364
12.85,1.0,-8.85,0.12212975526678804,0.013799972346529722,79.32249999999999,265.23470833333334,1.0946483064576038,0.12290694186371462,0.0037765290895726313,0.0008426936226850588,-0.0008426936226850588,0.0029956372870762506,-0.0038383309097613093,-0.508182357228403,0.7054750705891462,0.00034794597614875287,0.3354608570059658,0.46294165937703524
12.86,1.0,-8.86,0.12151195245930162,0.013714667320462937,79.49959999999999,266.0288186666666,1.090310566109875,0.12228346858910467,0.0037383116725456375,0.000833248001719615,-0.000833248001719615,0.002971942826427091,-0.0038051908281467057,-0.508945101620637,0.7046888446576709,0.0003450248132182537,0.33517583642841675,0.4624257279819564
12.870000000000001,1.0,-8.870000000000001,0.12089634619292304,0.013629802276541491,79.67690000000002,266.82470100000006,1.085980393007769,0.12166222927801672,0.003700424508224177,0.0008238966472829254,-0.0008238966472829254,0.0029483835349932708,-0.003772280182276196,-0.5097091122778372,0.703904358089898,0.00034212682161433207,0.33489105801542407,0.4619109379793267
12.88,1.0,-8.88,0.12028293327594676,0.013545375368912923,79.85440000000001,267.6223573333334,1.0816578228593203,0.1210432205096618,0.003662865307837653,0.000814638740848303,-0.000814638740848303,0.002924959114381912,-0.0037395978552302147,-0.5104743883467913,0.7031216051574942,0.00033925182253984553,0.3346065215612355,0.4613972856101414
12.89,1.0,-8.89,0.11967171050611562,0.013461384758843153,80.03210000000001,268.4217896666667,1.0773428911582112,0.12042643885412026,0.003625631793771291,0.0008054734699358574,-0.0008054734699358574,0.0029016692628228338,-0.003707142732758691,-0.5112409289778727,0.7023405801570849,0.0003363996386160841,0.33432222686027324,0.46088476713177406
12.9,1.0,-8.9,0.11906267467058845,0.013377828614672859,80.21000000000001,269.223,1.07303563318291,0.1198118808722989,0.0035887216995394854,0.0007964000280738418,-0.0007964000280738418,0.002878513675200622,-0.003674913703274464,-0.5120087333250218,0.70156127741012,0.0003335700938704116,0.3340381737071345,0.46037337881788837
12.91,1.0,-8.91,0.11845582254590914,0.013294705111774314,80.38810000000001,270.02599033333337,1.0687360839958249,0.11919954311589015,0.0035521327697592385,0.0007874176147602646,-0.0007874176147602646,0.002855492043086827,-0.0036429096578470916,-0.5127778005457275,0.7007836912627406,0.0003307630137240291,0.3337543618965908,0.4598631169583506
12.92,1.0,-8.92,0.11785115089797626,0.01321201243250855,80.5664,270.83076266666666,1.0644442784424568,0.11858942212733112,0.003515862760123583,0.0007785254354247518,-0.0007785254354247518,0.0028326040547722066,-0.0036111294901969584,-0.5135481298010088,0.7000078160856452,0.00032797822497985634,0.333470791223588,0.4593539778591418
12.93,1.0,-8.93,0.11724865648201425,0.013129748766183008,80.7449,271.637319,1.0601602511505703,0.11798151443976497,0.0034799094373751177,0.0007697227013906709,-0.0007697227013906709,0.0028098493952991013,-0.003579572096689772,-0.514319720255397,0.6992336462739571,0.0003252155558105343,0.3331874614832464,0.45884595784227117
12.94,1.0,-8.94,0.11664833604254603,0.013047912309009623,80.9236,272.44566133333325,1.0558840365293711,0.11737581657700341,0.003444270579279587,0.0007610086298375136,-0.0007610086298375136,0.002787227746493896,-0.0035482363763314094,-0.515092571076917,0.6984611762470938,0.00032247483574654673,0.33290437247086024,0.4583390532456899
12.950000000000001,1.0,-8.950000000000001,0.11605018631336597,0.012966501264063235,81.10250000000002,273.25579166666677,1.0516156687686888,0.11677232505348992,0.0034089439745994773,0.0007523824437635169,-0.0007523824437635169,0.0027647387869995416,-0.0035171212307630586,-0.5158666814370705,0.697690400448636,0.000319755895664455,0.33262152398189765,0.4578332604232054
12.96,1.0,-8.96,0.11545420401751577,0.012885513841240597,81.28160000000001,274.0677120000001,1.0473551818381819,0.11617103637426567,0.003373927423067739,0.0007438433719485577,-0.0007438433719485577,0.0027423821923082277,-0.0034862255642567853,-0.5166420505108168,0.6969213133461976,0.0003170585677752553,0.3323389158120006,0.45732857574439606
12.97,1.0,-8.97,0.11486038586725912,0.012804948257219522,81.46090000000001,274.8814243333334,1.0431026094865339,0.11557194703493459,0.0033392187353614316,0.0007353906489172607,-0.0007353906489172607,0.002720157634794041,-0.003455548283711302,-0.5174186774765563,0.6961539094312973,0.0003143826856128405,0.3320565477569847,0.45682499559452666
12.98,1.0,-8.98,0.11426872856405991,0.0127248027354187,81.64040000000001,275.6969306666667,1.038857985240677,0.11497505352163193,0.0033048157330755313,0.0007270235149023832,-0.0007270235149023832,0.0026980647837457966,-0.0034250882986481797,-0.5181965615161122,0.6953881832192302,0.00031172808402258435,0.33177441961283893,0.4563225163744647
12.99,1.0,-8.99,0.11367922879856,0.012645075505957733,81.82010000000001,276.51423300000005,1.0346213424050124,0.11438035231099232,0.0032707162486966816,0.000718741215808418,-0.000718741215808418,0.0026761033053998746,-0.003394844521208293,-0.5189757018147131,0.6946241292489405,0.0003090945991500311,0.33149253117572586,0.4558211345005961
13.0,1.0,-9.0,0.1130918832505592,0.01256576480561769,82.0,277.33333333333337,1.0303927140606506,0.11378783987012063,0.0032369181255770536,0.0007105430031754508,-0.0007105430031754508,0.0026542728629731843,-0.003364815866148635,-0.5197560975609756,0.6938617420828951,0.0003064820684296998,0.331210882241981,0.45532084640474313
13.01,1.0,-9.01,0.11250668858899568,0.012486868877801961,82.1801,278.15423366666664,1.026172133064653,0.11319751265656268,0.003203419217908167,0.0007024281341432436,-0.0007024281341432436,0.0026325731166961497,-0.0033350012508393933,-0.5205377479468873,0.693101016306958,0.00030389033057399447,0.3309294726081129,0.45482164853408114
13.02,1.0,-9.02,0.11192364147192797,0.012408385972497557,82.3604,278.97693599999997,1.0219596320492879,0.11260936711827817,0.003170217390694787,0.0006943958714155584,-0.0006943958714155584,0.0026110037238457895,-0.0033053995952613477,-0.5213206521677893,0.692341946530265,0.00030131922556222545,0.33064830207080315,0.454323537351057
13.030000000000001,1.0,-9.030000000000001,0.11134273854651809,0.012330314346236776,82.54090000000002,279.80144233333345,1.0177552434212953,0.11202339969361445,0.0031373105197288246,0.0006864454832247113,-0.0006864454832247113,0.0025895643387788504,-0.0032760098220035614,-0.5221048094223593,0.6915845273851006,0.0002987685946297356,0.330367370426906,0.4538265093333078
13.040000000000001,1.0,-9.040000000000001,0.11076397644901609,0.0122526522620593,82.72160000000002,280.6277546666667,1.013558999361165,0.11143960681128202,0.0031046964915632837,0.00067857624329636,-0.00067857624329636,0.0025682546129650145,-0.0032468308562613743,-0.5228902189125937,0.6908287535267735,0.0002962382802571347,0.33008667747344844,0.4533305609735798
13.05,1.0,-9.05,0.11018735180474473,0.012175397989474554,82.90250000000002,281.45587500000005,1.0093709318224144,0.1108579848903302,0.00307237320348617,0.0006707874308145072,-0.0006707874308145072,0.002547074195020123,-0.0032178616258346305,-0.5236768798437925,0.6900746196334953,0.00029372812615963454,0.3298062230076297,0.4528356887796479
13.06,1.0,-9.06,0.10961286122808676,0.012098549804424586,83.0836,282.28580533333337,1.0051910725308906,0.11027853034012533,0.003040338563494486,0.0006630783303867442,-0.0006630783303867442,0.002526022730739505,-0.003189101061126249,-0.524464791424541,0.6893221204062576,0.0002912379772764922,0.32952600682682137,0.452341889274236
13.07,1.0,-9.07,0.10904050132247227,0.012022105989247217,83.26490000000001,283.11754766666667,1.0010194529840708,0.10970123956032937,0.0030085904902681935,0.0006554482320097065,-0.0006554482320097065,0.002505099863131321,-0.0031605480951410274,-0.5252539528666942,0.6885712505687118,0.00028876767976055253,0.32924602872856734,0.45184915899493744
13.08,1.0,-9.08,0.10847026868036763,0.011946064832639608,83.4464,283.951104,0.9968561044503776,0.10912610894087983,0.002977126913144193,0.0006478964310347546,-0.0006478964310347546,0.0024843052324499556,-0.00313220166348471,-0.5260443633853588,0.6878220048670489,0.0002863170809678934,0.3289662885105834,0.45135749449413615
13.09,1.0,-9.09,0.10790215988326557,0.011870424629622175,83.6281,284.7864763333333,0.9927010579685063,0.10855313486197139,0.002945945772090337,0.0006404222281338727,-0.0006404222281338727,0.0024636384762294792,-0.003104060704363352,-0.5268360221988782,0.6870743780698794,0.00028388602944757026,0.32868678597075723,0.4508668923389284
13.1,1.0,-9.1,0.10733617150167628,0.011795183681502888,83.80999999999999,285.6236666666666,0.9885543443467569,0.10798231369403812,0.002915045017679413,0.0006330249292657837,-0.0006330249292657837,0.0024430992293171163,-0.0030761241585829,-0.5276289285288152,0.6863283649681158,0.0002814743749314614,0.3284075209071482,0.450377349111045
13.11,1.0,-9.11,0.10677230009511951,0.01172034029584188,83.9921,286.4626769999999,0.9844159941623807,0.1074136417977372,0.002884422611063149,0.0006257038456422755,-0.0006257038456422755,0.002422687123906771,-0.0030483909695490463,-0.5284230815999361,0.6855839603748534,0.0002790819683242086,0.32812849311798736,0.44988886140677364
13.120000000000001,1.0,-9.120000000000001,0.10621054221211812,0.01164589278641646,84.17440000000002,287.30350933333347,0.9802860377609339,0.10684711552393371,0.002854076523946209,0.0006184582936947437,-0.0006184582936947437,0.002402401789572578,-0.0030208600832673216,-0.5292184806401947,0.6848411591252537,0.00027670866169325723,0.32784970240167693,0.44940142583688186
13.13,1.0,-9.13,0.10565089439019298,0.011571839473186527,84.35690000000001,288.1461656666667,0.9761645052556486,0.10628273121368734,0.002824004738560227,0.0006112875950409481,-0.0006112875950409481,0.002382242853302513,-0.002993530448343461,-0.5300151248807152,0.6840999560764283,0.0002743543082589931,0.32757114855679087,0.44891503902654145
13.14,1.0,-9.14,0.1050933531558577,0.011498178682260142,84.53960000000001,288.990648,0.9720514265267995,0.10572048519823868,0.0027942052476377507,0.0006041910764519598,-0.0006041910764519598,0.002362209939531965,-0.0029664010159839247,-0.5308130135557774,0.6833603461073224,0.0002720187623849685,0.3272928313820739,0.4484296976152515
13.15,1.0,-9.15,0.104537915024616,0.01142490874585967,84.72250000000001,289.83695833333337,0.967946831221096,0.10516037379899834,0.0027646760543862644,0.0005971680698193351,-0.0005971680698193351,0.0023423026701774024,-0.0029394707399967375,-0.5316121459028004,0.6826223241186007,0.0002697018795682297,0.3270147506764418,0.4479453982567635
13.16,1.0,-9.16,0.10398457650095957,0.011352028002288163,84.9056,290.6850986666667,0.9638507487510779,0.10460239332753647,0.0027354151724621615,0.0005902179121224844,-0.0005902179121224844,0.002322520664670034,-0.0029127385767925185,-0.5324125211623262,0.6818858850325318,0.00026740351642973284,0.32673690623898133,0.4474621376190061
13.17,1.0,-9.17,0.10343333407836672,0.011279534795896044,85.0889,291.535071,0.9597632082945189,0.10404654008557347,0.002706420625944712,0.0005833399453962387,-0.0005833399453962387,0.0023028635399894703,-0.002886203485385709,-0.5332141385780049,0.6811510237928763,0.0002651235307048521,0.3264592978689498,0.4469799123840111
13.18,1.0,-9.18,0.10288418423930264,0.011207427477048218,85.27239999999999,292.3868773333333,0.9556842387938463,0.10349281036497203,0.0026776904493100153,0.0005765335166986258,-0.0005765335166986258,0.0022833309106974338,-0.0028598644273960597,-0.5340169973965785,0.6804177353647726,0.00026286178123398004,0.32618192536577517,0.44649871924783857
13.19,1.0,-9.19,0.10233712345522024,0.011135704402091431,85.45609999999999,293.2405196666666,0.9516138689555654,0.1029412004477301,0.002649222687404937,0.0005697979780788351,-0.0005697979780788351,0.0022639223889714503,-0.0028337203670502856,-0.5348210968678655,0.6796860147346255,0.0002606181279532165,0.3259047885290558,0.4460185549205041
13.200000000000001,1.0,-9.200000000000001,0.10179214818656268,0.011064363933322028,85.64000000000001,294.09600000000006,0.9475521272496986,0.10239170660597531,0.002621015395421032,0.0005631326865453877,-0.0005631326865453877,0.0022446375846385726,-0.0028077702711839605,-0.5356264362447455,0.6789558569099943,0.00025839243188514774,0.32562788715856034,0.4455394161259048
13.21,1.0,-9.21,0.10124925488276648,0.010993404438954014,85.82410000000002,294.9533203333334,0.9434990419092334,0.10184432510196052,0.0025930666388684566,0.0005565370040344957,-0.0005565370040344957,0.0022254761052091037,-0.0027820131092435993,-0.5364330147831438,0.6782272569194827,0.00025618455512971326,0.3253512210542275,0.4450612996017478
13.22,1.0,-9.22,0.10070843998226597,0.010922824293087415,86.00840000000001,295.8124826666667,0.9394546409295798,0.10129905218806014,0.002565374493549833,0.0005500102973786153,-0.0005500102973786153,0.002206437555910314,-0.0027564478532889295,-0.5372408317420159,0.6775002098126282,0.00025399436085515864,0.325074790016166,0.4445842020994768
13.23,1.0,-9.23,0.10016969991249842,0.010852621875676968,86.19290000000001,296.673489,0.9354189520680374,0.10075588410676771,0.0025379370455341013,0.0005435519382751889,-0.0005435519382751889,0.002187521539720163,-0.002731073477995352,-0.5380498863833332,0.6767747106597922,0.00025182171328907527,0.3247985938446545,0.4441081203842009
13.24,1.0,-9.24,0.09963303108991073,0.01078279557250116,86.3776,297.5363413333334,0.9313920028432763,0.10021481709069506,0.0025107523911303666,0.0005371613032555799,-0.0005371613032555799,0.002168727657401024,-0.002705888960656604,-0.5388601779720669,0.6760507545520531,0.00024966647770952564,0.3245226323401411,0.4436330512346234
13.25,1.0,-9.25,0.09909842991996709,0.010713343775131577,86.5625,298.4010416666667,0.9273738205348272,0.09967584736257214,0.0024838186368616945,0.0005308377736541961,-0.0005308377736541961,0.0021500555075334047,-0.0026808932811876007,-0.5396717057761733,0.6753283366010963,0.00024752852043625307,0.3242469053032438,0.4431589914429706
13.26,1.0,-9.26,0.09856589279715727,0.010644264880902515,86.74759999999999,299.267592,0.9233644321825789,0.0991389711352479,0.002457133899438879,0.0005245807355777917,-0.0005245807355777917,0.002131504686549641,-0.0026560854221274327,-0.5404844690665793,0.6746074519391079,0.00024540770882197356,0.3239714125347496,0.44268593781492155
13.27,1.0,-9.27,0.09803541610500643,0.010575557292880953,86.93289999999999,300.13599433333326,0.9193638645862905,0.09860418461169262,0.00243069630573419,0.0005183895798749599,-0.0005183895798749599,0.0021130747887675976,-0.0026314643686425575,-0.5412984671171673,0.6738880957186679,0.00024330391124375133,0.32369615383561506,0.44221388716953797
13.280000000000001,1.0,-9.280000000000001,0.09750699621608551,0.010507219419836799,87.11840000000002,301.00625066666674,0.9153721443051104,0.098071483985001,0.002404503992755077,0.0005122637021058035,-0.0005122637021058035,0.0020947654064243397,-0.002607029108530143,-0.5421136992047606,0.6731702631126442,0.00024121699709445528,0.3234211290069657,0.44174283633919453
13.290000000000001,1.0,-9.290000000000001,0.09698062949202345,0.010439249676213501,87.30410000000002,301.8783630000001,0.9113892976571114,0.0975408654383969,0.002378555107617863,0.0005062025025117937,-0.0005062025025117937,0.0020765761297098072,-0.002582778632221601,-0.5429301646091078,0.6724539493140871,0.00023914683677429808,0.3231463378500961,0.4412727821695103
13.3,1.0,-9.3,0.0964563122835194,0.010371646482098859,87.49000000000001,302.75233333333335,0.9074153507188293,0.09701232514523837,0.002352847807521362,0.0005002053859857965,-0.0005002053859857965,0.00205850654680044,-0.0025587119327862362,-0.5437478626128701,0.6717391495361245,0.0002370933016824519,0.32287178016646984,0.44080372151927927
13.31,1.0,-9.31,0.09593404093035657,0.010304408263196193,87.6761,303.62816366666664,0.9034503293248158,0.09648585926902427,0.002327380259720489,0.000494271762042284,-0.000494271762042284,0.0020405562438927955,-0.0025348280059350795,-0.5445667925016054,0.671025859011858,0.00023505626420874544,0.32259745575771864,0.4403356512604024
13.32,1.0,-9.32,0.09541381176141694,0.010237533450795809,87.86240000000001,304.50585600000005,0.8994942590672018,0.09596146396340184,0.0023021506414998174,0.0004884010447877203,-0.0004884010447877203,0.002022724805237136,-0.0025111258500248564,-0.5453869535637542,0.6703140729942596,0.00023303559772543906,0.3223233644256433,0.43986856827781995
13.33,1.0,-9.33,0.09489562109469749,0.010171020481746784,88.0489,305.3854123333333,0.8955471652952744,0.09543913537217587,0.0022771571401471275,0.0004825926528911252,-0.0004825926528911252,0.002005011813171004,-0.0024876044660621295,-0.5462083450906258,0.6696037867560689,0.00023103117657907786,0.32204950597221277,0.4394024694694438
13.34,1.0,-9.34,0.09437946523732614,0.010104867798428924,88.23559999999999,306.2668346666667,0.8916090731150551,0.09491886962931756,0.0022523979529268457,0.00047684600955479945,-0.00047684600955479945,0.001987416848152719,-0.0024642628577075188,-0.5470309663763832,0.6688949955896903,0.00022904287608241855,0.3217758801995643,0.43893735174609033
13.35,1.0,-9.35,0.09386534048558019,0.010039073848725155,88.4225,307.150125,0.8876800073889,0.09440066285897603,0.002227871287053514,0.0004711605424852353,-0.0004711605424852353,0.001969939488794894,-0.0024411000312801294,-0.5478548167180299,0.6681876948070924,0.0002270705725064357,0.32150248691000327,0.43847321203141393
13.36,1.0,-9.36,0.09335324312490481,0.009973637085994105,88.60959999999999,308.03528533333326,0.8837599927351031,0.09388451117548999,0.0022035753596651763,0.0004655356838641874,-0.0004655356838641874,0.0019525793118978737,-0.002418114995762061,-0.5486798954153951,0.667481879739707,0.00022511414307240088,0.3212293259060031,0.4380100472618412
13.370000000000001,1.0,-9.370000000000001,0.09284316942993255,0.00990855596904296,88.79690000000002,308.92231766666674,0.8798490535275111,0.09337041068340024,0.0021795083977967054,0.0004599708703199125,-0.0004599708703199125,0.0019353358924831428,-0.0023953067628030554,-0.5495062017711205,0.6667775457383276,0.00022317346594403538,0.32095639699020473,0.43754785438650406
13.38,1.0,-9.38,0.09233511566450474,0.009843828962100716,88.98440000000001,309.81122400000004,0.8759472138951551,0.09285835747746435,0.00215566863835314,0.0004544655428985856,-0.0004544655428985856,0.0019182088038267114,-0.002372674346725297,-0.5503337350906451,0.6660746881730115,0.00022124842021973998,0.32068369996541723,0.43708663036717565
13.39,1.0,-9.39,0.09182907808169224,0.009779454534791504,89.17210000000001,310.7020063333334,0.8720544977218817,0.09234834764267082,0.0021320543280828963,0.00044901914703586416,-0.00044901914703586416,0.0019011976174924084,-0.0023502167645282727,-0.5511624946821932,0.6653733024329798,0.00021933888592489136,0.3204112346346169,0.43662637217820444
13.4,1.0,-9.4,0.0913250529238189,0.009715431162108393,89.36000000000001,311.5946666666667,0.8681709286460061,0.09184037725425559,0.0021086637235509967,0.00044363113252863417,-0.00044363113252863417,0.0018843019033651714,-0.0023279330358938056,-0.5519924798567593,0.6646733839265186,0.00021744474400421646,0.3201390008009476,0.4361670768064499
13.41,1.0,-9.41,0.09082303642248472,0.009651757324387323,89.5481,312.489207,0.8642965300599685,0.09133444237771887,0.002085495091112212,0.00043830095350690676,-0.00043830095350690676,0.0018675212296842554,-0.0023058221831911622,-0.5528236899280945,0.6639749280808823,0.00021556587631423385,0.31986699826772025,0.43570874125121845
13.42,1.0,-9.42,0.09032302479859065,0.009588431507281385,89.7364,313.3856293333333,0.8604313251100053,0.09083053906884318,0.002062546706884162,0.00043302806840588227,-0.00043302806840588227,0.0018508551630763992,-0.0022838832314822813,-0.5536561242126941,0.6632779303421953,0.00021370216561576762,0.319595226838413,0.43525136252419927
13.43,1.0,-9.43,0.08982501426236393,0.009525452201735306,89.9249,314.28393566666665,0.8565753366958272,0.09032866337371227,0.0020398168567203573,0.0004278119399381699,-0.0004278119399381699,0.0018343032685889243,-0.0022621152085270943,-0.5544897820297826,0.6625823861753556,0.00021185349556652954,0.31932368631667113,0.4347949376494012
13.44,1.0,-9.44,0.08932900101338472,0.009462817903960247,90.11359999999999,315.18412799999993,0.852728587470312,0.08982881132873127,0.0020173038361832,0.00042265203506616994,-0.00042265203506616994,0.001817865109722784,-0.002240517144788954,-0.5553246627013014,0.6618882910639391,0.00021001975071377124,0.31905237650630647,0.4343394636630897
13.450000000000001,1.0,-9.450000000000001,0.08883498124061324,0.00940052711540881,90.30250000000002,316.08620833333345,0.8488910998392042,0.08933097896064748,0.001995005950516911,0.00041754782497460885,-0.00041754782497460885,0.0018015402484655343,-0.002219088073440143,-0.5561607655518952,0.6611956405101037,0.0002082008164870033,0.31878129721129767,0.4338849376137239
13.46,1.0,-9.46,0.08834295112241881,0.009338578342750403,90.49160000000002,316.99017866666674,0.8450628959608325,0.08883516228657302,0.0019729215146204416,0.0004124987850432389,-0.0004124987850432389,0.001785328245324272,-0.002197827030367511,-0.5569980899088977,0.6605044300344953,0.00020639657919078457,0.31851044823579006,0.4334313565618949
13.47,1.0,-9.47,0.08785290682660805,0.009276970097846678,90.68090000000001,317.8960410000001,0.8412439977458249,0.08834135731400676,0.001951048853020254,0.00040750439481967657,-0.00040750439481967657,0.0017692286593584436,-0.00217673305417812,-0.5578366351023204,0.6598146551761521,0.0002046069259975734,0.3182398293840951,0.43297871758026324
13.48,1.0,-9.48,0.08736484451045595,0.00921570089772742,90.8704,318.80379733333336,0.8374344268568499,0.08784956004085917,0.00192938629984313,0.0004025641379924127,-0.0004025641379924127,0.0017532410482126518,-0.0021558051862050646,-0.5586764004648379,0.6591263114924116,0.00020283174494065,0.3179694404606907,0.43252701775349767
13.49,1.0,-9.49,0.08687876032073642,0.009154769264566534,91.0601,319.7134496666667,0.8336342047083551,0.0873597664554766,0.0019079321987888539,0.00039767750236396014,-0.00039767750236396014,0.0017373649681493295,-0.0021350424705132895,-0.5595173853317754,0.6584393945588175,0.00020107092490710053,0.3176992812702209,0.4320762541782141
13.5,1.0,-9.5,0.0863946503937547,0.00909417372565839,91.25,320.625,0.829843352466328,0.08687197253666774,0.0018866849031028887,0.00039284397982416314,-0.00039284397982416314,0.001721599974081386,-0.002114443953905549,-0.5603595890410958,0.6577538999690272,0.00019932435563086882,0.31742935161749564,0.4316264239629146
13.51,1.0,-9.51,0.08591251085537996,0.009033912813394319,91.4401,321.5384503333333,0.8260618910480578,0.08638617425372992,0.0018656427755489476,0.00038806306632364776,-0.00038806306632364776,0.0017059456196047336,-0.0020940086859283814,-0.561203010933387,0.6570698233347191,0.00019759192768586907,0.3171596513074908,0.43117752422792727
13.52,1.0,-9.52,0.08543233782107927,0.00897398506523942,91.6304,322.45380266666666,0.8222898411219141,0.08590236756647718,0.0018448041883815376,0.00038333426184742714,-0.00038333426184742714,0.0016904014570307566,-0.0020737357188781837,-0.5620476503518483,0.6563871602855018,0.00019587353247916457,0.31689018014534776,0.43072955210534597
13.530000000000001,1.0,-9.530000000000001,0.08495412739595211,0.008914389023709559,91.82090000000002,323.3710590000001,0.8185272231071332,0.0854205484252688,0.0018241675233184233,0.0003786570703886495,-0.0003786570703886495,0.0016749670374186865,-0.002053624107807336,-0.5628935066422788,0.655705906468823,0.00019416906224420708,0.3166209379363736,0.43028250473897073
13.540000000000001,1.0,-9.540000000000001,0.08447787567476635,0.008855123236348673,92.01160000000002,324.2902213333334,0.8147740571736197,0.08494071277103932,0.0018037311715130505,0.0003740309999224989,-0.0003740309999224989,0.0016596419106079026,-0.0020336729105304013,-0.5637405791530634,0.6550260575498789,0.00019247841003414072,0.3163519244860409,0.4298363792842486
13.55,1.0,-9.55,0.08400357874199404,0.008796186255706181,92.20250000000001,325.2112916666668,0.8110303632417494,0.08446285653532841,0.0017834935335268671,0.00036945556238023,-0.00036945556238023,0.00164442562525011,-0.00201388118763034,-0.5645888672351618,0.6543476092115242,0.00019080146971516346,0.31608313959998746,0.42939117290821444
13.56,1.0,-9.56,0.08353123267184949,0.0087375766393148,92.3936,326.134272,0.8072961609821959,0.08398697564031316,0.0017634530193016387,0.00036493027362336064,-0.00036493027362336064,0.001629317728841479,-0.0019942480024648396,-0.5654383702420948,0.6536705571541834,0.0001891381359599539,0.3158145830840161,0.42894688278943216
13.57,1.0,-9.57,0.08306083352832665,0.008679292949668406,92.5849,327.05916433333334,0.8035714698157544,0.0835130659988397,0.001743608048131639,0.00036045465341799334,-0.00036045465341799334,0.00161431776775463,-0.0019747724211726233,-0.566289087529932,0.6529948970957619,0.00018748830424115392,0.31554625474409476,0.42850350611793725
13.58,1.0,-9.58,0.08259237736523883,0.008621333754200296,92.7764,327.9859706666667,0.7998563089131883,0.08304112351445715,0.001723957048635832,0.00035602822540929105,-0.00035602822540929105,0.001599425287270574,-0.001955453512679865,-0.56714101845728,0.652320624771557,0.00018585187082491446,0.3152781543863562,0.42806104009517787
13.59,1.0,-9.59,0.08212586022625824,0.00856369762526155,92.96809999999999,328.914693,0.7961506971950781,0.08257114408145146,0.001704498458729954,0.0003516505170960848,-0.0003516505170960848,0.0015846398316105225,-0.0019362903487066072,-0.5679941623852698,0.651647735934171,0.00018422873276449772,0.3150102818170979,0.42761948193395816
13.6,1.0,-9.6,0.08166127814495688,0.008506383140099676,93.16,329.84533333333326,0.7924546533316857,0.08210312358488066,0.0016852307255985465,0.00034732105980562567,-0.00034732105980562567,0.0015699609439676055,-0.001917282003773231,-0.568848518677544,0.6509762263534243,0.00018261878789393895,0.31474263684278186,0.42717882885838054
13.61,1.0,-9.61,0.0811986271448479,0.00844938888083745,93.3521,330.7778936666666,0.7887681957428258,0.08163705790061061,0.0016661523056669125,0.0003430393886684719,-0.0003430393886684719,0.0015553881665384818,-0.0018984275552069536,-0.5697040867002456,0.6503060918162675,0.00018102193482176515,0.31447521927003474,0.4267390781037888
13.620000000000001,1.0,-9.620000000000001,0.0807379032394282,0.008392713434451997,93.54440000000002,331.71237600000006,0.7850913425977515,0.08117294289535217,0.0016472616645730259,0.0003388050425935172,-0.0003388050425935172,0.0015409210405548498,-0.001879726083148367,-0.5705608658220055,0.6496373281266967,0.00017943807292477142,0.3142080289056471,0.42630022691671215
13.63,1.0,-9.63,0.08027910243222175,0.008336355392754076,93.73690000000002,332.64878233333343,0.7814241118150497,0.08071077442669877,0.0016285572771393632,0.0003346175642431543,-0.0003346175642431543,0.0015265591063148482,-0.0018611766705580025,-0.5714188554139299,0.6489699311056668,0.00017786710234185416,0.3139410655565741,0.4258622725548084
13.64,1.0,-9.64,0.07982222071682332,0.008280313352367563,93.92960000000001,333.5871146666667,0.7777665210625444,0.08025054834316495,0.0016100376273446636,0.00033047650000857145,-0.00033047650000857145,0.0015123019032143334,-0.001842778403222905,-0.5722780548495896,0.6483038965910071,0.00017630892396789858,0.3136743290299346,0.42542521228680846
13.65,1.0,-9.65,0.07936725407694357,0.008224585914709178,94.1225,334.527375,0.7741185877572146,0.07979226048422584,0.0015917012082956373,0.0003263813999851873,-0.0003263813999851873,0.0014981489697780612,-0.0018245303697632484,-0.5731384635050069,0.6476392204373361,0.0001747634394477235,0.31340781913301147,0.42498904339246074
13.66,1.0,-9.66,0.07891419848645467,0.008169171685968393,94.3156,335.4695653333333,0.7704803290651205,0.07933590668035749,0.001573546522198598,0.00032233181794821765,-0.00032233181794821765,0.001484099843690741,-0.0018064316616389587,-0.5740000807586444,0.6469758985159783,0.00017323055117007987,0.3131415356732513,0.42455376316247595
13.67,1.0,-9.67,0.07846304990943678,0.008114069277087568,94.5089,336.4136876666667,0.7668517619013412,0.078881482753078,0.0015555720803310357,0.00031832731132837473,-0.00031832731132837473,0.0014701540618279783,-0.001788481373156353,-0.5748629059913933,0.6463139267148795,0.00017171016226170377,0.31287547845826424,0.42411936889847235
13.68,1.0,-9.68,0.07801380430022535,0.008059277303742288,94.7024,337.359744,0.7632329029299237,0.07842898451498959,0.001537776403013119,0.00031436744118769935,-0.00031436744118769935,0.001456311160287096,-0.0017706786014747952,-0.5757269385865617,0.6456533009385247,0.00017020217658142325,0.312609647295824,0.42368585791292107
13.69,1.0,-9.69,0.07756645760345905,0.008004794386321883,94.89609999999999,338.3077363333333,0.7596237685638401,0.07797840776982114,0.0015201580195791254,0.0003104517721955217,-0.0003104517721955217,0.001442570674417826,-0.0017530224466133478,-0.5765921779298622,0.6449940171078549,0.00016870649871431775,0.31234404199386756,0.4232532275290921
13.700000000000001,1.0,-9.700000000000001,0.07712100575412872,0.007950619149910177,95.09000000000002,339.2576666666667,0.7560243749649589,0.07752974831247213,0.0015027154683488187,0.0003065798726045544,-0.0003065798726045544,0.001428932138852892,-0.0017355120114574464,-0.5774586234094017,0.6443360711601851,0.00016722303396593072,0.31207866236049503,0.42282147508100026
13.71,1.0,-9.71,0.07667744467762691,0.007896750224266417,95.28410000000002,340.2095370000001,0.7524347380440238,0.07708300192905689,0.0014854472965987468,0.00030275131422711305,-0.00030275131422711305,0.0014153950875384468,-0.0017181464017655599,-0.5783262744156686,0.6436794590491232,0.0001657516883565341,0.3118135082039696,0.42239059791335176
13.72,1.0,-9.72,0.07623577028979842,0.007843186243806421,95.47840000000001,341.16334933333343,0.748854873460647,0.07663816439695006,0.001468352060533486,0.0002989656724114666,-0.0002989656724114666,0.001401959053764404,-0.0017009247261758707,-0.5791951303415224,0.6430241767444881,0.00016429236861544434,0.3115485793327174,0.42196059338149094
13.73,1.0,-9.73,0.07579597849699106,0.00778992584758387,95.67290000000001,342.1191056666667,0.7452847966233069,0.07619523148483236,0.001451428325256797,0.0002952225260183109,-0.0002952225260183109,0.0013886235701946101,-0.001683846096212921,-0.5800651905821816,0.6423702202322294,0.00016284498217538861,0.3112838755553274,0.4215314588513472
13.74,1.0,-9.74,0.0753580651961079,0.0077369676792718575,95.86760000000001,343.076808,0.7417245226893628,0.07575419895273756,0.0014346746647427363,0.00029152145739737414,-0.00029152145739737414,0.0013753881688969077,-0.001666909626294282,-0.5809364545352131,0.6417175855143477,0.00016140943716692305,0.31101939668055095,0.4211031916993825
13.75,1.0,-9.75,0.07492202627465974,0.00768431038714459,96.0625,344.03645833333337,0.7381740665650771,0.07531506255210031,0.0014180896618066956,0.00028786205236414384,-0.00028786205236414384,0.0013622523813730573,-0.0016501144337372012,-0.5818089216005206,0.6410662686088139,0.00015998564241289973,0.31075514251730213,0.4206757893125394
13.76,1.0,-9.76,0.07448785761081857,0.007631952624059279,96.2576,344.9980586666666,0.7346334429056485,0.07487781802580432,0.0014016719080763664,0.0002842439001767204,-0.0002842439001767204,0.0013492157385885167,-0.0016334596387652372,-0.5826825911803327,0.6404162655494908,0.0001585735074229833,0.3104911128746574,0.42024924908818834
13.77,1.0,-9.77,0.07405555507347156,0.007579893047438235,96.45289999999999,345.96161099999995,0.7311026661152552,0.07444246110823165,0.0013854200039626454,0.00028066659351279316,-0.00028066659351279316,0.001336277771002086,-0.0016169443645148792,-0.5835574626791936,0.6397675723860543,0.00015717294238821718,0.3102273075618552,0.41982356843407675
13.780000000000001,1.0,-9.780000000000001,0.07362511452227587,0.007528130319251111,96.64840000000002,346.92711733333346,0.7275817503471093,0.07400898752531253,0.0013693325586304663,0.0002771297284467401,-0.0002771297284467401,0.0013234380085954082,-0.0016005677370421482,-0.5844335355039505,0.6391201851839142,0.00015578385817563683,0.30996372638829606,0.41939874476827677
13.790000000000001,1.0,-9.790000000000001,0.0731965318077147,0.007476663105997414,96.84410000000001,347.89457966666674,0.7240707095035243,0.07357739299457661,0.0013534081899695927,0.00027363290442685334,-0.00027363290442685334,0.0013106959809023424,-0.0015843288853291957,-0.5853108090637427,0.6384741000241383,0.00015440616632293372,0.3097003691635428,0.41897477551913553
13.8,1.0,-9.8,0.07276980277115272,0.0074254900786890525,97.04000000000002,348.8640000000001,0.7205695572359858,0.07314767322520366,0.001337645524565294,0.0002701757242526768,-0.0002701757242526768,0.0012980512170381617,-0.0015682269412908385,-0.5861892827699918,0.6378293130033726,0.00015303977903316263,0.30943723569731985,0.4185516581252228
13.81,1.0,-9.81,0.0723449232448938,0.007374609912833211,97.23610000000001,349.8353803333334,0.7170783069452414,0.07271982391807638,0.0013220431976690085,0.0002667577940524758,-0.0002667577940524758,0.0012855032457286348,-0.0015522610397811106,-0.5870689560363899,0.6371858202337664,0.00015168460916950002,0.30917432579951304,0.4181293900352819
13.82,1.0,-9.82,0.07192188905223823,0.007324021288415298,97.4324,350.8087226666667,0.7135969717813947,0.07229384076583306,0.0013065998531689065,0.000263378723260818,-0.000263378723260818,0.0012730515953389416,-0.0015364303185997595,-0.5879498282788888,0.6365436178428945,0.00015034057025004613,0.3089116392801701,0.4177079687081784
13.83,1.0,-9.83,0.07150069600754133,0.007273722889882129,97.6289,351.78402900000003,0.7101255646440133,0.07186971945292142,0.001291314143560408,0.00026003812459627853,-0.00026003812459627853,0.0012606957939024469,-0.0015207339184987255,-0.58883189891569,0.6359027019736821,0.00014900757644267483,0.3086491759495,0.41728739161285094
13.84,1.0,-9.84,0.07108133991627247,0.007223713406125251,97.8256,352.76130133333334,0.7066640981822463,0.07144745565565301,0.001276184729916626,0.00025673561403926167,-0.00025673561403926167,0.0012484353691493185,-0.0015051709831885801,-0.5897151673672332,0.6352630687843288,0.0001476855425599281,0.3083869356178729,0.4168676562282617
13.85,1.0,-9.85,0.07066381657507476,0.0071739915304644426,98.0225,353.7405416666666,0.7032125847949507,0.07102704504225826,0.001261210281858746,0.0002534708108099396,-0.0002534708108099396,0.0012362698485349896,-0.0014897406593449292,-0.5905996330561861,0.6346247144482335,0.00014637438405395582,0.3081249180958202,0.4164487600433467
13.86,1.0,-9.86,0.07024812177182549,0.007124555960631388,98.21959999999999,354.7217519999999,0.6997710366308306,0.07060848327294242,0.0012463894775263473,0.00025024333734630945,-0.00025024333734630945,0.0012241987592684683,-0.0014744420966147777,-0.5914852954074339,0.63398763515392,0.00014507401701150053,0.30786312319403425,0.4160307005569669
13.870000000000001,1.0,-9.870000000000001,0.0698342512856972,0.0070754053987535145,98.41690000000003,355.7049343333334,0.696339465588585,0.07019176599994198,0.0012317210035476527,0.0002470528192823658,-0.0002470528192823658,0.0012122216283404902,-0.0014592744476228559,-0.5923721538480688,0.633351827104962,0.0001437843581489259,0.3076015507233682,0.41561347527785947
13.88,1.0,-9.88,0.06942220088721965,0.00702653855133802,98.61440000000002,356.6900906666668,0.6929178833170682,0.06977688886758222,0.00121720355500973,0.00024389888542639067,-0.00024389888542639067,0.0012003379825515153,-0.001444236867977906,-0.5932602078073792,0.6327172865199107,0.0001425053248072902,0.3073402004948359,0.41519708172458986
13.89,1.0,-9.89,0.06901196633834188,0.006977954129256003,98.81210000000002,357.677223,0.6895063012154572,0.06936384751233479,0.0012028358354286084,0.0002407811677393545,-0.0002407811677393545,0.0011885473485395521,-0.0014293285162789067,-0.5941494567168394,0.6320840096322198,0.00014123683494746093,0.30707907231961185,0.4147815174255028
13.9,1.0,-9.9,0.06860354339249537,0.006929650847726805,99.01,358.66633333333334,0.686104730433431,0.06895263756287642,0.0011886165567193492,0.00023769930131343413,-0.00023769930131343413,0.0011768492528078276,-0.0014145485541212617,-0.5950399000101,0.6314519926901735,0.0001399788071452743,0.3068181660090309,0.41436677991867504
13.91,1.0,-9.91,0.06819692779465783,0.006881627426302506,99.2081,359.65742366666666,0.6827131818713617,0.06854325464014831,0.0011745444391660532,0.0002346529243506445,-0.0002346529243506445,0.0011652432217522973,-0.001399896146102942,-0.5959315371229769,0.6308212319568142,0.0001387311605867365,0.3065574813745883,0.4139528667518676
13.92,1.0,-9.92,0.0677921152814175,0.00683388258885257,99.4064,360.650496,0.6793316661805142,0.0681356943574161,0.0011606182113918057,0.00023164167814158267,-0.00023164167814158267,0.0011537287816889839,-0.0013853704598305666,-0.596824367493441,0.6301917237098694,0.00013749381506326694,0.3062970182279393,0.4135397754824784
13.93,1.0,-9.93,0.06738910158103799,0.00678641506354864,99.6049,361.6455523333333,0.6759601937632559,0.06772995232033031,0.0011468366103285544,0.00022866520704428283,-0.00022866520704428283,0.0011423054588811461,-0.001370970665925429,-0.5977183905616089,0.629563464241681,0.00013626669096698335,0.30603677638089927,0.4131275036774951
13.94,1.0,-9.94,0.06698788241352395,0.006739223582849492,99.80359999999999,362.64259466666664,0.6725987747732775,0.06732602412698781,0.0011331983811869362,0.00022572315846318465,-0.00022572315846318465,0.001130972779566285,-0.0013566959380294696,-0.5986136057697318,0.6289364498591337,0.0001350497092860276,0.3057767556454435,0.41271604891344893
13.950000000000001,1.0,-9.950000000000001,0.06658845349068718,0.006692306883486147,100.00250000000003,363.6416250000001,0.6692474191158236,0.06692390536799363,0.0011197022774260415,0.0002228151828282115,-0.0002228151828282115,0.0011197302699829774,-0.0013425454528111888,-0.5995100125621862,0.6283106768835837,0.0001338427915999329,0.3055169558337069,0.4123054087763673
13.96,1.0,-9.96,0.06619081051621357,0.006645663706447146,100.20160000000001,364.64264533333346,0.6659061364479344,0.06652359162652359,0.0011063470607231198,0.0002199409335739603,-0.0002199409335739603,0.0011085774563975375,-0.001328518389971498,-0.600407610385463,0.6276861416507893,0.00013264586007503165,0.3052573767579843,0.4118955808617284
13.97,1.0,-9.97,0.06579494918573035,0.006599292796963927,100.40090000000001,365.6456576666667,0.6625749361786956,0.06612507847838744,0.0010931315009432246,0.00021710006711899896,-0.00021710006711899896,0.0010975138651305063,-0.0013146139322495053,-0.6013063986881593,0.6270628405108396,0.0001314588374599018,0.30499801823072964,0.41148656277441464
13.98,1.0,-9.98,0.06540086518687394,0.006553192904496387,100.60040000000001,366.650664,0.6592538274694983,0.0657283614920926,0.0010800543761088004,0.00021429224284527353,-0.00021429224284527353,0.0010865390225829577,-0.0013008312654282312,-0.6022063769209666,0.6264407698280859,0.00013028164708085428,0.3047388800645564,0.41107835212866745
13.99,1.0,-9.99,0.06500855419935883,0.006507362782718603,100.8001,367.6576663333334,0.6559428192343134,0.06533343622890876,0.001067114472369222,0.0002115171230776264,-0.0002115171230776264,0.001075652455262648,-0.0012871695783402744,-0.6031075445366622,0.6258199259810724,0.00012911421283745954,0.30447996207223726,0.41067094654804154
14.0,1.0,-10.0,0.06461801189504654,0.006461801189504655,101.0,368.66666666666663,0.6526419201399701,0.0649402982429328,0.0010543105839702655,0.00020877437306341884,-0.00020877437306341884,0.001064853689809968,-0.0012736280628733868,-0.604009900990099,0.6252003053624663,0.00012795645919811197,0.304221264066704,0.41026434366535963
14.01,1.0,-10.01,0.06422923393801531,0.006416506886914617,101.20009999999999,369.677667,0.6493511386064479,0.06454894308115448,0.0010416415132235303,0.00020606366095226266,-0.00020606366095226266,0.0010541422530237258,-0.0012602059139759883,-0.6049134457381959,0.6245819043789909,0.00012680831119563356,0.3039627858610473,0.4098585411226682
14.02,1.0,-10.02,0.06384221598463047,0.006371478641180686,101.40039999999999,370.6906693333333,0.6460704828071779,0.06415936628352269,0.001029106070475807,0.0002033846577758586,-0.0002033846577758586,0.0010435176718867501,-0.0012469023296626087,-0.605818178239928,0.6239647194513562,0.0001256696944229152,0.30370452726851654,0.4094535365711919
14.030000000000001,1.0,-10.030000000000001,0.06345695368361516,0.006326715222693434,101.60090000000002,371.70567566666676,0.6427999606693535,0.06377156338301218,0.001016703074078385,0.00020073703742794013,-0.00020073703742794013,0.001032979473591306,-0.0012337165110192462,-0.6067240979563174,0.6233487470141926,0.00012454053502859586,0.3034464881025199,0.40904932767129
14.040000000000001,1.0,-10.040000000000001,0.06307344267612197,0.006282215405988244,101.80160000000002,372.7226880000001,0.6395395798742529,0.06338552990569125,0.00100443135035632,0.0001981204766443249,-0.0001981204766443249,0.00102252718556434,-0.001220647662208665,-0.6076312043504228,0.6227339835159827,0.0001234207597127794,0.30318866817662415,0.408645912092412
14.05,1.0,-10.05,0.06269167859580457,0.006237977969731797,102.00250000000001,373.7417083333334,0.6362893478575677,0.06300126137078939,0.0009922897335776298,0.00019553465498306768,-0.00019553465498306768,0.001012160335492522,-0.0012076949904755896,-0.6085394968873312,0.6221204254189947,0.00012231029572278712,0.3029310673045544,0.4082432875130535
14.06,1.0,-10.06,0.0623116570688903,0.006194001696708778,102.20360000000001,374.76273866666673,0.6330492718097452,0.06261875329076601,0.0009802770659224547,0.00019297925480472102,-0.00019297925480472102,0.0010018784513471219,-0.0011948577061518429,-0.6094489750341476,0.6215080691992158,0.00012120907084894813,0.30267368530019395,0.40784145162071284
14.07,1.0,-10.07,0.061933373714253254,0.006150285373808665,102.40490000000001,375.78578100000004,0.629819358676339,0.06223800117137954,0.0009683921974521602,0.0001904539612526989,-0.0001904539612526989,0.0009916810614086875,-0.0011821350226613864,-0.6103596382599857,0.6208969113462864,0.00012011701342042547,0.3024165219775843,0.4074404021118476
14.08,1.0,-10.08,0.06155682414348767,0.006106827792012665,102.60640000000001,376.8108373333333,0.6265996151583684,0.0618590005117571,0.0009566339860783913,0.00018795846223374337,-0.00018795846223374337,0.0009815676942915384,-0.0011695261565252816,-0.6112714860359588,0.6202869483634343,0.00011903405230107799,0.3021595771509249,0.40704013669183176
14.09,1.0,-10.09,0.061182003960982057,0.006063627746380779,102.8081,377.8379096666667,0.6233900477126897,0.06148174680446468,0.0009450012975320757,0.00018549244839849476,-0.00018549244839849476,0.0009715378789680739,-0.0011570303273665686,-0.6121845178351706,0.6196781767674094,0.00011796011688535784,0.3019028506345731,0.40664065307491243
14.1,1.0,-10.1,0.06080890876399373,0.0060206840360389835,103.00999999999999,378.86699999999996,0.6201906625523756,0.06110623553557794,0.000933493005332382,0.00018305561312216404,-0.00018305561312216404,0.0009615911447928867,-0.0011446467579150506,-0.6130987331327056,0.6190705930884185,0.00011689513709424297,0.30164634224304404,0.40624194898416743
14.11,1.0,-10.11,0.06043753414272385,0.005977995464166553,103.21209999999999,379.89811033333325,0.6170014656471047,0.06073246218475345,0.000922107990755627,0.00018064765248530717,-0.00018064765248530717,0.0009517270215266882,-0.0011323746740119953,-0.61401413140562,0.6184641938700609,0.0001158390433712046,0.3013900517910104,0.40584402215146315
14.120000000000001,1.0,-10.120000000000001,0.06006787568039289,0.005935560837983487,103.41440000000001,380.9312426666668,0.6138224627235596,0.0603604222253004,0.0009108451428041346,0.00017826826525470035,-0.00017826826525470035,0.0009419450393600391,-0.0011202133046147394,-0.6149307121329333,0.6178589756692643,0.00011479176667820895,0.30113397909330225,0.4054468703174118
14.13,1.0,-10.13,0.059699928953316966,0.005893378968738101,103.61690000000002,381.96639900000014,0.610653659265839,0.05999011112425329,0.0008997033581750644,0.00017591715286431852,-0.00017591715286431852,0.0009322447289368986,-0.0011081618818012172,-0.6158484747956173,0.6172549350562205,0.00011375323849175376,0.30087812396490715,0.40505049123133
14.14,1.0,-10.14,0.05933368953098401,0.005851448671694675,103.81960000000001,383.0035813333334,0.6074950605158725,0.059621524342444304,0.0008886815412291697,0.00017359401939641032,-0.00017359401939641032,0.0009226256213779591,-0.0010962196407743694,-0.6167674188765898,0.6166520686143229,0.00011272339079893729,0.30062248622096965,0.40465488265119726
14.15,1.0,-10.15,0.05896915297613085,0.005809768766121265,104.02250000000001,384.0427916666667,0.6043466714738494,0.05925465733457682,0.0008777786039595296,0.00017129857156267592,-0.00017129857156267592,0.000913087248303802,-0.0010843858198664779,-0.6176875438607032,0.616050372940102,0.00011170215609356178,0.30036706567679156,0.4042600423436139
14.16,1.0,-10.16,0.05860631484482079,0.005768338075277637,104.2256,385.084032,0.6012084968986569,0.05888950554929935,0.0008669934659602397,0.00016903051868554438,-0.00016903051868554438,0.0009036291418578557,-0.0010726596605434,-0.618608849234737,0.6154498446431639,0.0001106894673722701,0.30011186214783153,0.4038659680837606
14.17,1.0,-10.17,0.05824517068652147,0.005727155426403291,104.4289,386.1273043333333,0.5980805413083267,0.058526064429279726,0.0008563250543950504,0.00016678957267954867,-0.00016678957267954867,0.0008942508347291526,-0.0010610404074087012,-0.6195313344873881,0.6148504803461268,0.00010968525813071462,0.2998568754497049,0.40347265765535667
14.18,1.0,-10.18,0.05788571604418321,0.005686219650705621,104.63239999999999,387.1726106666666,0.5949628089804907,0.05816432941127991,0.0008457723039659702,0.0001645754480328001,-0.0001645754480328001,0.0008849518601748898,-0.0010495273082076898,-0.6204549991092625,0.6142522766845601,0.00010868946235975895,0.2996021053981838,0.4030801088506202
14.19,1.0,-10.19,0.05752794645431787,0.0056455295833481725,104.83609999999999,388.219953,0.5918553039528472,0.057804295926231326,0.0008353341568818308,0.00016238786178856057,-0.00016238786178856057,0.0008757317520427931,-0.0010381196138313537,-0.6213798425928663,0.6136552303069215,0.00010770201454171174,0.2993475518091969,0.4026883194702269
14.200000000000001,1.0,-10.200000000000001,0.05717185744707804,0.005605084063439024,105.04000000000002,389.26933333333346,0.5887580300236351,0.057445959399310506,0.0008250095628268078,0.0001602265335269124,-0.0001602265335269124,0.0008665900447932791,-0.0010268165783201915,-0.6223058644325972,0.6130593378744967,0.0001067228496465922,0.29909321449882925,0.4022972873232702
14.21,1.0,-10.21,0.05681744454633699,0.005564881934019294,105.24410000000002,390.32075366666675,0.58567099075212,0.05708931525001551,0.0008147974789289134,0.0001580911853465269,-0.0001580911853465269,0.0008575262735214246,-0.0010156174588679516,-0.6232330641247349,0.6124645960613382,0.00010575190312842797,0.29883909328332203,0.40190701022722114
14.22,1.0,-10.22,0.0564647032697684,0.005524922042051701,105.4484,391.37421600000005,0.5825941894590847,0.05673435889224221,0.0008046968697284357,0.0001559815418465261,-0.0001559815418465261,0.0008485399739787198,-0.0010045215158252458,-0.6241614411674336,0.6118710015542038,0.00010478911092158252,0.29858518797907274,0.4015174860078885
14.23,1.0,-10.23,0.05611362912892713,0.0054852032384092985,105.6529,392.4297223333334,0.5795276292273338,0.05638108573436162,0.0007947067071463588,0.0001538973301084447,-0.0001538973301084447,0.0008396306825946353,-0.00099352801270308,-0.625090995060713,0.6112785510524973,0.00010383440943711528,0.29833149840263473,0.4011287124993792
14.24,1.0,-10.24,0.0557642176293302,0.005445724377864277,105.8576,393.4872746666667,0.5764713129022055,0.05602949117929741,0.0007848259704527416,0.00015183827967828618,-0.00015183827967828618,0.0008307979364979815,-0.0009826362161762677,-0.6260217253064494,0.6106872412682078,0.00010288773555917151,0.2980780243707173,0.40074068754405906
14.25,1.0,-10.25,0.05541646427053807,0.005406484319076884,106.0625,394.546875,0.5734252430920921,0.05567957062460384,0.0007750536462350617,0.00014980412254867424,-0.00014980412254867424,0.0008220412735380622,-0.0009718453960867365,-0.6269536314083677,0.6100970689258509,0.00010194902664140265,0.2978247657001854,0.4003534089925137
14.26,1.0,-10.26,0.05507036454623641,0.005367481924584445,106.2676,395.6085253333333,0.5703894221689699,0.055331319462544104,0.000765388728366528,0.00014779459314109999,-0.00014779459314109999,0.0008133602323056286,-0.0009611548254467285,-0.6278867128720325,0.6095080307624086,0.00010101822050341676,0.2975717222080597,0.39996687470350945
14.27,1.0,-10.27,0.05472591394431824,0.005328716060790481,106.4729,396.67222766666663,0.5673638522689388,0.0549847330801692,0.0007558302179743633,0.00014580942828826317,-0.00014580942828826317,0.0008047543521536256,-0.0009505637804418887,-0.6288209692048399,0.6089201235272708,0.0001000952554272586,0.2973188937115164,0.3995810825439549
14.280000000000001,1.0,-10.280000000000001,0.054383107946966464,0.005290185597953936,106.67840000000002,397.7379840000001,0.5643485352927693,0.054639806859397,0.0007463771234080518,0.00014384836721650812,-0.00014384836721650812,0.0007962231732177353,-0.0009400715404342434,-0.6297563999160093,0.6083333439821763,9.918007015391934e-05,0.2970662800278865,0.3991960303888622
14.290000000000001,1.0,-10.290000000000001,0.05404194203073693,0.005251889410178515,106.88410000000002,398.80579633333343,0.5613434729064616,0.054296536177092146,0.000737028460207569,0.00014191115152835425,-0.00014191115152835425,0.0007877662364367185,-0.0009296773879650727,-0.6306930045165746,0.6077476889011552,9.827260387987576e-05,0.29681388097465694,0.39881171612130895
14.3,1.0,-10.3,0.053702411666641414,0.005213826375402079,107.09000000000002,399.87566666666675,0.5583486665418087,0.053954916405145714,0.0007277832510715655,0.00013999752518511767,-0.00013999752518511767,0.0007793830835725398,-0.0009193806087576574,-0.6316307825193763,0.60716315507047,9.737279625365726e-05,0.2965616963694693,0.39842813763240026
14.31,1.0,-10.31,0.05336451232023145,0.005175995375386174,107.29610000000001,400.94759700000003,0.5553641173969724,0.05361494291055576,0.0007186405258255384,0.00013810723448962823,-0.00013810723448962823,0.0007710732572302955,-0.0009091804917199238,-0.6325697334390532,0.6065797392885591,9.648058737244267e-05,0.29630972603012024,0.3980452928212306
14.32,1.0,-10.32,0.05302823945168233,0.005138395295705652,107.50240000000001,402.0215893333334,0.5523898264370674,0.053276611055508113,0.0007095993213899724,0.00013624002806903867,-0.00013624002806903867,0.0007628363008779335,-0.0008990763289469722,-0.6335098567920345,0.6059974383659781,9.559591777868498e-05,0.29605796977456106,0.39766317959484637
14.33,1.0,-10.33,0.052693588515877465,0.00510102502573838,107.7089,403.09764566666666,0.5494257943947526,0.0529399161974575,0.0007006586817484557,0.00013439565685772573,-0.00013439565685772573,0.0007546717588657624,-0.0008890674157234881,-0.6344511520965306,0.605416249125344,9.47187284567641e-05,0.29580642742089797,0.3972817958682087
14.34,1.0,-10.34,0.05236055496249295,0.005063883458655024,107.9156,404.17576799999995,0.5464720217708321,0.05260485368920899,0.0006918176579157712,0.00013257387408028263,-0.00013257387408028263,0.000746579176445752,-0.0008791530505260347,-0.6353936188725263,0.6048361684012779,9.384896082966732e-05,0.2955550987873915,0.396901139564156
14.35,1.0,-10.35,0.05202913423608273,0.00502696949140896,108.12249999999999,405.25595833333335,0.5435285088348651,0.05227141887899995,0.0006830753079059681,0.00013077443523460463,-0.00013077443523460463,0.0007385580997906302,-0.0008693325350252348,-0.636337256641772,0.604257193040349,9.298655675569766e-05,0.29530398369245675,0.39652120861336704
14.36,1.0,-10.36,0.05169932177616394,0.004990282024726249,108.32959999999999,406.3382186666666,0.5405952556257846,0.05193960711058224,0.0006744306967004112,0.00012899709807506462,-0.00012899709807506462,0.0007306080760127684,-0.0008596051740878331,-0.637282064927776,0.6036793199010181,9.213145852520918e-05,0.2950530819546631,0.39614200095432417
14.370000000000001,1.0,-10.370000000000001,0.05137111301730239,0.004953819963095698,108.53690000000002,407.4225510000001,0.5376722619525215,0.05160941372330459,0.000665882896215805,0.00012724162259577894,-0.00012724162259577894,0.0007227286531828523,-0.0008499702757786312,-0.6382280432557961,0.6031025458535823,9.128360885736919e-05,0.294802393392734,0.3957635145332766
14.38,1.0,-10.38,0.051044503389199025,0.004917582214759058,108.74440000000001,408.50895733333346,0.5347595273946449,0.051280834052196,0.0006574309852722162,0.0001255077710139668,-0.0001255077710139668,0.00071491938034836,-0.0008404271513623268,-0.6391751911528318,0.6025268677801197,9.04429508969484e-05,0.29455191782554696,0.3953857473042047
14.39,1.0,-10.39,0.050719488316775675,0.00488156769170122,108.95210000000002,409.5974396666667,0.5318570513030005,0.05095386342804838,0.0006490740495610515,0.0001237953077533948,-0.0001237953077533948,0.0007071798075518064,-0.0008309751153052012,-0.6401235081476172,0.6019522825744336,8.960942821113534e-05,0.29430165507213335,0.39500869722878296
14.4,1.0,-10.4,0.05039606322026194,0.004845775309640571,109.16000000000001,410.68800000000005,0.5289648328003648,0.05062849717750034,0.0006408111816130401,0.0001221039994279153,-0.0001221039994279153,0.0006995094858487946,-0.00082161348527671,-0.641072993770612,0.6013787871419983,8.878298478637909e-05,0.2940516049516783,0.39463236227634446
14.41,1.0,-10.41,0.050074223515282124,0.004810203988019415,109.3681,411.78064033333334,0.5260828707821062,0.05030473062312123,0.0006326414807661977,0.00012043361482509283,-0.00012043361482509283,0.0006919079673258558,-0.0008123415821509486,-0.6420236475539942,0.6008063783999047,8.796356502525718e-05,0.2938017672835207,0.3942567404238451
14.42,1.0,-10.42,0.04975396461294229,0.0047748526499944615,109.57639999999999,412.8753626666667,0.5232111639168531,0.04998255908349504,0.0006245640531337681,0.00011878392488991908,-0.00011878392488991908,0.0006843748051180703,-0.0008031587300079894,-0.6429754690316528,0.6002350532768053,8.715111374336922e-05,0.29355214188715273,0.39388182965582813
14.43,1.0,-10.43,0.04943528191991784,0.004739720222427406,109.7849,413.97216899999995,0.5203497106471705,0.04966197787330508,0.0006165780115721608,0.00011715470270861724,-0.00011715470270861724,0.0006769095534264851,-0.0007940642561351024,-0.643928457739179,0.5996648087128612,8.634557616625612e-05,0.29330272858221995,0.39350762796438843
14.44,1.0,-10.44,0.0491181708385412,0.004704805635875594,109.99359999999999,415.07106133333326,0.5174985091902456,0.049342982303418645,0.0006086824756488713,0.00011554572349253443,-0.00011554572349253443,0.000669511767535317,-0.0007850574910278514,-0.6448826132138596,0.5990956416596884,8.55468979263447e-05,0.2930535271885214,0.3931341333491379
14.450000000000001,1.0,-10.450000000000001,0.04880262676688969,0.0046701078245827456,110.20250000000003,416.17204166666676,0.5146575575385801,0.04902556768097201,0.0006008765716103917,0.00011395676456212145,-0.00011395676456212145,0.0006621810038289422,-0.0007761377683910637,-0.645837934994669,0.5985275490803036,8.475502505991687e-05,0.29280453752600893,0.3927613438171697
14.46,1.0,-10.46,0.048488645098874184,0.004635625726469806,110.41160000000002,417.2751120000001,0.5118268534606938,0.04870972930945607,0.000593159432350121,0.00011238760533100262,-0.00011238760533100262,0.0006549168198086863,-0.0007673044251396889,-0.6467944226222608,0.597960527949073,8.396990400410474e-05,0.2925557594147877,0.3923892573830246
14.47,1.0,-10.47,0.048176221224327194,0.0046013582831258065,110.62090000000002,418.3802743333334,0.5090063945018316,0.048395462488801624,0.0005855301973762513,0.00011083802729012961,-0.00011083802729012961,0.0006477187741093856,-0.0007585568013995152,-0.6477520756389616,0.5973945752516572,8.319148159390867e-05,0.29230719267511523,0.3920178720686552
14.48,1.0,-10.48,0.04786535052909185,0.00456730443979884,110.83040000000001,419.4875306666667,0.5061961779846814,0.048082762515465345,0.0005779880127796598,0.00010930781399202448,-0.00010930781399202448,0.0006405864265157482,-0.0007498942405077727,-0.6487108935887628,0.596829687984961,8.241970505924078e-05,0.2920588371274022,0.3916471859033922
14.49,1.0,-10.49,0.0475560283951109,0.004533463145387121,111.04010000000001,420.596883,0.5033962010101005,0.04777162468251606,0.0005705320312017945,0.00010779675103510937,-0.00010779675103510937,0.0006335193379785038,-0.0007413160890136132,-0.6496708760173128,0.5962658631570801,8.165452202199243e-05,0.29181069259221176,0.3912771969239104
14.5,1.0,-10.5,0.0472482502005159,0.004499833352430086,111.25,421.7083333333333,0.5006064604578471,0.04746204427972096,0.0005631614118025482,0.00010630462604812147,-0.00010630462604812147,0.000626517070630335,-0.0007328216966784564,-0.6506320224719101,0.5957030977872494,8.089588049312514e-05,0.2915627588902594,0.3909079031741939
14.51,1.0,-10.51,0.04694201131971672,0.004466414017099593,111.4601,422.8218836666666,0.4978269529873223,0.047154016593632365,0.0005558753202281391,0.00010483122867461525,-0.00010483122867461525,0.0006195791878016041,-0.0007244104164762194,-0.651594332501496,0.5951413889057917,8.014372886978557e-05,0.291315035842413,0.3905393027055031
14.52,1.0,-10.52,0.046637307123491234,0.004433204099191182,111.67039999999999,423.9375359999999,0.49505767503831893,0.04684753690767458,0.0005486729285789831,0.00010337635055754973,-0.00010337635055754973,0.0006127052540358645,-0.0007160816045934142,-0.6525578056566467,0.5945807335540664,7.939801593244373e-05,0.2910675232696927,0.39017139357634056
14.530000000000001,1.0,-10.530000000000001,0.04633413297907508,0.004400202562115392,111.88090000000003,425.05529233333345,0.49229862283177606,0.04654260050223086,0.000541553415377565,0.00010193978532396073,-0.00010193978532396073,0.0006058948351051583,-0.000707834620429119,-0.6535224414895663,0.5940211287844182,7.865869084205421e-05,0.29082022099327054,0.3898041738524176
14.540000000000001,1.0,-10.540000000000001,0.04603248425025212,0.004367408372889195,112.09160000000001,426.1751546666668,0.4895497923705466,0.0462392026547311,0.0005345159655363229,0.00010052132856972055,-0.00010052132856972055,0.0005991474980251132,-0.0006996688265948338,-0.6544882395540791,0.5934625716601271,7.792570313724123e-05,0.29057312883447073,0.3894376416066215
14.55,1.0,-10.55,0.04573235629744426,0.004334820502127417,112.30250000000001,427.2971250000001,0.48681117944016433,0.04593733863973895,0.0005275597703255133,9.912077784437864e-05,-9.912077784437864e-05,0.0005924628110698097,-0.0006915835889141883,-0.6554551994056232,0.592905059255357,7.719900273150494e-05,0.2903262466147692,0.3890717949189817
14.56,1.0,-10.56,0.0454337444778023,0.004302437924034308,112.51360000000001,428.4212053333334,0.48408277960962665,0.04563700372903988,0.0005206840273411,9.773793263609048e-05,-9.773793263609048e-05,0.0005858403437864559,-0.0006835782764225464,-0.656423320601243,0.5923485886551066,7.647853991045186e-05,0.2900795741557935,0.3887066318766373
14.57,1.0,-10.57,0.04513664414529643,0.004270259616395121,112.7249,429.5473976666667,0.4813645882321784,0.04533819319172895,0.0005138879404726343,9.63725943566283e-05,-9.63725943566283e-05,0.0005792796670098367,-0.000675652261366465,-0.6573926026995811,0.5917931569551588,7.576426532904656e-05,0.28983311127932265,0.3883421505738044
14.58,1.0,-10.58,0.044841050650807214,0.004238284560567789,112.9364,430.67570400000005,0.47865660044610814,0.04504090229429918,0.0005071707198711513,9.502456632647721e-05,-9.502456632647721e-05,0.000572780352876563,-0.0006678049192030402,-0.6583630452608725,0.5912387612620311,7.505613000888622e-05,0.2895868578072874,0.3879783491117433
14.59,1.0,-10.59,0.044546959342216585,0.004206511741474655,113.1481,431.80612633333334,0.47595881117554834,0.044745126300729805,0.0005005315819170656,9.369365376001406e-05,-9.369365376001406e-05,0.0005663419748391031,-0.0006600356285991172,-0.6593346478469368,0.5906853986929271,7.435408533549666e-05,0.28934081356176944,0.3876152255987264
14.6,1.0,-10.6,0.04425436556449894,0.00417494014759424,113.36,432.93866666666656,0.473271215131283,0.044450860472574696,0.0004939697491880759,9.237966375076932e-05,-9.237966375076932e-05,0.0005599641076796029,-0.0006523437714303722,-0.6603074100211714,0.5901330663756863,7.365808305564997e-05,0.28909497836500186,0.38725277815000586
14.61,1.0,-10.61,0.04396326465981257,0.004143568770953117,113.57209999999999,434.0733269999999,0.47059380681156443,0.04415810006905123,0.00048748445042708555,9.108240525677308e-05,-9.108240525677308e-05,0.0005536463275235,-0.0006447287327802731,-0.6612813313485442,0.5895817614487365,7.29680752747042e-05,0.2888493520393688,0.3868910048877816
14.620000000000001,1.0,-10.620000000000001,0.04367365196759123,0.004112396607117818,113.78440000000002,435.21010933333343,0.4679265805029367,0.04386684034712916,0.00048107492051012977,8.980168908598329e-05,-8.980168908598329e-05,0.0005473882118529282,-0.0006371899009389115,-0.6622564113955869,0.589031481061044,7.228401445396411e-05,0.28860393440740506,0.3865299039411695
14.63,1.0,-10.63,0.04338552282463575,0.004081422655186806,113.99690000000001,436.34901566666673,0.4652695302810648,0.04357707656161966,0.0004747404004143154,8.853732788179632e-05,-8.853732788179632e-05,0.0005411893395199067,-0.0006297266674017031,-0.6632326497303875,0.5884822223720666,7.160585340806296e-05,0.2883587252917965,0.3861694734461697
14.64,1.0,-10.64,0.04309887256520576,0.004050645917782496,114.20960000000001,437.49004800000006,0.46262265001157177,0.04328880396526443,0.0004684801371857734,8.728913610863937e-05,-8.728913610863937e-05,0.0005350492907593231,-0.0006223384268679625,-0.6642100459225846,0.5879339825517048,7.093354530236505e-05,0.2881137245153796,0.38580971154563526
14.65,1.0,-10.65,0.04281369652111164,0.004020065401043346,114.42250000000001,438.6332083333334,0.4599859333508823,0.043002017808825115,0.0004622933839076281,8.605693003764538e-05,-8.605693003764538e-05,0.0005289676472017058,-0.0006150245772393512,-0.6651885995433592,0.5873867587802545,7.026704365038948e-05,0.2878689319011411,0.3854506163892405
14.66,1.0,-10.66,0.04252999002180664,0.0039896801146160074,114.6356,439.7784986666667,0.4573593737470748,0.04271671334117286,0.0004561793996679838,8.484052773240959e-05,-8.484052773240959e-05,0.0005229439918857912,-0.0006077845196182008,-0.6661683101654285,0.586840548248359,6.960630231125423e-05,0.2876243472722185,0.38509218613345025
14.67,1.0,-10.67,0.04224774839447897,0.003959489071647514,114.8489,440.925921,0.4547429644407382,0.04243288580937782,0.00045013744952792436,8.363974903482665e-05,-8.363974903482665e-05,0.0005169779092708762,-0.0006006176583057028,-0.6671491773630397,0.5862953481569626,6.895127548714031e-05,0.2873799704518993,0.38473441894148874
14.68,1.0,-10.68,0.041966966964144134,0.00392949128877754,115.0624,442.0754773333333,0.4521366984658369,0.04215053045879902,0.00044416680448953593,8.24544155510096e-05,-8.24544155510096e-05,0.0005110689852489677,-0.0005935234007999773,-0.6681312007119615,0.585751155717263,6.830191772077656e-05,0.2871358012636212,0.3843773129833085
14.69,1.0,-10.69,0.041687641053737234,0.003899685786130705,115.27609999999999,443.2271696666666,0.44954056865058173,0.04186964253317418,0.000438266741463947,8.128435063728897e-05,-8.128435063728897e-05,0.000505216807156721,-0.00058650115779401,-0.6691143797894793,0.585207968150665,6.765818389294408e-05,0.286891839530972,0.3840208664355604
14.700000000000001,1.0,-10.700000000000001,0.041409765984205565,0.0038700715873089308,115.49000000000002,444.38100000000014,0.4469545676183085,0.04159021727470973,0.000432436543239391,8.01293793862929e-05,-8.01293793862929e-05,0.0004994209637871727,-0.0005795503431734655,-0.6700987141743875,0.5846657826887335,6.702002922000052e-05,0.2866480850776893,0.3836650774815623
14.71,1.0,-10.71,0.04113333707460121,0.0038406477193838667,115.70410000000003,445.53697033333344,0.4443786877883629,0.041312249924171054,0.0004266754984492928,7.89893286131075e-05,-7.89893286131075e-05,0.0004936810454012684,-0.0005726703740143758,-0.6710842034469825,0.5841245965731483,6.638740925142438e-05,0.28640453772766067,0.3833099443112696
14.72,1.0,-10.72,0.04085834964217357,0.0038114132128893256,115.91840000000002,446.6950826666667,0.4418129213769901,0.04103573572097243,0.0004209829015403732,7.78640268415161e-05,-7.78640268415161e-05,0.00048799664373917604,-0.0005658606705806922,-0.6720708471890572,0.5835844070556573,6.576027986737783e-05,0.28616119730492295,0.3829554651212444
14.73,1.0,-10.73,0.040584799002462146,0.0037823671018138065,116.1329,447.8553390000001,0.43925726039823265,0.04076066990326748,0.00041535805274078386,7.67533042903193e-05,-7.67533042903193e-05,0.00048236735203140195,-0.0005591206563217212,-0.6730586449838935,0.5830452113980308,6.51385972762896e-05,0.28591806363366273,0.38260163811462594
14.74,1.0,-10.74,0.040312680469389475,0.0037535084235930613,116.3476,449.01774133333333,0.43671169666483606,0.04048704770803967,0.00040980025802827,7.565699285973443e-05,-7.565699285973443e-05,0.0004767927650096995,-0.0005524497578694339,-0.6740475964162561,0.5825070068720168,6.452231801245683e-05,0.2856751365382159,0.3822484615011007
14.75,1.0,-10.75,0.040041989355353906,0.0037248362191026887,116.5625,450.18229166666663,0.43417622178915716,0.04021486437119258,0.0004043088290983536,7.457492611787328e-05,-7.457492611787328e-05,0.00047127247891776846,-0.0005458474050356418,-0.6750377010723861,0.581969790759295,6.391139893366543e-05,0.28543241584306767,0.38189593349687256
14.76,1.0,-10.76,0.03977272097132258,0.0036963495326507983,116.77759999999999,451.34899199999995,0.4316508271840818,0.039944115127640664,0.00039888308333255293,7.350693928729941e-05,-7.350693928729941e-05,0.00046580609152175516,-0.0005393130308090546,-0.6760289585399939,0.5814335603514326,6.330579721882961e-05,0.2851899013728523,0.3815440523246336
14.77,1.0,-10.77,0.03950487062692447,0.003668047411970703,116.99289999999999,452.51784433333324,0.42913550406394724,0.0396747952113997,0.00039352234376662616,7.245286923166386e-05,-7.245286923166386e-05,0.0004603932021205452,-0.0005328460713522091,-0.6770213684082538,0.5808983129498387,6.270547036564959e-05,0.2849475929523531,0.3811928162135345
14.780000000000001,1.0,-10.780000000000001,0.039238433630543294,0.0036399289082136633,117.20840000000003,453.6888506666668,0.4266302434454704,0.039406899855677566,0.0003882259390588501,7.141255444241887e-05,-7.141255444241887e-05,0.00045503341155585334,-0.0005264459659982722,-0.6780149302677967,0.5803640458657208,6.211037618828792e-05,0.2847054904065021,0.3808422233991555
14.790000000000001,1.0,-10.790000000000001,0.03897340528941091,0.003611993075941696,117.42410000000002,454.8620130000001,0.4241350361486854,0.039140424292965104,0.0003829932034583332,7.038583502561083e-05,-7.038583502561083e-05,0.00044972632222211673,-0.0005201121572477275,-0.6790096437107035,0.57983075642004,6.152047281506429e-05,0.2844635935603804,0.38049227212347747
14.8,1.0,-10.8,0.03870978090970012,0.003584238973120381,117.64000000000001,456.0373333333334,0.4216498727978817,0.0388753637551267,0.0003778234767733547,6.937255268874924e-05,-6.937255268874924e-05,0.0004444715380761745,-0.0005138440907649237,-0.6800055083304999,0.579298441943467,6.0935718686167644e-05,0.2842219022392174,0.3801429606348527
14.81,1.0,-10.81,0.0384475557966179,0.0035566656611117384,117.85610000000001,457.21481366666677,0.4191747438225512,0.03861171347349115,0.00037271610433974446,6.837255072775423e-05,-6.837255072775423e-05,0.0004392686646467536,-0.0005076412153745078,-0.6810025237221494,0.5787670997763386,6.0356072551386614e-05,0.2839804162683912,0.3797942871879767
14.82,1.0,-10.82,0.03818672525449877,0.003529272204667168,118.0724,458.3944560000001,0.4167096394583438,0.03834946867894273,0.00036767043698930245,6.738567401398215e-05,-6.738567401398215e-05,0.00043411730904375714,-0.0005015029830577393,-0.6820006894820466,0.5782367272686139,5.9781493467858165e-05,0.28373913547342805,0.37944625004385907
14.83,1.0,-10.83,0.037927284586897786,0.0035020576719203863,118.2889,459.5762623333333,0.4142545497480234,0.03808862460201196,0.0003626858310182477,6.641176898132661e-05,-6.641176898132661e-05,0.00042901707996734396,-0.0004954288489486706,-0.683000005208012,0.5777073217798313,5.921194079783287e-05,0.2834980596800026,0.37909884746979555
14.84,1.0,-10.84,0.03766922909668381,0.003475021134380426,118.5056,460.76023466666663,0.411809464542433,0.037829176472966485,0.00035776164815571026,6.545068361339716e-05,-6.545068361339716e-05,0.00042396758771681345,-0.0004894182713302106,-0.6840004704992845,0.5771788806790653,5.8647374206458195e-05,0.28325718871393757,0.37875207773933955
14.85,1.0,-10.85,0.037412554086132775,0.0034481616669246803,118.7225,461.94637499999993,0.4093743735014653,0.03757111952190218,0.0003528972555322648,6.450226743077467e-05,-6.450226743077467e-05,0.0004189684441992931,-0.00048347071163006776,-0.6850020849565163,0.576651401344884,5.808775365957894e-05,0.2830165224012038,0.37840593913227427
14.86,1.0,-10.86,0.037157254857020844,0.0034214783477919744,118.93959999999998,463.13468533333327,0.4069492660950383,0.037314448978834035,0.0003480920256485021,6.356637147834249e-05,-6.356637147834249e-05,0.0004140192629382257,-0.0004775856344165682,-0.6860048481817662,0.5761248811653058,5.753303942155472e-05,0.2827760605679197,0.37806042993458444
14.870000000000001,1.0,-10.870000000000001,0.036903326710717554,0.003394970258575671,119.15690000000002,464.3251676666668,0.4045341316040755,0.037059160073787054,0.0003433453363436431,6.264284831269362e-05,-6.264284831269362e-05,0.00040911965908165866,-0.00047176250739435226,-0.6870087597784938,0.5755993175377574,5.6983192053094205e-05,0.2825358030403517,0.3777155484384286
14.88,1.0,-10.88,0.03665076494827923,0.003368636484216841,119.37440000000002,465.5178240000001,0.40212895912149493,0.036805248036887485,0.0003386565707642025,6.173155198961459e-05,-6.173155198961459e-05,0.00040426924941034233,-0.0004660008013999569,-0.6880138193515529,0.5750747078690324,5.643817240910682e-05,0.28229574964491366,0.3773712929421118
14.89,1.0,-10.89,0.036399564870541856,0.0033424761129974153,119.59210000000002,466.71265633333337,0.39973373755319824,0.03655270809845343,0.0003340251173326857,6.0832338051643003e-05,-6.0832338051643003e-05,0.00039946765234562297,-0.000460299990397266,-0.6890200265071857,0.5745510495752483,5.589794163656989e-05,0.282055900208167,0.3770276617500577
14.9,1.0,-10.9,0.03614972177821438,0.003316488236533429,119.81,467.90966666666674,0.3973484556190701,0.03630153548908602,0.0003294503697163429,5.994506351570215e-05,-5.994506351570215e-05,0.0003947144879571504,-0.0004546595514728525,-0.6900273808530173,0.5740283400818049,5.536246117241347e-05,0.2818162545568206,0.37668465317278127
14.91,1.0,-10.91,0.035901230971971836,0.003290671949768271,120.02810000000001,469.108857,0.39497310185398105,0.036051725439760325,0.00032493172679596546,5.9069586860809805e-05,-5.9069586860809805e-05,0.00039000937797038825,-0.00044907896483119806,-0.6910358819980489,0.5735065768233437,5.48316927414209e-05,0.28157681251773026,0.3763422655268617
14.92,1.0,-10.92,0.035654087752548344,0.003265026350965966,120.2464,470.3102293333334,0.39260766460879387,0.0358032731819162,0.00032046859263472994,5.8205768015861624e-05,-5.8205768015861624e-05,0.00038535194577392796,-0.00044355771378978956,-0.6920455295526519,0.5729857572437062,5.4305598354145585e-05,0.2813375739178994,0.37600049713491535
14.93,1.0,-10.93,0.03540828742083023,0.0032395505417045036,120.4649,471.5137856666666,0.3902521320513789,0.03555617394754928,0.0003160603764470955,5.735346834748966e-05,-5.735346834748966e-05,0.00038074181642661715,-0.0004380952847741068,-0.6930563231285628,0.5724658787958923,5.378414030484404e-05,0.28109853858447775,0.37565934632556874
14.94,1.0,-10.94,0.03516382527794882,0.0032142436268691793,120.68359999999998,472.71952799999997,0.38790649216762924,0.03531042296930159,0.00031170649256774535,5.651255064799417e-05,-5.651255064799417e-05,0.00037617861666448756,-0.0004326911673124817,-0.6940682623388761,0.5719469389420204,5.3267281169424505e-05,0.28085970634476254,0.3753188114334319
14.950000000000001,1.0,-10.950000000000001,0.034920696625373567,0.0031891047146459877,120.90250000000002,473.9274583333335,0.3855707327624866,0.0350660154805526,0.0003074063604205886,5.568287912335054e-05,-5.568287912335054e-05,0.0003716619749075022,-0.00042734485403085273,-0.6950813467980399,0.5714289351532862,5.275498380341163e-05,0.28062107702619726,0.3749788907990714
14.96,1.0,-10.96,0.034678896765004893,0.003164132916515045,121.12160000000002,475.1375786666668,0.3832448414609687,0.03482294671550989,0.0003031594044878102,5.4864319381289545e-05,-5.4864319381289545e-05,0.00036719152126610765,-0.0004220558406473972,-0.6960955761218478,0.5709118649099229,5.224721133992689e-05,0.2803826504563725,0.3746395827689843
14.97,1.0,-10.97,0.034438420999266764,0.0031393273472440078,121.34090000000002,476.34989100000007,0.38092880570920046,0.03458121190929971,0.0002989650542789731,5.405673841945023e-05,-5.405673841945023e-05,0.0003627668875475945,-0.0004168236259670447,-0.6971109499274359,0.5703957257011603,5.174392718768374e-05,0.2801444264630248,0.3743008856955717
14.98,1.0,-10.98,0.0341992646311996,0.0031146871248815666,121.56040000000002,477.5643973333333,0.3786226127754532,0.034340806298057754,0.00029482274430018076,5.3260004613607465e-05,-5.3260004613607465e-05,0.000358387707262277,-0.0004116477118758845,-0.6981274678332747,0.5698805150251856,5.124509502899902e-05,0.27990640487403745,0.37396279793711223
14.99,1.0,-10.99,0.03396142296455286,0.003090211370750943,121.7801,478.7810996666667,0.3763262497511869,0.03410172511901966,0.00029073191402329414,5.2473987705971716e-05,-5.2473987705971716e-05,0.0003540536156294817,-0.00040652760333545343,-0.6991451294591646,0.569366230389103,5.075067881781905e-05,0.2796685855174398,0.37362531785773634
15.0,1.0,-11.0,0.03372489130387758,0.003065899209443417,122.0,480.0,0.37403970355209687,0.03386396361061156,0.00028669200785520597,5.169855879356173e-05,-5.169855879356173e-05,0.00034976424958335124,-0.000401462808376913,-0.7001639344262295,0.5688528693088948,5.026064277776093e-05,0.2794309682214073,0.3732884438274
15.01,1.0,-11.01,0.033489664954618865,0.003041749768811886,122.2201,481.22110033333325,0.3717629609191656,0.03362751701254041,0.0002827024751071737,5.0933590316649724e-05,-5.0933590316649724e-05,0.00034551924777846265,-0.00039645283809511234,-0.7011838823569119,0.5683404293093817,4.9774951400168806e-05,0.2791935528142615,0.37295217422185933
15.02,1.0,-11.02,0.03325573922320815,0.003017762179964442,122.4404,482.4444026666666,0.36949600841971825,0.03339238056588432,0.0002787627699642122,5.017895604727882e-05,-5.017895604727882e-05,0.00034131825059526124,-0.0003914972066425401,-0.7022049728749661,0.5678289079241834,4.92935694421848e-05,0.2789563391244699,0.3726165074226445
15.030000000000001,1.0,-11.030000000000001,0.03302310941715556,0.002993935577257984,122.66090000000003,483.6699090000001,0.36723883244848393,0.03315854951318287,0.00027487235145454993,4.94345310778526e-05,-4.94345310778526e-05,0.00033716090014531417,-0.00038659543122316676,-0.7032272056054538,0.5673183026956808,4.881646192483478e-05,0.2787193269806452,0.3722814418170347
15.040000000000001,1.0,-11.040000000000001,0.03279177084514209,0.002970269098291856,122.88160000000002,484.89762133333346,0.36499141922866063,0.032926019098527215,0.00027103068341914475,4.8700191809796695e-05,-4.8700191809796695e-05,0.00033304684027637976,-0.0003817470320861765,-0.7042505801747374,0.5668086111749762,4.8343594131128757e-05,0.2784825162115465,0.37194697579803226
15.05,1.0,-11.05,0.0325617188171115,0.0029467618839014932,123.10250000000002,486.12754166666673,0.3627537548129836,0.03269478456765005,0.00026723723448126197,4.7975815942291096e-05,-4.7975815942291096e-05,0.0003289757165772956,-0.00037695153251958674,-0.7052750962104751,0.566299830921855,4.787493160417526e-05,0.2782459066460779,0.37161310776433765
15.06,1.0,-11.06,0.032332948644362286,0.0029234130781521056,123.32360000000001,487.35967200000005,0.360525825084799,0.03246484116801559,0.00026349147801611993,4.726128246107455e-05,-4.726128246107455e-05,0.00032494717638268777,-0.0003722084588437623,-0.7063007533416151,0.5657919595047481,4.741044014531047e-05,0.2780094981132889,0.37127983612032434
15.07,1.0,-11.07,0.032105455639639534,0.0029002218283323876,123.54490000000001,488.59401433333335,0.35830761575914205,0.0322361841489094,0.0002597928921205994,4.6556471627319866e-05,-4.6556471627319866e-05,0.00032096086877750243,-0.0003675173404048223,-0.7073275511983903,0.5652849945006929,4.6950085812241335e-05,0.2777732904423745,0.37094715927601374
15.08,1.0,-11.08,0.03187923511722645,0.0028771872849482354,123.7664,489.83057066666674,0.3560991123838173,0.03200880876152801,0.00025614095958301805,4.58612649665796e-05,-4.58612649665796e-05,0.00031701644460135637,-0.000362877709567936,-0.7083554894123123,0.5647789334952962,4.649383491720265e-05,0.2775372834626744,0.3706150756470505
15.09,1.0,-11.09,0.03165428239303607,0.0028543086017165076,123.9881,491.06934299999995,0.35390030034048653,0.031782710259068626,0.00025253516785297655,4.517554525780312e-05,-4.517554525780312e-05,0.00031311355645271643,-0.00035828910171051953,-0.7093845676161664,0.5642737740826959,4.604165402512834e-05,0.27730147700367375,0.37028358365467734
15.1,1.0,-11.1,0.03143059278470238,0.002831584935558773,124.21,492.3103333333333,0.3517111648457552,0.03155788389681838,0.0002489750090112672,4.449919652242276e-05,-4.449919652242276e-05,0.00030925185869289497,-0.00035375105521531775,-0.7104147854440062,0.5637695138655238,4.5593509951835976e-05,0.27706587089500223,0.3699526817257113
15.11,1.0,-11.11,0.031208161611671767,0.0028090154465951187,124.43209999999999,493.5535436666666,0.34953169095226844,0.03133432493224377,0.0002454599797398584,4.38321040135114e-05,-4.38321040135114e-05,0.00030543100744988023,-0.0003492631114633916,-0.7114461425311476,0.5632661504548685,4.5149369762225644e-05,0.27683046496643454,0.36962236829251816
15.120000000000001,1.0,-11.120000000000001,0.03098698419529398,0.0027865992981379473,124.65440000000002,494.79897600000004,0.347361863549807,0.03111202862507975,0.00024198958129194542,4.3174154205008934e-05,-4.3174154205008934e-05,0.0003016506606219869,-0.00034482481482699584,-0.7124786385141642,0.5627636814702377,4.4709200768491874e-05,0.2765952590478898,0.369292641792989
15.13,1.0,-11.13,0.03076705585891312,0.0027643356566858144,124.87690000000002,496.04663233333343,0.34520166736638885,0.030890990237418817,0.00023856331946207616,4.252523478101886e-05,-4.252523478101886e-05,0.00029791047788133745,-0.0003404357126623563,-0.7135122730308809,0.5622621045395224,4.427297052834934e-05,0.27636025296943173,0.36896350067051575
15.14,1.0,-11.14,0.030548371927958326,0.002742223691917264,125.09960000000001,497.2965146666668,0.34305108696937303,0.03067120503379978,0.00023518070455634622,4.18852346251738e-05,-4.18852346251738e-05,0.0002942101206771709,-0.0003360953553023447,-0.7145470457203701,0.5617614172989587,4.3840646843271505e-05,0.2761254465612685,0.36863494337396674
15.15,1.0,-11.15,0.030330927730034353,0.0027202625766846954,125.3225,498.548625,0.34091010676656774,0.030452668281296436,0.00023184125136266952,4.1254043810070265e-05,-4.1254043810070265e-05,0.00029054925223898157,-0.00033180329604905184,-0.7155829562229448,0.5612616173930923,4.341219775674273e-05,0.2758908396537524,0.36830696835766313
15.16,1.0,-11.16,0.030114718595012028,0.002698451487008246,125.54560000000001,499.80296533333336,0.33877871100734247,0.030235375249606213,0.00022854447912112498,4.0631553586772544e-05,-4.0631553586772544e-05,0.0002869275375794912,-0.0003275590911662637,-0.7166200041801545,0.5607627024747422,4.298759155252348e-05,0.27565643207737994,0.36797957408135507
15.17,1.0,-11.17,0.02989973985511848,0.002676789602069694,125.7689,501.0595376666666,0.33665688378374314,0.030019321211138483,0.00022528991149437723,4.0017656374384986e-05,-4.0017656374384986e-05,0.0002833446434974519,-0.0003233622998718369,-0.7176581892347791,0.5602646702049643,4.256679675292849e-05,0.27542222366279173,0.36765275901019767
15.18,1.0,-11.18,0.029685986845027115,0.002655276104206361,125.99239999999999,502.318344,0.3345446090316095,0.02980450144110269,0.00022207707653817307,3.9412245749692434e-05,-3.9412245749692434e-05,0.0002798002385802811,-0.0003192124843299735,-0.718697511030824,0.559767518253015,4.2149782117117557e-05,0.275188214240772,0.36732652161472784
15.19,1.0,-11.19,0.02947345490194758,0.0026339101789050563,126.21609999999998,503.5793863333332,0.33244187053169844,0.02959091121759648,0.0002189055066719193,3.881521643686943e-05,-3.881521643686943e-05,0.0002762939932065364,-0.0003151092096434058,-0.7197379692135155,0.5592712442963161,4.173651663939952e-05,0.2749544036422491,0.3670008603708402
15.200000000000001,1.0,-11.200000000000001,0.02926213936571521,0.002612691014796001,126.44000000000003,504.8426666666668,0.3303486519108064,0.02937854582169335,0.00021577473864933396,3.8226464297256244e-05,-3.8226464297256244e-05,0.0002728255795482179,-0.0003110520438454741,-0.7207795634292946,0.5587758460204194,4.1326969547548255e-05,0.27472079169829466,0.36667577375976457
15.21,1.0,-11.21,0.029052035578880846,0.0025916178036468193,126.66410000000002,506.10818700000016,0.32826493664290113,0.029167400537530554,0.00021268431352918442,3.764588631920422e-05,-3.764588631920422e-05,0.00026939467157291973,-0.00030704055789212395,-0.7218222933258122,0.5582813211189703,4.092111030113219e-05,0.2744873782401243,0.36635126026804204
15.22,1.0,-11.22,0.0288431388867997,0.0025706897403564794,126.88840000000002,507.3759493333334,0.32619070805024913,0.028957470652396265,0.00020963377664609772,3.7073380607986496e-05,-3.7073380607986496e-05,0.00026600094504580714,-0.0003030743256537936,-0.7228661585519244,0.5577876672936739,4.0518908589855006e-05,0.27425416309909667,0.3660273183875023
15.23,1.0,-11.23,0.028635444637720574,0.002549906022949294,127.11290000000001,508.6459556666667,0.32412594930455135,0.02874875145681692,0.00020662267758145826,3.650884637577738e-05,-3.650884637577738e-05,0.0002626440775314415,-0.00029915292390721886,-0.7239111587576872,0.5572948822542588,4.012033433190957e-05,0.27402114610671374,0.3657039466152404
15.24,1.0,-11.24,0.02842894818287468,0.0025292658525689214,127.33760000000001,509.91820800000005,0.32207064342808034,0.028541238244644274,0.00020365057013438622,3.595218393169811e-05,-3.595218393169811e-05,0.0002593237483954442,-0.0002952759323271423,-0.7249572935943508,0.556802963718443,3.972535767234377e-05,0.2737883270946208,0.36538114345359396
15.25,1.0,-11.25,0.028223644876564237,0.0025087684334723767,127.5625,511.19270833333326,0.32002477329482004,0.028334926313142196,0.0002007170122927995,3.540329467192937e-05,-3.540329467192937e-05,0.0002560396388060024,-0.00029144293347793177,-0.7260045627143557,0.5563119094118986,3.9333948981438534e-05,0.27355570589460615,0.36505890741012037
15.26,1.0,-11.26,0.02801953007625077,0.0024884129730240474,127.7876,512.4694586666666,0.31798832163160773,0.028129810963073248,0.00019782156620455898,3.486208106988994e-05,-3.486208106988994e-05,0.000252791431735217,-0.00028765351280510694,-0.7270529657713268,0.5558217170682184,3.89460788530976e-05,0.27332328233860087,0.3647372369975745
15.27,1.0,-11.27,0.02781659914264335,0.002468198681689738,128.0129,513.748461,0.3159612710192803,0.027925887498785096,0.00019496379814870043,3.432844666648211e-05,-3.432844666648211e-05,0.00024957881196029775,-0.00028390725862677984,-0.7281025024200687,0.5553323844288803,3.8561718103249565e-05,0.27309105625867897,0.3644161307338857
15.280000000000001,1.0,-11.280000000000001,0.027614847439786455,0.002448124773030714,128.2384,515.0297173333335,0.3139436038938219,0.027723151228296668,0.00019214327850675177,3.3802296060402505e-05,-3.3802296060402505e-05,0.0002464014660646024,-0.00028020376212500495,-0.7291531723165605,0.5548439092432143,3.818083776826151e-05,0.27285902748705704,0.36409558714213563
15.290000000000001,1.0,-11.290000000000001,0.02741427033514762,0.0024281904636977514,128.46410000000003,516.3132296666669,0.3119353025475144,0.02752159746338405,0.00018935958173413686,3.32835348985188e-05,-3.32835348985188e-05,0.00024325908243852336,-0.00027654261733704217,-0.7302049751179513,0.5543562892683676,3.78034091033643e-05,0.2726271958560944,0.36377560475053616
15.3,1.0,-11.3,0.027214863199704904,0.0024083949734252127,128.69,517.5990000000002,0.3099363491300906,0.02732122151966621,0.000186612286331668,3.277206986631205e-05,-3.277206986631205e-05,0.00024015135128022355,-0.0002729234211465356,-0.731257910482555,0.5538695222692716,3.742940358108964e-05,0.2723955611982926,0.363456182092407
15.31,1.0,-11.31,0.027016621408033955,0.0023887375250251064,128.91610000000003,518.8870303333334,0.3079467256498892,0.02712201871669035,0.00018390097481712543,3.226780867838367e-05,-3.226780867838367e-05,0.0002370779645962203,-0.00026934577327460395,-0.7323119780698455,0.5533836060186077,3.705879288971829e-05,0.27216412334629564,0.36313731770615343
15.32,1.0,-11.32,0.026819540338395034,0.002369217344381187,129.1424,520.1773226666667,0.305966413975013,0.026923984378017216,0.00018122523369692878,3.17706600690282e-05,-3.17706600690282e-05,0.00023403861620182258,-0.0002658092762708508,-0.7333671775404516,0.5528985382967745,3.6691548931740264e-05,0.27193288213288974,0.362819010135245
15.33,1.0,-11.33,0.02662361537281961,0.002349833660443037,129.3689,521.469879,0.3039953958344892,0.026727113831305986,0.00017858465343789694,3.12805337828701e-05,-3.12805337828701e-05,0.00023103300172141943,-0.00026231353550428953,-0.7344235085561522,0.5524143168918538,3.632764382232572e-05,0.2717018373910029,0.362501257928193
15.34,1.0,-11.34,0.02642884189719674,0.002330585705220171,129.5956,522.7647013333333,0.3020336528194312,0.026531402408398963,0.00017597882843909958,3.079734056556533e-05,-3.079734056556533e-05,0.00022806081858862173,-0.00025885815915418706,-0.7354809707798721,0.5519309395995783,3.596704988780747e-05,0.27147098895370536,0.3621840596385293
15.35,1.0,-11.35,0.0262352153013592,0.0023114727137761412,129.8225,524.0617916666666,0.30008116638420307,0.026336845445406015,0.00017340735700380089,3.0320992154567048e-05,-3.0320992154567048e-05,0.00022512176604625941,-0.0002554427582008265,-0.7365395638756764,0.5514484042232978,3.5609739664174416e-05,0.2712403366542092,0.36186741382478443
15.36,1.0,-11.36,0.026042730979169364,0.0022924939242226555,130.0496,525.361152,0.29813791784758664,0.02614343828278877,0.00017086984131149636,2.9851401269955448e-05,-2.9851401269955448e-05,0.00022221554514623582,-0.00025206694641619125,-0.7375992875087659,0.5509667085739474,3.525568589557608e-05,0.27100988032586804,0.3615513190504662
15.370000000000001,1.0,-11.370000000000001,0.025851384328604666,0.0022736485777136908,130.2769,526.6627843333334,0.29620388839394873,0.02595117626544443,0.00016836588739004157,2.9388481605330998e-05,-2.9388481605330998e-05,0.0002193418587492371,-0.0002487303403545681,-0.7386601413454726,0.5504858504700142,3.4904861532837987e-05,0.27077961980217724,0.3612357738840385
15.38,1.0,-11.38,0.02566117075184299,0.00225493591843963,130.5044,527.9666906666669,0.2942790590744129,0.02576005474278949,0.00016589510508787782,2.893214781877162e-05,-2.893214781877162e-05,0.00021650041152430446,-0.0002454325593430761,-0.739722125053255,0.5500058277375055,3.455723973198804e-05,0.27054955491677346,0.3609207768988995
15.39,1.0,-11.39,0.02547208565534764,0.0022363551936213904,130.7321,529.272873,0.29236341080803097,0.025570069068843054,0.00016345710804635107,2.8482315523852806e-05,-2.8482315523852806e-05,0.0002136909099482637,-0.00024217322547211652,-0.7407852383006928,0.549526638209916,3.421279385279347e-05,0.27031968550343494,0.36060632667336123
15.4,1.0,-11.4,0.025284124449951883,0.002217905653504551,130.96,530.5813333333333,0.290456924382956,0.025381214602309757,0.0001610515136721255,2.8038901280730462e-05,-2.8038901280730462e-05,0.00021091306230501558,-0.00023895196358574605,-0.7418494807574832,0.5490482797281958,3.387149745730835e-05,0.27009001139608096,0.3602924217906278
15.41,1.0,-11.41,0.025097282550943567,0.0021995865513535114,131.1881,531.8920736666666,0.2885595804576196,0.025193486706662726,0.00015867794310969787,2.760182258728731e-05,-2.760182258728731e-05,0.0002081665786846936,-0.0002357684012719809,-0.7429148520944353,0.5485707501407188,3.353332430843211e-05,0.26986053242877195,0.359979060838775
15.42,1.0,-11.42,0.02491155537814912,0.002181397143445632,131.4164,533.205096,0.2866713595619086,0.025006880750225988,0.00015633602121400576,2.717099787034108e-05,-2.717099787034108e-05,0.0002054511709826827,-0.00023262216885302378,-0.7439813519834664,0.5480940473032508,3.319824836847808e-05,0.2696312484357093,0.3596662424107293
15.43,1.0,-11.43,0.024726938356017348,0.0021633366890653847,131.6449,534.5204023333333,0.2847922420983437,0.02482139210625662,0.0001540253765231346,2.6746346476915217e-05,-2.6746346476915217e-05,0.00020276655289850403,-0.00022951289937541924,-0.745048980097596,0.547618169078918,3.286624379775266e-05,0.2694021592512355,0.35935396510424694
15.44,1.0,-11.44,0.0245434269137029,0.0021454044504985053,131.87359999999998,535.8379946666666,0.28292220834325965,0.024637016153026617,0.0001517456412311236,2.63277886655715e-05,-2.63277886655715e-05,0.00020011243993456703,-0.00022644022860013853,-0.7461177361109426,0.5471431133381753,3.2537284953144614e-05,0.2691732647098334,0.35904222752189363
15.450000000000001,1.0,-11.450000000000001,0.02436101648514943,0.0021275996930261508,132.10250000000002,537.1578750000001,0.28106123844798714,0.0244537482739045,0.00014949645116087184,2.5915245597804462e-05,-2.5915245597804462e-05,0.0001974885493947907,-0.00022340379499259517,-0.7471876196987189,0.5466688779587753,3.221134638672471e-05,0.2689445646461267,0.35873102827102366
15.46,1.0,-11.46,0.024179702509172583,0.0021099216849190736,132.3316,538.4800453333334,0.2792093124400369,0.024271583857436635,0.00014727744573714467,2.5508639329497685e-05,-2.5508639329497685e-05,0.00019489460038309533,-0.00022040323971259302,-0.7482586305372263,0.5461954608257369,3.1888402844355744e-05,0.2687160588948797,0.35842036596375987
15.47,1.0,-11.47,0.023999480429542284,0.0020923696974317592,132.5609,539.8045076666668,0.2773664102242817,0.024090518297428008,0.0001450882679596784,2.510789280244041e-05,-2.510789280244041e-05,0.00019233031380176132,-0.00021743820660420174,-0.7493307683038513,0.5457228598313147,3.156842926431186e-05,0.26848774729099706,0.35811023921697305
15.48,1.0,-11.48,0.023820345695065148,0.0020749430047966155,132.7904,541.131264,0.2755325115841445,0.02391054699302304,0.0001429285643763908,2.47129298359063e-05,-2.47129298359063e-05,0.00018979541234966682,-0.00021450834218557312,-0.750404032677061,0.5452510728749682,3.125140077590873e-05,0.2682596296695234,0.35780064665226186
15.49,1.0,-11.49,0.02364229375966621,0.002057640884218121,133.0201,542.4603163333334,0.2737075961827829,0.023731665348785742,0.00014079798505668947,2.432367511829207e-05,-2.432367511829207e-05,0.00018728962052039336,-0.00021161329563868544,-0.7514784233363981,0.5447800978633307,3.093729269814292e-05,0.26803170586564384,0.3574915868959327
15.5,1.0,-11.5,0.023465320082470556,0.0020404626158670052,133.25,543.7916666666666,0.2718916435642784,0.0235538687747798,0.00013869618356488674,2.3940054198817222e-05,-2.3940054198817222e-05,0.00018481266460021158,-0.0002087527187990288,-0.7525539399624765,0.5443099327101795,3.062608053834154e-05,0.26780397571468345,0.35718305857897975
15.51,1.0,-11.51,0.023289420127884448,0.002023407482874409,133.4801,545.1253169999999,0.2700846331548244,0.023377152686648164,0.00013662281693371537,2.3561993479283632e-05,-2.3561993479283632e-05,0.00018236427266594016,-0.0002059262661452238,-0.7536305822369775,0.5438405753364047,3.0317739990821238e-05,0.26757643905210715,0.3568750603370651
15.52,1.0,-11.52,0.023114589365676196,0.002006474771326059,133.7104,546.4612693333332,0.26828654426391585,0.023201512505692364,0.0001345775456379498,2.3189420205895447e-05,-2.3189420205895447e-05,0.0001799441745826852,-0.00020313359478858065,-0.7547083498426449,0.5433720236699802,3.001224693555713e-05,0.2673490957135197,0.35656759081049866
15.530000000000001,1.0,-11.530000000000001,0.022940823271056655,0.0019896637702564316,133.94090000000003,547.7995256666668,0.2664973560855397,0.023026943658951478,0.00013256003356813142,2.2822262461138536e-05,-2.2822262461138536e-05,0.00017755210200145737,-0.00020037436446259592,-0.7557872424632806,0.5429042756459325,2.9709577436861052e-05,0.2671219455346656,0.3562606486442189
15.540000000000001,1.0,-11.540000000000001,0.022768117324759456,0.0019729737716429334,134.1716,549.1400880000001,0.26471704769936705,0.022853441579280844,0.00013056994800440062,2.246044915571974e-05,-2.246044915571974e-05,0.00017518778835667244,-0.0001976482375123922,-0.7568672597837397,0.5424373292063115,2.9409707742069607e-05,0.2668949883514287,0.355954232487773
15.55,1.0,-11.55,0.022596467013120652,0.001956404070400056,134.4025,550.4829583333334,0.26294559807194356,0.022681001705430196,0.00012860695959043188,2.210391002056492e-05,-2.210391002056492e-05,0.00017285096886353023,-0.00019495487888409514,-0.7579484014899277,0.5419711823001608,2.9112614280241157e-05,0.26666822399983253,0.3556483409952974
15.56,1.0,-11.56,0.022425867828158218,0.0019399539643735482,134.6336,551.8281386666667,0.26118298605788254,0.022509619482121646,0.0001266707423074776,2.1752575598876374e-05,-2.1752575598876374e-05,0.00017054138051528014,-0.0001922939561141565,-0.7590306672687948,0.5415058328834879,2.8818273660862493e-05,0.2664416523160398,0.35534297282549826
15.57,1.0,-11.57,0.022256315267651205,0.0019236227543345898,134.8649,553.1756310000001,0.25942919040105905,0.022339290360127335,0.00012476097344851954,2.1406377238249097e-05,-2.1406377238249097e-05,0.00016825876208037237,-0.00018966513931862147,-0.7601140568083319,0.5410412789192347,2.8526662672564762e-05,0.26621527313635246,0.3550381266416325
15.58,1.0,-11.58,0.02208780483521833,0.0019074097439739492,135.0964,554.5254373333333,0.2576841897358022,0.022170009796346528,0.00012287733359252526,2.1065247082845177e-05,-2.1065247082845177e-05,0.00016600285409949228,-0.00018706810118233744,-0.7611985697975667,0.5405775183772484,2.8237758281848358e-05,0.2659890862972115,0.3547338011114881
15.59,1.0,-11.59,0.021920332040396378,0.0018913142398961503,135.3281,555.8775596666667,0.2559479625880902,0.022001773253882567,0.00012101950657881556,2.072911806562675e-05,-2.072911806562675e-05,0.00016377339888248607,-0.00018450251694811283,-0.7622842059265593,0.5401145492342527,2.7951537631817047e-05,0.265763091635197,0.3544299949073655
15.6,1.0,-11.6,0.02175389239871816,0.0018753355516136344,135.56,557.232,0.2542204873767443,0.02183457620211928,0.0001191871794815384,2.0397923900646883e-05,-2.0397923900646883e-05,0.0001615701405051735,-0.0001819680644058204,-0.7633709648863972,0.5396523694738181,2.7667978040921134e-05,0.2655372889870278,0.3541267067060582
15.610000000000001,1.0,-11.610000000000001,0.021588481431790006,0.0018594729915409134,135.79210000000003,558.5887603333335,0.2525017424146229,0.021668414116797104,0.000117380042584253,2.007159907539801e-05,-2.007159907539801e-05,0.00015939282480605146,-0.00017946442388144947,-0.7644588463691925,0.5391909770863338,2.738705700170942e-05,0.2653116781895613,0.3538239351888343
15.620000000000001,1.0,-11.620000000000001,0.021424094667369217,0.0018437258749887447,136.0244,559.9478426666667,0.25079170590981903,0.021503282480088964,0.00011559778935462524,1.9750078843218503e-05,-1.9750078843218503e-05,0.0001572411993828929,-0.0001769912782261114,-0.7655478500680761,0.5387303700689784,2.7108752179590493e-05,0.265086259079794,0.353521679041417
15.63,1.0,-11.63,0.021260727639440497,0.0018280935201582542,136.25690000000003,561.309249,0.24909035596685128,0.02133917678067534,0.0001138401164192284,1.9433299215755334e-05,-1.9433299215755334e-05,0.0001551150135892317,-0.00017454831280498703,-0.7666379756771953,0.5382705464256917,2.6833041411601963e-05,0.26486103149486034,0.3532199369539664
15.64,1.0,-11.64,0.021098375888292734,0.0018125752481351145,136.48960000000002,562.6729813333334,0.24739767058786258,0.02117609251381955,0.00011210672353846109,1.912119695548506e-05,-1.912119695548506e-05,0.0001530140185307514,-0.00017213521548623646,-0.7677292228917076,0.5378115041671466,2.655990270518947e-05,0.26463599527203346,0.3529187076210609
15.65,1.0,-11.65,0.020937034960594854,0.0017971703828836782,136.7225,564.0390416666668,0.2457136276738137,0.021014025181442162,0.00011039731358157132,1.8813709568290603e-05,-1.8813709568290603e-05,0.00015093796706156385,-0.00016975167662985446,-0.7688215914077785,0.5373532413107202,2.6289314236993592e-05,0.2644111502487247,0.3526179897416782
15.66,1.0,-11.66,0.02077670040947153,0.0017818782512411262,136.9556,565.407432,0.2440382050256792,0.020852970292195322,0.00010871159250179517,1.851077529609496e-05,-1.851077529609496e-05,0.00014888661378038859,-0.00016739738907648355,-0.7699150809225763,0.5368957558804655,2.6021254351645733e-05,0.2641864962624835,0.3523177820191771
15.67,1.0,-11.67,0.02061736779457834,0.0017666981829115972,137.1889,566.7781543333333,0.24237138034564082,0.02069292336153641,0.00010704926931160483,1.8212333109550822e-05,-1.8212333109550822e-05,0.0001468597150266282,-0.00016507204813617904,-0.7710096911342681,0.536439045907085,2.5755701560572284e-05,0.26396203315099726,0.35201808316127947
15.68,1.0,-11.68,0.020459032682176713,0.0017516295104603352,137.42239999999998,568.1512106666667,0.24071313123828433,0.020533879911801625,0.00010541005605807258,1.7918322700786598e-05,-1.7918322700786598e-05,0.00014485702887634874,-0.00016277535157713534,-0.7721054217420158,0.535983109427901,2.5492634540807545e-05,0.2637377607520916,0.3517188918800514
15.69,1.0,-11.69,0.020301690645208315,0.0017366715693078114,137.65609999999998,569.5266029999999,0.23906343521179296,0.02037583547227894,0.00010379366779834519,1.7628684476207817e-05,-1.7628684476207817e-05,0.00014287831513815782,-0.00016050699961436563,-0.7732022724459722,0.5355279444868288,2.52320321338148e-05,0.26351367890372945,0.35142020689188563
15.700000000000001,1.0,-11.700000000000001,0.020145337263369027,0.0017218236977238482,137.89000000000001,570.9043333333334,0.23742226967914146,0.02021878557928067,0.00010219982257523201,1.7343359549354045e-05,-1.7343359549354045e-05,0.00014092333534898745,-0.00015826669489834148,-0.774300242947277,0.5350735491343492,2.497387334431573e-05,0.2632897874440117,0.3511220269174828
15.71,1.0,-11.71,0.019989968123182673,0.0017070852368217483,138.12410000000003,572.2844036666668,0.23578961195929088,0.020062725776215807,0.00010062824139290854,1.7062289733811247e-05,-1.7062289733811247e-05,0.00013899185276978243,-0.00015605414250359368,-0.775399332948052,0.534619921427481,2.4718137339128334e-05,0.26306608621117694,0.3508243506818341
15.72,1.0,-11.72,0.019835578818074132,0.0016924555305524005,138.35840000000002,573.666816,0.23416543927838127,0.019907651613661734,9.907864819273217e-05,1.6785417536178805e-05,-1.6785417536178805e-05,0.00013708363238109316,-0.00015386904991727198,-0.7764995421513982,0.5341670594297534,2.4464803446012678e-05,0.262842575043601,0.350527176914203
15.73,1.0,-11.73,0.019682164948442084,0.0016779339256983872,138.59290000000001,575.0515723333334,0.23254972877092403,0.019753558649435593,9.755076982917293e-05,1.651268614909131e-05,-1.651268614909131e-05,0.00013519844087857584,-0.00015171112702766715,-0.7776008702613916,0.5337149612111791,2.4213851152524943e-05,0.2626192537797968,0.3502305043481073
15.74,1.0,-11.74,0.01952972212173146,0.0016635197718680972,138.82760000000002,576.4386746666668,0.23094245748099548,0.01960044244866537,9.604433604586085e-05,1.6244039444295028e-05,-1.6244039444295028e-05,0.0001333360466684035,-0.00014958008611269853,-0.7787033169830784,0.5332636248482275,2.3965260104879677e-05,0.2623961222584149,0.3499343317213021
15.75,1.0,-11.75,0.01937824595250535,0.0016492124214898172,139.0625,577.828125,0.2293436023634277,0.019448298583860397,9.455907945174657e-05,1.59794219657783e-05,-1.59794219657783e-05,0.0001314962198625851,-0.0001474756418283634,-0.779806882022472,0.5328130484237976,2.3719010106819842e-05,0.2621731803182428,0.3496386577757613
15.76,1.0,-11.76,0.01922773206251643,0.0016350112298058187,139.2976,579.2199253333333,0.227753140284999,0.01929712263498145,9.309473549737835e-05,1.571877892295588e-05,-1.571877892295588e-05,0.00012967873227419607,-0.00014539751119715196,-0.7809115650865486,0.5323632300271912,2.3475081118494776e-05,0.2619504277982049,0.3493434812576607
15.77,1.0,-11.77,0.01907817608077813,0.001620915554866451,139.53289999999998,580.6140776666666,0.22617104802562502,0.019146910189510546,9.165104245129569e-05,1.546205618390717e-05,-1.546205618390717e-05,0.00012788335741252394,-0.0001433454135964311,-0.7820173658832432,0.5319141677540861,2.323345325534625e-05,0.2617278645373624,0.3490488009173599
15.780000000000001,1.0,-11.780000000000001,0.018929573643635223,0.0016069247575242122,139.7684,582.0105840000001,0.22459730227954713,0.018997656842520173,9.02277413765384e-05,1.5209200268667624e-05,-1.5209200268667624e-05,0.00012610987047812568,-0.0001413190707467933,-0.7831242841214467,0.5314658597065103,2.29941067870021e-05,0.2615054903749135,0.3487546155093858
15.790000000000001,1.0,-11.790000000000001,0.01878192039483409,0.0015930382014278277,140.00410000000002,583.4094463333334,0.22303187965652177,0.01884935819674222,8.882457610727327e-05,1.4960158342573568e-05,-1.4960158342573568e-05,0.00012435804835780304,-0.0001393182067003766,-0.7842323195110001,0.531018303992815,2.2757022136177832e-05,0.2612833051501927,0.3484609237924146
15.8,1.0,-11.8,0.018635211985592415,0.0015792552530163064,140.24,584.8106666666667,0.2214747566830068,0.018702009862636336,8.74412932255367e-05,1.4714878209659628e-05,-1.4714878209659628e-05,0.00012262766961949268,-0.0001373425478291523,-0.7853414717626925,0.5305714987276491,2.2522179877585658e-05,0.26106130870267125,0.3481677245292548
15.81,1.0,-11.81,0.018489444074668494,0.001565575281512997,140.4761,586.2142470000001,0.21992590980334792,0.0185556074584579,8.60776420380946e-05,1.447330830610897e-05,-1.447330830610897e-05,0.00012091851450707582,-0.00013539182281318478,-0.7864517405882567,0.530125442031932,2.228956073685128e-05,0.26083950087195673,0.34787501648683017
15.82,1.0,-11.82,0.018344612328430203,0.0015519976589196448,140.7124,587.6201893333333,0.21838531538096465,0.01841014661032566,8.473337455342135e-05,1.4235397693756065e-05,-1.4235397693756065e-05,0.00011923036493510848,-0.00013346576262886456,-0.7875631257003648,0.5296801320328286,2.2059145589438383e-05,0.2606178814977929,0.34758279843616263
15.83,1.0,-11.83,0.018200712420923346,0.0015385217600104265,140.9489,589.0284956666666,0.21685294969953361,0.018265622952288788,8.340824545879474e-05,1.4001096053641309e-05,-1.4001096053641309e-05,0.00011756300448347114,-0.00013156410053711246,-0.7886756268126252,0.5292355668637232,2.1830915459580408e-05,0.2603964504200599,0.3472910691523553
15.84,1.0,-11.84,0.01805774003393965,0.0015251469623259839,141.1856,590.439168,0.21532878896417143,0.01812203212639352,8.210201209750972e-05,1.3770353679617682e-05,-1.3770353679617682e-05,0.00011591621839194169,-0.00012968657207155937,-0.7897892436395779,0.5287917446641938,2.1604851519219863e-05,0.26017520747877354,0.3469998274145758
15.85,1.0,-11.85,0.017915690857084325,0.0015118726461674538,141.42249999999999,591.8522083333334,0.2138128093026167,0.017979369782749458,8.081443444621106e-05,1.3543121472009069e-05,-1.3543121472009069e-05,0.00011428979355469283,-0.0001278329150267019,-0.7909039758966925,0.5283486635799864,2.13809350869551e-05,0.25995415251408593,0.34670907200603923
15.860000000000001,1.0,-11.860000000000001,0.01777456058784309,0.0014986981945904795,141.65960000000004,593.2676186666669,0.21230498676640955,0.017837631579595246,7.954527509234341e-05,1.3319350931319764e-05,-1.3319350931319764e-05,0.00011268351851471334,-0.0001260028694460331,-0.7920198233003625,0.5279063217629897,2.1159147626994276e-05,0.25973328536628476,0.3464188017139914
15.870000000000001,1.0,-11.870000000000001,0.017634344931648862,0.00148562299339923,141.89690000000002,594.6854010000001,0.21080529733207123,0.017696813183364014,7.82942992117216e-05,1.3098994151995363e-05,-1.3098994151995363e-05,0.00011109718345815741,-0.00012419617761015277,-0.7931367855679018,0.5274647173712097,2.0939470748116836e-05,0.25951260587579367,0.34612901532969287
15.88,1.0,-11.88,0.01749503960194776,0.0014726464311403836,142.13440000000003,596.1055573333334,0.2093137169022798,0.017556910268748057,7.706127454621774e-05,1.2882003816234022e-05,-1.2882003816234022e-05,0.00010953058020861933,-0.00012241258402485335,-0.7942548624175431,0.5270238485687446,2.072188620264177e-05,0.2592921138831715,0.3458397116484015
15.89,1.0,-11.89,0.017356640320264953,0.0014597678990971364,142.37210000000002,597.5280896666667,0.20783022130704745,0.017417918518763415,7.584597138157038e-05,1.266833318784891e-05,-1.266833318784891e-05,0.00010798350222134081,-0.00012065183540918972,-0.795374053568431,0.5265837135257597,2.0506375885403617e-05,0.259071809229113,0.3455508894693566
15.9,1.0,-11.9,0.01721914281626975,0.0014469867912831724,142.61,598.9530000000001,0.20635478630489323,0.0172798336248137,7.464816252531053e-05,1.2457936106180427e-05,-1.2457936106180427e-05,0.00010645574457734537,-0.0001189136806835258,-0.7964943587406214,0.5261443104184623,2.0292921832735042e-05,0.2588516917544479,0.3452625475957624
15.91,1.0,-11.91,0.01708254282784049,0.0014343025044366488,142.84810000000002,600.3802903333334,0.2048873875840169,0.01714265128675369,7.346762328480947e-05,1.2250766980058963e-05,-1.2250766980058963e-05,0.0001049471039775079,-0.00011719787095756686,-0.7976157776550756,0.5257056374290772,2.00815062214569e-05,0.2586317613001413,0.3449746848347717
15.92,1.0,-11.92,0.01694683610112868,0.001421714438014151,143.0864,601.8099626666666,0.203428000763468,0.017006367212952216,7.230413144544404e-05,1.2046780781817045e-05,-1.2046780781817045e-05,0.00010345737873655385,-0.0001155041595183709,-0.7987383100336579,0.5252676927458213,1.9872111367874946e-05,0.25841201770729355,0.3446872999974699
15.93,1.0,-11.93,0.016812018390622917,0.0014092219941846534,143.32489999999999,603.2420189999998,0.20197660139431603,0.016870977120354853,7.115746724888423e-05,1.1845933041351347e-05,-1.1845933041351347e-05,0.00010198636877699606,-0.0001138323018183474,-0.7998619555991316,0.5248304745628802,1.9664719726783742e-05,0.25819246081713987,0.3444003918988583
15.94,1.0,-11.94,0.01667808545921212,0.0013968245778234606,143.56359999999998,604.6764613333334,0.20053316496081613,0.016736476734545844,7.002741337149858e-05,1.1648179840233782e-05,-1.1648179840233782e-05,0.00010053387562300475,-0.00011218205546323853,-0.8009867140751555,0.5243939810803825,1.9459313890477264e-05,0.2579730904710503,0.3441139593578388
15.950000000000001,1.0,-11.950000000000001,0.01654503307824854,0.001384521596506154,143.80250000000004,606.1132916666668,0.19909766688157626,0.016602861789809922,6.891375490288258e-05,1.1453477805871898e-05,-1.1453477805871898e-05,9.909970239421779e-05,-0.00011055318020008968,-0.8021125851862799,0.5239582105043761,1.9255876587766605e-05,0.25775390651052976,0.3438280011971973
15.96,1.0,-11.96,0.016412857027610018,0.00137231246050251,144.04160000000002,607.552512,0.19767008251071835,0.01647012802919328,6.781627932450453e-05,1.1261784105717707e-05,-1.1261784105717707e-05,9.768365379948552e-05,-0.00010894543790520322,-0.8032395686579433,0.5235231610468042,1.905439068300421e-05,0.25753490877721796,0.3435425162435884
15.97,1.0,-11.97,0.016281553095761864,0.0013601965827704143,144.2809,608.9941243333334,0.1962503871390399,0.01633827120456424,6.673477648847324e-05,1.1073056441525174e-05,-1.1073056441525174e-05,9.628553613055758e-05,-0.00010735859257208276,-0.8043676642164694,0.5230888309254805,1.8854839175114854e-05,0.257316097112889,0.3432575033275188
15.98,1.0,-11.98,0.01615111707981836,0.0013481733789497798,144.52040000000002,610.4381306666668,0.19483855599517377,0.016207287076673543,6.566903859642731e-05,1.088725304365611e-05,-1.088725304365611e-05,9.490515725571117e-05,-0.00010579241029936727,-0.8054968715890629,0.5226552183640657,1.865720519663355e-05,0.2570974713594514,0.34297296128333227
15.99,1.0,-11.99,0.01602154478560367,0.001336242267356436,144.7601,611.884533,0.19343456424674443,0.016077171415213996,6.46188601785435e-05,1.0704332665433868e-05,-1.0704332665433868e-05,9.354232661331976e-05,-0.00010424665927875362,-0.8066271905038059,0.5222223215920437,1.8461472012749868e-05,0.25687903135894796,0.3426888889491937
16.0,1.0,-12.0,0.015892832027712196,0.0013244026689760166,145.0,613.3333333333333,0.1920383870015224,0.015947919998879647,6.358403807266635e-05,1.0524254577544776e-05,-1.0524254577544776e-05,9.219685520536622e-05,-0.000102721109782911,-0.8077586206896552,0.5217901388446973,1.826762302035885e-05,0.2566607769535559,0.34240528516707336
16.01,1.0,-12.010000000000002,0.015764974629568617,0.0013126540074578363,145.24010000000004,614.7845336666668,0.19064999930857696,0.015819528615424582,6.25643714035593e-05,1.0346978562487181e-05,-1.0346978562487181e-05,9.086855559090099e-05,-0.00010121553415338817,-0.808891161876438,0.5213586683630851,1.8075641747118542e-05,0.2564427079855862,0.3421221487827317
16.02,1.0,-12.02,0.01563796842348738,0.001300995709108767,145.4804,616.2381359999999,0.18926937615942707,0.015691993061721247,6.155966156227694e-05,1.0172464909067736e-05,-1.0172464909067736e-05,8.955724187944675e-05,-9.97297067885145e-05,-0.8100248137948479,0.5209279083940179,1.7885511850514117e-05,0.2562248242974844,0.3418394786457039
16.03,1.0,-12.030000000000001,0.015511809250731487,0.0012894272028870727,145.72090000000003,617.6941423333335,0.18789649248918688,0.015565309143817995,6.056971218565602e-05,1.000067440694426e-05,-1.000067440694426e-05,8.826272972434766e-05,-9.826340413129191e-05,-0.8111595761764443,0.520497857190035,1.7697217116927942e-05,0.2560071257318292,0.34155727360928406
16.04,1.0,-12.04,0.01538649296157123,0.0012779479203962817,145.96159999999998,619.1525546666666,0.18653132317771387,0.015439472676996652,5.959432913593154e-05,9.83156834121599e-06,-9.83156834121599e-06,8.698483631607183e-05,-9.681640465728782e-05,-0.8122954487536447,0.5200685130093815,1.751074146071682e-05,0.25578961213133355,0.3412755325305105
16.05,1.0,-12.05,0.01526201541534188,0.001266557295878994,146.20250000000001,620.6133750000001,0.18517384305074863,0.015314479485829006,5.8633320480469364e-05,9.665108487059466e-06,-9.665108487059466e-06,8.572338037545821e-05,-9.538848886251768e-05,-0.8134324312597254,0.519639874115984,1.7326068923294663e-05,0.25557228333884363,0.34099425427015
16.06,1.0,-12.059999999999999,0.015138372480501415,0.001255254766210731,146.44359999999998,622.0766053333333,0.18382402688105778,0.015190325404233358,5.768649647162433e-05,9.501257104411384e-06,-9.501257104411384e-06,8.447818214691963e-05,-9.397943925133102e-05,-0.8145705234288149,0.5192119387794287,1.714318367222236e-05,0.2553551391973397,0.3407134376926833
16.07,1.0,-12.07,0.015015560034687304,0.0012440397708937286,146.6849,623.5422476666669,0.1824818493895695,0.015067006275530115,5.6753669526715966e-05,9.339976932696711e-06,-9.339976932696711e-06,8.324906339159382e-05,-9.258904032429053e-05,-0.8157097249958926,0.518784705274938,1.6962070000303078e-05,0.25513817954993484,0.34043308166628933
16.080000000000002,1.0,-12.080000000000002,0.014893573964773118,0.0012329117520507545,146.92640000000006,625.0103040000002,0.18114728524651005,0.014944517952497249,5.583465420812814e-05,9.181231185602963e-06,-9.181231185602963e-06,8.20358473804512e-05,-9.121707856605417e-05,-0.8168500356967845,0.5183581718833477,1.6782712324684385e-05,0.25492140423987586,0.34015318506283077
16.09,1.0,-12.09,0.014772410166924427,0.001221870154418894,147.1681,626.4807763333333,0.17982030907253524,0.014822856297424997,5.492926720352797e-05,9.024983545899595e-06,-9.024983545899595e-06,8.083835888735526e-05,-8.986334243325485e-05,-0.8179914552681593,0.5179323368910839,1.660509518596617e-05,0.25470481311054255,0.33987374675783893
16.1,1.0,-12.100000000000001,0.014652064546654206,0.0012109144253433224,147.41000000000003,627.9536666666669,0.1785008954398592,0.014702017182170126,5.40373273062064e-05,8.871198160302522e-06,-8.871198160302522e-06,7.965642418207888e-05,-8.85276223423814e-05,-0.8191339834475274,0.5175071985901407,1.6429203247314596e-05,0.2544884060054477,0.3395947656304988
16.11,1.0,-12.11,0.014532533018877972,0.001200044014771096,147.6521,629.4289769999999,0.17718901887338334,0.014581996488209922,5.3158655395541625e-05,8.719839634383919e-06,-8.719839634383919e-06,7.84898710232805e-05,-8.720971065766441e-05,-0.8202776199732343,0.5170827552780581,1.6255021293582633e-05,0.2542721827682374,0.3393162405636344
16.12,1.0,-12.120000000000001,0.014413811507967987,0.0011892583752448832,147.89440000000002,630.9067093333335,0.1758846538518169,0.014462790106695196,5.2293074417580106e-05,8.570873027526005e-06,-8.570873027526005e-06,7.733852865143362e-05,-8.590940167895963e-05,-0.8214223645844604,0.5166590052578985,1.608253423043581e-05,0.2540561432426901,0.33903817044369394
16.13,1.0,-12.129999999999999,0.014295895947807495,0.0011785569618967433,148.13689999999997,632.3868656666666,0.17458777480880164,0.014344393938503433,5.144040936574351e-05,8.424263847919983e-06,-8.424263847919983e-06,7.620222778172209e-05,-8.462649162964207e-05,-0.8225682170212147,0.516235946838226,1.591172708348485e-05,0.2538402872727174,0.33876055416073575
16.14,1.0,-12.14,0.014178782281843806,0.001167939232441829,148.3796,633.869448,0.17329835613402564,0.014226803894290688,5.060048726165117e-05,8.27997804760823e-06,-8.27997804760823e-06,7.508080059688896e-05,-8.336077864449719e-05,-0.8237151770243349,0.515813578333082,1.5742584997423217e-05,0.25362461470236325,0.3384833906084125
16.15,1.0,-12.149999999999999,0.014062466463141542,0.0011574046471721435,148.62249999999997,635.3544583333331,0.17201637217434187,0.014110015894543715,4.977313713606907e-05,8.137982017571219e-06,-8.137982017571219e-06,7.397408074005424e-05,-8.211206275762546e-05,-0.8248632443354806,0.5153918980619654,1.5575093235171576e-05,0.25340912537580434,0.33820667868395815
16.16,1.0,-12.16,0.013946944454434737,0.001146952668950225,148.8656,636.8418986666668,0.17074179723487662,0.013994025869630937,4.895819000997497e-05,7.99824258285723e-06,-7.99824258285723e-06,7.28819033074893e-05,-8.088014589034653e-05,-0.8260124186971335,0.514970904349809,1.540923717702713e-05,0.25319381913734945,0.33793041728817247
16.17,1.0,-12.170000000000002,0.013832212228179007,0.0011365827632028762,149.10890000000003,638.3317710000003,0.1694746055801414,0.013878829759853484,4.815547887574868e-05,7.860726997756155e-06,-7.860726997756155e-06,7.180410484136124e-05,-7.966483183911739e-05,-0.8271626998525912,0.5145505955269587,1.5245002319819621e-05,0.2529786958314399,0.33765460532540725
16.18,1.0,-12.18,0.013718265766602747,0.0011262943979148397,149.3524,639.8240773333333,0.1682147714351363,0.013764423515495273,4.736483867847981e-05,7.725402941015799e-06,-7.725402941015799e-06,7.074052332243788e-05,-7.846592626345368e-05,-0.828314087545965,0.5141309699291511,1.5082374276072427e-05,0.25276375530264916,0.3373792417035518
16.19,1.0,-12.190000000000001,0.013605101061757921,0.0011160870436224709,149.59610000000004,641.3188196666669,0.16696226898645156,0.013650803096872671,4.6586106297397124e-05,7.592238511101169e-06,-7.592238511101169e-06,6.969099816276051e-05,-7.728323667386169e-05,-0.8294665815221789,0.5137120258974915,1.4921338773169495e-05,0.25254899739568254,0.3371043253340186
16.2,1.0,-12.2,0.013492714115570632,0.0011059601734074288,149.83999999999997,642.8159999999999,0.1657170723833691,0.013537964474383966,4.581912052742058e-05,7.46120222149668e-06,-7.46120222149668e-06,6.8655370198287e-05,-7.611657241978368e-05,-0.8306201815269619,0.5132937617784339,1.4761881652528417e-05,0.25233442195537764,0.3368298551317296
16.21,1.0,-12.21,0.01338110093989065,0.001095913262890307,150.08410000000003,644.3156203333334,0.16447915573895516,0.013425903628557794,4.5063722060830336e-05,7.332262996050057e-06,-7.332262996050057e-06,6.763348168149868e-05,-7.496574467754874e-05,-0.8317748873068501,0.5128761759237571,1.4603988868778328e-05,0.2521200288267034,0.3365558300151015
16.22,1.0,-12.219999999999999,0.013270257556540998,0.0010859457902243044,150.32839999999996,645.8176826666665,0.16324849313115528,0.013314616550101596,4.431975346905983e-05,7.205390164358981e-06,-7.205390164358981e-06,6.662517627398213e-05,-7.38305664383411e-05,-0.8329306986091781,0.5124592666905462,1.4447646488944268e-05,0.2519058178547611,0.33628224890603253
16.23,1.0,-12.23,0.013160179997366434,0.0010760572360888334,150.5729,647.3221890000001,0.1620250586038803,0.013204099239949037,4.3587059184605684e-05,7.080553457198838e-06,-7.080553457198838e-06,6.563029903897711e-05,-7.271085249617595e-05,-0.8340876151820813,0.5120430324411686,1.4292840691636189e-05,0.25169178888478316,0.3360091107298876
16.240000000000002,1.0,-12.240000000000002,0.013050864304281927,0.0010662470836831637,150.81760000000006,648.8291413333337,0.16080882616809397,0.013094347709307364,4.286548548306075e-05,6.9577230019926525e-06,-6.9577230019926525e-06,6.464869643390066e-05,-7.16064194358933e-05,-0.8352456367744882,0.5116274715432548,1.4139557766244302e-05,0.25147794176213356,0.33573641441548524
16.25,1.0,-12.25,0.012942306529320331,0.001056514818720027,151.0625,650.3385416666666,0.1595997698028941,0.012985357979704014,4.2154880465265674e-05,6.836869318321946e-06,-6.836869318321946e-06,6.368021630284196e-05,-7.05170856211639e-05,-0.8364047631361192,0.5112125823696768,1.3987784112139373e-05,0.2512642763323079,0.3354641588950834
16.26,1.0,-12.260000000000002,0.01283450273467937,0.001046859929419198,151.30760000000004,651.8503920000003,0.1583978634565883,0.012877126083032495,4.145509403957895e-05,6.7179633134784755e-06,-6.7179633134784755e-06,6.272470786902997e-05,-6.944267118250845e-05,-0.8375649940174851,0.5107983632985265,1.3837506237878306e-05,0.2510507924409327,0.3351923431043655
16.27,1.0,-12.27,0.012727448992768694,0.001037281906501116,151.5529,653.3646943333333,0.157203081047773,0.012769648061598388,4.0765977904270866e-05,6.60097627805741e-06,-6.60097627805741e-06,6.178202172728172e-05,-6.838299800533912e-05,-0.8387263291698805,0.510384812713096,1.3688710760415882e-05,0.2508374899337661,0.33492096598242743
16.28,1.0,-12.280000000000001,0.012621141386255648,0.0010277802431804272,151.79840000000002,654.8814506666668,0.15601539646639978,0.012662919968164023,4.0087385530031786e-05,6.4858798815901924e-06,-6.4858798815901924e-06,6.085200983641978e-05,-6.733788971800997e-05,-0.8398887683453845,0.5099719290018556,1.3541384404320825e-05,0.25062436865669685,0.33465002647176306
16.29,1.0,-12.29,0.01251557600811119,0.001018354435159576,152.0441,656.4006629999998,0.1548347835748461,0.012556937865993349,3.94191721426044e-05,6.372646168218406e-06,-6.372646168218406e-06,5.993452551167357e-05,-6.630717167989198e-05,-0.841052311296854,0.5095597105584343,1.3395514000998082e-05,0.2504114284557449,0.3343795235182513
16.3,1.0,-12.3,0.01241074896165472,0.001009003980622335,152.29000000000002,657.9223333333334,0.1536612162089754,0.012451697828895682,3.8761194705531365e-05,6.261247552407061e-06,-6.261247552407061e-06,5.902942341705372e-05,-6.529067096946078e-05,-0.8422169577779237,0.5091481557815986,1.3251086487915619e-05,0.25019866917706074,0.33410945607114245
16.31,1.0,-12.309999999999999,0.012306656360598942,0.0009997283802273716,152.53609999999998,659.4464636666664,0.15249466817920035,0.012347195941269517,3.811331190302561e-05,6.15165681469823e-06,-6.15165681469823e-06,5.8136559557711046e-05,-6.428821637240928e-05,-0.8433827075430012,0.508737263075232,1.3108088907837183e-05,0.24998609066692612,0.333839823083045
16.32,1.0,-12.32,0.012203294329093574,0.0009905271371017511,152.7824,660.9730559999999,0.15133511327153457,0.012243428298145186,3.747538412295558e-05,6.043847097503546e-06,-6.043847097503546e-06,5.725579127227049e-05,-6.329963836977404e-05,-0.8445495603472651,0.5083270308483151,1.2966508408059451e-05,0.24977369277175274,0.33357062350991157
16.330000000000002,1.0,-12.330000000000002,0.012100659001769092,0.000981399756834476,153.02890000000005,662.5021123333336,0.1501825252486474,0.012140391005227553,3.684727343995252e-05,5.937791900936549e-06,-5.937791900936549e-06,5.6386977225151526e-05,-6.232476912608808e-05,-0.8457175159466612,0.5079174575149048,1.2826332239655067e-05,0.24956147533808332,0.33330185631102643
16.34,1.0,-12.34,0.011998746523779672,0.0009723457474699896,153.2756,664.0336346666666,0.14903687785091113,0.012038080178937908,3.622884359863443e-05,5.833465078683742e-06,-5.833465078683742e-06,5.552997739886851e-05,-6.136344247755225e-05,-0.8468865740978995,0.5075085414941148,1.2687547756720438e-05,0.24934943821259073,0.33303352044899204
16.35,1.0,-12.350000000000001,0.011897553050845427,0.0009633646195016539,153.52250000000004,665.5676250000002,0.1478981447974427,0.011936491946455161,3.561995999694723e-05,5.7308408339142235e-06,-5.7308408339142235e-06,5.468465308631332e-05,-6.041549392022754e-05,-0.8480567345584525,0.5071002812100949,1.2550142415628376e-05,0.249137581242078,0.33276561488971534
16.36,1.0,-12.36,0.011797074749294669,0.0009544558858652646,153.7696,667.1040853333332,0.1467662997871474,0.011835622445757078,3.5020489669627186e-05,5.629893715228394e-06,-5.629893715228394e-06,5.385086688302705e-05,-5.9480760598255446e-05,-0.8492279970865503,0.5066926750920112,1.2414103774286526e-05,0.24892590427347863,0.33249813860239547
16.37,1.0,-12.370000000000001,0.011697307796104903,0.00094561906193249,154.01690000000002,668.6430176666668,0.14564131649975015,0.011735467825660238,3.443030127177666e-05,5.530598612644161e-06,-5.530598612644161e-06,5.302848267945099e-05,-5.8559081292095146e-05,-0.8504003614411797,0.5062857215740265,1.2279419491399839e-05,0.2487144071538559,0.3322310905595102
16.38,1.0,-12.379999999999999,0.011598248378944014,0.0009368536655043631,154.26439999999997,670.1844239999999,0.14452316859683123,0.011636024245860199,3.38492650625616e-05,5.432930753621868e-06,-5.432930753621868e-06,5.2217365653170264e-05,-5.765029640679213e-05,-0.851573827382079,0.5058794190952802,1.2146077325738969e-05,0.24850308973040316,0.33196446973680316
16.39,1.0,-12.39,0.011499892696210325,0.0009281592168047073,154.5121,671.7283063333335,0.14341182972285063,0.011537287876970528,3.327725288902278e-05,5.336865699126375e-06,-5.336865699126375e-06,5.141738226113977e-05,-5.675424796026614e-05,-0.8527483946697378,0.5054737660998686,1.201406513541279e-05,0.24829195185044356,0.33169827511327055
16.4,1.0,-12.399999999999999,0.011402236957072586,0.0009195352384735958,154.75999999999996,673.2746666666665,0.14230727350617364,0.011439254900561776,3.271413817000665e-05,5.242379339727094e-06,-5.242379339727094e-06,5.062840023190228e-05,-5.587077957162937e-05,-0.8539240630653914,0.5050687610368257,1.1883370877146498e-05,0.24808099336143002,0.331432505671149
16.41,1.0,-12.41,0.011305277381508994,0.0009109812555607569,155.0081,674.823507,0.14120947356008737,0.011341921509199483,3.2159795880210465e-05,5.149447891734845e-06,-5.149447891734845e-06,4.985028855779254e-05,-5.4999736449527385e-05,-0.8551008323310203,0.5046644023601033,1.1753982605563926e-05,0.24787021411094487,0.331167160395902
16.42,1.0,-12.420000000000002,0.011209010200346111,0.0009024967955190105,155.25640000000004,676.3748293333337,0.14011840348381774,0.011245283906482098,3.1614102534346315e-05,5.058047893376134e-06,-5.058047893376134e-06,4.9082917487134866e-05,-5.4140965380511e-05,-0.8562787022293448,0.5042606885285519,1.1625888472475341e-05,0.24765961394670025,0.33090223827620774
16.43,1.0,-12.43,0.011113431655297023,0.0008940813881976688,155.5049,677.9286356666667,0.13903403686353966,0.011149338307078111,3.107693617141985e-05,4.9681562010039395e-06,-4.9681562010039395e-06,4.8326158516430265e-05,-5.32943147174342e-05,-0.857457672523824,0.5038576180059009,1.1499076726169642e-05,0.24744919271653748,0.33063773830394627
16.44,1.0,-12.440000000000001,0.01101853799899877,0.0008857345658359139,155.75360000000003,679.4849280000002,0.13795634727338063,0.011054080936762512,3.0548176339124095e-05,4.879749985344847e-06,-4.879749985344847e-06,4.7579884382533995e-05,-5.2459634367878845e-05,-0.8586377429786537,0.5034551892607396,1.1373535710711197e-05,0.2472389502684272,0.33037365947418634
16.45,1.0,-12.45,0.010924325495049774,0.0008774558630562068,156.00249999999997,681.0437083333331,0.13688530827642587,0.0109595080324532,3.0027704078351552e-05,4.792806727782911e-06,-4.792806727782911e-06,4.684396905483036e-05,-5.163677578261327e-05,-0.8598189133587602,0.5030534007664988,1.1249253865241993e-05,0.24702888645046933,0.33011000078517394
16.46,1.0,-12.46,0.010830790418046115,0.0008692448168576335,156.25160000000002,682.6049786666667,0.13582089342571224,0.010865615842246283,2.9515401907818354e-05,4.7073042166789535e-06,-4.7073042166789535e-06,4.611828772739671e-05,-5.082559194407567e-05,-0.8610011834298018,0.5026522510014301,1.1126219723287741e-05,0.24681900111089253,0.32984676123831863
16.47,1.0,-12.469999999999999,0.01073792905361786,0.0008611009666092911,156.50089999999997,684.1687409999997,0.134763076265224,0.010772400625451414,2.9011153808806505e-05,4.623220543726165e-06,-4.623220543726165e-06,4.5402716811166444e-05,-5.002593735489261e-05,-0.8621845529581619,0.5022517384485888,1.1004421912069404e-05,0.2466092940980549,0.32958393983818207
16.48,1.0,-12.48,0.010645737698464289,0.0008530238540436128,156.7504,685.7349973333335,0.13371183033087794,0.010679858652626032,2.851484521001778e-05,4.540534100340694e-06,-4.540534100340694e-06,4.469713392608372e-05,-4.9237668026424416e-05,-0.8633690217109495,0.5018518615958135,1.0883849151818595e-05,0.2463997652604429,0.32932153559246485
16.490000000000002,1.0,-12.490000000000002,0.010554212660389134,0.0008450130232497304,157.00010000000006,687.3037496666669,0.13266712915151005,0.010587986205609636,2.8026362972544984e-05,4.459223574088001e-06,-4.459223574088001e-06,4.400141789325862e-05,-4.846064146734662e-05,-0.8645545894559943,0.5014526189357086,1.076449025509831e-05,0.246190414446672,0.32905954751199484
16.5,1.0,-12.5,0.010463350258334855,0.0008370680206667883,157.25,688.875,0.13162894624985247,0.010496779577557064,2.7545595374954766e-05,4.379267945143843e-06,-4.379267945143843e-06,4.331544872711638e-05,-4.769471667226022e-05,-0.8657412559618443,0.5010540089656246,1.0646334126127673e-05,0.24598124150548634,0.3287979746107146
16.51,1.0,-12.510000000000002,0.01037314682241651,0.0008291883950772589,157.50010000000003,690.4487503333337,0.1305972551435078,0.010406235072971422,2.7072432098485133e-05,4.300646482790157e-06,-4.300646482790157e-06,4.2639107627546194e-05,-4.693975411033635e-05,-0.8669290209977646,0.5006560301876397,1.0529369760111375e-05,0.24577224628575825,0.32853681590566874
16.52,1.0,-12.52,0.010283598693955356,0.0008213736976002682,157.75039999999998,692.0250026666665,0.12957202934592132,0.010316349007736694,2.6606764212357468e-05,4.2233387419457e-06,-4.2233387419457e-06,4.197227697205075e-05,-4.6195615713996445e-05,-0.8681178843337322,0.500258681108542,1.0413586242573942e-05,0.2455634286364889,0.32827607041699286
16.53,1.0,-12.530000000000001,0.01019470222551136,0.000813623481684865,158.00090000000003,693.6037590000001,0.12855324236734222,0.010227117709149303,2.614848415919882e-05,4.147324559730497e-06,-4.147324559730497e-06,4.131484030789158e-05,-4.546216486762208e-05,-0.8693078457404358,0.4998619602398098,1.0298972748697822e-05,0.24535478840680738,0.32801573716790017
16.54,1.0,-12.54,0.010106453780915826,0.0008059373031033354,158.25159999999997,695.1850213333332,0.12754086771578776,0.010138537515949786,2.5697485740580315e-05,4.072584052064904e-06,-4.072584052064904e-06,4.0666682344240186e-05,-4.473926639630509e-05,-0.8704989049892702,0.49946586609759486,1.0185518542666684e-05,0.2451463254459712,0.3277558151846707
16.55,1.0,-12.55,0.010018849735302914,0.0007983147199444551,158.50250000000003,696.7687916666669,0.12653487889799603,0.010050604778353353,2.5253664102664815e-05,3.999097610301962e-06,-3.999097610301962e-06,4.00276889443263e-05,-4.402678655462826e-05,-0.8716910618523369,0.4990703972027024,1.0073212977012413e-05,0.24493803960336571,0.32749630349663805
16.56,1.0,-12.559999999999999,0.009931886475141084,0.0007907552926067742,158.75359999999998,698.3550719999998,0.12553524942037877,0.009963315858080381,2.4816915721969e-05,3.926845897893725e-06,-3.926845897893725e-06,3.939774711759178e-05,-4.3324593015485507e-05,-0.8728843161024379,0.4986755520805746,9.962045491967102e-06,0.2447299307285046,0.3272372011361788
16.57,1.0,-12.57,0.009845560398263578,0.0007832585837918519,159.00490000000002,699.9438643333334,0.12454195278996505,0.009876667128385957,2.4387138391234926e-05,3.855809847090535e-06,-3.855809847090535e-06,3.877674501184471e-05,-4.263255485893525e-05,-0.8740786675130767,0.498281329261271,9.85200561481881e-06,0.244521998671029,0.3269785071386995
16.580000000000002,1.0,-12.580000000000002,0.009759867913898821,0.0007758241584975215,159.25640000000004,701.535170666667,0.1235549625153447,0.00979065497408933,2.3964231205415032e-05,3.785970655673757e-06,-3.785970655673757e-06,3.8164571905420586e-05,-4.195054256109434e-05,-0.8752741158584524,0.4978877272794516,9.743082959272233e-06,0.2443142432807081,0.32672022054262545
16.59,1.0,-12.59,0.00967480544269993,0.0007684515840111144,159.50809999999998,703.128993,0.12257425210760323,0.009705275791602493,2.354809454776635e-05,3.7173097837210563e-06,-3.7173097837210563e-06,3.7561118199345685e-05,-4.127842798306674e-05,-0.8764706609134583,0.49749474467435845,9.635267224813216e-06,0.24410666440743867,0.32646234038938887
16.6,1.0,-12.600000000000001,0.009590369416773777,0.0007611404299026807,159.76000000000005,704.7253333333337,0.12159979508125231,0.00962052598895831,2.313863007605557e-05,3.649808950404357e-06,-3.649808950404357e-06,3.696627540950638e-05,-4.061608435991074e-05,-0.8776683024536808,0.49710237998979767,9.528548196077622e-06,0.24389926190124478,0.3262048657234169
16.61,1.0,-12.61,0.00950655627970976,0.0007538902680182205,160.01209999999998,706.3241936666666,0.12063156495515828,0.009536401985838352,2.2735740708875415e-05,3.583450130820344e-06,-3.583450130820344e-06,3.637993615882643e-05,-3.996338628964677e-05,-0.8788670402553931,0.49671063177412245,9.422915742224751e-06,0.24369203561227834,0.3259477955921205
16.62,1.0,-12.620000000000001,0.00942336248660758,0.0007467006724728669,160.26440000000002,707.9255760000002,0.11966953525346054,0.009452900213599763,2.233933061206861e-05,3.5182155528527336e-06,-3.5182155528527336e-06,3.5801994169448085e-05,-3.9320209722300815e-05,-0.8800668740955572,0.4963194985802142,9.318359816314376e-06,0.24348498539081811,0.3256911290458822
16.63,1.0,-12.629999999999999,0.009340784504105052,0.0007395712196441055,160.51689999999996,709.5294823333332,0.1187136795064909,0.009370017115302134,2.194930518526373e-05,3.4540876940668675e-06,-3.4540876940668675e-06,3.523234425492459e-05,-3.868643194899146e-05,-0.8812678037518166,0.49592897896546617,9.214870454688641e-06,0.24327811108727052,0.32543486513804526
16.64,1.0,-12.64,0.009258818810404818,0.0007325014881649381,160.76960000000003,711.1359146666668,0.11776397125168185,0.009287749145733316,2.1565571048517484e-05,3.391049278635526e-06,-3.391049278635526e-06,3.4670882312417374e-05,-3.80619315910529e-05,-0.8824698290024982,0.4955390714917649,9.112437776357445e-06,0.24307141255216874,0.3251790029249014
16.65,1.0,-12.649999999999999,0.009177461895301046,0.0007254910589170789,161.02249999999995,712.7448749999998,0.1168203840344753,0.00920609277143519,2.118803602906782e-05,3.329083274296549e-06,-3.329083274296549e-06,3.411750531490573e-05,-3.744658858920228e-05,-0.8836729496266048,0.4951497747254739,9.011051982388536e-06,0.24286488963617314,0.3249235414656802
16.66,1.0,-12.66,0.009096710260205114,0.0007185395150241007,161.2756,714.3563653333334,0.11588289140922084,0.009125044470728462,2.081660914819302e-05,3.2681728893412714e-06,-3.2681728893412714e-06,3.357211130340317e-05,-3.6840284192744444e-05,-0.8848771654038181,0.4947610872374149,8.91070335530112e-06,0.24265854219007077,0.3246684798225369
16.67,1.0,-12.670000000000002,0.009016560418171263,0.0007116464418446142,161.52890000000005,715.970387666667,0.11495146694007453,0.009044600733737385,2.045120060818071e-05,3.208301569634283e-06,-3.208301569634283e-06,3.303459937918762e-05,-3.6242900948821904e-05,-0.8860824761144913,0.4943730076028519,8.81138225846414e-06,0.24245237006477574,0.32441381706054156
16.68,1.0,-12.68,0.008937008893921313,0.0007048114269654034,161.7824,717.5869439999999,0.11402608420188767,0.008964758062413602,2.009172177940242e-05,3.1494529956635914e-06,-3.1494529956635914e-06,3.250486969603994e-05,-3.565432269170353e-05,-0.8872888815396482,0.49398553440147336,8.713079135498094e-06,0.24224637311132863,0.324159552247668
16.69,1.0,-12.690000000000001,0.008858052223868998,0.0006980340601945624,162.03610000000003,719.2060363333335,0.11310671678109215,0.008885512970559561,1.973808518749555e-05,3.0916110796213747e-06,-3.0916110796213747e-06,3.198282345249548e-05,-3.5074434532116855e-05,-0.8884963814609833,0.493598666217375,8.615784509681018e-06,0.24204055118089662,0.3239056844547819
16.7,1.0,-12.7,0.008779686956143912,0.0006913139335546389,162.29,720.8276666666666,0.11219333827658234,0.008806861983851591,1.9390204500652597e-05,3.0347599625151015e-06,-3.0347599625151015e-06,3.146836288410909e-05,-3.4503122846624195e-05,-0.889704975660854,0.4932124016390433,8.519488983358666e-06,0.2418349041247734,0.3236522127556301
16.71,1.0,-12.71,0.00870190965061467,0.0006846506412757412,162.54410000000001,722.4518370000001,0.11128592230058822,0.008728801639862144,1.904799451701501e-05,2.978884011308448e-06,-2.978884011308448e-06,3.09613912557314e-05,-3.3940275267039845e-05,-0.8909146639222834,0.4928267392593376,8.424183237358246e-06,0.24162943179437887,0.32339913622682925
16.72,1.0,-12.719999999999999,0.00862471687891183,0.0006780437797886658,162.79839999999996,724.0785493333331,0.11038444247954711,0.008651328488081856,1.8711371152174174e-05,2.923967816092241e-06,-2.923967816092241e-06,3.0461812853801113e-05,-3.3385780669893354e-05,-0.8921254460289534,0.4924416776754746,8.329858030406516e-06,0.2414241340412594,0.32314645394785513
16.73,1.0,-12.73,0.008548105224449942,0.0006714929477179844,163.05290000000002,725.7078056666667,0.10948887245496575,0.008574439089940716,1.8380251426775843e-05,2.869996187284697e-06,-2.869996187284697e-06,2.9969532978649395e-05,-3.283952916593409e-05,-0.8933373217652064,0.49205721548901,8.23650419855132e-06,0.24121901071708723,0.3228941650010309
16.740000000000002,1.0,-12.740000000000002,0.008472071282449502,0.000664997745875157,163.30760000000006,727.3396080000003,0.10859918588428183,0.008498130018829118,1.805455345423115e-05,2.8169541528612847e-06,-2.8169541528612847e-06,2.9484457936821995e-05,-3.230141208968328e-05,-0.8945502909160385,0.4916733513058232,8.144112654587499e-06,0.24101406167366074,0.3226422684715171
16.75,1.0,-12.75,0.008396611659958055,0.0006585577772516122,163.5625,728.9739583333333,0.10771535644171681,0.008422397860118112,1.773419642853054e-05,2.764826955613473e-06,-2.764826955613473e-06,2.900649503341526e-05,-3.177132198902873e-05,-0.8957643532670998,0.49129008373609995,8.052674387486278e-06,0.24080928676290442,0.32239076344730005
16.76,1.0,-12.760000000000002,0.008321722975870771,0.0006521726470118159,163.81760000000003,730.610858666667,0.10683735781912287,0.0083472392111791,1.741910061216147e-05,2.7136000504363432e-06,-2.7136000504363432e-06,2.8535552564428238e-05,-3.124915261486458e-05,-0.8969795086046922,0.4909074113943155,7.96218046182847e-06,0.24060468583686814,0.3221396490191808
16.77,1.0,-12.77,0.008247401860950871,0.0006458419624863642,164.07289999999998,732.2503109999999,0.10596516372682897,0.008272650681403398,1.7109187324131028e-05,2.6632591016451017e-06,-2.6632591016451017e-06,2.8071539809134176e-05,-3.0734798910779275e-05,-0.8981957567157647,0.490525332899219,7.872622017241901e-06,0.24040025874772794,0.3218889242807651
16.78,1.0,-12.780000000000001,0.008173644957848995,0.0006395653331650231,164.32840000000002,733.8923173333335,0.10509874789447518,0.008198628892220746,1.6804378928089197e-05,2.613789980319652e-06,-2.613789980319652e-06,2.7614367022466127e-05,-3.0228157002785778e-05,-0.8994130973879135,0.490143846873816,7.783990267841992e-06,0.2401960053477851,0.3216385883284518
16.79,1.0,-12.79,0.00810044892112258,0.0006333423706898031,164.58409999999998,735.5368796666666,0.1042380840718476,0.008125170477117817,1.6504598820556743e-05,2.5651787616777165e-06,-2.5651787616777165e-06,2.7163945427423924e-05,-2.972912418910164e-05,-0.9006315304093773,0.48976295194535346,7.69627650167669e-06,0.23999192548946657,0.32138864026142305
16.8,1.0,-12.8,0.008027810417254285,0.000627172688847991,164.84000000000003,737.1840000000001,0.10338314602970285,0.008052272081655787,1.6209771419253305e-05,2.517411722475641e-06,-2.517411722475641e-06,2.672018720749716e-05,-2.92375989299728e-05,-0.9018510555690368,0.48938264674530185,7.609472080174604e-06,0.23978801902532465,0.32113907918163237
16.81,1.0,-12.809999999999999,0.007955726124670251,0.0006210559035652033,165.09609999999998,738.8336803333331,0.10253390756059114,0.007979930363487764,1.591982215152849e-05,2.470475338437188e-06,-2.470475338437188e-06,2.628300549910962e-05,-2.875348083754681e-05,-0.9030716726564104,0.4890029299093408,7.523568437597295e-06,0.23958428580803695,0.3208899041937956
16.82,1.0,-12.82,0.007884192733757546,0.0006149916328984045,165.35240000000002,740.4859226666666,0.10169034247967015,0.007908141992375347,1.563467744289258e-05,2.4243562817096448e-06,-2.4243562817096448e-06,2.585231438408152e-05,-2.8276670665791167e-05,-0.9042933814616542,0.48862380007734096,7.438557080494803e-06,0.23938072569040608,0.3206411144053786
16.830000000000002,1.0,-12.830000000000002,0.007813206946881347,0.0006089794970289436,165.60890000000003,742.1407290000003,0.10085242462551663,0.007836903650205007,1.535426470564914e-05,2.379041418347425e-06,-2.379041418347425e-06,2.5428028882113783e-05,-2.780707030046121e-05,-0.9055161817755569,0.48824525589335005,7.354429587165224e-06,0.23917733852535997,0.32039270892658833
16.84,1.0,-12.84,0.007742765478401503,0.0006030191182555687,165.8656,743.7981013333333,0.10002012786093087,0.007766212031003775,1.5078512327626944e-05,2.3345178058226655e-06,-2.3345178058226655e-06,2.50100649432924e-05,-2.7344582749115064e-05,-0.9067400733895395,0.4878672960055753,7.2711776071176755e-06,0.23897412416595143,0.3201446868703614
16.85,1.0,-12.850000000000001,0.0076728650546884665,0.0005971101209874293,166.12250000000003,745.4580416666669,0.09919342607373423,0.0076960638409543525,1.4807349661011265e-05,2.2907726905626243e-06,-2.2907726905626243e-06,2.4598339440613445e-05,-2.688911213117607e-05,-0.9079650560956525,0.48748991906636824,7.188792860538809e-06,0.23877108246535786,0.3198970473523537
16.86,1.0,-12.86,0.007603502414139029,0.000591252131737094,166.37959999999998,747.1205519999999,0.098372293177565,0.0076264557984100124,1.4540707011275425e-05,2.2477935055139207e-06,-2.2477935055139207e-06,2.4192770162532007e-05,-2.644056366804593e-05,-0.9091911296865721,0.4871131237322089,7.1072671377632125e-06,0.23856821327688188,0.3196497894909305
16.87,1.0,-12.870000000000001,0.007534674307191151,0.0005854447791135315,166.63690000000003,748.7856343333336,0.09755670311266365,0.007557384633908594,1.4278515626209435e-05,2.205567867732962e-06,-2.205567867732962e-06,2.3793275805530996e-05,-2.599884367326396e-05,-0.9104182939556006,0.4867369086636897,7.026592298746933e-06,0.23836551645395024,0.31940291240715557
16.88,1.0,-12.879999999999999,0.0074663774963387285,0.0005796876938151188,166.89439999999996,750.4532906666666,0.09674662984665794,0.007488847090186451,1.4020707685048518e-05,2.1640835760028493e-06,-2.1640835760028493e-06,2.3399775966715614e-05,-2.5563859542718464e-05,-0.9116465486966607,0.4863612725255003,6.946760272545022e-06,0.23816299185011475,0.31915641522478155
16.89,1.0,-12.89,0.007398608756145375,0.0005739805086226046,167.15210000000002,752.1235230000002,0.09594204737533649,0.007420839922191401,1.3767216287697419e-05,2.123328608475989e-06,-2.123328608475989e-06,2.3012191136428275e-05,-2.5135519744904263e-05,-0.912875893704297,0.48598621398641156,6.867763056792042e-06,0.23796063931905115,0.3189102970702388
16.9,1.0,-12.899999999999999,0.007331364873258168,0.0005683228583921061,167.40999999999997,753.7963333333331,0.09514292972342246,0.007353359897095662,1.351797544405368e-05,2.0832911203427815e-06,-2.0832911203427815e-06,2.2630442690890265e-05,-2.4713733811233046e-05,-0.9141063287736693,0.4856117317192602,6.7895927171866224e-06,0.23775845871455986,0.31866455707262625
16.91,1.0,-12.91,0.007264642646420469,0.0005627143800480611,167.6681,755.4717236666668,0.09434925094533633,0.007286403794307853,1.327292006342597e-05,2.0439594415256004e-06,-2.0439594415256004e-06,2.2254452884865125e-05,-2.4298412326390726e-05,-0.9153378537005549,0.4852378244009332,6.712241386978932e-06,0.23755644989056524,0.31841919436370025
16.92,1.0,-12.920000000000002,0.0071984388864846345,0.0005571547125762101,167.92640000000006,757.1496960000004,0.09356098512595772,0.007219968405484891,1.303198594405001e-05,2.0053220743983803e-06,-2.0053220743983803e-06,2.18841448443492e-05,-2.388946691874758e-05,-0.9165704682813426,0.48486449071235266,6.635701266462092e-06,0.23735461270111605,0.31817420807786523
16.93,1.0,-12.93,0.007132750416423954,0.0005516434970165472,168.1849,758.8302523333333,0.09277810638137828,0.007154050534543123,1.2795109762699184e-05,1.967367691531171e-06,-1.967367691531171e-06,2.1519442559285858e-05,-2.3486810250817028e-05,-0.9178041723130317,0.48449172933846046,6.559964622466668e-06,0.23715294700038486,0.3179295973521634
16.94,1.0,-12.940000000000001,0.007067574071344076,0.0005461803764562654,168.44360000000003,760.5133946666668,0.09200058885964861,0.007088646997668947,1.2562229064390244e-05,1.930085133459624e-06,-1.930085133459624e-06,2.1160270876305253e-05,-2.309035600976488e-05,-0.9190389655932314,0.4841195389682023,6.485023787858551e-06,0.2369514526426682,0.3176853613262645
16.95,1.0,-12.95,0.007002906698494254,0.0005407649960227224,168.7025,762.1991249999999,0.09122840674152331,0.00702375462332926,1.2333282252184788e-05,1.8934634064793709e-06,-1.8934634064793709e-06,2.0806555491492042e-05,-2.2700018897971414e-05,-0.9202748479201553,0.48374791829451386,6.410871161040559e-06,0.23675012948238644,0.3174414991424563
16.96,1.0,-12.96,0.006938745157277668,0.0005353970028763632,168.96160000000003,763.8874453333335,0.09046153424119495,0.00695937025228097,1.2108208577083322e-05,1.8574916804646714e-06,-1.8574916804646714e-06,2.0458222943177218e-05,-2.231571462364189e-05,-0.9215118190926225,0.48337686601430413,6.3374992054568975e-06,0.23654897737408342,0.31719800994563396
16.97,1.0,-12.969999999999999,0.006875086319261662,0.0005300760462036749,169.22089999999997,765.5783576666665,0.08969994560702743,0.006895490737580451,1.1886948128014448e-05,1.822159286711599e-06,-1.822159286711599e-06,2.01152006047592e-05,-2.19373598914708e-05,-0.9227498789100518,0.48300638082844194,6.26490044910144e-06,0.23634799617242694,0.31695489288329126
16.98,1.0,-12.98,0.0068119270681871,0.0005248017772101001,169.4804,767.271864,0.08894361512227865,0.006832112944592103,1.1669441821915743e-05,1.7874557158050883e-06,-1.7874557158050883e-06,1.9777416677550086e-05,-2.1564872393355173e-05,-0.9239890271724636,0.4826364614417395,6.193067484028832e-06,0.2361471857322079,0.31671214710550954
16.990000000000002,1.0,-12.990000000000002,0.006749264299977591,0.0005195738491129785,169.74010000000004,768.9679663333336,0.08819251710582189,0.00676923375099679,1.1455631393908519e-05,1.7533706155100846e-06,-1.7533706155100846e-06,1.944480018365172e-05,-2.1198170799161804e-05,-0.925229263680474,0.4822671065629386,6.12199296586933e-06,0.23594654590834083,0.3164697717649489
17.0,1.0,-13.0,0.006687094922748016,0.0005143919171344628,170.0,770.6666666666666,0.08744662591285866,0.006706850046799582,1.1245459387563888e-05,1.7198937886862421e-06,-1.7198937886862421e-06,1.911728095885861e-05,-2.083717474754485e-05,-0.9264705882352942,0.48189831490469526,6.051669613346621e-06,0.23574607655586352,0.31622776601683794
17.01,1.0,-13.010000000000002,0.006625415856812519,0.0005092556384944287,170.26010000000005,772.3679670000004,0.08670591593562531,0.006644958734336966,1.1038869145260283e-05,1.6870151912260859e-06,-1.6870151912260859e-06,1.8794789645589307e-05,-2.0481804836815394e-05,-0.9277130006387289,0.48153008518356505,5.982090207798874e-06,0.23554577752993666,0.3159861290189641
17.02,1.0,-13.02,0.006564224034692306,0.0005041646724034029,170.5204,774.0718693333332,0.08597036160409723,0.006583556728283866,1.0835804798632942e-05,1.654724930016595e-06,-1.654724930016595e-06,1.8477257685848086e-05,-2.013198261586468e-05,-0.9289565006931721,0.48116241611998833,5.913247592703312e-06,0.23534564868584443,0.3157448599316643
17.03,1.0,-13.030000000000001,0.006503516401122545,0.0004991186800554524,170.78090000000003,775.7783756666668,0.08523993738668222,0.006522640955659772,1.0636211259112557e-05,1.6230132609236352e-06,-1.6230132609236352e-06,1.8164617314213762e-05,-1.9787630575137396e-05,-0.9302010882016082,0.48079530643827556,5.845134673203529e-06,0.23514568987899356,0.3155039579178149
17.04,1.0,-13.04,0.006443289913059214,0.0004941173246211054,171.0416,777.4874879999998,0.08451461779091325,0.006462208355834817,1.0440034208555332e-05,1.5918705867994866e-06,-1.5918705867994866e-06,1.7856801550860377e-05,-1.9448672137659865e-05,-0.9314467629676055,0.48042875486659314,5.777744415640468e-06,0.23494590096491386,0.31526342214282255
17.05,1.0,-13.05,0.006383541539685085,0.0004891602712402363,171.3025,779.1992083333336,0.08379437736413059,0.006402255880534988,1.0247220089961208e-05,1.561287455512836e-06,-1.561287455512836e-06,1.7553744194605804e-05,-1.911503165011864e-05,-0.9326935247953182,0.48006276013694815,5.711069847086135e-06,0.2347462817992578,0.3150232517746144
17.06,1.0,-13.059999999999999,0.006324268262415584,0.00048424718701497587,171.56359999999998,780.9135386666665,0.0830791906941625,0.006342780493847233,1.0057716098282238e-05,1.531254558001418e-06,-1.531254558001418e-06,1.7255379815992544e-05,-1.878663437399396e-05,-0.9339413734894815,0.4796973209851748,5.6451040548808245e-06,0.23454683223780062,0.31478344598362873
17.07,1.0,-13.07,0.006265467074903809,0.0004793777410025868,171.8249,782.6304810000001,0.08236903240999538,0.0062837791722237055,9.871470171318109e-06,1.5017627263467366e-06,-1.5017627263467366e-06,1.6961643750397175e-05,-1.8463406476743912e-05,-0.9351903088554104,0.47933243615091903,5.579840186173096e-06,0.23434755213643985,0.31454400394280535
17.080000000000002,1.0,-13.080000000000002,0.006207134983045452,0.0004745516042083678,172.08640000000005,784.3500373333337,0.08166387718244289,0.00622524890448594,9.688430980700849e-06,1.4728029318710496e-06,-1.4728029318710496e-06,1.6672472091172794e-05,-1.8145275023043842e-05,-0.936440330698998,0.4789681043776252,5.5152714474632235e-06,0.23414844135119572,0.31430492482757655
17.09,1.0,-13.09,0.006149269004982962,0.0004697684495785303,172.3481,786.0722096666667,0.0809636997248055,0.006167186691828257,9.508547922965889e-06,1.4443662832560789e-06,-1.4443662832560789e-06,1.6387801682821172e-05,-1.783216796607725e-05,-0.9376914388267117,0.47860432441252143,5.451391104149455e-06,0.23394949973821072,0.3140662078158576
17.1,1.0,-13.100000000000001,0.006091866171109315,0.00046502795199307743,172.61000000000004,787.7970000000001,0.08026847479352511,0.006109589547820781,9.331771110710235e-06,1.4164440246834374e-06,-1.4164440246834374e-06,1.610757011419694e-05,-1.7524014138880378e-05,-0.9389436330455943,0.4782410950066048,5.388192480077369e-06,0.23375072715374934,0.313827852088037
17.11,1.0,-13.11,0.0060349235240714436,0.00046032978825869144,172.8721,789.5244103333332,0.07957817718883532,0.006052454498412126,9.158051363837296e-06,1.3890275339966018e-06,-1.3890275339966018e-06,1.5831715711744178e-05,-1.722074324574078e-05,-0.9401969131632577,0.47787841491462846,5.325668957092457e-06,0.23355212345419862,0.31358985682696794
17.12,1.0,-13.120000000000001,0.005978438118772992,0.00045567363710159996,173.13440000000003,791.2544426666668,0.07889278175540326,0.0059957785819314035,8.987340200886837e-06,1.3621083208840681e-06,-1.3621083208840681e-06,1.5560177532764223e-05,-1.692228585364829e-05,-0.9414512789878846,0.47751628289508635,5.263813974595458e-06,0.23335368849606714,0.3133522212179586
17.13,1.0,-13.129999999999999,0.005922407022376828,0.0004510591791604591,173.3969,792.987099,0.0782122633829682,0.0059395588490899955,8.819589830450818e-06,1.3356780250837154e-06,-1.3356780250837154e-06,1.5292895358716973e-05,-1.662857338380069e-05,-0.9427067303282238,0.4771546977102002,5.202621029100971e-06,0.23315542213598583,0.3131149444487631
17.14,1.0,-13.14,0.005866827314306856,0.00044648609697921275,173.6596,794.7223813333334,0.0775365970069713,0.005883792362982631,8.654753142673181e-06,1.3097284146079527e-06,-1.3097284146079527e-06,1.5029809688553677e-05,-1.633953810316163e-05,-0.9439632669935899,0.47679365812590474,5.142083673798773e-06,0.23295732423070714,0.3128780257095723
17.150000000000002,1.0,-13.150000000000002,0.0058116960862495985,0.0004419540749999694,173.92250000000004,796.460291666667,0.0768657576091822,0.005828476199088229,8.492783700834493e-06,1.2842513839896918e-06,-1.2842513839896918e-06,1.4770861732083879e-05,-1.605511311607357e-05,-0.9452208887938596,0.4764331629118345,5.082195518118349e-06,0.23275939463710527,0.31264146419300476
17.16,1.0,-13.16,0.005757010442155187,0.00043746279955586526,174.1856,798.200832,0.07619972021831813,0.005773607445270168,8.333635733019778e-06,1.2592389525487789e-06,-1.2592389525487789e-06,1.45159934033749e-05,-1.577523235592368e-05,-0.9464795955394706,0.4760732108413099,5.022950227296232e-06,0.23256163321217627,0.31240525909409783
17.17,1.0,-13.170000000000002,0.005702767498237867,0.000433011958863923,174.44890000000004,799.9440043333336,0.07553845991065664,0.00571918320177605,8.177264123869338e-06,1.2346832626787462e-06,-1.2346832626787462e-06,1.4265147314184698e-05,-1.5499830576863446e-05,-0.9477393870414204,0.4757138006913227,4.964341521946231e-06,0.23236403981303727,0.31216940961029815
17.18,1.0,-13.18,0.005648964382976228,0.0004286012430179232,174.7124,801.6898106666666,0.07488195181064461,0.005665200581237218,8.023624406412627e-06,1.2105765781537935e-06,-1.2105765781537935e-06,1.4018266767429253e-05,-1.5228843345583046e-05,-0.9490002631112617,0.47535493124252365,4.906363177632763e-06,0.23216661429692723,0.31193391494145317
17.19,1.0,-13.190000000000001,0.005595598237112726,0.0004242303439812529,174.97610000000003,803.4382530000003,0.07423017109149811,0.005611656708667548,7.872672753983375e-06,1.1869112824556121e-06,-1.1869112824556121e-06,1.3775295750682705e-05,-1.4962207033138317e-05,-0.9502622235611037,0.4749966012792076,4.849009024446799e-06,0.2319693565212061,0.31169877428980197
17.2,1.0,-13.2,0.005542666213653039,0.0004198989555797756,175.23999999999998,805.1893333333333,0.07358309297579987,0.005558548721462095,7.724365972216972e-06,1.1636798771201103e-06,-1.1636798771201103e-06,1.3536178929713023e-05,-1.4699858806833133e-05,-0.9515252682036064,0.474638809589301,4.792272946584977e-06,0.23177226634335515,0.3114639868599664
17.21,1.0,-13.21,0.0054901654778646905,0.00041560677349467755,175.50410000000002,806.9430536666669,0.07294069273608725,0.005505873769394998,7.578661491127971e-06,1.1408749801036042e-06,-1.1408749801036042e-06,1.3300861642050728e-05,-1.4441736622154332e-05,-0.9527893968519825,0.4742815549643474,4.736148881931276e-06,0.23157534362097665,0.31122955185894213
17.22,1.0,-13.219999999999999,0.005438093207275524,0.0004113534952553346,175.76839999999996,808.6994159999998,0.07230294569543774,0.005453629014617236,7.435517357268741e-06,1.1184893241685399e-06,-1.1184893241685399e-06,1.3069289890593548e-05,-1.4187779214762088e-05,-0.9540546093199913,0.4739248361994948,4.680630821641828e-06,0.2313785882117941,0.3109954684960901
17.23,1.0,-13.23,0.005386446591671404,0.0004071388202321545,176.0329,810.4584223333334,0.07166982722804484,0.005401811631653637,7.2948922259671315e-06,1.0965157552883026e-06,-1.0965157552883026e-06,1.2841410337244494e-05,-1.3937926092532797e-05,-0.9553209054219411,0.4735686520934818,4.625712809732209e-06,0.23118199997365146,0.31076173598312734
17.240000000000002,1.0,-13.240000000000002,0.00533522283309382,0.00040296244962944255,176.29760000000005,812.220074666667,0.07104131275979163,0.005350418807399754,7.156745353644251e-06,1.07494723107121e-06,-1.07494723107121e-06,1.2617170296586333e-05,-1.3692117527657544e-05,-0.9565882849726828,0.47321300144862444,4.57138894266788e-06,0.23098557876451395,0.3105283535341185
17.25,1.0,-13.25,0.0052844191458368064,0.0003988240864782495,176.5625,813.984375,0.07041737776881593,0.0052994477411181075,7.021036590210453e-06,1.053776819203268e-06,-1.053776819203268e-06,1.239651772959033e-05,-1.3450294548793598e-05,-0.9578567477876107,0.4728578830708032,4.517653368957163e-06,0.23078932444246716,0.31029532036546725
17.26,1.0,-13.260000000000002,0.005234032756443475,0.0003947234356292213,176.82760000000005,815.7513253333337,0.06979799778606971,0.005248895644434,6.887726371539554e-06,1.032997695909626e-06,-1.032997695909626e-06,1.217940123736048e-05,-1.3212398933270107e-05,-0.9591262936826606,0.4725032957694489,4.464500288747019e-06,0.23059323686571725,0.3100626356959071
17.27,1.0,-13.27,0.005184060903702265,0.0003906602037454608,177.0929,817.5209276666666,0.06918314839587451,0.005198759741331079,6.756775712021196e-06,1.0126031444346023e-06,-1.0126031444346023e-06,1.1965770054913987e-05,-1.297837319934859e-05,-0.9603969224743059,0.4721492383575308,4.4119239534217445e-06,0.23039731589259108,0.30983029874649337
17.28,1.0,-13.280000000000001,0.005134500838642466,0.0003866340992953664,177.35840000000002,819.2931840000001,0.06857280523646732,0.005149037268146165,6.628146197189531e-06,9.925865535399167e-07,-9.925865535399167e-07,1.1755574044996201e-05,-1.2748160598536118e-05,-0.9616686339795579,0.4717957096515424,4.359918665204087e-06,0.23020156138153564,0.30959830874059424
17.29,1.0,-13.29,0.00508534982452969,0.0003826448325454996,177.62409999999997,821.0680963333333,0.06796694400054507,0.005099725473564035,6.50179997642948e-06,9.729414160212245e-07,-9.729414160212245e-07,1.1548763691933072e-05,-1.2521705107954296e-05,-0.9629414280159617,0.4714427084714892,4.308478776759457e-06,0.2300059731911183,0.3093666649038823
17.3,1.0,-13.3,0.00503660513686055,0.0003786921155534248,177.89000000000001,822.8456666666667,0.06736554043579875,0.005050821618611413,6.377699755758102e-06,9.536613272424842e-07,-9.536613272424842e-07,1.134529009551809e-05,-1.2298951422760574e-05,-0.9642153044015965,0.471090233640875,4.25759869080246e-06,0.22981055118002658,0.30913536646432593
17.31,1.0,-13.309999999999999,0.0049882640633572084,0.0003747756621605717,178.15609999999995,824.6258969999997,0.066768570345445,0.005002322976650834,6.255808790682215e-06,9.347399836882409e-07,-9.347399836882409e-07,1.1145104964936595e-05,-1.2079844948624835e-05,-0.9654902629550712,0.4707382839866899,4.207272859706424e-06,0.22961529520706814,0.3089044126521812
17.32,1.0,-13.32,0.004940323903961241,0.0003708951879850781,178.4224,826.4087893333334,0.06617600958874881,0.004954226833373833,6.1360908791303305e-06,9.161711815334397e-07,-9.161711815334397e-07,1.0948160612725435e-05,-1.1864331794258875e-05,-0.9667663034955253,0.47038685833939636,4.1574957851153005e-06,0.2294202051311704,0.30867380269998285
17.330000000000002,1.0,-13.330000000000002,0.004892781970827383,0.0003670504104146573,178.68890000000005,828.194345666667,0.06558783408154367,0.004906530486794009,6.018510354459764e-06,8.979488152308133e-07,-8.979488152308133e-07,1.0754409948770254e-05,-1.1652358764001068e-05,-0.9680434258426238,0.47003595553291727,4.10826201755853e-06,0.22922528081138085,0.30844353584253625
17.34,1.0,-13.34,0.0048456355883165795,0.00036324104859944374,178.9556,829.9825679999999,0.06500401979674261,0.004859231247239401,5.903032078536947e-06,8.800668761154484e-07,-8.800668761154484e-07,1.0563806474338264e-05,-1.1443873350453712e-05,-0.9693216298165579,0.46968557440462305,4.059566156068251e-06,0.22903052210686675,0.30821361131690916
17.35,1.0,-13.350000000000001,0.00479888209298872,0.00035946682344484786,179.22250000000003,831.7734583333336,0.06442454276484426,0.004812326437344553,5.78962143489133e-06,8.625194510265091e-07,-8.625194510265091e-07,1.0376304276148118e-05,-1.1238823727174627e-05,-0.9706009152380422,0.4693357137953182,4.01140284779922e-06,0.22883592887691473,0.3079840283624229
17.36,1.0,-13.36,0.004752518833595085,0.0003557274576044226,179.4896,833.5670186666665,0.06384937907443476,0.004765813392042296,5.6782443219424235e-06,8.453007209459578e-07,-8.453007209459578e-07,1.019185802047717e-05,-1.1037158741423128e-05,-0.9718812819283122,0.4689863725492298,3.963766787651458e-06,0.22864150098093136,0.3077547862206447
17.37,1.0,-13.370000000000001,0.004706543171070148,0.0003520226754727111,179.75690000000003,835.3632510000002,0.0632785048726806,0.004719689458554875,5.568867146298501e-06,8.284049596539656e-07,-8.284049596539656e-07,1.0010422947304655e-05,-1.083882790695862e-05,-0.973162729709124,0.46863754951399406,3.9166527178952355e-06,0.22844723827844232,0.3075258841353788
17.38,1.0,-13.379999999999999,0.004660952478523228,0.00034835220317811877,180.02439999999999,837.1621573333332,0.06271189636581892,0.004673951996384952,5.461456816127719e-06,8.118265324010399e-07,-8.118265324010399e-07,9.83195486449303e-06,-1.064378139689407e-05,-0.9744452584027499,0.4682892435406444,3.870055427798885e-06,0.22825314062909297,0.3072973213526588
17.39,1.0,-13.39,0.004615744141229473,0.0003447157685757634,180.2921,838.9637396666667,0.0621495298196384,0.004628598377305918,5.355980734599743e-06,7.955598945964975e-07,-7.955598945964975e-07,9.656410142005308e-06,-1.0451970036601805e-05,-0.9757288678319793,0.46794145348359817,3.823969753258888e-06,0.22805920789264758,0.30706909712073893
17.400000000000002,1.0,-13.400000000000002,0.004570915556620678,0.0003411131012403491,180.56000000000006,840.7680000000004,0.061591381559957456,0.004583625985352071,5.252406793398685e-06,7.795995905133181e-07,-7.795995905133181e-07,9.483745706160669e-06,-1.0263345296673986e-05,-0.9770135578201155,0.46759417820064525,3.7783905764327536e-06,0.22786543992898978,0.3068412106900865
17.41,1.0,-13.41,0.004526464134275582,0.00033754393245902925,180.8281,842.5749403333334,0.06103742797309459,0.004539032216808237,5.150703366305775e-06,7.639402520090677e-07,-7.639402520090677e-07,9.313919033926774e-06,-1.0077859285935841e-05,-0.9782993281909725,0.46724741655293517,3.7333128253742557e-06,0.22767183659812232,0.30661366131337336
17.42,1.0,-13.420000000000002,0.004482387295909716,0.0003340079952242709,181.09640000000005,844.384562666667,0.06048764550633266,0.004494814480198994,5.050839302851638e-06,7.485765972627724e-07,-7.485765972627724e-07,9.146888147249415e-06,-9.895464744512188e-06,-0.9795861787688769,0.46690116740496435,3.6887314736711585e-06,0.22747839776016662,0.30638644824546774
17.43,1.0,-13.43,0.004438682475365039,0.0003305050242267341,181.3649,846.196869,0.05994201066837921,0.004450970196277641,4.952783922037956e-06,7.335034295276512e-07,-7.335034295276512e-07,8.982611607420218e-06,-9.71611503694787e-06,-0.9808741093786615,0.4665554296245649,3.644641540085585e-06,0.22728512327536332,0.30615957074342676
17.44,1.0,-13.440000000000001,0.004395347118598967,0.00032703475584813747,181.63360000000003,848.0118613333336,0.05940050002981827,0.004407496798014594,4.8565070061272246e-06,7.18715635899414e-07,-7.18715635899414e-07,8.8210485094811e-06,-9.539764145380515e-06,-0.9821631198456675,0.4662102020828913,3.601038088196649e-06,0.2270920130040714,0.30593302806648776
17.45,1.0,-13.45,0.004352378683673225,0.0003235969281541432,181.90249999999997,849.8295416666665,0.058863090223559025,0.00436439173058559,4.76197879450097e-06,7.042081861001145e-07,-7.042081861001145e-07,8.662158476667125e-06,-9.36636666276724e-06,-0.9834532099957394,0.4658654836544094,3.557916226045747e-06,0.2268990668067688,0.3057068194760609
17.46,1.0,-13.46,0.004309774640742067,0.00032019128088722634,182.1716,851.6499120000002,0.05832975794527545,0.004321652451359273,4.669169977584904e-06,6.89976131277244e-07,-6.89976131277244e-07,8.505901654886061e-06,-9.195877786163305e-06,-0.9847443796552262,0.4655212732168831,3.5152711057840664e-06,0.22670628454405176,0.30548094423572064
17.47,1.0,-13.469999999999999,0.004267532472040422,0.0003168175554595711,182.44089999999997,853.472974333333,0.05780047995384405,0.004279276429884708,4.578051690841703e-06,6.760146028180933e-07,-6.760146028180933e-07,8.352238707236819e-06,-9.028253310054912e-06,-0.9860366286509767,0.4651775696513632,3.473097923322798e-06,0.22651366607663526,0.3052554016111986
17.48,1.0,-13.48,0.004225649671871301,0.0003134754949459422,182.71040000000002,855.2987306666668,0.057275233071771084,0.004237261147878148,4.48859550882941e-06,6.623188111790072e-07,-6.623188111790072e-07,8.20113080856425e-06,-8.863449619743258e-06,-0.9873299568103404,0.46483437184217513,3.431391917985426e-06,0.22632121126535223,0.3050301908703748
17.490000000000002,1.0,-13.490000000000002,0.0041841237465931784,0.0003101648440765884,182.98010000000005,857.1271830000003,0.05675399418561857,0.00419560409920979,4.400773439326498e-06,6.48884044729612e-07,-6.48884044729612e-07,8.052539640053067e-06,-8.701423684782679e-06,-0.9886243639611632,0.46449167867690705,3.390148372162747e-06,0.22612891997115425,0.30480531128327065
17.5,1.0,-13.5,0.004142952214606735,0.00030688534923012855,183.25,858.9583333333333,0.05623674024642106,0.004154302789889893,4.314557917521738e-06,6.357056686116613e-07,-6.357056686116613e-07,7.906427383858584e-06,-8.542133052470245e-06,-0.9899198499317872,0.464149489046398,3.3493626109700253e-06,0.22593679205511083,0.30458076212204066
17.51,1.0,-13.510000000000002,0.0041021326063413206,0.0003036367584264485,183.52010000000004,860.7921836666669,0.05572344827009769,0.004113354738054615,4.229921800269088e-06,6.227791236124586e-07,-6.227791236124586e-07,7.762756717775632e-06,-8.385535841388091e-06,-0.9912164145510495,0.46380780184472575,3.3090300019065864e-06,0.2257448273784094,0.3043565426609646
17.52,1.0,-13.52,0.00406166246424111,0.00030041882131960873,183.79039999999998,862.628736,0.055214095337859405,0.004072757473951552,4.146838360407057e-06,6.100999250527058e-07,-6.100999250527058e-07,7.62149080994557e-06,-8.231590734998276e-06,-0.9925140576482775,0.4634666159691956,3.2691459545178503e-06,0.22555302580235567,0.3041326521764404
17.53,1.0,-13.530000000000001,0.0040215393427507585,0.0002972312891907434,184.06090000000003,864.4679923333335,0.05470865859660851,0.00403250853992477,4.065281281141549e-06,5.976636616885515e-07,-5.976636616885515e-07,7.482593313600666e-06,-8.080256975289217e-06,-0.9938127790532918,0.4631259303203278,3.2297059200595384e-06,0.22536138718837287,0.3039090899469756
17.54,1.0,-13.54,0.00398176080830083,0.00029407391494097715,184.33159999999998,866.3099546666665,0.054207115259334214,0.003992605490399621,3.9852246504923e-06,5.854659946277873e-07,-5.854659946277873e-07,7.3460283618468605e-06,-7.931494356474648e-06,-0.995112578596399,0.4627857438018471,3.190705391164371e-06,0.22516991139800208,0.30368585525318037
17.55,1.0,-13.55,0.0039423244392927225,0.0002909464530843337,184.60250000000002,868.154625,0.05370944260550072,0.003953045891867059,3.906642955801758e-06,5.735026562599511e-07,-5.735026562599511e-07,7.211760562483941e-06,-7.785263218743892e-06,-0.9964134561083952,0.4624460553206698,3.152139901510908e-06,0.2249785982929021,0.30346294737775936
17.56,1.0,-13.559999999999999,0.003903227826083392,0.0002878486597406631,184.87359999999995,870.0020053333332,0.05321561798143144,0.003913827322867754,3.829511078306543e-06,5.617694492002832e-07,-5.617694492002832e-07,7.079754992864123e-06,-7.641524442064407e-06,-0.9977154114205595,0.4621068637868933,3.1140050254948588e-06,0.22478744773484918,0.3032403656055048
17.57,1.0,-13.57,0.0038644685709695436,0.0002847802926285588,185.1449,871.8520976666667,0.05272561880068526,0.0038749473739756765,3.7538042877702477e-06,5.502622452472876e-07,-5.502622452472876e-07,6.9499771947879384e-06,-7.500239440035226e-06,-0.9990184443646571,0.4617681681137834,3.076296377902484e-06,0.22459645958573696,0.303018109223288
17.580000000000002,1.0,-13.580000000000002,0.0038260442881716448,0.0002817411110582949,185.41640000000004,873.7049040000003,0.05223942254442924,0.003836403647781504,3.679498237177808e-06,5.389769843538611e-07,-5.389769843538611e-07,6.822393169438555e-06,-7.361370153792416e-06,-1.0003225547729329,0.4614299672177642,3.0390096135864446e-06,0.2244056337075766,0.3027961775200526
17.59,1.0,-13.59,0.0037879526038174524,0.00027873087592475735,185.6881,875.5604263333332,0.051757006761803934,0.0037981937588755527,3.6065689574903002e-06,5.27909673611752e-07,-5.27909673611752e-07,6.6969693723535455e-06,-7.2248790459652976e-06,-1.0016277424781126,0.46109226001840564,3.002140427143768e-06,0.22421496996249637,0.3025745697868069
17.6,1.0,-13.600000000000001,0.0037501911559252132,0.0002757493497003833,185.96000000000004,877.4186666666668,0.05127834907028329,0.0037603153338303785,3.5349928524599676e-06,5.170563862492531e-07,-5.170563862492531e-07,6.573672708434557e-06,-7.09072909468381e-06,-1.002934007313401,0.46075504543841217,2.9656845525960767e-06,0.2240244682127417,0.3023532853166158
17.61,1.0,-13.61,0.0037127575943866347,0.00027279629642811427,186.23209999999997,879.279627,0.05080342715603021,0.003722766011183153,3.464746693505131e-06,5.064132606420144e-07,-5.064132606420144e-07,6.452470526995169e-06,-6.958883787637184e-06,-1.0042413491124784,0.4604183224036122,2.9296377630721483e-06,0.2238341283206751,0.3021323234045945
17.62,1.0,-13.620000000000001,0.0036756495809493195,0.0002698714817143406,186.50440000000003,881.1433093333335,0.05033221877424408,0.003685543441417507,3.3958076146439e-06,4.95976499336744e-07,-4.95976499336744e-07,6.333330616845919e-06,-6.8293071161826635e-06,-1.005549767709502,0.46008208984294585,2.893995870492498e-06,0.22364395014877583,0.3019116833478998
17.63,1.0,-13.629999999999999,0.003638864789199047,0.000266974672721867,186.77689999999998,883.0097156666665,0.04986470174950488,0.003648645286945221,3.328153107486893e-06,4.857423680877705e-07,-4.857423680877705e-07,6.216221201417688e-06,-6.701963569505458e-06,-1.0068592629391,0.4597463466884546,2.8587547252563567e-06,0.22345393355964038,0.3016913644457239
17.64,1.0,-13.64,0.0036024009045415636,0.00026410563816287123,187.04960000000003,884.8788480000001,0.049400853976109806,0.0036120692220874303,3.2617610162878234e-06,4.757071949062271e-07,-4.757071949062271e-07,6.10111093392231e-06,-6.576818128828537e-06,-1.0081698346363748,0.45941109187526924,2.8239102159306534e-06,0.2232640784159816,0.3014713659992862
17.650000000000002,1.0,-13.650000000000002,0.0035662556241841635,0.0002612641482918801,187.32250000000005,886.7507083333338,0.04894065341840572,0.0035758129330556235,3.1966095330519652e-06,4.658673691218014e-07,-4.658673691218014e-07,5.987968892551269e-06,-6.45383626167307e-06,-1.0094814826368965,0.4590763243415995,2.7894582689413183e-06,0.22307438458062911,0.30125168731182644
17.66,1.0,-13.66,0.003530426657116867,0.0002584499748987457,187.5956,888.6252986666667,0.048484078111115145,0.0035398741179322375,3.132677192701634e-06,4.5621934045685853e-07,-4.5621934045685853e-07,5.8767645757117865e-06,-6.332983916168645e-06,-1.0107942067767048,0.4587420430287226,2.7553948482666518e-06,0.22288485191652932,0.30103232768859733
17.67,1.0,-13.670000000000002,0.0034949117240932297,0.0002556628913016261,187.86890000000005,890.5026210000003,0.048031106159656084,0.0035042504866508927,3.069942868298255e-06,4.467596181128131e-07,-4.467596181128131e-07,5.767467897300382e-06,-6.214227515413195e-06,-1.0121080068923065,0.4584082468809721,2.721715955132819e-06,0.22269548028674463,0.3008132864368572
17.68,1.0,-13.68,0.003459708557610973,0.0002529026723399834,188.14239999999998,892.3826773333334,0.04758171574045809,0.0034689397609764428,3.008385766320825e-06,4.374847698686622e-07,-4.374847698686622e-07,5.660049182014392e-06,-6.097533951883054e-06,-1.013422882820672,0.4580749348457272,2.688417627711599e-06,0.22250626955445424,0.30059456286586306
17.69,1.0,-13.690000000000001,0.003424814901892103,0.0002501690943675751,188.41610000000003,894.2654696666668,0.047135885101270474,0.0034339396744845286,2.9479854219997275e-06,4.2839142119146153e-07,-4.2839142119146153e-07,5.55447916070043e-06,-5.982870581891892e-06,-1.0147388343992367,0.4577421058734016,2.6554959408200794e-06,0.22231721958295322,0.30037615628686304
17.7,1.0,-13.7,0.0033902285128628875,0.00024746193524546623,188.68999999999997,896.1509999999998,0.04669359256146702,0.003399247972540976,2.888721694705984e-06,4.194762543587046e-07,-4.194762543587046e-07,5.45072896574072e-06,-5.870205220099425e-06,-1.0160558614658963,0.4574097589174327,2.622947005622622e-06,0.22212833023565307,0.30015806601308953
17.71,1.0,-13.71,0.003355947158133343,0.00024478097433503594,188.96410000000003,898.0392703333337,0.04625481651234317,0.0033648624122807266,2.8305747633949178e-06,4.107360075923873e-07,-4.107360075923873e-07,5.348770126476336e-06,-5.759506134068723e-06,-1.0173739638590082,0.45707789293427054,2.5907669693347667e-06,0.22193960137608107,0.2999402913597519
17.72,1.0,-13.719999999999999,0.0033219686169765985,0.00024212599249100574,189.23839999999996,899.9302826666665,0.04581953541740993,0.003330780762586629,2.7735251221042914e-06,4.021674742047163e-07,-4.021674742047163e-07,5.248574564668207e-06,-5.6507420388729236e-06,-1.0186931414173865,0.45674650688336754,2.558952014929378e-06,0.22175103286788084,0.2997228316440297
17.73,1.0,-13.73,0.0032882906803077096,0.00023949677205445808,189.5129,901.8240390000002,0.04538772781267931,0.0032970008040676974,2.7175535755057607e-06,3.9376750175522723e-07,-3.9376750175522723e-07,5.1501145899946576e-06,-5.543882091749885e-06,-1.0200133939803042,0.4564155997271669,2.5274983608446506e-06,0.22156262457481138,0.29950568618506496
17.740000000000002,1.0,-13.740000000000002,0.003254911150662435,0.00023689309684588313,189.78760000000005,903.7205413333336,0.04495937230694774,0.0032635203290373245,2.662641234509972e-06,3.855329912193105e-07,-3.855329912193105e-07,5.0533628955868485e-06,-5.438895886806159e-06,-1.0213347213874882,0.45608517043109265,2.4964022606944087e-06,0.2213743763607479,0.2992888543039559
17.75,1.0,-13.75,0.0032218278421754696,0.00023431475215821598,190.0625,905.6197916666666,0.044534447582070924,0.0032303371414909633,2.608769511924002e-06,3.774608961678925e-07,-3.774608961678925e-07,4.958292553600557e-06,-5.33575344976845e-06,-1.0226571234791186,0.45575521796353874,2.4656600029802407e-06,0.22118628808968097,0.29907233532374955
17.76,1.0,-13.760000000000002,0.0031890385805584966,0.0002317615247498907,190.33760000000004,907.5217920000002,0.044112932393234806,0.0031974490570836223,2.5559201181612364e-06,3.6954822195823215e-07,-3.6954822195823215e-07,4.864877010825262e-06,-5.234425232783494e-06,-1.0239806000958298,0.45542574129585817,2.435267910805754e-06,0.22099835962571673,0.29885612856943483
17.77,1.0,-13.77,0.003156541203077942,0.00022923320283790434,190.6129,909.4265443333333,0.04369480556922117,0.0031648539031070722,2.5040750570030175e-06,3.6179202493568426e-07,-3.6179202493568426e-07,4.773090084330104e-06,-5.134882109265789e-06,-1.0253051510787046,0.4550967394023528,2.405222341592876e-06,0.22081059083307703,0.2986402333679355
17.78,1.0,-13.780000000000001,0.003124333558532352,0.00022672957609088187,190.88840000000002,911.3340506666669,0.0432800460126667,0.0031325495184666725,2.4532166214114455e-06,3.541894116462783e-07,-3.541894116462783e-07,4.682905957146366e-06,-5.037095368792644e-06,-1.0266307762692757,0.4547682112602624,2.3755196868000552e-06,0.22062298157609872,0.2984246490481035
17.79,1.0,-13.79,0.0030924135072295956,0.0002242504356221607,191.1641,913.2443129999998,0.042868632700318286,0.003100533753658034,2.4033273893931945e-06,3.467375380600453e-07,-3.467375380600453e-07,4.5942991739869955e-06,-4.941036712047041e-06,-1.0279574755095229,0.4544401558497546,2.346156371642591e-06,0.2204355317192343,0.298209374940712
17.8,1.0,-13.8,0.0030607789209636136,0.00022179557398287054,191.44000000000003,915.1573333333336,0.04246054468328074,0.0030688044707432196,2.354390219913393e-06,3.394336088048979e-07,-3.394336088048979e-07,4.507244637002201e-06,-4.846678245807099e-06,-1.0292852486418722,0.45411257215391426,2.3171288548147776e-06,0.22024824112705108,0.2979944103784482
17.81,1.0,-13.809999999999999,0.00302942768299107,0.0002193647851550377,191.71609999999995,917.0731136666665,0.04205576108726171,0.0030373595433268613,2.30638824885969e-06,3.3227487641102983e-07,-3.3227487641102983e-07,4.4217176015720905e-06,-4.75399247798312e-06,-1.030614095509193,0.45378545915873303,2.288433628214195e-06,0.2200611096642317,0.2977797546959072
17.82,1.0,-13.82,0.0029983576880075265,0.00021695786454468353,191.9924,918.9916560000001,0.0416542611128087,0.003006196856531792,2.2593048850554073e-06,3.252586405656237e-07,-3.252586405656237e-07,4.337693672135118e-06,-4.662952312700742e-06,-1.0319440159547981,0.45345881585309883,2.26006721666778e-06,0.21987413719557353,0.29756540722958436
17.830000000000002,1.0,-13.830000000000002,0.0029675668421235,0.0002145746089749457,192.26890000000006,920.9129623333337,0.04125602403554295,0.0029753143069745744,2.213123806321898e-06,3.183822473778322e-07,-3.183822473778322e-07,4.255148798053245e-06,-4.573531045431077e-06,-1.0332750098224417,0.45313264122878605,2.2320261776599924e-06,0.2196873235859891,0.2973513673178693
17.84,1.0,-13.84,0.002937053062840128,0.0002122148166792,192.5456,922.8370346666666,0.040861029206386575,0.0029447098027406307,2.167828955589191e-06,3.116430886538503e-07,-3.116430886538503e-07,4.174059269512942e-06,-4.485702358166792e-06,-1.0346070769563158,0.452806934280445,2.204307101062813e-06,0.21950066870050552,0.29713763430103896
17.85,1.0,-13.850000000000001,0.002906814279024556,0.00020987828729419173,192.82250000000005,924.7638750000003,0.040469256051784294,0.002914381263359101,2.1234045370546477e-06,3.0503860118198724e-07,-3.0503860118198724e-07,4.0944017134621995e-06,-4.3994403146441864e-06,-1.035940217201053,0.4524816940055913,2.176906608867655e-06,0.21931417240426462,0.2969242075212503
17.86,1.0,-13.86,0.002876848430885184,0.00020756482185318786,193.09959999999998,926.6934853333333,0.04008068407392183,0.002884326619777568,2.0798350123893725e-06,2.985662660276531e-07,-2.985662660276531e-07,4.016153089583829e-06,-4.314719355611482e-06,-1.03727443040172,0.4521569194045967,2.1498213549193047e-06,0.21912783456252286,0.2967110863225347
17.87,1.0,-13.870000000000001,0.0028471534699464323,0.00020527422277912273,193.37690000000003,928.6258676666669,0.03969529285093615,0.0028545438143362917,2.0371050969913964e-06,2.922236078380681e-07,-2.922236078380681e-07,3.939290686303956e-06,-4.231514294142024e-06,-1.0386097164038208,0.45183260948067744,2.1230480246515763e-06,0.21894165504065102,0.29649827005079
17.88,1.0,-13.879999999999999,0.002817727359023447,0.00020300629387776998,193.65439999999998,930.5610239999999,0.03931306203712322,0.0028250308007423987,1.9951997562858096e-06,2.860081941566733e-07,-2.860081941566733e-07,3.8637921168367465e-06,-4.14980031099342e-06,-1.0399460750532907,0.4515087632398861,2.0965833348250286e-06,0.21875563370413456,0.2962857580537753
17.89,1.0,-13.89,0.0027885680721963534,0.00020076084033091094,193.93210000000002,932.4989563333335,0.03893397136313826,0.0027957855440436164,1.954104202070815e-06,2.799176347470441e-07,-2.799176347470441e-07,3.789635315264175e-06,-4.0695529500112196e-06,-1.041283506196499,0.4511853796910997,2.070424033266395e-06,0.21856977041857292,0.2960735496811033
17.900000000000002,1.0,-13.900000000000002,0.002759673594784412,0.000198537668689526,194.21000000000006,934.439666666667,0.03855800063619286,0.0027668060206019127,1.913803888909748e-06,2.739495809262704e-07,-2.739495809262704e-07,3.7167985326516223e-06,-3.990748113577893e-06,-1.0426220096802434,0.4508624578460107,2.0445668986100194e-06,0.2183840650496799,0.29586164428423395
17.91,1.0,-13.91,0.0027310419233198026,0.00019633658686698795,194.4881,936.3831570000001,0.03818512974024544,0.0027380902180667646,1.8742845105682256e-06,2.6810172490763215e-07,-2.6810172490763215e-07,3.6452603331984417e-06,-3.913362058106074e-06,-1.0439615853517517,0.4505399967191172,2.0190087400410404e-06,0.21819851746328342,0.2956500412164686
17.92,1.0,-13.920000000000002,0.0027026710655211617,0.00019415740413226731,194.76640000000006,938.3294293333337,0.03781533863618684,0.0027096361353481893,1.8355319964961678e-06,2.6237179915248885e-07,-2.6237179915248885e-07,3.5749995904237135e-06,-3.837371389576202e-06,-1.0453022330586799,0.4502179953277121,1.9937463970404265e-06,0.21801312752532523,0.29543873983294233
17.93,1.0,-13.93,0.0026745590402669525,0.00019199993110315526,195.04489999999998,940.2784856666666,0.0374486073620218,0.0026814417825896013,1.7975325083543246e-06,2.56757575731288e-07,-2.56757575731288e-07,3.505995483387184e-06,-3.762753059118472e-06,-1.046643952649108,0.4498964526918744,1.9687767391319153e-06,0.21782789510186126,0.2952277394906186
17.94,1.0,-13.940000000000001,0.002646703877568446,0.00018986397973948677,195.32360000000003,942.2303280000002,0.037084916033043626,0.0026535051811402903,1.760272436584591e-06,2.5125686569353824e-07,-2.5125686569353824e-07,3.4382274929447405e-06,-3.6894843586382785e-06,-1.047986743971543,0.449575367834458,1.9440966656306434e-06,0.21764282005906094,0.29501703954828173
17.95,1.0,-13.95,0.002619103618542603,0.0001877493633363873,195.6025,944.1849583333332,0.0367242448420057,0.0026258243635278,1.723738397024044e-06,2.4586751844670094e-07,-2.4586751844670094e-07,3.3716753980389552e-06,-3.617542916485656e-06,-1.049330606874912,0.4492547397810833,1.9197031053937176e-06,0.2174579022632076,0.2948066393665317
17.96,1.0,-13.96,0.0025917563153845563,0.00018565589651751836,195.88160000000002,946.1423786666669,0.03636657405928593,0.0025983973734299104,1.6879172275618644e-06,2.4058742114382993e-07,-2.4058742114382993e-07,3.3063192720238207e-06,-3.5469066931676506e-06,-1.0506755412085669,0.44893456756012645,1.895593016572443e-06,0.21727314158069802,0.29459653830777643
17.97,1.0,-13.969999999999999,0.0025646600313400224,0.00018358339522834806,196.16089999999997,948.1025909999997,0.036011884033048454,0.0025712222656465488,1.652795984839143e-06,2.3541449807992142e-07,-2.3541449807992142e-07,3.2421394790243255e-06,-3.477553977104247e-06,-1.0520215468222769,0.44861485020271014,1.8717633863664787e-06,0.21708853787804278,0.29438673573622653
17.98,1.0,-13.98,0.002537812840677277,0.00018153167672941892,196.4404,950.0655973333335,0.035660155189397746,0.0025442971060712746,1.6183619409906658e-06,2.3034671009679786e-07,-2.3034671009679786e-07,3.1791166703298277e-06,-3.409463380426626e-06,-1.0533686235662318,0.44829558674269365,1.8482112307796045e-06,0.2169040910218655,0.29417723101788823
17.990000000000002,1.0,-13.990000000000002,0.002511212828659093,0.00017950055958964207,196.72010000000006,952.0313996666671,0.035311368032530356,0.0025176199716627204,1.5846025804287493e-06,2.2538205399649756e-07,-2.2538205399649756e-07,3.1172317808220167e-06,-3.342613834818514e-06,-1.0547167712910377,0.4479767762166634,1.8249335943774125e-06,0.21671980087890347,0.2939680235205573
18.0,1.0,-14.0,0.002484858091514292,0.00017748986367959228,197.0,954.0,0.03496550314487968,0.0024911889504156547,1.551505596668263e-06,2.2051856196300178e-07,-2.2051856196300178e-07,3.056466025436477e-06,-3.2769845873994788e-06,-1.0560659898477158,0.4476584176639234,1.801927550046622e-06,0.21653566731600707,0.29375911261381293
18.01,1.0,-14.010000000000002,0.00245874673640912,0.0001754994101648194,197.28010000000003,955.9714003333337,0.03462254118725659,0.0024650021413318685,1.5190588891926742e-06,2.157543009922376e-07,-2.157543009922376e-07,2.996800895658198e-06,-3.212555196650436e-06,-1.0574162790877035,0.4473405101264854,1.7791901987561784e-06,0.21635169020013958,0.2935504976690111
18.02,1.0,-14.02,0.0024328768814184387,0.00017352902149917536,197.5604,957.9456026666667,0.034282462898985684,0.0024390576543908858,1.4872505603606924e-06,2.1108737233025348e-07,-2.1108737233025348e-07,2.938218156050825e-06,-3.1493055283810782e-06,-1.058767638862849,0.44702305264905984,1.7567186693201206e-06,0.21616786939837782,0.29334217805927876
18.03,1.0,-14.030000000000001,0.0024072466554965967,0.0001715785214181466,197.84090000000003,959.9226090000002,0.0339452490980354,0.0024133536105203457,1.456068912352897e-06,2.0651591091944229e-07,-2.0651591091944229e-07,2.8806998408191834e-06,-3.0872157517386258e-06,-1.060120069025414,0.44670604427904576,1.7345101181620843e-06,0.21598420477791097,0.2931341531595071
18.04,1.0,-14.04,0.00238185419844818,0.00016964773493220655,198.12159999999997,961.9024213333332,0.03361088068114465,0.0023878881415662773,1.4255024441582123e-06,2.0203808485275006e-07,-2.0203808485275006e-07,2.8242282504053567e-06,-3.0262663352581067e-06,-1.0614735694280684,0.4463894840665223,1.7125617290816e-06,0.2158006962060416,0.29292642234634597
18.05,1.0,-14.05,0.002356697660898447,0.00016773648832017418,198.40250000000003,963.8850416666668,0.03327933862394336,0.0023626593902630563,1.3955398485995491e-06,1.976520948357371e-07,-1.976520948357371e-07,2.768785948117721e-06,-2.9664380429534582e-06,-1.0628281399238924,0.44607337106423806,1.6908707130220048e-06,0.21561734355018455,0.29271898499819715
18.06,1.0,-14.059999999999999,0.002331775204263647,0.00016584460912259227,198.68359999999996,965.8704719999998,0.032950603981069464,0.0023376655102032447,1.366170009398449e-06,1.9335617365642866e-07,-1.9335617365642866e-07,2.7143557567931767e-06,-2.9077119304496055e-06,-1.0641837803663712,0.445757704327603,1.6694343078401268e-06,0.21543414667786764,0.2925118404952086
18.07,1.0,-14.07,0.0023070850007210143,0.00016397192613511118,198.9649,967.8587143333333,0.03262465788627978,0.002312904665807119,1.337381998278085e-06,1.8914858566282454e-07,-1.8914858566282454e-07,2.660920755491994e-06,-2.8500693411548182e-06,-1.065540490609399,0.44544248291467814,1.6482497780775521e-06,0.215251105456731,0.2923049882192682
18.080000000000002,1.0,-14.080000000000002,0.0022826252331786525,0.00016211826940189293,199.24640000000005,969.849770666667,0.032301481552557326,0.0022883750322920766,1.3091650721044407e-06,1.8502762624800773e-07,-1.8502762624800773e-07,2.6084642762255027e-06,-2.7934919024735106e-06,-1.0668982705072716,0.445127705886167,1.6273144147336454e-06,0.21506821975452745,0.2920984275539976
18.09,1.0,-14.09,0.0022583940952451637,0.00016028347020902511,199.5281,971.843643,0.031981056272213385,0.0022640747956418025,1.2815086700651174e-06,1.809916213427332e-07,-1.809916213427332e-07,2.5569699007161976e-06,-2.737961522058931e-06,-1.0682571199146889,0.4448133723054062,1.6066255350401786e-06,0.21488548943912203,0.2918921578847465
18.1,1.0,-14.100000000000001,0.002234389791199043,0.00015846736107794632,199.81000000000003,973.8403333333337,0.03166336341698446,0.0022400021525751965,1.2544024108853784e-06,1.7703892691540793e-07,-1.7703892691540793e-07,2.5064214571900747e-06,-2.683460384105483e-06,-1.0696170386867527,0.4444994812383556,1.5861804822375886e-06,0.2147029143784921,0.2916861785985859
18.11,1.0,-14.11,0.0022106105359579542,0.00015666977575889117,200.0921,975.8398436666665,0.031348384438125626,0.0022161553105151848,1.2278360900811637e-06,1.7316792847938746e-07,-1.7316792847938746e-07,2.456803017201292e-06,-2.6299709456806797e-06,-1.0709780266789644,0.4441860317535902,1.5659766253529367e-06,0.21452049444072716,0.291480489084303
18.12,1.0,-14.120000000000001,0.0021870545550477048,0.0001548905492243417,200.37440000000004,977.8421760000001,0.03103610086649794,0.0021925324875572386,1.2017996772484831e-06,1.6937704060746864e-07,-1.6937704060746864e-07,2.4080988924885856e-06,-2.577475933096054e-06,-1.0723400837472252,0.4438730229222902,1.5460113589794073e-06,0.2143382294940287,0.29127508873239455
18.13,1.0,-14.129999999999999,0.002163720084571131,0.0001531295176625004,200.65689999999998,979.8473323333332,0.030726494312652577,0.0021691319124377962,1.1762833133890128e-06,1.6566470645352094e-07,-1.6566470645352094e-07,2.360293631863678e-06,-2.525958338317199e-06,-1.0737032097478332,0.4435604538182325,1.526282103057512e-06,0.21415611940671048,0.2910699769350611
18.14,1.0,-14.14,0.0021406053711766826,0.00015138651847076962,200.9396,981.8553146666668,0.030419546466909062,0.0021459518245023966,1.1512773082712913e-06,1.6202939728113374e-07,-1.6202939728113374e-07,2.313372018131099e-06,-2.475401415412233e-06,-1.075067404537483,0.4432483235177811,1.5067863026578096e-06,0.2139741640471978,0.29086515308620114
18.150000000000002,1.0,-14.150000000000002,0.002117708672026916,0.000149661390249252,201.22250000000005,983.8661250000004,0.03011523909943012,0.0021229904736737148,1.126772137827336e-06,1.5846961199922278e-07,-1.5846961199922278e-07,2.2673190650396114e-06,-2.425788677038834e-06,-1.0764326679732636,0.44293663109987846,1.4875214277653043e-06,0.2137923632840279,0.290660616581405
18.16,1.0,-14.16,0.002095028254766729,0.00014795397279426052,201.50560000000002,985.8797653333334,0.029813554060291146,0.00210024612041935,1.1027584415841325e-06,1.5498387670448186e-07,-1.5498387670448186e-07,2.222120014264757e-06,-2.3771038909692386e-06,-1.0777989999126576,0.4426253756460366,1.468484973065369e-06,0.21361071698584985,0.2904563668179494
18.17,1.0,-14.170000000000002,0.0020725623974914196,0.0001462641070918433,201.78890000000004,987.8962376666672,0.029514473279545265,0.002077717035719435,1.079227020129689e-06,1.5157074423060625e-07,-1.5157074423060625e-07,2.1777603324224787e-06,-2.329331076653085e-06,-1.0791664002135402,0.4423145562403279,1.4496744577312555e-06,0.21342922502142406,0.29025240319479084
18.18,1.0,-14.18,0.002050309388714636,0.00014459163531132835,202.0724,989.915544,0.029217978767284866,0.0020554015010341383,1.0561688326133473e-06,1.4822879370420963e-07,-1.4822879370420963e-07,2.134225708113773e-06,-2.2824545018179824e-06,-1.0805348687341765,0.44200417196937625,1.4310874252132242e-06,0.21324788725962268,0.2900487251125606
18.19,1.0,-14.190000000000001,0.002028267527336004,0.00014293640079887272,202.35610000000003,991.9376863333337,0.028924052613696773,0.0020332978082708503,1.0335749942797609e-06,1.449566301073188e-07,-1.449566301073188e-07,2.091502048999748e-06,-2.236458679107067e-06,-1.081904405333222,0.44169422192234836,1.4127214430291225e-06,0.2130667035694291,0.2898453319735581
18.2,1.0,-14.2,0.0020064351226087573,0.00014129824807103926,202.64,993.9626666666666,0.028632676989115393,0.002011404259751372,1.0114367740364912e-06,1.4175288384640912e-07,-1.4175288384640912e-07,2.0495754789075454e-06,-2.1913283627539545e-06,-1.0832750098697197,0.44138470519094497,1.3945741025566449e-06,0.21288567381993811,0.28964222318174615
18.21,1.0,-14.21,0.001984810494107019,0.0001396770228083757,202.92410000000004,995.9904870000001,0.028343834144069116,0.0019897191681787557,9.897455920544899e-07,1.3861621032784476e-07,-1.3861621032784476e-07,2.008432334966246e-06,-2.147048545294091e-06,-1.0846466822030998,0.4410756208693916,1.3766430188269967e-06,0.21270479788035573,0.28943939814274394
18.22,1.0,-14.219999999999999,0.0019633919716930586,0.0001380725718490196,203.20839999999995,998.0211493333331,0.02805750640932431,0.0019682408566041296,9.684930174014395e-07,1.3554528953968903e-07,-1.3554528953968903e-07,1.968059164773187e-06,-2.103604454312876e-06,-1.086019422193177,0.44076696805443066,1.3589258303201995e-06,0.21252407561999911,0.2892368562638224
18.23,1.0,-14.23,0.0019421778954842699,0.00013648474318230989,203.49290000000002,1000.0546556666667,0.027773676195923473,0.0019469676583932381,9.476707657073122e-07,1.3253882563976483e-07,-1.3253882563976483e-07,1.9284427235900153e-06,-2.0609815492297803e-06,-1.0873932297001518,0.4404587458453116,1.341420198761823e-06,0.2123435069082963,0.2890345969538977
18.240000000000002,1.0,-14.240000000000002,0.0019211666158200614,0.00013491338594242002,203.77760000000006,1002.0910080000003,0.0274923259952201,0.0019258979171929015,9.27270696861989e-07,1.2959554654991246e-07,-1.2959554654991246e-07,1.889569971568637e-06,-2.0191655181185496e-06,-1.0887681045846063,0.44015095334378346,1.3241238089212944e-06,0.21216309161478647,0.2888326196235262
18.25,1.0,-14.25,0.0019003564932285526,0.0001333583504020037,204.0625,1004.1302083333333,0.02721343837890888,0.0019050299868972839,9.072848127444664e-07,1.2671420355634813e-07,-1.2671420355634813e-07,1.851428071006677e-06,-1.978142274563025e-06,-1.0901440467075039,0.4398435896540853,1.3070343684116748e-06,0.21198282960911963,0.28863092368489823
18.26,1.0,-14.260000000000002,0.0018797458983930797,0.00013181948796585412,204.34760000000006,1006.1722586666668,0.026936995999051177,0.0018843622316139714,8.877052549832966e-07,1.238935709160451e-07,-1.238935709160451e-07,1.8140043836322479e-06,-1.937897954548293e-06,-1.0915210559301898,0.43953665388293794,1.2901496074909034e-06,0.2118027207610563,0.2884295085518327
18.27,1.0,-14.27,0.0018593332121186299,0.00013029665116458513,204.63289999999998,1008.2171609999998,0.02666298158809743,0.0018638930256299816,8.685243027480218e-07,1.2113244546907435e-07,-1.2113244546907435e-07,1.7772864679180565e-06,-1.898418913387131e-06,-1.0928991321143862,0.4392301451395358,1.2734672788645926e-06,0.21162276494046803,0.2882283736397717
18.28,1.0,-14.280000000000001,0.0018391168252980144,0.00012878969364832032,204.91840000000002,1010.2649173333335,0.026391377958903967,0.001843620753377515,8.497343705710689e-07,1.1842964625680135e-07,-1.1842964625680135e-07,1.7412620764243055e-06,-1.8596917226811068e-06,-1.094278275122195,0.4389240625355371,1.256985157490204e-06,0.21144296201733656,0.2880275183657742
18.29,1.0,-14.29,0.0018190951388780006,0.00012729847018040592,205.20409999999998,1012.3155296666666,0.026122168004747034,0.0018235438093996657,8.313280061999611e-07,1.1578401414589127e-07,-1.1578401414589127e-07,1.7059191531705742e-06,-1.8217031673164655e-06,-1.0956584848160928,0.4386184051850572,1.2407010403827793e-06,0.21126331186175443,0.28782694214851146
18.3,1.0,-14.3,0.0017992665638251948,0.0001258228366311325,205.49,1014.3690000000001,0.025855334699331416,0.0018036605983158883,8.13297888479307e-07,1.131944114580183e-07,-1.131944114580183e-07,1.6712458310361282e-06,-1.7844402424941464e-06,-1.0970397610589322,0.4383131722046584,1.2246127464220398e-06,0.21108381434392426,0.2876266444082604
18.31,1.0,-14.309999999999999,0.0017796295210918598,0.00012436264997147867,205.77609999999996,1016.425330333333,0.025590861096795987,0.0017839695347873993,7.956368252623925e-07,1.1065972160522859e-07,-1.1065972160522859e-07,1.6372304291887659e-06,-1.7478901507939944e-06,-1.0984221037139394,0.43800836271334276,1.2087181161609992e-06,0.21090446933415918,0.2874266245668992
18.32,1.0,-14.32,0.0017601824415815225,0.0001229177682668661,206.0624,1018.4845226666667,0.025328730331714268,0.0017644690434823718,7.783377513518991e-07,1.0817884873086207e-07,-1.0817884873086207e-07,1.6038614505417558e-06,-1.712040299272618e-06,-1.0998055126447133,0.4377039758325429,1.1930150116359519e-06,0.21072527670288227,0.28722688204790076
18.330000000000002,1.0,-14.330000000000002,0.001740923766114514,0.00012148805067093606,206.34890000000004,1020.5465790000003,0.025068925619091922,0.0017451575590410643,7.613937264695414e-07,1.0575071735597846e-07,-1.0575071735597846e-07,1.5711275792389083e-06,-1.6768782965948867e-06,-1.1011899877152242,0.4374000106861141,1.1775013161779494e-06,0.21054623632062694,0.2870274162763279
18.34,1.0,-14.34,0.0017218519453933126,0.00012007335741933839,206.63559999999998,1022.6115013333333,0.02481143025435944,0.0017260335260407566,7.447979332541718e-07,1.0337427203119718e-07,-1.0337427203119718e-07,1.5390176781673572e-06,-1.6423919501985544e-06,-1.1025755287898116,0.4370964664003261,1.1621749342256455e-06,0.2103673480580366,0.2868282266788276
18.35,1.0,-14.350000000000001,0.0017029654399677552,0.00011867354982353694,206.92250000000004,1024.6792916666668,0.024556227613360827,0.001707095398960553,7.285436752880724e-07,1.0104847699388746e-07,-1.0104847699388746e-07,1.507520786497962e-06,-1.6085692634918495e-06,-1.1039621357331852,0.4367933421038539,1.1470337911395515e-06,0.21018861178586437,0.28662931268362557
18.36,1.0,-14.36,0.0016842627202001805,0.00011728849026463654,207.2096,1026.749952,0.02430330115233923,0.0016883416421461237,7.126243751511674e-07,9.877231583064456e-08,-9.877231583064456e-08,1.4766261172532336e-06,-1.5753984330838782e-06,-1.1053498084104212,0.4364906369277709,1.1320758330177418e-06,0.21001002737497335,0.28643067372052106
18.37,1.0,-14.370000000000001,0.0016657422662303511,0.00011591804218721997,207.49690000000004,1028.8234843333335,0.024052634407917366,0.0016697707297742238,6.97033572502686e-07,9.654479114496263e-08,-9.654479114496263e-08,1.446323054902326e-06,-1.5428678460472887e-06,-1.1067385466869626,0.4361883500055393,1.1172990265128775e-06,0.2098315946963361,0.2862323092208811
18.38,1.0,-14.379999999999999,0.001647402567940333,0.00011456207009320814,207.78439999999998,1030.8998906666666,0.023804210997075196,0.0016513811458171747,6.817649221901111e-07,9.436492423005576e-08,-9.436492423005576e-08,1.4166011529831893e-06,-1.510966077213245e-06,-1.1081283504286172,0.43588648047300305,1.1027013586506798e-06,0.2096533136210353,0.28603421861763556
18.39,1.0,-14.39,0.0016292421249191858,0.00011322043953573214,208.0721,1032.9791730000002,0.023558014617122813,0.0016331713840071556,6.668121923849621e-07,9.223175474674022e-08,-9.223175474674022e-08,1.3874501317514303e-06,-1.4796818864981705e-06,-1.1095192195015575,0.4355850274683788,1.0882808366497204e-06,0.20947518402026255,0.2858364013452713
18.400000000000002,1.0,-14.400000000000002,0.0016112594464275855,0.00011189301711302676,208.36000000000007,1035.0613333333336,0.023314029045670263,0.001615139947800433,6.521692627451964e-07,9.014434040632392e-08,-9.014434040632392e-08,1.3588598758558917e-06,-1.4490042162622156e-06,-1.1109111537723173,0.4352839901322483,1.0740354877426254e-06,0.20929720576531946,0.28563885683982715
18.41,1.0,-14.41,0.0015934530513622887,0.00011057967046233787,208.6481,1037.1463736666667,0.023072238140592918,0.001597285350341431,6.378301226038369e-07,8.810175665842431e-08,-8.810175665842431e-08,1.3308204320405763e-06,-1.4189221886990007e-06,-1.1123041531077926,0.4349833676075505,1.0599633589985998e-06,0.20911937872761668,0.2854415845388889
18.42,1.0,-14.420000000000002,0.0015758214682204939,0.00010928026825384839,208.93640000000005,1039.2342960000005,0.022832625839993372,0.0015796061144267028,6.237888691835564e-07,8.610309638365439e-08,-8.610309638365439e-08,1.3033220068728326e-06,-1.389425103256487e-06,-1.1136982173752399,0.43468315903957266,1.0460625171473076e-06,0.20894170277867402,0.2852445838815832
18.43,1.0,-14.43,0.0015583632350641228,0.00010799468018462389,209.2249,1041.3251023333332,0.022595176162159912,0.001562100772468824,6.100397058369242e-07,8.41474695911129e-08,-8.41474695911129e-08,1.2763549644975987e-06,-1.3605024340887115e-06,-1.1150933464422732,0.43438336357594337,1.0323310484041228e-06,0.2087641777901208,0.28504785430857305
18.44,1.0,-14.440000000000001,0.0015410768994839064,0.00010672277697256968,209.51360000000003,1043.4187946666668,0.02235987320552018,0.0015447678664600928,5.965769403119167e-07,8.223400312060007e-08,-8.223400312060007e-08,1.2499098244173483e-06,-1.3321438275379485e-06,-1.1164895401768669,0.4340839803666235,1.018767058296642e-06,0.20858680363369508,0.2848513952620522
18.45,1.0,-14.45,0.0015239610185634848,0.00010546443035041418,209.80249999999998,1045.5153749999997,0.02212670114859277,0.0015276059479362443,5.833949830425478e-07,8.036184034951744e-08,-8.036184034951744e-08,1.2239772592978414e-06,-1.304339099647359e-06,-1.1178867984473493,0.4337850085638993,1.0053686714926103e-06,0.20840958018124406,0.28465520618574014
18.46,1.0,-14.46,0.001507014158843275,0.00010421951305970088,210.09160000000003,1047.6148453333335,0.021895644249933458,0.001510613577939939,5.70488345464126e-07,7.853014090436042e-08,-7.853014090436042e-08,1.1985480927991102e-06,-1.2770782337034705e-06,-1.1192851211224057,0.4334864473223735,9.921340316290692e-07,0.20823250730472379,0.28445928652487645
18.47,1.0,-14.469999999999999,0.0014902348962843555,0.00010298789884480689,210.38089999999997,1049.7172076666664,0.02166668684807943,0.001493789326984268,5.578516383530281e-07,7.673808037676725e-08,-7.673808037676725e-08,1.1736132974318455e-06,-1.2503513778086128e-06,-1.1206845080710748,0.43318829579895846,9.790613011428974e-07,0.20805558487619913,0.2842636357262164
18.48,1.0,-14.48,0.0014736218162321316,0.0001017694624469704,210.6704,1051.822464,0.021439813361488234,0.001477131775016038,5.454795701905077e-07,7.498485004403612e-08,-7.498485004403612e-08,1.1491639924386235e-06,-1.2241488424826597e-06,-1.122084959162749,0.43289055315286706,9.661486611025602e-07,0.20787881276784353,0.28406825323802476
18.490000000000002,1.0,-14.490000000000002,0.0014571735133800216,0.00010056407959834516,210.96010000000007,1053.9306163333338,0.021215008288474863,0.001460639511379087,5.333669455504345e-07,7.326965659407438e-08,-7.326965659407438e-08,1.1251914417001428e-06,-1.1984610982942173e-06,-1.1234864742671722,0.43259321854560606,9.533943110412361e-07,0.20770219085193922,0.28387313851007173
18.5,1.0,-14.5,0.0014408885917329669,9.937162701606667e-05,211.25,1056.0416666666665,0.020992256207144084,0.0014443111347774177,5.21508663510508e-07,7.159172185469697e-08,-7.159172185469697e-08,1.1016870516659482e-06,-1.1732787735206451e-06,-1.1248890532544378,0.43229629114096774,9.407964687911637e-07,0.2075257190008769,0.2836782909936273
18.51,1.0,-14.510000000000002,0.0014247656645708512,9.819198239633707e-05,211.54010000000005,1058.1556170000003,0.02077154177531939,0.0014281452532382488,5.098997160867354e-07,6.995028252722325e-08,-6.995028252722325e-08,1.0786423693095965e-06,-1.1485926518368197e-06,-1.1262926959949915,0.43199977010502183,9.283533703192638e-07,0.2073493970871555,0.2834837101414558
18.52,1.0,-14.52,0.0014088033544119145,9.702502440853406e-05,211.8304,1060.2724693333332,0.020552849730469534,0.001412140484075058,4.985351866909348e-07,6.834458992432034e-08,-6.834458992432034e-08,1.056049080108154e-06,-1.1243936700324743e-06,-1.1276974023596236,0.43170365460610866,9.160632695640858e-07,0.2071732249833826,0.2832893954078116
18.53,1.0,-14.530000000000001,0.0013930002929759555,9.587063268932934e-05,212.12090000000003,1062.3922256666667,0.020336164889629964,0.0013962954538504198,4.874102486108375e-07,6.6773909712013e-08,-6.6773909712013e-08,1.0338990060455462e-06,-1.1006729157575592e-06,-1.129103172219475,0.4314079438148304,9.039244382739214e-07,0.20699720256227364,0.28309534624843347
18.54,1.0,-14.54,0.0013773551211475638,9.472868783683383e-05,212.41159999999996,1064.514888,0.02012147214932241,0.0013806087983388737,4.765201635126772e-07,6.523752165582601e-08,-6.523752165582601e-08,1.0121841036398934e-06,-1.0774216252957194e-06,-1.1305100054460302,0.43111263690404444,8.919351658462517e-07,0.20682132969665265,0.28290156212053996
18.55,1.0,-14.55,0.00136186648893919,9.359907140475531e-05,212.70250000000001,1066.6404583333333,0.01990875648546997,0.0013650791624896298,4.6586027996584723e-07,6.373471937098133e-08,-6.373471937098133e-08,9.908964619943564e-07,-1.0546311813653378e-06,-1.13191790191112,0.4308177330488548,8.800937591683719e-07,0.2066456062594513,0.2827080424828238
18.56,1.0,-14.559999999999999,0.0013465330554541907,9.248166589657905e-05,212.99359999999996,1068.7689386666664,0.019698002953309594,0.0013497052003892571,4.554260319894512e-07,6.226481007660711e-08,-6.226481007660711e-08,9.700283008714836e-07,-1.0322931109480908e-06,-1.1333268614869179,0.43052323142660526,8.683985424592952e-07,0.20647003212370948,0.28251478679544767
18.57,1.0,-14.57,0.001331353488849749,9.137635475976315e-05,213.28490000000002,1070.900331,0.01948919668730061,0.001334485575224244,4.452129376203953e-07,6.082711435389153e-08,-6.082711435389153e-08,9.495719687907226e-07,-1.010399083144614e-06,-1.1347368840459406,0.43022913121687134,8.568478571128396e-07,0.20629460716257486,0.28232179452003864
18.580000000000002,1.0,-14.580000000000002,0.0013163264662997714,9.028302237995687e-05,213.57640000000006,1073.0346373333336,0.019282322901030626,0.0013194189592435387,4.352165975028257e-07,5.9420965908135904e-08,-5.9420965908135904e-08,9.295199411490254e-07,-9.889409070571612e-07,-1.1361479694610457,0.42993543160145303,8.454400615419761e-07,0.20611933124930285,0.2821290651196835
18.59,1.0,-14.59,0.0013014506739576763,8.920155407523483e-05,213.8681,1075.1718596666667,0.019077366887117732,0.0013045040337209873,4.254326934985817e-07,5.804571133464324e-08,-5.804571133464324e-08,9.098648183642403e-07,-9.679105296988836e-07,-1.1375601176054306,0.4296421317643671,8.341735310243541e-07,0.2059442042572567,0.28193659805892374
18.6,1.0,-14.600000000000001,0.0012867248069191087,8.813183609034991e-05,214.16000000000005,1077.3120000000004,0.01887431401710934,0.001289739488917694,4.158569873184186e-07,5.6700709888391014e-08,-5.6700709888391014e-08,8.905993240411254e-07,-9.473000339295164e-07,-1.1389733283526338,0.42934923089183963,8.230466575490277e-07,0.20576922605990705,0.28174439280375063
18.61,1.0,-14.61,0.0012721475691846406,8.707375559100893e-05,214.45209999999997,1079.4550603333332,0.018673149741378604,0.001275124024044372,4.0648531917377807e-07,5.538533325743976e-08,-5.538533325743976e-08,8.717163031598695e-07,-9.271016364173093e-07,-1.140387601576529,0.4290567281722986,8.12057849664414e-07,0.20559439653083222,0.28155244882160035
18.62,1.0,-14.620000000000001,0.0012577176736223241,8.60272006581617e-05,214.74440000000004,1081.601042666667,0.018473859589016543,0.0012606563472235528,3.9731360644875774e-07,5.4098965340012e-08,-5.4098965340012e-08,8.532087202867462e-07,-9.073076856267582e-07,-1.1418029371513299,0.42876462279636635,8.012055323273778e-07,0.20541971554371774,0.2813607655813491
18.63,1.0,-14.629999999999999,0.0012434338419302748,8.499206028231544e-05,215.03689999999997,1083.7499489999998,0.018276429167722236,0.001246335175451819,3.883378423921291e-07,5.28410020252045e-08,-5.28410020252045e-08,8.350696578069203e-07,-8.879106598321249e-07,-1.1432193349515827,0.4284729139568526,7.904881467535614e-07,0.20524518297235675,0.28116934255330833
18.64,1.0,-14.64,0.001229294804599108,8.396822435786256e-05,215.32960000000003,1085.9017813333335,0.018080844163688804,0.0012321592345619016,3.795540948290428e-07,5.161085097726636e-08,-5.161085097726636e-08,8.172923141789988e-07,-8.689031651562651e-07,-1.1446367948521712,0.4281816008487464,7.799041502688209e-07,0.20507079869064931,0.2809781792092197
18.650000000000002,1.0,-14.650000000000002,0.0012152993008743955,8.295558367743312e-05,215.62250000000006,1088.056541666667,0.01788709034148733,0.001218127259184794,3.709585048922645e-07,5.040793142340594e-08,-5.040793142340594e-08,7.998700022113233e-07,-8.502779336347293e-07,-1.14605531672831,0.42789068266920943,7.694520161618857e-07,0.2048965625726029,0.28078727502225065
18.66,1.0,-14.66,0.0012014460787190119,8.195402992626276e-05,215.9156,1090.214232,0.01769515354394698,0.0012042379927117584,3.625472857726113e-07,4.923167394506447e-08,-4.923167394506447e-08,7.827961473596484e-07,-8.32027821304713e-07,-1.1474749004555485,0.4276001586175685,7.591302335381302e-07,0.20472247449233189,0.28059662946698916
18.67,1.0,-14.670000000000002,0.0011877338947754448,8.09634556765811e-05,216.20890000000006,1092.3748543333336,0.01750501969203236,0.0011904901872563003,3.5431672148838525e-07,4.808152027261238e-08,-4.808152027261238e-08,7.660642860461017e-07,-8.14145806318714e-07,-1.1488955459097663,0.42731002789530786,7.489373071745064e-07,0.20454853432405753,0.2804062420194392
18.68,1.0,-14.68,0.001174161514328077,7.998375438202161e-05,216.5024,1094.5384106666666,0.017316674784718194,0.0011768826036161154,3.4626316567356163e-07,4.695692308341973e-08,-4.695692308341973e-08,7.496680639992372e-07,-7.96624987082657e-07,-1.1503172529671726,0.42702028970606265,7.388717573756375e-07,0.2043747419421082,0.28021611215701603
18.69,1.0,-14.690000000000001,0.0011607277112653798,7.901482037204764e-05,216.79610000000002,1096.7049030000003,0.01713010489886048,0.001163414011234949,3.3838304038444846e-07,4.585734580324598e-08,-4.585734580324598e-08,7.336012346149096e-07,-7.794585804181556e-07,-1.1517400215043077,0.4267309432556111,7.289321198310083e-07,0.20420109722091878,0.2800262393585413
18.7,1.0,-14.7,0.0011474312680421171,7.805654884640253e-05,217.08999999999997,1098.8743333333332,0.016945296189065522,0.0011500831881644698,3.306728349246378e-07,4.4782262410909554e-08,-4.4782262410909554e-08,7.178576573378962e-07,-7.626399197488058e-07,-1.1531638513980376,0.42644198775186787,7.191169454733294e-07,0.20402760003503095,0.2798366231042387
18.71,1.0,-14.71,0.0011342709756414313,7.710883586957385e-05,217.38410000000002,1101.0467036666669,0.01676223488755503,0.0011368889210260278,3.231291046879314e-07,4.3731157246178264e-08,-4.3731157246178264e-08,7.024312960639175e-07,-7.461624533100958e-07,-1.1545887425255574,0.42615342240487614,7.094248003379625e-07,0.20385425025909307,0.2796472628757284
18.72,1.0,-14.719999999999999,0.0011212456335369754,7.617157836528366e-05,217.67839999999995,1103.2220159999997,0.016580907304029557,0.0011238300049724564,3.1574847001909785e-07,4.270352482084692e-08,-4.270352482084692e-08,6.873162175620519e-07,-7.300197423828988e-07,-1.1560146947643861,0.42586524642680146,6.998542654235209e-07,0.2036810477678599,0.2794581581560236
18.73,1.0,-14.73,0.0011083540496549238,7.524467411099279e-05,217.9729,1105.4002723333333,0.016401299825528022,0.0011109052436497628,3.0852761509213474e-07,4.169886963294193e-08,-4.169886963294193e-08,6.725065899171639e-07,-7.142054595501058e-07,-1.1574417079923698,0.4255774590319237,6.904039365535145e-07,0.20350799243619247,0.27926930842952474
18.740000000000002,1.0,-14.740000000000002,0.0010955950403360155,7.43280217324298e-05,218.26760000000007,1107.5814746666672,0.0162233989162853,0.0010981134491588435,3.0146328680588304e-07,4.0716705984018836e-08,-4.0716705984018836e-08,6.579966809923176e-07,-6.987133869763365e-07,-1.158869782087676,0.4252900594366305,6.81072424239143e-07,0.20333508413905851,0.27908071318201555
18.75,1.0,-14.75,0.0010829674302975305,7.342152069813767e-05,218.5625,1109.765625,0.016047191117586714,0.0010854534420171433,2.9455229369671595e-07,3.975655779949955e-08,-3.975655779949955e-08,6.437808569108847e-07,-6.835374147103843e-07,-1.160298916928796,0.4250030468594106,6.718583535431529e-07,0.20316232275153168,0.27889237190065846
18.76,1.0,-14.760000000000002,0.0010704700525952099,7.25250713140386e-05,218.85760000000005,1111.9527253333335,0.015872663047619338,0.0010729240511202541,2.877915048680744e-07,3.881795845200513e-08,-3.881795845200513e-08,6.298535805581509e-07,-6.686715390101561e-07,-1.1617291123945437,0.4247164205208455,6.627603639447622e-07,0.2029897081487919,0.2787042840739892
18.77,1.0,-14.77,0.0010581017485852193,7.163857471802432e-05,219.1529,1114.1427776666665,0.01569980140132171,0.0010605241137035632,2.811778489366821e-07,3.7900450587647206e-08,-3.7900450587647206e-08,6.16209410102358e-07,-6.541098606900052e-07,-1.1631603683640508,0.42443017964360413,6.537771092057127e-07,0.2028172402061251,0.27851644919191315
18.78,1.0,-14.780000000000001,0.0010458613678860022,7.076193287456036e-05,219.44840000000002,1116.3357840000003,0.015528592950229674,0.0010482524753037902,2.747083129951308e-07,3.700358595522259e-08,-3.700358595522259e-08,6.028429975348067e-07,-6.398465834900293e-07,-1.1645926847167718,0.4241443234524344,6.44907257237331e-07,0.20264491879892307,0.2783288667457003
18.79,1.0,-14.79,0.0010337477683401847,6.989504856931608e-05,219.74409999999997,1118.531746333333,0.015359024542320647,0.001036107989720579,2.6837994159070487e-07,3.612692523827966e-08,-3.612692523827966e-08,5.897490872290199e-07,-6.258760124672996e-07,-1.166026061332477,0.4238588511741575,6.361494899687053e-07,0.20247274380268382,0.27814153622798077
18.8,1.0,-14.8,0.0010217598159763847,6.903782540380976e-05,220.04000000000002,1120.7306666666668,0.015191083101854302,0.0010240895189779955,2.6218983572014554e-07,3.527003789000322e-08,-3.527003789000322e-08,5.769225145186083e-07,-6.121925524086115e-07,-1.1674604980912562,0.42357376203765995,6.275025032158676e-07,0.2023007150930107,0.2779544571327403
18.81,1.0,-14.809999999999999,0.0010098963849710704,6.819016779007903e-05,220.33609999999996,1122.9325469999997,0.01502475562921163,0.0010121959332860784,2.5613515184021883e-07,3.4432501970885765e-08,-3.4432501970885765e-08,5.643582042938164e-07,-5.987907062647022e-07,-1.1688959948735136,0.4232890552738877,6.189650065520724e-07,0.20212883254561304,0.2777676289553158
18.82,1.0,-14.82,0.0009981563576103394,6.735198094536704e-05,220.63240000000002,1125.1373893333334,0.014860029200730599,0.0010004261110023093,2.502131008938012e-07,3.361390398913427e-08,-3.361390398913427e-08,5.520511696164152e-07,-5.856650736055495e-07,-1.1703325515599705,0.42300473011583833,6.105357231790709e-07,0.20195709603630568,0.2775810511923906
18.830000000000002,1.0,-14.830000000000002,0.0009865386242517372,6.652317088683326e-05,220.92890000000006,1127.345195666667,0.0146968909685401,0.0009887789385931262,2.444209473513373e-07,3.281383874377985e-08,-3.281383874377985e-08,5.399965103528889e-07,-5.728103490966688e-07,-1.171770168031661,0.42272078579855504,6.022133897994626e-07,0.20178550544100898,0.2773947233419904
18.84,1.0,-14.84,0.000975042083286017,6.570364442628148e-05,221.2256,1129.5559680000001,0.014535328160390774,0.0009772533105953806,2.3875600826740785e-07,3.2031909170442596e-08,-3.2031909170442596e-08,5.281894118256226e-07,-5.602213209960652e-07,-1.1732088441699333,0.42243722155911934,5.939967564900399e-07,0.2016140606357488,0.27720864490347846
18.85,1.0,-14.850000000000001,0.0009636656410989054,6.489330916490944e-05,221.52250000000004,1131.7697083333335,0.014375328079483654,0.0009658481295778009,2.3321565235223412e-07,3.126772618971596e-08,-3.126772618971596e-08,5.166251434819779e-07,-5.478928696716939e-07,-1.174648579856448,0.4221540366366443,5.858845865761666e-07,0.20144276149665616,0.2770228153775511
18.86,1.0,-14.86,0.0009524082120328713,6.409207348808016e-05,221.81959999999998,1133.9864186666666,0.014216878104296546,0.0009545623061024629,2.27797299057913e-07,3.052090855813091e-08,-3.052090855813091e-08,5.052990575810664e-07,-5.358199661391973e-07,-1.1760893749731762,0.4218712302722683,5.778756565071812e-07,0.2012716078999675,0.27683723426623374
18.87,1.0,-14.870000000000001,0.0009412687183488607,6.329984656011169e-05,222.11690000000004,1136.2061010000002,0.014059965688407674,0.000943394758686225,2.224984176791602e-07,2.9791082721657934e-08,-2.9791082721657934e-08,4.942065878980027e-07,-5.239976706196606e-07,-1.1775312294024005,0.42158880170914753,5.699687557327846e-07,0.20110059972202424,0.27665190107287596
18.88,1.0,-14.879999999999999,0.0009302460901880608,6.251653831909012e-05,222.41439999999997,1138.4287573333331,0.013904578360317435,0.0009323444137621977,2.1731652646839401e-07,2.9077882671712833e-08,-2.9077882671712833e-08,4.833432484455197e-07,-5.124211311172325e-07,-1.1789741430267104,0.4213067501924501,5.621626865804564e-07,0.2009297368392731,0.2764668153021475
18.89,1.0,-14.89,0.0009193392655336114,6.174205947169988e-05,222.71210000000002,1140.6543896666667,0.013750703723267173,0.0009214102056411611,2.122491917649217e-07,2.8380949803622563e-08,-2.8380949803622563e-08,4.7270463221268427e-07,-5.010855820163068e-07,-1.1804181157290063,0.4210250749693487,5.544562641338291e-07,0.20075901912826546,0.27628197646003355
18.900000000000002,1.0,-14.900000000000002,0.0009085471901723725,6.0976321488078685e-05,223.01000000000008,1142.8830000000005,0.013598329455056433,0.0009105910764730407,2.0729402713808275e-07,2.7699932777520574e-08,-2.7699932777520574e-08,4.622864099206384e-07,-4.899863426981589e-07,-1.1818631473924939,0.4207437752890146,5.468483161120907e-07,0.20058844646565793,0.2760973840538308
18.91,1.0,-14.91,0.0008978688176566559,6.021923659669053e-05,223.3081,1145.1145903333334,0.013447443307857429,0.0008998859762083468,2.0244869254411232e-07,2.7034487381628476e-08,-2.7034487381628476e-08,4.5208432879509885e-07,-4.791188161767273e-07,-1.183309237900685,0.42046285040261044,5.393376827503393e-07,0.20041801872821174,0.2759130375921427
18.92,1.0,-14.920000000000002,0.0008873031092659513,5.9470717779219245e-05,223.60640000000006,1147.349162666667,0.013298033108027215,0.0008892938625596155,1.977108934965501e-07,2.6384276397889563e-08,-2.6384276397889563e-08,4.4209421135546986e-07,-4.684784877533594e-07,-1.184756387137399,0.4201822995632839,5.31923216680911e-07,0.20024773579279273,0.2757289365848754
18.93,1.0,-14.93,0.0008768490339687062,5.873067876548601e-05,223.9049,1149.5867190000001,0.013150086755918269,0.0008788137009628992,1.9307838025002698e-07,2.5748969469921406e-08,-2.5748969469921406e-08,4.323119542204427e-07,-4.5806092369036407e-07,-1.1862045949867555,0.41990212202616145,5.246037828157045e-07,0.2000775975363716,0.27554508054323334
18.94,1.0,-14.940000000000001,0.00086650556838405,5.799903402838353e-05,224.20360000000005,1151.8272613333336,0.013003592225686093,0.0008684444645392078,1.8854894699719783e-07,2.5128242973245164e-08,-2.5128242973245164e-08,4.2273352692980946e-07,-4.4786176990305465e-07,-1.1876538613331813,0.41962231704834113,5.173782582294264e-07,0.19990760383602335,0.27536146897971503
18.95,1.0,-14.95,0.0008562716967435814,5.7275698778834875e-05,224.50249999999997,1154.0707916666665,0.012858537565095375,0.0008581851340560122,1.841204310786839e-07,2.4521779887763604e-08,-2.4521779887763604e-08,4.1335497078242224e-07,-4.378767506701858e-07,-1.1891041860614022,0.41934288388888685,5.102455320438292e-07,0.19973775456892762,0.27517810140810867
18.96,1.0,-14.96,0.000846146410853124,5.656058896077032e-05,224.80160000000004,1156.3173120000001,0.012714910895323507,0.0008480346978887202,1.7979071220580324e-07,2.3929269672447316e-08,-2.3929269672447316e-08,4.041723976900411e-07,-4.281016673624884e-07,-1.190555569056448,0.41906382180882096,5.032045053128653e-07,0.1995680496123682,0.27499497734348793
18.97,1.0,-14.969999999999999,0.0008361287100545361,5.5853621246128e-05,225.10089999999997,1158.566824333333,0.012572700410762533,0.0008379921519822059,1.755577116959421e-07,2.335040814219982e-08,-2.335040814219982e-08,3.9518198904697087e-07,-4.185323971891707e-07,-1.1920080102036463,0.418785130071119,4.962540909088147e-07,0.19939848884373337,0.274812096302208
18.98,1.0,-14.98,0.000826217601187486,5.5154713029872234e-05,225.40040000000002,1160.8193306666667,0.012431894378818415,0.0008280564998123084,1.7141939172035287e-07,2.2784897346862608e-08,-2.2784897346862608e-08,3.8637999461524225e-07,-4.0916489196210486e-07,-1.1934615093886258,0.41850680794070205,4.893932134093128e-07,0.19922907214051533,0.2746294578019007
18.990000000000002,1.0,-14.990000000000002,0.0008164120985512962,5.446378242503644e-05,225.70010000000005,1163.0748330000006,0.01229248113970897,0.0008182267523473999,1.6737375456424333e-07,2.2232445452332604e-08,-2.2232445452332604e-08,3.777627314252518e-07,-3.999951768775844e-07,-1.1949160664973124,0.41822885468443116,4.826208089853432e-07,0.1990597993803106,0.27444706136147107
19.0,1.0,-15.0,0.0008067112238667742,5.3780748257784946e-05,226.0,1165.3333333333333,0.012154449106259398,0.0008085019280099436,1.6341884189894902e-07,2.1692766623754287e-08,-2.1692766623754287e-08,3.693265826916247e-07,-3.91019349315379e-07,-1.1963716814159293,0.4179512695711006,4.7593582529013224e-07,0.1988906704408196,0.27426490650109264
19.01,1.0,-15.010000000000002,0.0007971140062380494,5.310553006249496e-05,226.30010000000004,1167.594833666667,0.012017786763695618,0.0007988810526380581,1.5955273406602292e-07,2.1165580910755263e-08,-2.1165580910755263e-08,3.61067996744144e-07,-3.8223357765489925e-07,-1.197828354030997,0.41767405187143164,4.693372213489517e-07,0.19872168519984662,0.2740829927422035
19.02,1.0,-15.02,0.0007876194821144902,5.243804807686352e-05,226.60039999999998,1169.859336,0.011882482669436504,0.0007893631594471641,1.5577354937310224e-07,2.0650614134696993e-08,-2.0650614134696993e-08,3.529834859736472e-07,-3.736341001083442e-07,-1.1992860842293305,0.41739720085806614,4.6282396744986794e-07,0.1985528435352999,0.2739013196075021
19.03,1.0,-15.030000000000001,0.0007782266952525753,5.177822323703096e-05,226.90090000000004,1172.1268423333336,0.011748525452883239,0.0007799472889915885,1.520794434013321e-07,2.014759777790235e-08,-2.014759777790235e-08,3.4506962579261327e-07,-3.652172235705156e-07,-1.2007448718980402,0.41712071580556015,4.56395045035352e-07,0.1983841453251912,0.2737198866209429
19.04,1.0,-15.04,0.000768934696677851,5.112597717272946e-05,227.20159999999998,1174.3973546666666,0.011615903815207608,0.0007706324891262534,1.4846860832423128e-07,1.9656268874835732e-08,-1.9656268874835732e-08,3.373230536103867e-07,-3.569793224852224e-07,-1.2022047169245287,0.4168445959903782,4.500494465948256e-07,0.19821559044763618,0.2735386933077327
19.05,1.0,-15.05,0.0007597425446468656,5.0481232202449536e-05,227.50250000000003,1176.6708750000003,0.011484606529137777,0.0007614178149683472,1.4493927223779304e-07,1.9176369905199154e-08,-1.9176369905199154e-08,3.2974046782278513e-07,-3.489168377279843e-07,-1.2036656191964925,0.416568840690886,4.437861755580667e-07,0.19804717878085384,0.2733577391943261
19.06,1.0,-15.059999999999999,0.0007506493046091817,4.984391132863093e-05,227.80359999999996,1178.947405333333,0.011354622438742907,0.0007523023288590728,1.4148969850169615e-07,1.870764868891926e-08,-1.870764868891926e-08,3.2231862681600977e-07,-3.41026275504929e-07,-1.2051275786019184,0.41629344918734534,4.376042461895329e-07,0.1978789102031668,0.27317702380842174
19.07,1.0,-15.07,0.0007416540491693715,4.9213938232871364e-05,228.10490000000001,1181.2269476666668,0.0112259404592153,0.0007432851003253821,1.3811818509142834e-07,1.8249858282990196e-08,-1.8249858282990196e-08,3.150543479846175e-07,-3.3330420626760774e-07,-1.2065905950290854,0.4160184207619069,4.31502683483532e-07,0.197710784593001,0.2729965466789578
19.080000000000002,1.0,-15.080000000000002,0.0007327558580490915,4.85912372711599e-05,228.40640000000005,1183.5095040000006,0.01109854957665146,0.0007343652060417912,1.348230639612006e-07,1.7802756880147885e-08,-1.7802756880147885e-08,3.0794450676347577e-07,-3.2574726364362364e-07,-1.2080546683665607,0.4157437546986051,4.254805230602986e-07,0.19754280182888562,0.2728163073361085
19.09,1.0,-15.09,0.0007239538180491636,4.797573346912946e-05,228.7081,1185.7950763333333,0.010972438847831008,0.0007255417297922032,1.3160270041746563e-07,1.736610770934266e-08,-1.736610770934266e-08,3.009860356734776e-07,-3.183521433828203e-07,-1.2095197985032013,0.41546945028335086,4.1953681106291785e-07,0.19737496178945324,0.2726363053112798
19.1,1.0,-15.100000000000001,0.0007152470230116853,4.736735251733015e-05,229.01000000000005,1188.083666666667,0.01084759739999378,0.0007168137624317625,1.2845549250289482e-07,1.6939678937982724e-08,-1.6939678937982724e-08,2.941759233808795e-07,-3.1111560231886225e-07,-1.210985985328152,0.41519550680392614,4.1367060405510796e-07,0.19720726435343927,0.272456540137105
19.11,1.0,-15.11,0.0007066345737822206,4.676602076652684e-05,229.3121,1190.375277,0.010724014430615878,0.0007081804018487914,1.2537987039067892e-07,1.6523243575922582e-08,-1.6523243575922582e-08,2.87511213770144e-07,-3.040344573460666e-07,-1.2124532287308432,0.4149219235499779,4.078809689198855e-07,0.19703970939968246,0.27227701134744164
19.12,1.0,-15.120000000000001,0.0006981155781719767,4.6171665223014324e-05,229.61440000000002,1192.6699093333334,0.010601679207183301,0.000699640752926714,1.223742957889648e-07,1.6116579381163797e-08,-1.6116579381163797e-08,2.809890050300569e-07,-2.971055844112207e-07,-1.213921528600994,0.41464869981301133,4.021669827590458e-07,0.19687229680712415,0.27209771847736636
19.13,1.0,-15.129999999999999,0.0006896891509200696,4.558421354395702e-05,229.91689999999997,1194.9675656666666,0.01048058106696461,0.000691193927506071,1.194372613553169e-07,1.571946876724543e-08,-1.571946876724543e-08,2.746064487530426e-07,-2.90325917520288e-07,-1.2153908848286052,0.41437583488638474,3.9652773279351825e-07,0.19670502645480892,0.2719186610631719
19.14,1.0,-15.14,0.0006813544136558006,4.500359403274773e-05,230.2196,1197.268248,0.01036070941678157,0.000682839044346546,1.1656729012102607e-07,1.533169871229326e-08,-1.533169871229326e-08,2.6836074904746573e-07,-2.83692447759759e-07,-1.2168612973039656,0.4141033280653026,3.909623162645381e-07,0.1965378982218838,0.2717398386423627
19.150000000000002,1.0,-15.150000000000002,0.000673110494860998,4.4429735634389305e-05,230.52250000000006,1199.5719583333337,0.01024205373277851,0.0006745752290890612,1.1376293492513984e-07,1.495306066970355e-08,-1.495306066970355e-08,2.622491616628056e-07,-2.772022223325091e-07,-1.218332765917644,0.4138311786468101,3.854698403356661e-07,0.19637091198759873,0.2715612507536508
19.16,1.0,-15.16,0.0006649565298323972,4.386256793089692e-05,230.8256,1201.8786986666667,0.01012460356019004,0.0006664016142179101,1.1102277785805907e-07,1.4583350480433504e-08,-1.4583350480433504e-08,2.5626899312753204e-07,-2.708523436079655e-07,-1.2198052905604924,0.41355938592978736,3.800494219956272e-07,0.19620406763130616,0.27138289693695244
19.17,1.0,-15.170000000000002,0.0006568916606440635,4.330202113672138e-05,231.12890000000004,1204.1884710000004,0.010008348513107165,0.000658317339022937,1.0834542971456013e-07,1.4222368286872622e-08,-1.4222368286872622e-08,2.50417599899536e-07,-2.646399681864086e-07,-1.221278871123646,0.41328794921494255,3.747001879619673e-07,0.1960373650324609,0.27120477673338356
19.18,1.0,-15.18,0.0006489150361098886,4.274802609419557e-05,231.4324,1206.501277333333,0.009893278274242306,0.0006503215495617903,1.0572952945611203e-07,1.386991844827069e-08,-1.386991844827069e-08,2.446923875289871e-07,-2.5856230597725776e-07,-1.2227535074985179,0.41301686780480684,3.6942127458554265e-07,0.1958708040706205,0.2710268896852563
19.19,1.0,-15.190000000000001,0.0006410258117460975,4.220051426899917e-05,231.73610000000005,1208.8171196666672,0.00977938259469222,0.0006424133986221887,1.0317374368232779e-07,1.352580945769398e-08,-1.352580945769398e-08,2.3909080983342285e-07,-2.526166192911168e-07,-1.2242291995768033,0.41274614100372803,3.642118277557891e-07,0.19570438462544446,0.2708492353360748
19.2,1.0,-15.2,0.0006332231497338656,4.1659417745649056e-05,232.04,1211.136,0.009666651293700406,0.0006345920456842996,1.0067676611144604e-07,1.3189853860489396e-08,-1.3189853860489396e-08,2.3361036808499936e-07,-2.4680022194548874e-07,-1.2257059472504739,0.4124757681178649,3.590710028068355e-07,0.1955381065766949,0.2706718132305318
19.21,1.0,-15.21,0.0006255062188819274,4.1124669223006405e-05,232.34410000000003,1213.4579203333335,0.009555074258417123,0.0006268566568831086,9.823731706966685e-08,1.2861868174226355e-08,-1.2861868174226355e-08,2.2824861020966382e-07,-2.4111047838389016e-07,-1.2271837504117817,0.412205748455181,3.539979644243723e-07,0.19537196980423582,0.2704946229145041
19.22,1.0,-15.219999999999999,0.0006178741945892979,4.059620200980933e-05,232.64839999999995,1215.7828826666664,0.009444641443658922,0.0006192064049709069,9.58541429892487e-08,1.2541672810097689e-08,-1.2541672810097689e-08,2.2300312999819923e-07,-2.3554480280829692e-07,-1.228662608953253,0.4119360813254392,3.489918865533512e-07,0.19520597418803345,0.2703176639350495
19.23,1.0,-15.23,0.0006103262588080094,4.007395002022386e-05,232.9529,1218.110889,0.009335342871666206,0.0006116404692797923,9.352601591520114e-08,1.2229091995751191e-08,-1.2229091995751191e-08,2.178715663289226e-07,-2.301006583246738e-07,-1.2301425227676925,0.4116667660401954,3.4405195230644355e-07,0.19504011960815587,0.27014093584040233
19.240000000000002,1.0,-15.240000000000002,0.0006028616000059397,3.955784776941861e-05,233.25760000000005,1220.441941333334,0.00922716863185994,0.0006041580356842654,9.125173302046752e-08,1.1923953699531548e-08,-1.1923953699531548e-08,2.128516024019501e-07,-2.2477555610148165e-07,-1.231623491748179,0.41139780191279335,3.3917735387330233e-07,0.1948744059447732,0.26996443817996985
19.25,1.0,-15.25,0.000595479413129686,3.904783036915974e-05,233.5625,1222.7760416666665,0.009120108880596871,0.0005967582965638717,8.903011612945347e-08,1.1626089556107384e-08,-1.1626089556107384e-08,2.0794096498485481e-07,-2.195670545409622e-07,-1.2331055157880653,0.41112918825835837,3.3436729243058917e-07,0.1947088330781573,0.2697881705043288
19.26,1.0,-15.260000000000002,0.000588178899567484,3.854383352342621e-05,233.86760000000004,1225.1131920000005,0.009014153840923233,0.0005894404507658921,8.68600112497745e-08,1.1335334793460564e-08,-1.1335334793460564e-08,2.0313742366957767e-07,-2.1447275846303822e-07,-1.234588594780979,0.41086092439379146,3.2962097805276323e-07,0.1945434008886818,0.2696121323652209
19.27,1.0,-15.27,0.0005809592671122438,3.804579352405002e-05,234.1729,1227.453394333333,0.008909293802328013,0.0005822037035681499,8.474028811211754e-08,1.1051528161217927e-08,-1.1051528161217927e-08,1.984387901405009e-07,-2.0949031830171882e-07,-1.2360727286208182,0.41059300963776413,3.2493762962366715e-07,0.19437810925682195,0.2694363233155499
19.28,1.0,-15.280000000000001,0.0005738197299245818,3.755364724637315e-05,234.47840000000002,1229.796650666667,0.008805519120493982,0.000575047266641817,8.266983971805624e-08,1.0774511860298426e-08,-1.0774511860298426e-08,1.9384291745346278e-07,-2.046174293137612e-07,-1.2375579172017552,0.41032544331071225,3.20316474748831e-07,0.1942129580631544,0.26926074290937707
19.29,1.0,-15.29,0.0005667595084959851,3.706733214493036e-05,234.78409999999997,1232.1429629999998,0.008702820217048542,0.0005679703580143538,8.064758189573832e-08,1.0504131473859079e-08,-1.0504131473859079e-08,1.893476993256721e-07,-1.9985183079953118e-07,-1.239044160418231,0.41005822473483045,3.157567496685709e-07,0.19404794718835755,0.2690853907019181
19.3,1.0,-15.3,0.0005597778296119922,3.658678624914981e-05,235.09000000000003,1234.4923333333334,0.00860118757931263,0.0005609722020324657,7.867245286328839e-08,1.024023589951348e-08,-1.024023589951348e-08,1.8495106943630467e-07,-1.9519130533581816e-07,-1.2405314581649582,0.40979135323406646,3.1125769917180487e-07,0.193883076513211,0.2689102662495389
19.31,1.0,-15.309999999999999,0.000552873926315483,3.611194815907793e-05,235.39609999999996,1236.8447636666665,0.008500611760049123,0.0005540520293251728,7.674341279983553e-08,9.982677282805298e-09,-9.982677282805298e-09,1.806510007377136e-07,-1.906336780205189e-07,-1.242019810336917,0.4095248281341156,3.068185765106383e-07,0.1937183459185956,0.26873536910975215
19.32,1.0,-15.32,0.0005460470378700087,3.5642757041123286e-05,235.7024,1239.200256,0.008401083377209658,0.0005472090767669186,7.485944342402585e-08,9.731310951912884e-09,-9.731310951912884e-09,1.764455047770711e-07,-1.8617681572898398e-07,-1.2435092168293578,0.4092586487624148,3.024386433156666e-07,0.1935537552854936,0.26856069884121353
19.330000000000002,1.0,-15.330000000000002,0.0005392964097232179,3.517915262382373e-05,236.00890000000007,1241.558812333334,0.008302593113680755,0.0005404425874407781,7.301954757992078e-08,9.48599535356663e-09,-9.48599535356663e-09,1.7233263102834773e-07,-1.8181862638191436e-07,-1.2449996775377965,0.4089928144481374,2.9811716951202874e-07,0.19338930449498815,0.2683862550037181
19.34,1.0,-15.34,0.0005326212934703454,3.472107519363398e-05,236.3156,1243.9204346666668,0.00820513171702873,0.0005337518106017305,7.122274883015641e-08,9.246591990157228e-09,-9.246591990157228e-09,1.6831046623447712e-07,-1.7755705822463433e-07,-1.2464911923580162,0.4087273245221874,2.9385343323618065e-07,0.1932249934282637,0.2682120371581966
19.35,1.0,-15.350000000000001,0.0005260209468177692,3.426846559073415e-05,236.62250000000003,1246.2851250000003,0.008108689999243492,0.0005271360016399996,6.946809105625143e-08,9.012965358015062e-09,-9.012965358015062e-09,1.6437713375957857e-07,-1.7339009911759362e-07,-1.2479837611860667,0.40846217831719367,2.896467207533869e-07,0.19306082196660537,0.2680380448667116
19.36,1.0,-15.36,0.0005194946335466672,3.3821265204861144e-05,236.9296,1248.6528853333332,0.00801325883648167,0.0005205944220444968,6.77546380659609e-08,8.784982886841993e-09,-8.784982886841993e-09,1.6053079295112889e-07,-1.6931577583797087e-07,-1.249477383918261,0.40819737516750476,2.854963263759458e-07,0.1928967899913993,0.2678642776924543
19.37,1.0,-15.370000000000001,0.0005130416234767227,3.3379415971159576e-05,237.23690000000002,1251.0237176666667,0.007918829168808388,0.0005141263393663147,6.608147320755176e-08,8.562514880274278e-09,-8.562514880274278e-09,1.5676963851192636e-07,-1.6533215339220065e-07,-1.2509720604511778,0.40793291440918306,2.81401552382109e-07,0.1927328973841324,0.26769073519974046
19.38,1.0,-15.379999999999999,0.0005066611924299368,3.294286036605571e-05,237.54439999999997,1253.3976239999997,0.007825391999938484,0.0005077310271823291,6.444769899090574e-08,8.345434457559347e-09,-8.345434457559347e-09,1.5309189988175308e-07,-1.614373343393124e-07,-1.2524677906816577,0.4076687953799998,2.77361708935725e-07,0.1925691440263923,0.267517416954007
19.39,1.0,-15.39,0.0005003526221944967,3.251154140315118e-05,237.8521,1255.7746063333334,0.007732938396976455,0.0005014077650588566,6.285243671532939e-08,8.13361749632582e-09,-8.13361749632582e-09,1.49495840628582e-07,-1.576294581249078e-07,-1.2539645745068049,0.4074050174194287,2.7337611400657114e-07,0.19240552979986703,0.26734432252180845
19.400000000000002,1.0,-15.400000000000002,0.0004941152004887464,3.208540262913937e-05,238.16000000000005,1258.1546666666673,0.007641459490155834,0.0004951558385154193,6.129482610397698e-08,7.926942576429676e-09,-7.926942576429676e-09,1.4597975784923167e-07,-1.5390670042566135e-07,-1.255462411823984,0.4071415798686415,2.6944409329139536e-07,0.19224205458634547,0.26717145147081334
19.41,1.0,-15.41,0.0004879482209252293,3.166438811974233e-05,238.4681,1260.5378070000002,0.007550946472577526,0.0004889745389885797,5.97740249447735e-08,7.72529092485712e-09,-7.72529092485712e-09,1.4254198157932746e-07,-1.5026727250418457e-07,-1.2569613025308206,0.4068784820705021,2.6556498013564355e-07,0.19207871826771672,0.2669988033698005
19.42,1.0,-15.420000000000002,0.00048185098297480813,3.124844247566849e-05,238.77640000000005,1262.9240293333337,0.007461390599947211,0.00048286316379585637,5.8289208737736005e-08,7.528546361666303e-09,-7.528546361666303e-09,1.391808742124515e-07,-1.467094205741178e-07,-1.2584612465252012,0.4066157233695606,2.6173811545586985e-07,0.1919155207259702,0.2668263777886555
19.43,1.0,-15.43,0.000475822791930893,3.08375108185932e-05,239.0849,1265.3133356666667,0.007372783190312273,0.00047682101609974864,5.683957034859919e-08,7.336595246951067e-09,-7.336595246951067e-09,1.3589482992837805e-07,-1.4323142517532912e-07,-1.2599622437052695,0.40635330311204887,2.5796284766284443e-07,0.19175246184319586,0.2666541742983675
19.44,1.0,-15.440000000000001,0.0004698629588737303,3.0431538787158694e-05,239.39360000000005,1267.7057280000004,0.007285115623797555,0.00047084740487182377,5.5424319668632787e-08,7.149326428807537e-09,-7.149326428807537e-09,1.326822741302481e-07,-1.3983160055905565e-07,-1.2614642939694296,0.40609122064587455,2.542385325853213e-07,0.19158954150158344,0.26648219247102517
19.45,1.0,-15.45,0.0004639708006348011,3.0030472532996837e-05,239.7025,1270.1012083333333,0.007198379342340674,0.00046494164485691474,5.4042683280563356e-08,6.966631192287973e-09,-6.966631192287973e-09,1.2954166289059236e-07,-1.3650829408288032e-07,-1.2629673972163409,0.4058294753206159,2.505645333944939e-07,0.19142675958342317,0.2663104318798136
19.46,1.0,-15.46,0.0004581456397612896,2.9634258716771644e-05,240.01160000000002,1272.4997786666668,0.007112565849426309,0.00045910305653739,5.269390413049348e-08,6.788403209323458e-09,-6.788403209323458e-09,1.264714824060635e-07,-1.3325988561538696e-07,-1.2644715533449218,0.40556806648751637,2.4694022052910476e-07,0.19126411597110501,0.2661388920990105
19.47,1.0,-15.469999999999999,0.0004523868044806599,2.924284450424434e-05,240.32089999999997,1274.9014409999997,0.007027666709820053,0.0004533309660975326,5.137724120573056e-08,6.614538489599962e-09,-6.614538489599962e-09,1.2347024846078251e-07,-1.300847869503825e-07,-1.265976762254344,0.4053069934994794,2.4336497162123097e-07,0.191101610547119,0.26596757270398297
19.48,1.0,-15.48,0.00044669362866530565,2.8856177562358242e-05,240.6304,1277.3061973333333,0.006943673549301289,0.0004476247053879939,5.009196921842208e-08,6.444935332370089e-09,-6.444935332370089e-09,1.205365058981659e-07,-1.26981441230536e-07,-1.2674830238440364,0.40504625571106295,2.39838171422715e-07,0.1909392431940548,0.2657964732711837
19.490000000000002,1.0,-15.490000000000002,0.0004410654517973106,2.8474206055346067e-05,240.94010000000006,1279.7140496666673,0.0068605780543956885,0.00044198361189035963,4.8837378294912014e-08,6.279494279185465e-09,-6.279494279185465e-09,1.1766882810113932e-07,-1.2394832238032478e-07,-1.2689903380136809,0.40478585247847443,2.363592117322609e-07,0.19077701379460218,0.26562559337814795
19.5,1.0,-15.5,0.0004355016189332916,2.809687864085752e-05,241.25,1282.125,0.006778371972106877,0.00043640702868179954,4.761277367071925e-08,6.118118067532835e-09,-6.118118067532835e-09,1.1486581648061017e-07,-1.2098393454814302e-07,-1.2704987046632126,0.4045257831595655,2.3292749132317114e-07,0.19061492223155033,0.2654549326034898
19.51,1.0,-15.510000000000002,0.0004300014806693283,2.772414446610756e-05,241.56010000000006,1284.5390503333338,0.00669704710964739,0.00043089430439980557,4.6417475391048073e-08,5.960711585358307e-09,-5.960711585358307e-09,1.1212609997209118e-07,-1.1808681155744949e-07,-1.2720081236928205,0.40426604711382635,2.2954241587172346e-07,0.19045296838778808,0.2652844905268986
19.52,1.0,-15.52,0.0004245643931060153,2.7355953164047377e-05,241.8704,1286.9562026666665,0.006616595334169404,0.0004254447932070536,4.525081801674815e-08,5.807181826465177e-09,-5.807181826465177e-09,1.0944833454038082e-07,-1.15255516366846e-07,-1.2735185950029437,0.40400664370238126,2.2620339788620167e-07,0.19029115214630382,0.2651142667291361
19.53,1.0,-15.530000000000001,0.0004191897178135765,2.6992254849554188e-05,242.18090000000004,1289.3764590000003,0.006537008572494399,0.0004200578547563291,4.411215033562231e-08,5.657437846768381e-09,-5.657437846768381e-09,1.0683120269216314e-07,-1.1248864053893153e-07,-1.2750301184942745,0.40374757228798247,2.2290985663654056e-07,0.19012947339018516,0.26494426079203226
19.54,1.0,-15.54,0.000413876821797113,2.6633000115644338e-05,242.49159999999998,1291.799821333333,0.00645827881084278,0.00041473285415558666,4.300083507900978e-08,5.51139072139251e-09,-5.51139072139251e-09,1.0427341299645207e-07,-1.0978480371784458e-07,-1.2765426940677531,0.403488832235006,2.19661218084621e-07,0.1899679320026194,0.2647744722984825
19.55,1.0,-15.55,0.0004086250774619124,2.6278140029704976e-05,242.8025,1294.2262916666668,0.006380398094562443,0.0004094691619330749,4.191624864354368e-08,5.368953502596589e-09,-5.368953502596589e-09,1.0177369961274013e-07,-1.0714265311533671e-07,-1.2780563216245715,0.4032304229094456,2.164569148151685e-07,0.1898065278668927,0.26460490083244403
19.56,1.0,-15.559999999999999,0.0004034338625788965,2.5927626129749137e-05,243.11359999999996,1296.6558719999998,0.006303358527857379,0.0004042661540025977,4.0857780818013007e-08,5.23004117851311e-09,-5.23004117851311e-09,9.933082182678086e-08,-1.0456086300529397e-07,-1.279571001066168,0.4029723436789084,2.132963859672938e-07,0.1896452608663907,0.2644355459789325
19.57,1.0,-15.57,0.0003983025602501333,2.5581410420689358e-05,243.4249,1299.0885643333336,0.006227152273515265,0.00039912321162884377,3.98248345152307e-08,5.094570632685005e-09,-5.094570632685005e-09,9.694356359386582e-08,-1.0203813422655083e-07,-1.2810867322942314,0.402714593912609,2.1017907716662804e-07,0.1894841308845979,0.2642664073240187
19.580000000000002,1.0,-15.580000000000002,0.0003932305588744814,2.5239445370634232e-05,243.73640000000006,1301.524370666667,0.006151771552635055,0.0003940397213928492,3.8816825508838556e-08,4.962460604388221e-09,-4.962460604388221e-09,9.46107330895248e-08,-9.957319369391303e-08,-1.2826035152106952,0.4024571729813652,2.071044404580869e-07,0.18932313780509785,0.26409748445482517
19.59,1.0,-15.59,0.0003882172521133166,2.4901683907204402e-05,244.0481,1303.963293,0.0060772086443538105,0.0003890150751575429,3.783318217495719e-08,4.833631649724645e-09,-4.833631649724645e-09,9.233116226752171e-08,-9.716479391724635e-08,-1.2841213497177402,0.40220008025759224,2.0407193423922908e-07,0.1891622815115732,0.26392877695952305
19.6,1.0,-15.600000000000001,0.00038326203885636804,2.4568079413869743e-05,244.36000000000004,1306.4053333333338,0.0060034558855732115,0.00038404867003340393,3.687334523860659e-08,4.708006103472441e-09,-4.708006103472441e-09,9.01037064250591e-08,-9.481171252853154e-08,-1.2856402357177936,0.4019433151152981,2.010810231942195e-07,0.18900156188780512,0.2637602844273283
19.61,1.0,-15.61,0.00037836432318767,2.4238585726308137e-05,244.67209999999997,1308.8504936666666,0.005930505670685837,0.00037913990834423535,3.5936767524818796e-08,4.585508041680448e-09,-4.585508041680448e-09,8.792724377509217e-08,-9.251275181677263e-08,-1.287160173113526,0.40168687693007854,1.9813117822839743e-07,0.18884097881767373,0.263592006448499
19.62,1.0,-15.620000000000001,0.0003735235143515951,2.3913157128783295e-05,244.98440000000002,1311.298776,0.005858350451300699,0.0003742881975930208,3.5022913714358045e-08,4.466063244992518e-09,-4.466063244992518e-09,8.580067502563777e-08,-9.026673827063028e-08,-1.288681161807854,0.4014307650791115,1.9522187640342236e-07,0.18868053218515773,0.2634239426143315
19.63,1.0,-15.629999999999999,0.0003687390267190227,2.359174835054528e-05,245.29689999999997,1313.750182333333,0.00578698273596887,0.0003694929504279176,3.413126010398189e-08,4.349599162690088e-09,-4.349599162690088e-09,8.372292296600436e-08,-8.807252212869445e-08,-1.2902032017039349,0.401174978941153,1.9235260087302599e-07,0.1885202218743345,0.2632560925171576
19.64,1.0,-15.64,0.0003640102797535886,2.327431456224991e-05,245.60960000000003,1316.2047146666669,0.005716395089908376,0.00036475358460833304,3.326129437115709e-08,4.236044877438805e-09,-4.236044877438805e-09,8.169293205982147e-08,-8.592897693726028e-08,-1.2917262927051714,0.40091951789653124,1.8952284081933203e-07,0.1883600477693797,0.26308845575034084
19.650000000000002,1.0,-15.650000000000002,0.00035933669797806535,2.2960811372400338e-05,245.92250000000007,1318.6623750000006,0.005646580134729124,0.00036006952297113165,3.2412515343164574e-08,4.125331070727774e-09,-4.125331070727774e-09,7.970966804479393e-08,-8.38349991155217e-08,-1.2932504347152054,0.40066438132714244,1.867320913897698e-07,0.18820000975456763,0.2629210319082737
19.66,1.0,-15.66,0.0003547177109408352,2.265119482380812e-05,246.2356,1321.1231653333332,0.005577530548157288,0.0003554401933969371,3.158443277051301e-08,4.017389988988056e-09,-4.017389988988056e-09,7.777211753906933e-08,-8.178950752805739e-08,-1.2947756276379208,0.4004095686164454,1.839798536345526e-07,0.18804010771427085,0.26275382058637403
19.67,1.0,-15.670000000000002,0.00035015275318247424,2.234542139007493e-05,246.54890000000006,1323.587087666667,0.0055092390637594465,0.0003508650287765464,3.077656710459169e-08,3.912155410378644e-09,-3.912155410378644e-09,7.587928765413265e-08,-7.97914430645113e-08,-1.296301871377443,0.4001550791494565,1.8126563444472822e-07,0.18788034153296,0.2625868213810819
19.68,1.0,-15.68,0.000345641264202465,2.204344797209598e-05,246.86239999999998,1326.054144,0.005441698470666747,0.00034634346697747415,2.998844927949418e-08,3.809562612228259e-09,-3.809562612228259e-09,7.403020561414203e-08,-7.783976822637029e-08,-1.297829165838135,0.39990091231274544,1.7858894649080607e-07,0.18772071109520416,0.2624200338898565
19.69,1.0,-15.690000000000001,0.0003411826884259933,2.174523189458211e-05,247.17610000000005,1328.5243363333336,0.005374901613298418,0.0003418749508105816,2.92196204979344e-08,3.7095483391200894e-09,-3.7095483391200894e-09,7.222391838159483e-08,-7.593346672071493e-08,-1.2993575109246,0.39964706749442935,1.7594930816193074e-07,0.18756121628567016,0.2622534577111726
19.7,1.0,-15.7,0.000336776475170884,2.1450730902604075e-05,247.48999999999998,1330.9976666666666,0.0053088413910854825,0.0003374589279968467,2.846963202119524e-08,3.6120507716090773e-09,-3.6120507716090773e-09,7.045949228925611e-08,-7.407154306086518e-08,-1.3008869065416784,0.39939354408416905,1.7334624350562912e-07,0.18740185698912315,0.2620870924445179
19.71,1.0,-15.71,0.00033242207861462774,2.115990315815581e-05,247.80410000000003,1333.4741370000002,0.005243510758193959,0.00033309485113422623,2.7738044963033084e-08,3.51700949555919e-09,-3.51700949555919e-09,6.873601267823947e-08,-7.225302217379866e-08,-1.302417352594449,0.3991403414731632,1.7077928216809815e-07,0.18724263309042596,0.2619209376903892
19.72,1.0,-15.719999999999999,0.0003281189577615392,2.0872707236739136e-05,248.11839999999995,1335.953749333333,0.005178902723248135,0.0003287821776646498,2.702443008747734e-08,3.424365472090291e-09,-3.424365472090291e-09,6.705258354216737e-08,-7.047694901425766e-08,-1.3039488489882247,0.3988874590541442,1.6824795933505245e-07,0.1870835444745393,0.2617549930502899
19.73,1.0,-15.73,0.00032386657641001517,2.0589102123967905e-05,248.43290000000002,1338.4365056666668,0.005115010349053506,0.000324520369841117,2.632836761045384e-08,3.3340610081228287e-09,-3.3340610081228287e-09,6.540832717731119e-08,-6.874238818543401e-08,-1.3054813956285582,0.39863489622137266,1.6575181567310853e-07,0.18692459102652167,0.2615892581267262
19.740000000000002,1.0,-15.740000000000002,0.0003196644031199228,2.0309047212193314e-05,248.74760000000006,1340.9224080000006,0.005051826752319779,0.00032030889469492356,2.5649447005170908e-08,3.246039727510054e-09,-3.246039727510054e-09,6.380238383863451e-08,-6.704842356614457e-08,-1.3070149924212335,0.39838265237063347,1.6329039727171886e-07,0.18676577263152913,0.26142373252320433
19.75,1.0,-15.75,0.0003155119111800933,2.003250229714878e-05,249.0625,1343.4114583333335,0.004989345103383619,0.00031614722400299575,2.4987266811200095e-08,3.160246542746511e-09,-3.160246542746511e-09,6.223391140164523e-08,-6.539415794439174e-08,-1.308549639272271,0.39813072689923046,1.6086325558563638e-07,0.18660708917481555,0.26125841584422765
19.76,1.0,-15.760000000000002,0.00031140857857593054,1.975942757461488e-05,249.37760000000006,1345.903658666667,0.004927558625931281,0.00031203483425534074,2.434143444718949e-08,3.0766276272424333e-09,-3.0766276272424333e-09,6.070208502997443e-08,-6.377871265721687e-08,-1.3100853360879248,0.39787911920598146,1.5846994737791104e-07,0.18644854054173196,0.2610933076952927
19.77,1.0,-15.77,0.00030735388795715253,1.948978363710542e-05,249.69289999999998,1348.3990109999997,0.0048664605967214,0.0003079712066226306,2.371156602714976e-08,2.995130388154022e-09,-2.995130388154022e-09,5.920609684860501e-08,-6.220122723675903e-08,-1.3116220827746803,0.3976278286912142,1.5611003466342392e-07,0.18629012661772706,0.260928407682887
19.78,1.0,-15.780000000000001,0.00030334732660562924,1.922353147057219e-05,250.00840000000002,1350.8975173333336,0.004806044345307401,0.0003039558269238844,2.3097286180245594e-08,2.9157034397586272e-09,-2.9157034397586272e-09,5.774515562265312e-08,-6.066085906241175e-08,-1.3131598792392576,0.397376854756761,1.5378308465293319e-07,0.18613184728834667,0.26076371541448534
19.79,1.0,-15.79,0.0002993883864033645,1.8960632451131378e-05,250.3241,1353.3991796666667,0.004746303253760256,0.000299988185594295,2.2498227874039293e-08,2.8382965773657462e-09,-2.8382965773657462e-09,5.6318486441637994e-08,-5.915678301900374e-08,-1.3146987253886062,0.39712619680595435,1.5148866969765499e-07,0.18597370243923414,0.260599230498547
19.8,1.0,-15.8,0.00029547656380057066,1.8701048341808268e-05,250.64000000000001,1355.9040000000002,0.004687230756390825,0.0002960677776531505,2.1914032241118838e-08,2.7628607517529334e-09,-2.7628607517529334e-09,5.4925330409140256e-08,-5.768819116089319e-08,-1.3162386211299075,0.39687585424362215,1.492263672343462e-07,0.1858156919561296,0.26043495254451243
19.81,1.0,-15.809999999999999,0.00029161135978388763,1.8444741289303458e-05,250.95609999999996,1358.411980333333,0.004628820339472567,0.0002921941026719008,2.1344348409059323e-08,2.689348044117899e-09,-2.689348044117899e-09,5.356494433778732e-08,-5.625429238190522e-08,-1.3177795663705723,0.39662582647608313,1.4699575973091278e-07,0.1856578157248707,0.26027088116280056
19.82,1.0,-15.82,0.0002877922798447034,1.819167382077771e-05,251.2724,1360.9231226666666,0.0045710655409639854,0.00028836666474232707,2.0788833333653416e-08,2.617711641536412e-09,-2.617711641536412e-09,5.223660044947093e-08,-5.485431209100734e-08,-1.3193215610182416,0.396376112911142,1.4479643463251604e-07,0.18550007363139165,0.2601070159648053
19.830000000000002,1.0,-15.830000000000002,0.00028401883394761,1.7941808840657608e-05,251.58890000000005,1363.4374290000003,0.004513959950231324,0.00028458497244484773,2.0247151635358687e-08,2.547905812917247e-09,-2.547905812917247e-09,5.093958608073095e-08,-5.3487491893648197e-08,-1.3208646049807844,0.3961267129580849,1.426279843081917e-07,0.18534246556172385,0.25994335656289275
19.84,1.0,-15.84,0.00028029053649897707,1.7695109627460676e-05,251.9056,1365.9549013333333,0.004457497207771258,0.0002808485388169436,1.9718975438903067e-08,2.4798858854445835e-09,-2.4798858854445835e-09,4.9673203393221407e-08,-5.215308927866599e-08,-1.3224086981662972,0.395877626027675,1.4049000599796652e-07,0.18518499140199557,0.25977990257039835
19.85,1.0,-15.850000000000001,0.0002766069063156398,1.7451539830639733e-05,252.22250000000005,1368.475541666667,0.004401671004933531,0.00027715688132169756,1.9203984215992385e-08,2.413608221498711e-09,-2.413608221498711e-09,4.843676908918141e-08,-5.085037731068012e-08,-1.3239538404831055,0.39562885153214744,1.383821017604673e-07,0.18502765103843158,0.2596166536016232
19.86,1.0,-15.86,0.00027296746659372713,1.721106346744812e-05,252.53959999999998,1370.9993519999998,0.0043464750836439605,0.0002735095218164773,1.8701864631069517e-08,2.349030196046581e-09,-2.349030196046581e-09,4.722961413184443e-08,-4.9578644327891016e-08,-1.325500031839759,0.3953803888852054,1.3630387842103274e-07,0.18487044435735353,0.2594536092718321
19.87,1.0,-15.870000000000001,0.0002693717448775934,1.6973644919823147e-05,252.85690000000002,1373.5263343333336,0.00429190323612723,0.0002699059865217211,1.8212310390065873e-08,2.28611017449273e-09,-2.28611017449273e-09,4.605108347069848e-08,-4.833719364519121e-08,-1.3270472721450357,0.39513223750201454,1.3425494752030216e-07,0.18471337124517956,0.25929076919724925
19.88,1.0,-15.879999999999999,0.0002658192730288966,1.673924893129072e-05,253.17439999999996,1376.0564906666664,0.004237949304630169,0.00026634580598987247,1.7735022092098696e-08,2.224807490982717e-09,-2.224807490982717e-09,4.4900535771538324e-08,-4.712534326252104e-08,-1.3285955613079363,0.39488439679919957,1.3223492526330248e-07,0.18455643158842439,0.25912813299505644
19.89,1.0,-15.89,0.00026230958719577726,1.6507840603887804e-05,253.49210000000002,1378.589823,0.004184607181144788,0.00026282851507441584,1.726970708405561e-08,2.1650824271497503e-09,-2.1650824271497503e-09,4.3777343151221324e-08,-4.594242557837107e-08,-1.3301448992376883,0.3946368661948389,1.302434324690024e-07,0.184399625273699,0.25896570028338933
19.900000000000002,1.0,-15.900000000000002,0.0002588422277821853,1.6279385395105997e-05,253.81000000000006,1381.1263333333338,0.004131870807131854,0.000259353652899062,1.681607931802178e-08,2.106896191297004e-09,-2.106896191297004e-09,4.268089091707109e-08,-4.47877871083681e-08,-1.3316952858437416,0.39438964510846064,1.282800945203577e-07,0.18424295218771092,0.25880347068133497
19.91,1.0,-15.91,0.0002554167394173186,1.6053849114853462e-05,254.12810000000002,1383.666023666667,0.004079734173244393,0.0002559207628270456,1.637385921149423e-08,2.050210898006739e-09,-2.050210898006739e-09,4.161057731084527e-08,-4.366078820885201e-08,-1.333246721035769,0.3941427329610377,1.2634454131482085e-07,0.1840864122172638,0.25864144380892845
19.92,1.0,-15.920000000000002,0.0002520326709251884,1.5831197922436457e-05,254.44640000000007,1386.2088960000005,0.004028191319051437,0.0002525293924305519,1.594277351033592e-08,1.994989548168477e-09,-1.994989548168477e-09,4.0565813257203385e-08,-4.256080280537186e-08,-1.3347992047236672,0.3938961291749834,1.2443640721532277e-07,0.18393000524925754,0.25847961928715013
19.93,1.0,-15.93,0.0002486895752943232,1.5611398323560777e-05,254.76489999999998,1388.7549523333334,0.003977236332762129,0.00024917909346028154,1.552255515442193e-08,1.9411960094184197e-09,-1.9411960094184197e-09,3.954602211660787e-08,-4.148721812602629e-08,-1.336352736817552,0.39364983317414737,1.2255533100172573e-07,0.1837737311706881,0.2583179967379228
19.94,1.0,-15.940000000000001,0.0002453870096475812,1.5394417167351392e-05,255.08360000000005,1391.3041946666672,0.003926863350949796,0.0002458694218151264,1.511294314592614e-08,1.8887949969818727e-09,-1.8887949969818727e-09,3.8550639442581656e-08,-4.043943443956353e-08,-1.337907317227764,0.3934038443838105,1.2070095582272941e-07,0.18361758986864735,0.2581565757841085
19.95,1.0,-15.95,0.00024212453521211253,1.5180221643392635e-05,255.40249999999997,1393.856625,0.003877066558276587,0.00024259993751199534,1.471368242020601e-08,1.8377520549116465e-09,-1.8377520549116465e-09,3.757911274326665e-08,-3.9416864798178295e-08,-1.3394629458648604,0.39315816223068106,1.1887292914824747e-07,0.18346158123032333,0.25799535604950596
19.96,1.0,-15.96,0.00023890171728942696,1.4968779278786148e-05,255.72160000000002,1396.4122453333334,0.0038278401872180404,0.0002393702046557472,1.4324523719233573e-08,1.7880335377142005e-09,-1.7880335377142005e-09,3.663090124720361e-08,-3.841893478491781e-08,-1.3410196226396207,0.3929127861428899,1.170709027222272e-07,0.1833057051429997,0.25783433715884746
19.97,1.0,-15.969999999999999,0.00023571812522561094,1.476005793522924e-05,256.04089999999997,1398.9710576666664,0.0037791785177882357,0.0002361797914092739,1.3945223467532033e-08,1.7396065923568192e-09,-1.7396065923568192e-09,3.5705475673280216e-08,-3.744508226563703e-08,-1.3425773474630418,0.39266771554998614,1.1529453251593196e-07,0.18314996149405602,0.2576735187377959
19.98,1.0,-15.98,0.00023257333238165643,1.4554025806111164e-05,256.3604,1401.5330640000002,0.003731075877264981,0.00023302826996369642,1.3575543650568345e-08,1.6924391406479485e-09,-1.6924391406479485e-09,3.480231800477162e-08,-3.6494757145419565e-08,-1.3441361202463409,0.39242294988293286,1.1354347868166193e-07,0.1829943501709675,0.2575129004129421
19.990000000000002,1.0,-15.990000000000002,0.00022946691610393279,1.4350651413629316e-05,256.68010000000004,1404.0982663333336,0.0036835266399155146,0.00022991521650870528,1.3215251695561205e-08,1.6464998619840314e-09,-1.6464998619840314e-09,3.39209212674182e-08,-3.556742112940223e-08,-1.3456959409009503,0.392178488574103,1.1181740550692721e-07,0.18283887106130486,0.25735248181180187
20.0,1.0,-16.0,0.00022639845769477842,1.4149903605923651e-05,257.0,1406.666666666667,0.0036365252267223785,0.0002268402112030213,1.2864120354657826e-08,1.6017581764554492e-09,-1.6017581764554492e-09,3.306078931147062e-08,-3.466254748792607e-08,-1.3472568093385213,0.3919343310572741,1.1011598136905566e-07,0.1826835240527346,0.2571922625628131
